[Licensing::Module] Trying to connect to existing licensing client channel...
Built from '6000.2/respin/6000.2.6f2-cc51a95c03' branch; Version is '6000.2.6f2 (4a4dcaec6541) revision 4869578'; Using compiler version '194234433'; Build Type 'Release'
[Licensing::IpcConnector] Successfully connected to: "LicenseClient-djwls" at "2025-11-03T02:56:29.0254959Z"
OS: 'Windows 10  (10.0.19045) 64bit Core' Language: 'ko' Physical Memory: 15790 MB
BatchMode: 1, IsHumanControllingUs: 0, StartBugReporterOnCrash: 0, Is64bit: 1
Date: 2025-11-03T02:56:29Z

COMMAND LINE ARGUMENTS:
C:\Program Files\Unity\Hub\Editor\6000.2.6f2\Editor\Unity.exe
-adb2
-batchMode
-noUpm
-name
AssetImportWorker0
-projectPath
C:/GitUnity/GitUnityTeamProj/TeamProj/Corgi Engine - 2D + 2.5D Platformer
-logFile
Logs/AssetImportWorker0.log
-srvPort
60594
-job-worker-count
7
-background-job-worker-count
8
-gc-helper-count
1
-name
AssetImport
Successfully changed project path to: C:/GitUnity/GitUnityTeamProj/TeamProj/Corgi Engine - 2D + 2.5D Platformer
C:/GitUnity/GitUnityTeamProj/TeamProj/Corgi Engine - 2D + 2.5D Platformer
[UnityMemory] Configuration Parameters - Can be set up in boot.config
    "memorysetup-allocator-temp-initial-block-size-main=262144"
    "memorysetup-allocator-temp-initial-block-size-worker=262144"
    "memorysetup-bucket-allocator-granularity=16"
    "memorysetup-bucket-allocator-bucket-count=8"
    "memorysetup-bucket-allocator-block-size=33554432"
    "memorysetup-bucket-allocator-block-count=8"
    "memorysetup-main-allocator-block-size=16777216"
    "memorysetup-thread-allocator-block-size=16777216"
    "memorysetup-gfx-main-allocator-block-size=16777216"
    "memorysetup-gfx-thread-allocator-block-size=16777216"
    "memorysetup-cache-allocator-block-size=4194304"
    "memorysetup-typetree-allocator-block-size=2097152"
    "memorysetup-profiler-bucket-allocator-granularity=16"
    "memorysetup-profiler-bucket-allocator-bucket-count=8"
    "memorysetup-profiler-bucket-allocator-block-size=33554432"
    "memorysetup-profiler-bucket-allocator-block-count=8"
    "memorysetup-profiler-allocator-block-size=16777216"
    "memorysetup-profiler-editor-allocator-block-size=1048576"
    "memorysetup-temp-allocator-size-main=16777216"
    "memorysetup-job-temp-allocator-block-size=2097152"
    "memorysetup-job-temp-allocator-block-size-background=1048576"
    "memorysetup-job-temp-allocator-reduction-small-platforms=262144"
    "memorysetup-temp-allocator-size-background-worker=32768"
    "memorysetup-temp-allocator-size-job-worker=262144"
    "memorysetup-temp-allocator-size-preload-manager=33554432"
    "memorysetup-temp-allocator-size-nav-mesh-worker=65536"
    "memorysetup-temp-allocator-size-audio-worker=65536"
    "memorysetup-temp-allocator-size-cloud-worker=32768"
    "memorysetup-temp-allocator-size-gi-baking-worker=262144"
    "memorysetup-temp-allocator-size-gi-baking-worker=262144"
    "memorysetup-temp-allocator-size-gi-baking-worker=262144"
    "memorysetup-temp-allocator-size-gi-baking-worker=262144"
    "memorysetup-temp-allocator-size-gi-baking-worker=262144"
    "memorysetup-temp-allocator-size-gfx=262144"
Player connection [22560]  Target information:

Player connection [22560]  * "[IP] 202.31.251.92 [Port] 0 [Flags] 2 [Guid] 3618213410 [EditorId] 3618213410 [Version] 1048832 [Id] WindowsEditor(7,DESKTOP-O1C3CTK) [Debug] 1 [PackageName] WindowsEditor [ProjectName] Editor" 

Player connection [22560] Host joined multi-casting on [225.0.0.222:54997]...
Player connection [22560] Host joined alternative multi-casting on [225.0.0.222:34997]...
JobSystem: Creating JobQueue using job-worker-count value 7
Input System module state changed to: Initialized.
[Physics::Module] Initialized fallback backend.
[Physics::Module] Id: 0xdecafbad
[Licensing::Client] Code 10 while verifying Licensing Client signature (process Id: 22388, path: "C:/Program Files/Unity Hub/UnityLicensingClient_V1/Unity.Licensing.Client.exe")
[Licensing::Module] LicensingClient has failed validation; ignoring
[Licensing::Client] Handshaking with LicensingClient:
  Version:                 1.17.3+a4e98f1
  Session Id:              d7fedc80c2d8470283df21305c8f134f
  Correlation Id:          120374f1b459645e489b471ea95c7c3f
  External correlation Id: 2529883866322368867
  Machine Id:              5zzcFIlcbwWW5Xys4YCZ7MpAWW8=
[Licensing::Module] Successfully connected to LicensingClient on channel: "LicenseClient-djwls" (connect: 0.00s, validation: 0.00s, handshake: 0.25s)
[Licensing::IpcConnector] Successfully connected to: "LicenseClient-djwls-notifications" at "2025-11-03T02:56:29.2762638Z"
[Licensing::Module] Licensing Background thread has ended after 0.25s
Library Redirect Path: Library/
[Physics::Module] Selected backend.
[Physics::Module] Name: PhysX
[Physics::Module] Id: 0xf2b8ea05
[Physics::Module] SDK Version: 4.1.2
[Physics::Module] Integration Version: 1.0.0
[Physics::Module] Threading Mode: Multi-Threaded
ETC Legacy compression has been deprecated and will be removed in a future release. You can review compressors in "Project Settings > Editor > Texture Compressors".
Refreshing native plugins compatible for Editor in 89.82 ms, found 2 plugins.
Preloading 0 native plugins for Editor in 0.00 ms.
Initialize engine version: 6000.2.6f2 (4a4dcaec6541)
[Subsystems] Discovering subsystems at path C:/Program Files/Unity/Hub/Editor/6000.2.6f2/Editor/Data/Resources/UnitySubsystems
[Subsystems] Discovering subsystems at path C:/GitUnity/GitUnityTeamProj/TeamProj/Corgi Engine - 2D + 2.5D Platformer/Assets
GfxDevice: creating device client; kGfxThreadingModeNonThreaded
d3d12: failed to query info queue interface (0x80004002).
Direct3D:
    Version:         Direct3D 12 [level 12.1]
    Renderer:        AMD Radeon(TM) Graphics (ID=0x1636)
    Vendor:          ATI
    VRAM:            7895 MB
    App VRAM Budget: 7715 MB
    Driver:          31.0.21921.1000
    Unified Memory Architecture
Shader 'MoreMountains/MMRipple': fallback shader 'Particle/AlphaBlended' not found
Initialize mono
Mono path[0] = 'C:/Program Files/Unity/Hub/Editor/6000.2.6f2/Editor/Data/Managed'
Mono path[1] = 'C:/Program Files/Unity/Hub/Editor/6000.2.6f2/Editor/Data/MonoBleedingEdge/lib/mono/unityjit-win32'
Mono config path = 'C:/Program Files/Unity/Hub/Editor/6000.2.6f2/Editor/Data/MonoBleedingEdge/etc'
Using monoOptions --debugger-agent=transport=dt_socket,embedding=1,server=y,suspend=n,address=127.0.0.1:56052
Begin MonoManager ReloadAssembly
Registering precompiled unity dll's ...
Register platform support module: C:/Program Files/Unity/Hub/Editor/6000.2.6f2/Editor/Data/PlaybackEngines/WindowsStandaloneSupport/UnityEditor.WindowsStandalone.Extensions.dll
Registered in 0.002462 seconds.
- Loaded All Assemblies, in  6.171 seconds
Native extension for WindowsStandalone target not found
Mono: successfully reloaded assembly
- Finished resetting the current domain, in  0.456 seconds
Domain Reload Profiling: 6624ms
	BeginReloadAssembly (5201ms)
		ExecutionOrderSort (0ms)
		DisableScriptedObjects (0ms)
		BackupInstance (0ms)
		ReleaseScriptingObjects (0ms)
		CreateAndSetChildDomain (1ms)
	RebuildCommonClasses (282ms)
	RebuildNativeTypeToScriptingClass (16ms)
	initialDomainReloadingComplete (59ms)
	LoadAllAssembliesAndSetupDomain (609ms)
		LoadAssemblies (5206ms)
		RebuildTransferFunctionScriptingTraits (0ms)
		AnalyzeDomain (596ms)
			TypeCache.Refresh (594ms)
				TypeCache.ScanAssembly (578ms)
			BuildScriptInfoCaches (0ms)
			ResolveRequiredComponents (1ms)
	FinalizeReload (457ms)
		ReleaseScriptCaches (0ms)
		RebuildScriptCaches (0ms)
		SetupLoadedEditorAssemblies (404ms)
			LogAssemblyErrors (0ms)
			InitializePlatformSupportModulesInManaged (65ms)
			SetLoadedEditorAssemblies (6ms)
			BeforeProcessingInitializeOnLoad (91ms)
			ProcessInitializeOnLoadAttributes (171ms)
			ProcessInitializeOnLoadMethodAttributes (69ms)
			AfterProcessingInitializeOnLoad (0ms)
			EditorAssembliesLoaded (0ms)
		ExecutionOrderSort2 (0ms)
		AwakeInstancesAfterBackupRestoration (0ms)
Assembly reference Packages/com.unity.cinemachine/Editor/Samples/ExposeHDRPInternals/HDRP-Editor-ref.asmref has no target assembly definition
========================================================================
Worker process is ready to serve import requests
Import Worker Mode flag is 0x00
Assembly reference Packages/com.unity.cinemachine/Editor/Samples/ExposeHDRPInternals/HDRP-Editor-ref.asmref has no target assembly definition
Assembly reference Packages/com.unity.cinemachine/Editor/Samples/ExposeHDRPInternals/HDRP-Editor-ref.asmref has no target assembly definition
Begin MonoManager ReloadAssembly
[Licensing::Client] Successfully resolved entitlement details
[Licensing::Module] License group:
  Id: F4-G4PU-B9V2-DTW5-EJE8-XXXX
  Product: Unity Personal
  Type: ULF
  Expiration: 2025-12-10T03:44:46Z
- Loaded All Assemblies, in 13.206 seconds
Assembly reference Packages/com.unity.cinemachine/Editor/Samples/ExposeHDRPInternals/HDRP-Editor-ref.asmref has no target assembly definition
'Packages/com.unity.cinemachine/Editor/Obsolete/CinemachineVirtualCameraBaseEditor.cs' contains partial class of Unity.Object, exactly 1 of the partial classes needs to be in a file with the same filename. This is to know the one that can be referenced from ie. GameObjects
'Packages/com.unity.cinemachine/Editor/Editors/CinemachineVirtualCameraBaseEditor.cs' contains partial class of Unity.Object, exactly 1 of the partial classes needs to be in a file with the same filename. This is to know the one that can be referenced from ie. GameObjects
Refreshing native plugins compatible for Editor in 6.63 ms, found 2 plugins.
Native extension for WindowsStandalone target not found
Assembly reference Packages/com.unity.cinemachine/Editor/Samples/ExposeHDRPInternals/HDRP-Editor-ref.asmref has no target assembly definition
Package Manager log level set to [2]
[Package Manager] Failed to launch server process. Reason: Unity was launched with the -noUpm command-line argument
[Package Manager] Unable to send message (not connected to server process).
[Package Manager] Cannot connect to Unity Package Manager local server
[Package Manager] Failed to launch server process. Reason: Unity was launched with the -noUpm command-line argument
[Package Manager] Unable to send message (not connected to server process).
[Package Manager] Cannot connect to Unity Package Manager local server
Refreshing native plugins compatible for Editor in 6.83 ms, found 2 plugins.
Mono: successfully reloaded assembly
- Finished resetting the current domain, in  1.420 seconds
Domain Reload Profiling: 14612ms
	BeginReloadAssembly (238ms)
		ExecutionOrderSort (0ms)
		DisableScriptedObjects (9ms)
		BackupInstance (0ms)
		ReleaseScriptingObjects (0ms)
		CreateAndSetChildDomain (40ms)
	RebuildCommonClasses (43ms)
	RebuildNativeTypeToScriptingClass (15ms)
	initialDomainReloadingComplete (48ms)
	LoadAllAssembliesAndSetupDomain (12848ms)
		LoadAssemblies (12610ms)
		RebuildTransferFunctionScriptingTraits (0ms)
		AnalyzeDomain (373ms)
			TypeCache.Refresh (264ms)
				TypeCache.ScanAssembly (238ms)
			BuildScriptInfoCaches (80ms)
			ResolveRequiredComponents (24ms)
	FinalizeReload (1420ms)
		ReleaseScriptCaches (0ms)
		RebuildScriptCaches (0ms)
		SetupLoadedEditorAssemblies (1258ms)
			LogAssemblyErrors (0ms)
			InitializePlatformSupportModulesInManaged (3ms)
			SetLoadedEditorAssemblies (12ms)
			BeforeProcessingInitializeOnLoad (290ms)
			ProcessInitializeOnLoadAttributes (702ms)
			ProcessInitializeOnLoadMethodAttributes (242ms)
			AfterProcessingInitializeOnLoad (8ms)
			EditorAssembliesLoaded (1ms)
		ExecutionOrderSort2 (0ms)
		AwakeInstancesAfterBackupRestoration (16ms)
ETC Legacy compression has been deprecated and will be removed in a future release. You can review compressors in "Project Settings > Editor > Texture Compressors".
Shader 'MoreMountains/MMRipple': fallback shader 'Particle/AlphaBlended' not found
Launched and connected shader compiler UnityShaderCompiler.exe after 0.02 seconds
Refreshing native plugins compatible for Editor in 8.27 ms, found 2 plugins.
Preloading 0 native plugins for Editor in 0.00 ms.
Unloading 13 Unused Serialized files (Serialized files now loaded: 0)
Unloading 4733 unused Assets / (3.2 MB). Loaded Objects now: 5235.
Memory consumption went from 184.5 MB to 181.4 MB.
Total: 14.671800 ms (FindLiveObjects: 1.099200 ms CreateObjectMapping: 0.715900 ms MarkObjects: 10.672900 ms  DeleteObjects: 2.180300 ms)

========================================================================
Received Import Request.
  Time since last request: 5428.039035 seconds.
  path: Assets/CorgiEngine/Demos/Corgi3D/Models/Old/VoxelCorgi.obj
  artifactKey: Guid(f690121d42f8dff4ba106ec5ce309770) Importer(815301076,1909f56bfc062723c751e8b465ee728b)
Start importing Assets/CorgiEngine/Demos/Corgi3D/Models/Old/VoxelCorgi.obj using Guid(f690121d42f8dff4ba106ec5ce309770) Importer(815301076,1909f56bfc062723c751e8b465ee728b) (PreviewImporter) -> (artifact id: 'd4962da7710ba7c5da2b2a147344768c') in 0.4655409 seconds
Number of updated asset objects reloaded before import = 0Number of asset objects unloaded after import = 10

========================================================================
Received Prepare
ETC Legacy compression has been deprecated and will be removed in a future release. You can review compressors in "Project Settings > Editor > Texture Compressors".
Assembly reference Packages/com.unity.cinemachine/Editor/Samples/ExposeHDRPInternals/HDRP-Editor-ref.asmref has no target assembly definition
Assembly reference Packages/com.unity.cinemachine/Editor/Samples/ExposeHDRPInternals/HDRP-Editor-ref.asmref has no target assembly definition
Begin MonoManager ReloadAssembly
- Loaded All Assemblies, in  0.950 seconds
Assembly reference Packages/com.unity.cinemachine/Editor/Samples/ExposeHDRPInternals/HDRP-Editor-ref.asmref has no target assembly definition
'Packages/com.unity.cinemachine/Editor/Obsolete/CinemachineVirtualCameraBaseEditor.cs' contains partial class of Unity.Object, exactly 1 of the partial classes needs to be in a file with the same filename. This is to know the one that can be referenced from ie. GameObjects
'Packages/com.unity.cinemachine/Editor/Editors/CinemachineVirtualCameraBaseEditor.cs' contains partial class of Unity.Object, exactly 1 of the partial classes needs to be in a file with the same filename. This is to know the one that can be referenced from ie. GameObjects
Refreshing native plugins compatible for Editor in 6.26 ms, found 2 plugins.
Native extension for WindowsStandalone target not found
Assembly reference Packages/com.unity.cinemachine/Editor/Samples/ExposeHDRPInternals/HDRP-Editor-ref.asmref has no target assembly definition
[Package Manager] Failed to launch server process. Reason: Unity was launched with the -noUpm command-line argument
[Package Manager] Unable to send message (not connected to server process).
[Package Manager] Cannot connect to Unity Package Manager local server
[Package Manager] Failed to launch server process. Reason: Unity was launched with the -noUpm command-line argument
[Package Manager] Unable to send message (not connected to server process).
[Package Manager] Cannot connect to Unity Package Manager local server
Mono: successfully reloaded assembly
- Finished resetting the current domain, in  1.440 seconds
Domain Reload Profiling: 2386ms
	BeginReloadAssembly (256ms)
		ExecutionOrderSort (0ms)
		DisableScriptedObjects (8ms)
		BackupInstance (0ms)
		ReleaseScriptingObjects (0ms)
		CreateAndSetChildDomain (62ms)
	RebuildCommonClasses (45ms)
	RebuildNativeTypeToScriptingClass (15ms)
	initialDomainReloadingComplete (36ms)
	LoadAllAssembliesAndSetupDomain (594ms)
		LoadAssemblies (512ms)
		RebuildTransferFunctionScriptingTraits (0ms)
		AnalyzeDomain (213ms)
			TypeCache.Refresh (6ms)
				TypeCache.ScanAssembly (0ms)
			BuildScriptInfoCaches (147ms)
			ResolveRequiredComponents (56ms)
	FinalizeReload (1441ms)
		ReleaseScriptCaches (0ms)
		RebuildScriptCaches (0ms)
		SetupLoadedEditorAssemblies (1252ms)
			LogAssemblyErrors (0ms)
			InitializePlatformSupportModulesInManaged (3ms)
			SetLoadedEditorAssemblies (8ms)
			BeforeProcessingInitializeOnLoad (319ms)
			ProcessInitializeOnLoadAttributes (687ms)
			ProcessInitializeOnLoadMethodAttributes (225ms)
			AfterProcessingInitializeOnLoad (10ms)
			EditorAssembliesLoaded (1ms)
		ExecutionOrderSort2 (0ms)
		AwakeInstancesAfterBackupRestoration (15ms)
Shader 'MoreMountains/MMRipple': fallback shader 'Particle/AlphaBlended' not found
Refreshing native plugins compatible for Editor in 11.55 ms, found 2 plugins.
Preloading 0 native plugins for Editor in 0.00 ms.
Unloading 13 Unused Serialized files (Serialized files now loaded: 0)
Unloading 4731 unused Assets / (3.4 MB). Loaded Objects now: 5248.
Memory consumption went from 190.6 MB to 187.2 MB.
Total: 16.686600 ms (FindLiveObjects: 0.746300 ms CreateObjectMapping: 0.703800 ms MarkObjects: 11.721500 ms  DeleteObjects: 3.511400 ms)

Prepare: number of updated asset objects reloaded= 0
========================================================================
Received Prepare
ETC Legacy compression has been deprecated and will be removed in a future release. You can review compressors in "Project Settings > Editor > Texture Compressors".
Assembly reference Packages/com.unity.cinemachine/Editor/Samples/ExposeHDRPInternals/HDRP-Editor-ref.asmref has no target assembly definition
Assembly reference Packages/com.unity.cinemachine/Editor/Samples/ExposeHDRPInternals/HDRP-Editor-ref.asmref has no target assembly definition
Begin MonoManager ReloadAssembly
[Licensing::Client] Successfully resolved entitlement details
- Loaded All Assemblies, in  0.833 seconds
Assembly reference Packages/com.unity.cinemachine/Editor/Samples/ExposeHDRPInternals/HDRP-Editor-ref.asmref has no target assembly definition
'Packages/com.unity.cinemachine/Editor/Obsolete/CinemachineVirtualCameraBaseEditor.cs' contains partial class of Unity.Object, exactly 1 of the partial classes needs to be in a file with the same filename. This is to know the one that can be referenced from ie. GameObjects
'Packages/com.unity.cinemachine/Editor/Editors/CinemachineVirtualCameraBaseEditor.cs' contains partial class of Unity.Object, exactly 1 of the partial classes needs to be in a file with the same filename. This is to know the one that can be referenced from ie. GameObjects
Refreshing native plugins compatible for Editor in 6.32 ms, found 2 plugins.
Native extension for WindowsStandalone target not found
Assembly reference Packages/com.unity.cinemachine/Editor/Samples/ExposeHDRPInternals/HDRP-Editor-ref.asmref has no target assembly definition
[Package Manager] Failed to launch server process. Reason: Unity was launched with the -noUpm command-line argument
[Package Manager] Unable to send message (not connected to server process).
[Package Manager] Cannot connect to Unity Package Manager local server
[Package Manager] Failed to launch server process. Reason: Unity was launched with the -noUpm command-line argument
[Package Manager] Unable to send message (not connected to server process).
[Package Manager] Cannot connect to Unity Package Manager local server
Mono: successfully reloaded assembly
- Finished resetting the current domain, in  1.714 seconds
Domain Reload Profiling: 2541ms
	BeginReloadAssembly (244ms)
		ExecutionOrderSort (0ms)
		DisableScriptedObjects (8ms)
		BackupInstance (0ms)
		ReleaseScriptingObjects (0ms)
		CreateAndSetChildDomain (56ms)
	RebuildCommonClasses (40ms)
	RebuildNativeTypeToScriptingClass (18ms)
	initialDomainReloadingComplete (37ms)
	LoadAllAssembliesAndSetupDomain (488ms)
		LoadAssemblies (460ms)
		RebuildTransferFunctionScriptingTraits (0ms)
		AnalyzeDomain (154ms)
			TypeCache.Refresh (6ms)
				TypeCache.ScanAssembly (0ms)
			BuildScriptInfoCaches (130ms)
			ResolveRequiredComponents (15ms)
	FinalizeReload (1715ms)
		ReleaseScriptCaches (0ms)
		RebuildScriptCaches (0ms)
		SetupLoadedEditorAssemblies (1531ms)
			LogAssemblyErrors (0ms)
			InitializePlatformSupportModulesInManaged (2ms)
			SetLoadedEditorAssemblies (9ms)
			BeforeProcessingInitializeOnLoad (263ms)
			ProcessInitializeOnLoadAttributes (948ms)
			ProcessInitializeOnLoadMethodAttributes (300ms)
			AfterProcessingInitializeOnLoad (9ms)
			EditorAssembliesLoaded (1ms)
		ExecutionOrderSort2 (0ms)
		AwakeInstancesAfterBackupRestoration (15ms)
Shader 'MoreMountains/MMRipple': fallback shader 'Particle/AlphaBlended' not found
Refreshing native plugins compatible for Editor in 5.90 ms, found 2 plugins.
Preloading 0 native plugins for Editor in 0.00 ms.
Unloading 13 Unused Serialized files (Serialized files now loaded: 0)
Unloading 4731 unused Assets / (3.4 MB). Loaded Objects now: 5248.
Memory consumption went from 191.6 MB to 188.2 MB.
Total: 16.099200 ms (FindLiveObjects: 0.994500 ms CreateObjectMapping: 0.316900 ms MarkObjects: 12.601100 ms  DeleteObjects: 2.184000 ms)

Prepare: number of updated asset objects reloaded= 0
========================================================================
Received Prepare
ETC Legacy compression has been deprecated and will be removed in a future release. You can review compressors in "Project Settings > Editor > Texture Compressors".
Assembly reference Packages/com.unity.cinemachine/Editor/Samples/ExposeHDRPInternals/HDRP-Editor-ref.asmref has no target assembly definition
Assembly reference Packages/com.unity.cinemachine/Editor/Samples/ExposeHDRPInternals/HDRP-Editor-ref.asmref has no target assembly definition
Begin MonoManager ReloadAssembly
[Licensing::Client] Successfully resolved entitlement details
- Loaded All Assemblies, in  0.851 seconds
Assembly reference Packages/com.unity.cinemachine/Editor/Samples/ExposeHDRPInternals/HDRP-Editor-ref.asmref has no target assembly definition
'Packages/com.unity.cinemachine/Editor/Obsolete/CinemachineVirtualCameraBaseEditor.cs' contains partial class of Unity.Object, exactly 1 of the partial classes needs to be in a file with the same filename. This is to know the one that can be referenced from ie. GameObjects
'Packages/com.unity.cinemachine/Editor/Editors/CinemachineVirtualCameraBaseEditor.cs' contains partial class of Unity.Object, exactly 1 of the partial classes needs to be in a file with the same filename. This is to know the one that can be referenced from ie. GameObjects
Refreshing native plugins compatible for Editor in 9.91 ms, found 2 plugins.
Native extension for WindowsStandalone target not found
Assembly reference Packages/com.unity.cinemachine/Editor/Samples/ExposeHDRPInternals/HDRP-Editor-ref.asmref has no target assembly definition
[Package Manager] Failed to launch server process. Reason: Unity was launched with the -noUpm command-line argument
[Package Manager] Unable to send message (not connected to server process).
[Package Manager] Cannot connect to Unity Package Manager local server
[Package Manager] Failed to launch server process. Reason: Unity was launched with the -noUpm command-line argument
[Package Manager] Unable to send message (not connected to server process).
[Package Manager] Cannot connect to Unity Package Manager local server
Mono: successfully reloaded assembly
- Finished resetting the current domain, in  1.286 seconds
Domain Reload Profiling: 2134ms
	BeginReloadAssembly (251ms)
		ExecutionOrderSort (0ms)
		DisableScriptedObjects (7ms)
		BackupInstance (0ms)
		ReleaseScriptingObjects (0ms)
		CreateAndSetChildDomain (57ms)
	RebuildCommonClasses (42ms)
	RebuildNativeTypeToScriptingClass (14ms)
	initialDomainReloadingComplete (36ms)
	LoadAllAssembliesAndSetupDomain (504ms)
		LoadAssemblies (465ms)
		RebuildTransferFunctionScriptingTraits (0ms)
		AnalyzeDomain (167ms)
			TypeCache.Refresh (7ms)
				TypeCache.ScanAssembly (0ms)
			BuildScriptInfoCaches (140ms)
			ResolveRequiredComponents (17ms)
	FinalizeReload (1287ms)
		ReleaseScriptCaches (0ms)
		RebuildScriptCaches (0ms)
		SetupLoadedEditorAssemblies (1132ms)
			LogAssemblyErrors (0ms)
			InitializePlatformSupportModulesInManaged (2ms)
			SetLoadedEditorAssemblies (9ms)
			BeforeProcessingInitializeOnLoad (243ms)
			ProcessInitializeOnLoadAttributes (636ms)
			ProcessInitializeOnLoadMethodAttributes (234ms)
			AfterProcessingInitializeOnLoad (7ms)
			EditorAssembliesLoaded (1ms)
		ExecutionOrderSort2 (0ms)
		AwakeInstancesAfterBackupRestoration (13ms)
Shader 'MoreMountains/MMRipple': fallback shader 'Particle/AlphaBlended' not found
Refreshing native plugins compatible for Editor in 7.41 ms, found 2 plugins.
Preloading 0 native plugins for Editor in 0.00 ms.
Unloading 13 Unused Serialized files (Serialized files now loaded: 0)
Unloading 4731 unused Assets / (3.2 MB). Loaded Objects now: 5248.
Memory consumption went from 192.6 MB to 189.4 MB.
Total: 20.083300 ms (FindLiveObjects: 1.057400 ms CreateObjectMapping: 1.389800 ms MarkObjects: 14.809300 ms  DeleteObjects: 2.823900 ms)

Prepare: number of updated asset objects reloaded= 0
========================================================================
Received Prepare
ETC Legacy compression has been deprecated and will be removed in a future release. You can review compressors in "Project Settings > Editor > Texture Compressors".
Assembly reference Packages/com.unity.cinemachine/Editor/Samples/ExposeHDRPInternals/HDRP-Editor-ref.asmref has no target assembly definition
Assembly reference Packages/com.unity.cinemachine/Editor/Samples/ExposeHDRPInternals/HDRP-Editor-ref.asmref has no target assembly definition
Begin MonoManager ReloadAssembly
- Loaded All Assemblies, in  0.850 seconds
Assembly reference Packages/com.unity.cinemachine/Editor/Samples/ExposeHDRPInternals/HDRP-Editor-ref.asmref has no target assembly definition
'Packages/com.unity.cinemachine/Editor/Obsolete/CinemachineVirtualCameraBaseEditor.cs' contains partial class of Unity.Object, exactly 1 of the partial classes needs to be in a file with the same filename. This is to know the one that can be referenced from ie. GameObjects
'Packages/com.unity.cinemachine/Editor/Editors/CinemachineVirtualCameraBaseEditor.cs' contains partial class of Unity.Object, exactly 1 of the partial classes needs to be in a file with the same filename. This is to know the one that can be referenced from ie. GameObjects
Refreshing native plugins compatible for Editor in 6.58 ms, found 2 plugins.
Native extension for WindowsStandalone target not found
Assembly reference Packages/com.unity.cinemachine/Editor/Samples/ExposeHDRPInternals/HDRP-Editor-ref.asmref has no target assembly definition
[Package Manager] Failed to launch server process. Reason: Unity was launched with the -noUpm command-line argument
[Package Manager] Unable to send message (not connected to server process).
[Package Manager] Cannot connect to Unity Package Manager local server
[Package Manager] Failed to launch server process. Reason: Unity was launched with the -noUpm command-line argument
[Package Manager] Unable to send message (not connected to server process).
[Package Manager] Cannot connect to Unity Package Manager local server
Mono: successfully reloaded assembly
- Finished resetting the current domain, in  1.451 seconds
Domain Reload Profiling: 2297ms
	BeginReloadAssembly (241ms)
		ExecutionOrderSort (0ms)
		DisableScriptedObjects (8ms)
		BackupInstance (0ms)
		ReleaseScriptingObjects (0ms)
		CreateAndSetChildDomain (53ms)
	RebuildCommonClasses (44ms)
	RebuildNativeTypeToScriptingClass (14ms)
	initialDomainReloadingComplete (33ms)
	LoadAllAssembliesAndSetupDomain (512ms)
		LoadAssemblies (476ms)
		RebuildTransferFunctionScriptingTraits (0ms)
		AnalyzeDomain (164ms)
			TypeCache.Refresh (7ms)
				TypeCache.ScanAssembly (0ms)
			BuildScriptInfoCaches (134ms)
			ResolveRequiredComponents (19ms)
	FinalizeReload (1452ms)
		ReleaseScriptCaches (0ms)
		RebuildScriptCaches (0ms)
		SetupLoadedEditorAssemblies (1291ms)
			LogAssemblyErrors (0ms)
			InitializePlatformSupportModulesInManaged (2ms)
			SetLoadedEditorAssemblies (9ms)
			BeforeProcessingInitializeOnLoad (260ms)
			ProcessInitializeOnLoadAttributes (765ms)
			ProcessInitializeOnLoadMethodAttributes (244ms)
			AfterProcessingInitializeOnLoad (10ms)
			EditorAssembliesLoaded (1ms)
		ExecutionOrderSort2 (0ms)
		AwakeInstancesAfterBackupRestoration (18ms)
Shader 'MoreMountains/MMRipple': fallback shader 'Particle/AlphaBlended' not found
Refreshing native plugins compatible for Editor in 7.66 ms, found 2 plugins.
Preloading 0 native plugins for Editor in 0.00 ms.
Unloading 13 Unused Serialized files (Serialized files now loaded: 0)
Unloading 4731 unused Assets / (3.5 MB). Loaded Objects now: 5248.
Memory consumption went from 193.6 MB to 190.1 MB.
Total: 16.981900 ms (FindLiveObjects: 0.732200 ms CreateObjectMapping: 1.023700 ms MarkObjects: 12.602400 ms  DeleteObjects: 2.620600 ms)

Prepare: number of updated asset objects reloaded= 0
========================================================================
Received Prepare
ETC Legacy compression has been deprecated and will be removed in a future release. You can review compressors in "Project Settings > Editor > Texture Compressors".
Assembly reference Packages/com.unity.cinemachine/Editor/Samples/ExposeHDRPInternals/HDRP-Editor-ref.asmref has no target assembly definition
Assembly reference Packages/com.unity.cinemachine/Editor/Samples/ExposeHDRPInternals/HDRP-Editor-ref.asmref has no target assembly definition
Begin MonoManager ReloadAssembly
[Licensing::Client] Successfully resolved entitlement details
- Loaded All Assemblies, in  0.895 seconds
Assembly reference Packages/com.unity.cinemachine/Editor/Samples/ExposeHDRPInternals/HDRP-Editor-ref.asmref has no target assembly definition
'Packages/com.unity.cinemachine/Editor/Obsolete/CinemachineVirtualCameraBaseEditor.cs' contains partial class of Unity.Object, exactly 1 of the partial classes needs to be in a file with the same filename. This is to know the one that can be referenced from ie. GameObjects
'Packages/com.unity.cinemachine/Editor/Editors/CinemachineVirtualCameraBaseEditor.cs' contains partial class of Unity.Object, exactly 1 of the partial classes needs to be in a file with the same filename. This is to know the one that can be referenced from ie. GameObjects
Refreshing native plugins compatible for Editor in 9.28 ms, found 2 plugins.
Native extension for WindowsStandalone target not found
Assembly reference Packages/com.unity.cinemachine/Editor/Samples/ExposeHDRPInternals/HDRP-Editor-ref.asmref has no target assembly definition
[Package Manager] Failed to launch server process. Reason: Unity was launched with the -noUpm command-line argument
[Package Manager] Unable to send message (not connected to server process).
[Package Manager] Cannot connect to Unity Package Manager local server
[Package Manager] Failed to launch server process. Reason: Unity was launched with the -noUpm command-line argument
[Package Manager] Unable to send message (not connected to server process).
[Package Manager] Cannot connect to Unity Package Manager local server
Mono: successfully reloaded assembly
- Finished resetting the current domain, in  1.455 seconds
Domain Reload Profiling: 2347ms
	BeginReloadAssembly (246ms)
		ExecutionOrderSort (0ms)
		DisableScriptedObjects (7ms)
		BackupInstance (0ms)
		ReleaseScriptingObjects (0ms)
		CreateAndSetChildDomain (53ms)
	RebuildCommonClasses (40ms)
	RebuildNativeTypeToScriptingClass (15ms)
	initialDomainReloadingComplete (30ms)
	LoadAllAssembliesAndSetupDomain (560ms)
		LoadAssemblies (475ms)
		RebuildTransferFunctionScriptingTraits (0ms)
		AnalyzeDomain (215ms)
			TypeCache.Refresh (6ms)
				TypeCache.ScanAssembly (0ms)
			BuildScriptInfoCaches (145ms)
			ResolveRequiredComponents (60ms)
	FinalizeReload (1456ms)
		ReleaseScriptCaches (0ms)
		RebuildScriptCaches (0ms)
		SetupLoadedEditorAssemblies (1276ms)
			LogAssemblyErrors (0ms)
			InitializePlatformSupportModulesInManaged (3ms)
			SetLoadedEditorAssemblies (8ms)
			BeforeProcessingInitializeOnLoad (273ms)
			ProcessInitializeOnLoadAttributes (734ms)
			ProcessInitializeOnLoadMethodAttributes (247ms)
			AfterProcessingInitializeOnLoad (9ms)
			EditorAssembliesLoaded (1ms)
		ExecutionOrderSort2 (0ms)
		AwakeInstancesAfterBackupRestoration (13ms)
Shader 'MoreMountains/MMRipple': fallback shader 'Particle/AlphaBlended' not found
Refreshing native plugins compatible for Editor in 7.89 ms, found 2 plugins.
Preloading 0 native plugins for Editor in 0.00 ms.
Unloading 13 Unused Serialized files (Serialized files now loaded: 0)
Unloading 4731 unused Assets / (3.2 MB). Loaded Objects now: 5248.
Memory consumption went from 194.6 MB to 191.3 MB.
Total: 16.425000 ms (FindLiveObjects: 0.732600 ms CreateObjectMapping: 1.083800 ms MarkObjects: 11.488100 ms  DeleteObjects: 3.118200 ms)

Prepare: number of updated asset objects reloaded= 0
========================================================================
Received Prepare
ETC Legacy compression has been deprecated and will be removed in a future release. You can review compressors in "Project Settings > Editor > Texture Compressors".
Assembly reference Packages/com.unity.cinemachine/Editor/Samples/ExposeHDRPInternals/HDRP-Editor-ref.asmref has no target assembly definition
Assembly reference Packages/com.unity.cinemachine/Editor/Samples/ExposeHDRPInternals/HDRP-Editor-ref.asmref has no target assembly definition
Begin MonoManager ReloadAssembly
[Licensing::Client] Successfully resolved entitlement details
- Loaded All Assemblies, in  0.858 seconds
Assembly reference Packages/com.unity.cinemachine/Editor/Samples/ExposeHDRPInternals/HDRP-Editor-ref.asmref has no target assembly definition
'Packages/com.unity.cinemachine/Editor/Obsolete/CinemachineVirtualCameraBaseEditor.cs' contains partial class of Unity.Object, exactly 1 of the partial classes needs to be in a file with the same filename. This is to know the one that can be referenced from ie. GameObjects
'Packages/com.unity.cinemachine/Editor/Editors/CinemachineVirtualCameraBaseEditor.cs' contains partial class of Unity.Object, exactly 1 of the partial classes needs to be in a file with the same filename. This is to know the one that can be referenced from ie. GameObjects
Refreshing native plugins compatible for Editor in 5.46 ms, found 2 plugins.
Native extension for WindowsStandalone target not found
Assembly reference Packages/com.unity.cinemachine/Editor/Samples/ExposeHDRPInternals/HDRP-Editor-ref.asmref has no target assembly definition
[Package Manager] Failed to launch server process. Reason: Unity was launched with the -noUpm command-line argument
[Package Manager] Unable to send message (not connected to server process).
[Package Manager] Cannot connect to Unity Package Manager local server
[Package Manager] Failed to launch server process. Reason: Unity was launched with the -noUpm command-line argument
[Package Manager] Unable to send message (not connected to server process).
[Package Manager] Cannot connect to Unity Package Manager local server
Mono: successfully reloaded assembly
- Finished resetting the current domain, in  1.304 seconds
Domain Reload Profiling: 2157ms
	BeginReloadAssembly (246ms)
		ExecutionOrderSort (0ms)
		DisableScriptedObjects (11ms)
		BackupInstance (0ms)
		ReleaseScriptingObjects (0ms)
		CreateAndSetChildDomain (52ms)
	RebuildCommonClasses (39ms)
	RebuildNativeTypeToScriptingClass (14ms)
	initialDomainReloadingComplete (29ms)
	LoadAllAssembliesAndSetupDomain (525ms)
		LoadAssemblies (452ms)
		RebuildTransferFunctionScriptingTraits (0ms)
		AnalyzeDomain (198ms)
			TypeCache.Refresh (7ms)
				TypeCache.ScanAssembly (0ms)
			BuildScriptInfoCaches (129ms)
			ResolveRequiredComponents (58ms)
	FinalizeReload (1304ms)
		ReleaseScriptCaches (0ms)
		RebuildScriptCaches (0ms)
		SetupLoadedEditorAssemblies (1147ms)
			LogAssemblyErrors (0ms)
			InitializePlatformSupportModulesInManaged (2ms)
			SetLoadedEditorAssemblies (7ms)
			BeforeProcessingInitializeOnLoad (247ms)
			ProcessInitializeOnLoadAttributes (612ms)
			ProcessInitializeOnLoadMethodAttributes (270ms)
			AfterProcessingInitializeOnLoad (7ms)
			EditorAssembliesLoaded (1ms)
		ExecutionOrderSort2 (0ms)
		AwakeInstancesAfterBackupRestoration (14ms)
Shader 'MoreMountains/MMRipple': fallback shader 'Particle/AlphaBlended' not found
Refreshing native plugins compatible for Editor in 9.41 ms, found 2 plugins.
Preloading 0 native plugins for Editor in 0.00 ms.
Unloading 13 Unused Serialized files (Serialized files now loaded: 0)
Unloading 4731 unused Assets / (3.5 MB). Loaded Objects now: 5248.
Memory consumption went from 195.6 MB to 192.1 MB.
Total: 19.540300 ms (FindLiveObjects: 0.796900 ms CreateObjectMapping: 0.624800 ms MarkObjects: 15.024400 ms  DeleteObjects: 3.092400 ms)

Prepare: number of updated asset objects reloaded= 0
========================================================================
Received Import Request.
  Time since last request: 1628.396246 seconds.
  path: Assets/CorgiEngine/ThirdParty/MoreMountains/MMFeedbacks/Demos/MMFeedbacksDemo/Prefabs/FeedbackDemoMiniSpheresFX.prefab
  artifactKey: Guid(a6426d824ca78984bb7ee0f497de0275) Importer(815301076,1909f56bfc062723c751e8b465ee728b)
Start importing Assets/CorgiEngine/ThirdParty/MoreMountains/MMFeedbacks/Demos/MMFeedbacksDemo/Prefabs/FeedbackDemoMiniSpheresFX.prefab using Guid(a6426d824ca78984bb7ee0f497de0275) Importer(815301076,1909f56bfc062723c751e8b465ee728b) (PreviewImporter) -> (artifact id: '08c0b51ee8c4aa3f0965e40fb972db7b') in 6.2101555 seconds
Number of updated asset objects reloaded before import = 0Number of asset objects unloaded after import = 12

========================================================================
Received Prepare
ETC Legacy compression has been deprecated and will be removed in a future release. You can review compressors in "Project Settings > Editor > Texture Compressors".
Assembly reference Packages/com.unity.cinemachine/Editor/Samples/ExposeHDRPInternals/HDRP-Editor-ref.asmref has no target assembly definition
Assembly reference Packages/com.unity.cinemachine/Editor/Samples/ExposeHDRPInternals/HDRP-Editor-ref.asmref has no target assembly definition
Begin MonoManager ReloadAssembly
[Licensing::Client] Successfully resolved entitlement details
- Loaded All Assemblies, in  0.839 seconds
Assembly reference Packages/com.unity.cinemachine/Editor/Samples/ExposeHDRPInternals/HDRP-Editor-ref.asmref has no target assembly definition
'Packages/com.unity.cinemachine/Editor/Obsolete/CinemachineVirtualCameraBaseEditor.cs' contains partial class of Unity.Object, exactly 1 of the partial classes needs to be in a file with the same filename. This is to know the one that can be referenced from ie. GameObjects
'Packages/com.unity.cinemachine/Editor/Editors/CinemachineVirtualCameraBaseEditor.cs' contains partial class of Unity.Object, exactly 1 of the partial classes needs to be in a file with the same filename. This is to know the one that can be referenced from ie. GameObjects
Refreshing native plugins compatible for Editor in 6.42 ms, found 2 plugins.
Native extension for WindowsStandalone target not found
Assembly reference Packages/com.unity.cinemachine/Editor/Samples/ExposeHDRPInternals/HDRP-Editor-ref.asmref has no target assembly definition
[Package Manager] Failed to launch server process. Reason: Unity was launched with the -noUpm command-line argument
[Package Manager] Unable to send message (not connected to server process).
[Package Manager] Cannot connect to Unity Package Manager local server
[Package Manager] Failed to launch server process. Reason: Unity was launched with the -noUpm command-line argument
[Package Manager] Unable to send message (not connected to server process).
[Package Manager] Cannot connect to Unity Package Manager local server
Mono: successfully reloaded assembly
- Finished resetting the current domain, in  1.339 seconds
Domain Reload Profiling: 2173ms
	BeginReloadAssembly (242ms)
		ExecutionOrderSort (0ms)
		DisableScriptedObjects (8ms)
		BackupInstance (0ms)
		ReleaseScriptingObjects (0ms)
		CreateAndSetChildDomain (57ms)
	RebuildCommonClasses (39ms)
	RebuildNativeTypeToScriptingClass (14ms)
	initialDomainReloadingComplete (34ms)
	LoadAllAssembliesAndSetupDomain (504ms)
		LoadAssemblies (459ms)
		RebuildTransferFunctionScriptingTraits (0ms)
		AnalyzeDomain (170ms)
			TypeCache.Refresh (6ms)
				TypeCache.ScanAssembly (0ms)
			BuildScriptInfoCaches (145ms)
			ResolveRequiredComponents (15ms)
	FinalizeReload (1339ms)
		ReleaseScriptCaches (0ms)
		RebuildScriptCaches (0ms)
		SetupLoadedEditorAssemblies (1170ms)
			LogAssemblyErrors (0ms)
			InitializePlatformSupportModulesInManaged (2ms)
			SetLoadedEditorAssemblies (8ms)
			BeforeProcessingInitializeOnLoad (229ms)
			ProcessInitializeOnLoadAttributes (660ms)
			ProcessInitializeOnLoadMethodAttributes (262ms)
			AfterProcessingInitializeOnLoad (7ms)
			EditorAssembliesLoaded (1ms)
		ExecutionOrderSort2 (0ms)
		AwakeInstancesAfterBackupRestoration (14ms)
Shader 'MoreMountains/MMRipple': fallback shader 'Particle/AlphaBlended' not found
Refreshing native plugins compatible for Editor in 6.60 ms, found 2 plugins.
Preloading 0 native plugins for Editor in 0.00 ms.
Unloading 13 Unused Serialized files (Serialized files now loaded: 0)
Unloading 4731 unused Assets / (3.3 MB). Loaded Objects now: 5249.
Memory consumption went from 190.8 MB to 187.4 MB.
Total: 18.279700 ms (FindLiveObjects: 1.028900 ms CreateObjectMapping: 0.564000 ms MarkObjects: 13.211300 ms  DeleteObjects: 3.471700 ms)

Prepare: number of updated asset objects reloaded= 0
========================================================================
Received Import Request.
  Time since last request: 306.074146 seconds.
  path: Assets/CorgiEngine/license.txt
  artifactKey: Guid(472c7b4913a6f884d8c038b5063123a9) Importer(2089858483,192608db42251d675da83286b1cce702)
Start importing Assets/CorgiEngine/license.txt using Guid(472c7b4913a6f884d8c038b5063123a9) Importer(2089858483,192608db42251d675da83286b1cce702) (ScriptedImporter) -> (artifact id: '6cdd4778ee5b64f2804610cc8cf891c4') in 0.1025192 seconds
Number of updated asset objects reloaded before import = 0Number of asset objects unloaded after import = 1

========================================================================
Received Import Request.
  Time since last request: 2.953471 seconds.
  path: Assets/CorgiEngine/Common/Editor/Menu/MoreMountainsMenu.cs
  artifactKey: Guid(77517c263365e4ad5944491ddca02a3c) Importer(2089858483,192608db42251d675da83286b1cce702)
Start importing Assets/CorgiEngine/Common/Editor/Menu/MoreMountainsMenu.cs using Guid(77517c263365e4ad5944491ddca02a3c) Importer(2089858483,192608db42251d675da83286b1cce702) (ScriptedImporter) -> (artifact id: 'cc5d6ed8cff421a8e93ba1c7564dd322') in 0.0588665 seconds
Number of updated asset objects reloaded before import = 0Number of asset objects unloaded after import = 0

========================================================================
Received Import Request.
  Time since last request: 9.026336 seconds.
  path: Assets/CorgiEngine/Demos/MoreMountains.CorgiEngine.Demos.asmref
  artifactKey: Guid(ab0e909c5a9061842a47105b1e91e2e8) Importer(2089858483,192608db42251d675da83286b1cce702)
Start importing Assets/CorgiEngine/Demos/MoreMountains.CorgiEngine.Demos.asmref using Guid(ab0e909c5a9061842a47105b1e91e2e8) Importer(2089858483,192608db42251d675da83286b1cce702) (ScriptedImporter) -> (artifact id: '8ea7e2fd9ce3d7f0eb4e8985bd1a2b48') in 0.037513 seconds
Number of updated asset objects reloaded before import = 0Number of asset objects unloaded after import = 1

========================================================================
Received Import Request.
  Time since last request: 0.000098 seconds.
  path: Assets/CorgiEngine/Common/Sprites/ButtonPromptBackground.png
  artifactKey: Guid(705f3a69250bd8649beb8737c75ebb6d) Importer(2089858483,192608db42251d675da83286b1cce702)
Start importing Assets/CorgiEngine/Common/Sprites/ButtonPromptBackground.png using Guid(705f3a69250bd8649beb8737c75ebb6d) Importer(2089858483,192608db42251d675da83286b1cce702) (ScriptedImporter) -> (artifact id: '591a64da9f12943a079b2befe6c8415f') in 0.1404743 seconds
Number of updated asset objects reloaded before import = 0Number of asset objects unloaded after import = 3

========================================================================
Received Import Request.
  Time since last request: 0.000022 seconds.
  path: Assets/CorgiEngine/Demos/Minimal/MinimalDynamicGravity.unity
  artifactKey: Guid(24e8717724dfca541a7746982e12ab23) Importer(2089858483,192608db42251d675da83286b1cce702)
Start importing Assets/CorgiEngine/Demos/Minimal/MinimalDynamicGravity.unity using Guid(24e8717724dfca541a7746982e12ab23) Importer(2089858483,192608db42251d675da83286b1cce702) (ScriptedImporter) -> (artifact id: '447421756d7a6656c48ff73d2b595a0b') in 0.0256834 seconds
Number of updated asset objects reloaded before import = 0Number of asset objects unloaded after import = 1

========================================================================
Received Import Request.
  Time since last request: 0.000031 seconds.
  path: Assets/CorgiEngine/Demos/Minimal/MinimalOneWayLevelVertical.unity
  artifactKey: Guid(c8d1ba4ad1f68a5449b10a0921eabb7a) Importer(2089858483,192608db42251d675da83286b1cce702)
Start importing Assets/CorgiEngine/Demos/Minimal/MinimalOneWayLevelVertical.unity using Guid(c8d1ba4ad1f68a5449b10a0921eabb7a) Importer(2089858483,192608db42251d675da83286b1cce702) (ScriptedImporter) -> (artifact id: '0cddfda10ba0be01a48ffc82e4e785c9') in 0.03859 seconds
Number of updated asset objects reloaded before import = 0Number of asset objects unloaded after import = 1

========================================================================
Received Import Request.
  Time since last request: 0.000033 seconds.
  path: Assets/CorgiEngine/Common/Prefabs/GUI/ButtonA.prefab
  artifactKey: Guid(bae616c9d19e7ff498a0f195fcea5bc1) Importer(2089858483,192608db42251d675da83286b1cce702)
Start importing Assets/CorgiEngine/Common/Prefabs/GUI/ButtonA.prefab using Guid(bae616c9d19e7ff498a0f195fcea5bc1) Importer(2089858483,192608db42251d675da83286b1cce702) (ScriptedImporter) -> (artifact id: '9ec149e199a4b0dfef85577bc409708b') in 0.1068962 seconds
Number of updated asset objects reloaded before import = 0Number of asset objects unloaded after import = 12

========================================================================
Received Import Request.
  Time since last request: 0.000025 seconds.
  path: Assets/CorgiEngine/Common/Editor/MoreMountains.CorgiEngine.Editor.asmdef
  artifactKey: Guid(64566ae33d04f0e4f8a2f4b28ff77d12) Importer(2089858483,192608db42251d675da83286b1cce702)
Start importing Assets/CorgiEngine/Common/Editor/MoreMountains.CorgiEngine.Editor.asmdef using Guid(64566ae33d04f0e4f8a2f4b28ff77d12) Importer(2089858483,192608db42251d675da83286b1cce702) (ScriptedImporter) -> (artifact id: '87e419a6f165ab6aa88c02e0683bf702') in 0.0355056 seconds
Number of updated asset objects reloaded before import = 0Number of asset objects unloaded after import = 1

========================================================================
Received Import Request.
  Time since last request: 0.000047 seconds.
  path: Assets/CorgiEngine/Demos/Corgi3D/Corgi3DxTheHunt.unity
  artifactKey: Guid(520006148e7fc614ea1e13df3773d7cc) Importer(2089858483,192608db42251d675da83286b1cce702)
Start importing Assets/CorgiEngine/Demos/Corgi3D/Corgi3DxTheHunt.unity using Guid(520006148e7fc614ea1e13df3773d7cc) Importer(2089858483,192608db42251d675da83286b1cce702) (ScriptedImporter) -> (artifact id: 'bccaece890681901673b6a1aac5a0bd0') in 0.04818 seconds
Number of updated asset objects reloaded before import = 0Number of asset objects unloaded after import = 1

========================================================================
Received Import Request.
  Time since last request: 0.000082 seconds.
  path: Assets/CorgiEngine/Common/Materials/Colorizer.mat
  artifactKey: Guid(e5bdf9955381b4bf1a622b79fd1062a1) Importer(2089858483,192608db42251d675da83286b1cce702)
Start importing Assets/CorgiEngine/Common/Materials/Colorizer.mat using Guid(e5bdf9955381b4bf1a622b79fd1062a1) Importer(2089858483,192608db42251d675da83286b1cce702) (ScriptedImporter) -> (artifact id: '68174c5334b923f9c492f98d98804bdc') in 0.0458889 seconds
Number of updated asset objects reloaded before import = 0Number of asset objects unloaded after import = 1

========================================================================
Received Import Request.
  Time since last request: 0.000031 seconds.
  path: Assets/CorgiEngine/Demos/StartScreen/StartScreen.unity
  artifactKey: Guid(b9cf7e391a5874f80a0485164885fe54) Importer(2089858483,192608db42251d675da83286b1cce702)
Start importing Assets/CorgiEngine/Demos/StartScreen/StartScreen.unity using Guid(b9cf7e391a5874f80a0485164885fe54) Importer(2089858483,192608db42251d675da83286b1cce702) (ScriptedImporter) -> (artifact id: '7d703bf402f6a8550f25a00e57a9eef6') in 0.0342499 seconds
Number of updated asset objects reloaded before import = 0Number of asset objects unloaded after import = 1

========================================================================
Received Import Request.
  Time since last request: 0.000086 seconds.
  path: Assets/CorgiEngine/Demos/RetroAdventure/RetroAdventureCommon.unity
  artifactKey: Guid(0eb058f12c3408c4b96d7cbf99a15e7a) Importer(2089858483,192608db42251d675da83286b1cce702)
Start importing Assets/CorgiEngine/Demos/RetroAdventure/RetroAdventureCommon.unity using Guid(0eb058f12c3408c4b96d7cbf99a15e7a) Importer(2089858483,192608db42251d675da83286b1cce702) (ScriptedImporter) -> (artifact id: 'bf3a8347941690f5b958df458c6fb518') in 0.0268491 seconds
Number of updated asset objects reloaded before import = 0Number of asset objects unloaded after import = 1

========================================================================
Received Import Request.
  Time since last request: 0.000029 seconds.
  path: Assets/CorgiEngine/Demos/Corgi3D/NewCorgi3D.unity
  artifactKey: Guid(193c7309ff376d1489dcd808b644fdef) Importer(2089858483,192608db42251d675da83286b1cce702)
Start importing Assets/CorgiEngine/Demos/Corgi3D/NewCorgi3D.unity using Guid(193c7309ff376d1489dcd808b644fdef) Importer(2089858483,192608db42251d675da83286b1cce702) (ScriptedImporter) -> (artifact id: '4bc0f3adf3e1dbc13ffe7d72e4350889') in 0.045712 seconds
Number of updated asset objects reloaded before import = 0Number of asset objects unloaded after import = 1

========================================================================
Received Import Request.
  Time since last request: 0.000025 seconds.
  path: Assets/CorgiEngine/Demos/Retro/RetroProcedural.unity
  artifactKey: Guid(db60a0c16af61614e91e0a005607c9c5) Importer(2089858483,192608db42251d675da83286b1cce702)
Start importing Assets/CorgiEngine/Demos/Retro/RetroProcedural.unity using Guid(db60a0c16af61614e91e0a005607c9c5) Importer(2089858483,192608db42251d675da83286b1cce702) (ScriptedImporter) -> (artifact id: '6d0f9f9b4fd55786444316545cf28aa1') in 0.0332498 seconds
Number of updated asset objects reloaded before import = 0Number of asset objects unloaded after import = 1

========================================================================
Received Import Request.
  Time since last request: 0.000045 seconds.
  path: Assets/CorgiEngine/Demos/Minimal/MinimalRooms2.unity
  artifactKey: Guid(c982ea55a70c24044a9b4226f6446108) Importer(2089858483,192608db42251d675da83286b1cce702)
Start importing Assets/CorgiEngine/Demos/Minimal/MinimalRooms2.unity using Guid(c982ea55a70c24044a9b4226f6446108) Importer(2089858483,192608db42251d675da83286b1cce702) (ScriptedImporter) -> (artifact id: '8e2ced28d62c980ab949954f103cddac') in 0.0257371 seconds
Number of updated asset objects reloaded before import = 0Number of asset objects unloaded after import = 1

========================================================================
Received Import Request.
  Time since last request: 0.000034 seconds.
  path: Assets/CorgiEngine/Common/Editor/Environment/MovingPlatformFreeInspector.cs
  artifactKey: Guid(41af457f452b3a845b69e82e13c5f441) Importer(2089858483,192608db42251d675da83286b1cce702)
Start importing Assets/CorgiEngine/Common/Editor/Environment/MovingPlatformFreeInspector.cs using Guid(41af457f452b3a845b69e82e13c5f441) Importer(2089858483,192608db42251d675da83286b1cce702) (ScriptedImporter) -> (artifact id: 'cf3ddb3b64dc13f7c98c3d0765f59825') in 0.0191118 seconds
Number of updated asset objects reloaded before import = 0Number of asset objects unloaded after import = 0

========================================================================
Received Import Request.
  Time since last request: 0.000078 seconds.
  path: Assets/CorgiEngine/Demos/RetroAdventure/RetroAdventureLevelSelection.unity
  artifactKey: Guid(a70302a2680553d40a0f9d57ee57ca5b) Importer(2089858483,192608db42251d675da83286b1cce702)
Start importing Assets/CorgiEngine/Demos/RetroAdventure/RetroAdventureLevelSelection.unity using Guid(a70302a2680553d40a0f9d57ee57ca5b) Importer(2089858483,192608db42251d675da83286b1cce702) (ScriptedImporter) -> (artifact id: '58c4f0701ba049bd4e57e04f9e0aa47c') in 0.0331071 seconds
Number of updated asset objects reloaded before import = 0Number of asset objects unloaded after import = 1

========================================================================
Received Import Request.
  Time since last request: 0.000038 seconds.
  path: Assets/CorgiEngine/Demos/Minimal/MinimalSlopes.unity
  artifactKey: Guid(5a37564541f3b554d83f69844d59b915) Importer(2089858483,192608db42251d675da83286b1cce702)
Start importing Assets/CorgiEngine/Demos/Minimal/MinimalSlopes.unity using Guid(5a37564541f3b554d83f69844d59b915) Importer(2089858483,192608db42251d675da83286b1cce702) (ScriptedImporter) -> (artifact id: '6b82fe21806927e9113d4f1cfcd04f09') in 0.0227818 seconds
Number of updated asset objects reloaded before import = 0Number of asset objects unloaded after import = 1

========================================================================
Received Import Request.
  Time since last request: 0.000030 seconds.
  path: Assets/CorgiEngine/Demos/Minimal/FeaturesKeys.unity
  artifactKey: Guid(654cb02afee826c4e8c21a77155e84e3) Importer(2089858483,192608db42251d675da83286b1cce702)
Start importing Assets/CorgiEngine/Demos/Minimal/FeaturesKeys.unity using Guid(654cb02afee826c4e8c21a77155e84e3) Importer(2089858483,192608db42251d675da83286b1cce702) (ScriptedImporter) -> (artifact id: 'f4dcf5b39c46827b16820355e4cf63c3') in 0.0485042 seconds
Number of updated asset objects reloaded before import = 0Number of asset objects unloaded after import = 1

========================================================================
Received Import Request.
  Time since last request: 0.000023 seconds.
  path: Assets/CorgiEngine/Demos/Minimal/FeaturesGravity.unity
  artifactKey: Guid(6bc87e572545fc543b9e3a9a445f0e44) Importer(2089858483,192608db42251d675da83286b1cce702)
Start importing Assets/CorgiEngine/Demos/Minimal/FeaturesGravity.unity using Guid(6bc87e572545fc543b9e3a9a445f0e44) Importer(2089858483,192608db42251d675da83286b1cce702) (ScriptedImporter) -> (artifact id: 'c5ff30738e79d7d3c8ba00c6be104256') in 0.0511089 seconds
Number of updated asset objects reloaded before import = 0Number of asset objects unloaded after import = 1

========================================================================
Received Import Request.
  Time since last request: 0.000022 seconds.
  path: Assets/CorgiEngine/Common/Animations/GUI/spacecorgi_flat-idle_0.controller
  artifactKey: Guid(18e51ec5e958b484696efb3ee7b8fb0e) Importer(2089858483,192608db42251d675da83286b1cce702)
Start importing Assets/CorgiEngine/Common/Animations/GUI/spacecorgi_flat-idle_0.controller using Guid(18e51ec5e958b484696efb3ee7b8fb0e) Importer(2089858483,192608db42251d675da83286b1cce702) (ScriptedImporter) -> (artifact id: 'a9f00f1b40579204272fd5151c5bb13e') in 0.0253974 seconds
Number of updated asset objects reloaded before import = 0Number of asset objects unloaded after import = 4

========================================================================
Received Import Request.
  Time since last request: 0.000027 seconds.
  path: Assets/CorgiEngine/Common/Materials/defaultParticle.mat
  artifactKey: Guid(4e2d84525aaf47e49bfb301159b29cde) Importer(2089858483,192608db42251d675da83286b1cce702)
Start importing Assets/CorgiEngine/Common/Materials/defaultParticle.mat using Guid(4e2d84525aaf47e49bfb301159b29cde) Importer(2089858483,192608db42251d675da83286b1cce702) (ScriptedImporter) -> (artifact id: 'ee67a26bf6f0a54259fc927d6e920fc4') in 0.0287032 seconds
Number of updated asset objects reloaded before import = 0Number of asset objects unloaded after import = 1

========================================================================
Received Import Request.
  Time since last request: 0.000026 seconds.
  path: Assets/CorgiEngine/Demos/Retro/RetroVania.unity
  artifactKey: Guid(283c53fb6e78f594580ce1b6cc9db42e) Importer(2089858483,192608db42251d675da83286b1cce702)
Start importing Assets/CorgiEngine/Demos/Retro/RetroVania.unity using Guid(283c53fb6e78f594580ce1b6cc9db42e) Importer(2089858483,192608db42251d675da83286b1cce702) (ScriptedImporter) -> (artifact id: 'fa98c5a1c2efd0662819ddf6cab9630a') in 0.062315 seconds
Number of updated asset objects reloaded before import = 0Number of asset objects unloaded after import = 1

========================================================================
Received Import Request.
  Time since last request: 0.000024 seconds.
  path: Assets/CorgiEngine/Common/Sprites/ButtonPrompt.png
  artifactKey: Guid(12c99d7ff76d10f43a20564d8cbf9449) Importer(2089858483,192608db42251d675da83286b1cce702)
Start importing Assets/CorgiEngine/Common/Sprites/ButtonPrompt.png using Guid(12c99d7ff76d10f43a20564d8cbf9449) Importer(2089858483,192608db42251d675da83286b1cce702) (ScriptedImporter) -> (artifact id: '7d24f80233dde11fb001841a79fbd516') in 0.0392172 seconds
Number of updated asset objects reloaded before import = 0Number of asset objects unloaded after import = 3

========================================================================
Received Import Request.
  Time since last request: 0.000033 seconds.
  path: Assets/CorgiEngine/Common/ScriptsCinemachine/MoreMountains.CorgiEngine.Cinemachine.asmref
  artifactKey: Guid(cc1c4d130fc064c479dc214b291eba4b) Importer(2089858483,192608db42251d675da83286b1cce702)
Start importing Assets/CorgiEngine/Common/ScriptsCinemachine/MoreMountains.CorgiEngine.Cinemachine.asmref using Guid(cc1c4d130fc064c479dc214b291eba4b) Importer(2089858483,192608db42251d675da83286b1cce702) (ScriptedImporter) -> (artifact id: 'eb5a58af2092d0d49217b28361d3fa70') in 0.0337705 seconds
Number of updated asset objects reloaded before import = 0Number of asset objects unloaded after import = 1

========================================================================
Received Import Request.
  Time since last request: 0.000022 seconds.
  path: Assets/CorgiEngine/Demos/RetroAdventure/RetroAdventure2.unity
  artifactKey: Guid(b9ffc1b3add71414181574775f050d6a) Importer(2089858483,192608db42251d675da83286b1cce702)
Start importing Assets/CorgiEngine/Demos/RetroAdventure/RetroAdventure2.unity using Guid(b9ffc1b3add71414181574775f050d6a) Importer(2089858483,192608db42251d675da83286b1cce702) (ScriptedImporter) -> (artifact id: 'ab4e5f93f2b009d6607a39953cab1f37') in 0.0322736 seconds
Number of updated asset objects reloaded before import = 0Number of asset objects unloaded after import = 1

========================================================================
Received Import Request.
  Time since last request: 8.966662 seconds.
  path: Assets/CorgiEngine/Common/Prefabs/GUI/MMFaderRound.prefab
  artifactKey: Guid(599041b39af0b9a4bb60da8b5cf6e9a3) Importer(2089858483,192608db42251d675da83286b1cce702)
Start importing Assets/CorgiEngine/Common/Prefabs/GUI/MMFaderRound.prefab using Guid(599041b39af0b9a4bb60da8b5cf6e9a3) Importer(2089858483,192608db42251d675da83286b1cce702) (ScriptedImporter) -> (artifact id: 'f89e2c955fc884ffbe95fc98ff841e0b') in 0.0995109 seconds
Number of updated asset objects reloaded before import = 0Number of asset objects unloaded after import = 18

========================================================================
Received Import Request.
  Time since last request: 0.000021 seconds.
  path: Assets/CorgiEngine/Common/Scripts/Environment/WeaponHandler.cs
  artifactKey: Guid(5099f339b6728ea4a8c0c15ac085fdf1) Importer(2089858483,192608db42251d675da83286b1cce702)
Start importing Assets/CorgiEngine/Common/Scripts/Environment/WeaponHandler.cs using Guid(5099f339b6728ea4a8c0c15ac085fdf1) Importer(2089858483,192608db42251d675da83286b1cce702) (ScriptedImporter) -> (artifact id: 'bc99e0604b83a477dc7fde7c96f18e70') in 0.0175257 seconds
Number of updated asset objects reloaded before import = 0Number of asset objects unloaded after import = 0

========================================================================
Received Import Request.
  Time since last request: 0.000117 seconds.
  path: Assets/CorgiEngine/Common/Scripts/Environment/Ledge.cs
  artifactKey: Guid(c58cd932a91db6341a5212ee4c13ee76) Importer(2089858483,192608db42251d675da83286b1cce702)
Start importing Assets/CorgiEngine/Common/Scripts/Environment/Ledge.cs using Guid(c58cd932a91db6341a5212ee4c13ee76) Importer(2089858483,192608db42251d675da83286b1cce702) (ScriptedImporter) -> (artifact id: '17bcfc067be593d3b0c6b666739b5471') in 0.0194345 seconds
Number of updated asset objects reloaded before import = 0Number of asset objects unloaded after import = 0

========================================================================
Received Import Request.
  Time since last request: 0.000112 seconds.
  path: Assets/CorgiEngine/Common/Scripts/Environment/AnyHeightOneWayPlatform.cs
  artifactKey: Guid(20610fc1e7d75a7408416b08478479de) Importer(2089858483,192608db42251d675da83286b1cce702)
Start importing Assets/CorgiEngine/Common/Scripts/Environment/AnyHeightOneWayPlatform.cs using Guid(20610fc1e7d75a7408416b08478479de) Importer(2089858483,192608db42251d675da83286b1cce702) (ScriptedImporter) -> (artifact id: '77e73359657bd76007d22f60fdaa79aa') in 0.0206886 seconds
Number of updated asset objects reloaded before import = 0Number of asset objects unloaded after import = 0

========================================================================
Received Import Request.
  Time since last request: 0.000150 seconds.
  path: Assets/CorgiEngine/Common/Prefabs/Sounds/NFF-sand.wav
  artifactKey: Guid(5b37c17d391254937b921e5debf7dde3) Importer(2089858483,192608db42251d675da83286b1cce702)
Start importing Assets/CorgiEngine/Common/Prefabs/Sounds/NFF-sand.wav using Guid(5b37c17d391254937b921e5debf7dde3) Importer(2089858483,192608db42251d675da83286b1cce702) (ScriptedImporter) -> (artifact id: '243979b07c861e934f3129775dac0998') in 0.0999904 seconds
Number of updated asset objects reloaded before import = 0Number of asset objects unloaded after import = 1

========================================================================
Received Import Request.
  Time since last request: 0.000033 seconds.
  path: Assets/CorgiEngine/Common/Scripts/Environment/Grip.cs
  artifactKey: Guid(c37f407a033957e49a81d1712b702276) Importer(2089858483,192608db42251d675da83286b1cce702)
Start importing Assets/CorgiEngine/Common/Scripts/Environment/Grip.cs using Guid(c37f407a033957e49a81d1712b702276) Importer(2089858483,192608db42251d675da83286b1cce702) (ScriptedImporter) -> (artifact id: '218d5845cb8051a4b706045444c1557a') in 0.0195568 seconds
Number of updated asset objects reloaded before import = 0Number of asset objects unloaded after import = 0

========================================================================
Received Import Request.
  Time since last request: 0.000105 seconds.
  path: Assets/CorgiEngine/Common/Scripts/Environment/ProximityManaged.cs
  artifactKey: Guid(05785c36a1059374cb856bc02d4399b9) Importer(2089858483,192608db42251d675da83286b1cce702)
Start importing Assets/CorgiEngine/Common/Scripts/Environment/ProximityManaged.cs using Guid(05785c36a1059374cb856bc02d4399b9) Importer(2089858483,192608db42251d675da83286b1cce702) (ScriptedImporter) -> (artifact id: '2e61d29f100f13352e98aa7ef0a95d77') in 0.0179718 seconds
Number of updated asset objects reloaded before import = 0Number of asset objects unloaded after import = 0

========================================================================
Received Import Request.
  Time since last request: 0.000062 seconds.
  path: Assets/CorgiEngine/Common/Scripts/Environment/Pusher.cs
  artifactKey: Guid(185b234d80020fa44a904d4b6a28f146) Importer(2089858483,192608db42251d675da83286b1cce702)
Start importing Assets/CorgiEngine/Common/Scripts/Environment/Pusher.cs using Guid(185b234d80020fa44a904d4b6a28f146) Importer(2089858483,192608db42251d675da83286b1cce702) (ScriptedImporter) -> (artifact id: '6a87bc81b04f69cfefcfc8e36acf3cc3') in 0.017108 seconds
Number of updated asset objects reloaded before import = 0Number of asset objects unloaded after import = 0

========================================================================
Received Import Request.
  Time since last request: 0.000069 seconds.
  path: Assets/CorgiEngine/Common/Scripts/Environment/BonusBlock.cs
  artifactKey: Guid(69660dec26cfc4d53a8310ef97c363a4) Importer(2089858483,192608db42251d675da83286b1cce702)
Start importing Assets/CorgiEngine/Common/Scripts/Environment/BonusBlock.cs using Guid(69660dec26cfc4d53a8310ef97c363a4) Importer(2089858483,192608db42251d675da83286b1cce702) (ScriptedImporter) -> (artifact id: '7e3affe3fe8acd028f4b83ec8877811d') in 0.0181515 seconds
Number of updated asset objects reloaded before import = 0Number of asset objects unloaded after import = 0

========================================================================
Received Import Request.
  Time since last request: 0.000057 seconds.
  path: Assets/CorgiEngine/Common/Scripts/Environment/Ladder.cs
  artifactKey: Guid(e06a113ed52984613afade84ae2e0c53) Importer(2089858483,192608db42251d675da83286b1cce702)
Start importing Assets/CorgiEngine/Common/Scripts/Environment/Ladder.cs using Guid(e06a113ed52984613afade84ae2e0c53) Importer(2089858483,192608db42251d675da83286b1cce702) (ScriptedImporter) -> (artifact id: '4fcd8ac7bbc2a5d618527d12433a6b9b') in 0.0209415 seconds
Number of updated asset objects reloaded before import = 0Number of asset objects unloaded after import = 0

========================================================================
Received Import Request.
  Time since last request: 0.000110 seconds.
  path: Assets/CorgiEngine/Common/Prefabs/Music/uniform-motion_there-is-no-way_instrumental.wav
  artifactKey: Guid(53da61bf470ed694ba5712ae81cb5ee5) Importer(2089858483,192608db42251d675da83286b1cce702)
Start importing Assets/CorgiEngine/Common/Prefabs/Music/uniform-motion_there-is-no-way_instrumental.wav using Guid(53da61bf470ed694ba5712ae81cb5ee5) Importer(2089858483,192608db42251d675da83286b1cce702) (ScriptedImporter) -> (artifact id: '4c0abf0cdfb717b782d688385604fad4') in 0.885701 seconds
Number of updated asset objects reloaded before import = 0Number of asset objects unloaded after import = 1

========================================================================
Received Import Request.
  Time since last request: 0.000048 seconds.
  path: Assets/CorgiEngine/Common/Prefabs/Sounds/NFF-twitch.wav
  artifactKey: Guid(7ee80f0461acd534a90a49556f875321) Importer(2089858483,192608db42251d675da83286b1cce702)
Start importing Assets/CorgiEngine/Common/Prefabs/Sounds/NFF-twitch.wav using Guid(7ee80f0461acd534a90a49556f875321) Importer(2089858483,192608db42251d675da83286b1cce702) (ScriptedImporter) -> (artifact id: '4e567d55a9aea816191cae32c6ff24c1') in 0.095763 seconds
Number of updated asset objects reloaded before import = 0Number of asset objects unloaded after import = 1

========================================================================
Received Import Request.
  Time since last request: 0.000045 seconds.
  path: Assets/CorgiEngine/Common/Prefabs/Sounds/NFF-blast.wav
  artifactKey: Guid(0c4c2392015764ab79497163339b1fea) Importer(2089858483,192608db42251d675da83286b1cce702)
Start importing Assets/CorgiEngine/Common/Prefabs/Sounds/NFF-blast.wav using Guid(0c4c2392015764ab79497163339b1fea) Importer(2089858483,192608db42251d675da83286b1cce702) (ScriptedImporter) -> (artifact id: 'b5e64f02bc8f5bb6dfac4ad6ed6b7bcf') in 0.098575 seconds
Number of updated asset objects reloaded before import = 0Number of asset objects unloaded after import = 1

========================================================================
Received Import Request.
  Time since last request: 0.000032 seconds.
  path: Assets/CorgiEngine/Common/Scripts/Feedbacks/MMF_CorgiEngineSound.cs
  artifactKey: Guid(678a9bfa1fb1e3a4d9b516a95c1f603c) Importer(2089858483,192608db42251d675da83286b1cce702)
Start importing Assets/CorgiEngine/Common/Scripts/Feedbacks/MMF_CorgiEngineSound.cs using Guid(678a9bfa1fb1e3a4d9b516a95c1f603c) Importer(2089858483,192608db42251d675da83286b1cce702) (ScriptedImporter) -> (artifact id: 'de36ce1d57bcacb15b38132bd338596a') in 0.0249665 seconds
Number of updated asset objects reloaded before import = 0Number of asset objects unloaded after import = 0

========================================================================
Received Import Request.
  Time since last request: 0.000082 seconds.
  path: Assets/CorgiEngine/Common/Scripts/Environment/ForceZone.cs
  artifactKey: Guid(34de3b845542288459ab38e00c6581f8) Importer(2089858483,192608db42251d675da83286b1cce702)
Start importing Assets/CorgiEngine/Common/Scripts/Environment/ForceZone.cs using Guid(34de3b845542288459ab38e00c6581f8) Importer(2089858483,192608db42251d675da83286b1cce702) (ScriptedImporter) -> (artifact id: 'd485d21a7f362c58a07007db04e5309f') in 0.026659 seconds
Number of updated asset objects reloaded before import = 0Number of asset objects unloaded after import = 0

========================================================================
Received Import Request.
  Time since last request: 0.000075 seconds.
  path: Assets/CorgiEngine/Common/Scripts/GUI/GUIManager.cs
  artifactKey: Guid(d64723688ce860840bebf5facbf67709) Importer(2089858483,192608db42251d675da83286b1cce702)
Start importing Assets/CorgiEngine/Common/Scripts/GUI/GUIManager.cs using Guid(d64723688ce860840bebf5facbf67709) Importer(2089858483,192608db42251d675da83286b1cce702) (ScriptedImporter) -> (artifact id: 'cd161c766b410c81464c542fb79afeb6') in 0.0182985 seconds
Number of updated asset objects reloaded before import = 0Number of asset objects unloaded after import = 0

========================================================================
Received Import Request.
  Time since last request: 0.000072 seconds.
  path: Assets/CorgiEngine/Common/Prefabs/Sounds/footsteps.wav
  artifactKey: Guid(985a67d634a47482b80dc3c840fe69f8) Importer(2089858483,192608db42251d675da83286b1cce702)
Start importing Assets/CorgiEngine/Common/Prefabs/Sounds/footsteps.wav using Guid(985a67d634a47482b80dc3c840fe69f8) Importer(2089858483,192608db42251d675da83286b1cce702) (ScriptedImporter) -> (artifact id: '1ca4e6f37e3ee9382154c410d5ee26e9') in 0.0927907 seconds
Number of updated asset objects reloaded before import = 0Number of asset objects unloaded after import = 1

========================================================================
Received Import Request.
  Time since last request: 0.000034 seconds.
  path: Assets/CorgiEngine/Common/Prefabs/Sounds/low-wind.wav
  artifactKey: Guid(91088b398af39584c9de8b2ee19fcb9e) Importer(2089858483,192608db42251d675da83286b1cce702)
Start importing Assets/CorgiEngine/Common/Prefabs/Sounds/low-wind.wav using Guid(91088b398af39584c9de8b2ee19fcb9e) Importer(2089858483,192608db42251d675da83286b1cce702) (ScriptedImporter) -> (artifact id: '5622aa1d9e1dd2a29fcec4955d849f87') in 0.0832825 seconds
Number of updated asset objects reloaded before import = 0Number of asset objects unloaded after import = 1

========================================================================
Received Import Request.
  Time since last request: 0.000037 seconds.
  path: Assets/CorgiEngine/Common/Scripts/Environment/FallingPlatform.cs
  artifactKey: Guid(6ea2ea465c9684f96b42d2d13eefd088) Importer(2089858483,192608db42251d675da83286b1cce702)
Start importing Assets/CorgiEngine/Common/Scripts/Environment/FallingPlatform.cs using Guid(6ea2ea465c9684f96b42d2d13eefd088) Importer(2089858483,192608db42251d675da83286b1cce702) (ScriptedImporter) -> (artifact id: '9693bd7d0b455f6ab30b531f3af8ef14') in 0.0214262 seconds
Number of updated asset objects reloaded before import = 0Number of asset objects unloaded after import = 0

========================================================================
Received Import Request.
  Time since last request: 0.000079 seconds.
  path: Assets/CorgiEngine/Common/Scripts/Environment/Magnetic.cs
  artifactKey: Guid(dcd308329ac9fa047b8bf20047d45b15) Importer(2089858483,192608db42251d675da83286b1cce702)
Start importing Assets/CorgiEngine/Common/Scripts/Environment/Magnetic.cs using Guid(dcd308329ac9fa047b8bf20047d45b15) Importer(2089858483,192608db42251d675da83286b1cce702) (ScriptedImporter) -> (artifact id: 'c53bae5030fb28eb3b770f758aa0d295') in 0.0254567 seconds
Number of updated asset objects reloaded before import = 0Number of asset objects unloaded after import = 0

========================================================================
Received Import Request.
  Time since last request: 0.000149 seconds.
  path: Assets/CorgiEngine/Common/Scripts/Environment/MagneticEnabler.cs
  artifactKey: Guid(cf48ae51a2d613e448693192e80c4f40) Importer(2089858483,192608db42251d675da83286b1cce702)
Start importing Assets/CorgiEngine/Common/Scripts/Environment/MagneticEnabler.cs using Guid(cf48ae51a2d613e448693192e80c4f40) Importer(2089858483,192608db42251d675da83286b1cce702) (ScriptedImporter) -> (artifact id: 'ffb96ea9cbeee1023bbf90b615373e90') in 0.0225931 seconds
Number of updated asset objects reloaded before import = 0Number of asset objects unloaded after import = 0

========================================================================
Received Import Request.
  Time since last request: 0.000073 seconds.
  path: Assets/CorgiEngine/Common/Prefabs/LevelManagers/LevelStart.prefab
  artifactKey: Guid(7a343ffc127af4b41b1e509d55d21956) Importer(2089858483,192608db42251d675da83286b1cce702)
Start importing Assets/CorgiEngine/Common/Prefabs/LevelManagers/LevelStart.prefab using Guid(7a343ffc127af4b41b1e509d55d21956) Importer(2089858483,192608db42251d675da83286b1cce702) (ScriptedImporter) -> (artifact id: 'acb4da699242ee9d13cbcb276bf9cd91') in 0.0485827 seconds
Number of updated asset objects reloaded before import = 0Number of asset objects unloaded after import = 6

========================================================================
Received Import Request.
  Time since last request: 0.000039 seconds.
  path: Assets/CorgiEngine/Common/Scripts/Achievements/AchievementRules.cs
  artifactKey: Guid(fa5a5ae18d78bbe4fa4fd5448234ff14) Importer(2089858483,192608db42251d675da83286b1cce702)
Start importing Assets/CorgiEngine/Common/Scripts/Achievements/AchievementRules.cs using Guid(fa5a5ae18d78bbe4fa4fd5448234ff14) Importer(2089858483,192608db42251d675da83286b1cce702) (ScriptedImporter) -> (artifact id: '987804d76996a5c6389a998bdea221b5') in 0.0229364 seconds
Number of updated asset objects reloaded before import = 0Number of asset objects unloaded after import = 0

========================================================================
Received Import Request.
  Time since last request: 0.000101 seconds.
  path: Assets/CorgiEngine/Common/Scripts/Environment/RandomSprite.cs
  artifactKey: Guid(009a1dadf2d6fae4ca345d55324a902b) Importer(2089858483,192608db42251d675da83286b1cce702)
Start importing Assets/CorgiEngine/Common/Scripts/Environment/RandomSprite.cs using Guid(009a1dadf2d6fae4ca345d55324a902b) Importer(2089858483,192608db42251d675da83286b1cce702) (ScriptedImporter) -> (artifact id: 'e8e28cfe41772dcbd1d4f26a514738cc') in 0.0180194 seconds
Number of updated asset objects reloaded before import = 0Number of asset objects unloaded after import = 0

========================================================================
Received Import Request.
  Time since last request: 0.000075 seconds.
  path: Assets/CorgiEngine/Common/Prefabs/Sounds/NFF-air-engine.wav
  artifactKey: Guid(61e3d0e18e21c4916a8b36fd2a77e5b5) Importer(2089858483,192608db42251d675da83286b1cce702)
Start importing Assets/CorgiEngine/Common/Prefabs/Sounds/NFF-air-engine.wav using Guid(61e3d0e18e21c4916a8b36fd2a77e5b5) Importer(2089858483,192608db42251d675da83286b1cce702) (ScriptedImporter) -> (artifact id: '306ee4ddcf31d3d7f01a5059681a19e3') in 0.0846113 seconds
Number of updated asset objects reloaded before import = 0Number of asset objects unloaded after import = 1

========================================================================
Received Import Request.
  Time since last request: 0.000026 seconds.
  path: Assets/CorgiEngine/Common/Scripts/Environment/GravityPoint.cs
  artifactKey: Guid(6d3db407097cee24bbc489fafb100c0d) Importer(2089858483,192608db42251d675da83286b1cce702)
Start importing Assets/CorgiEngine/Common/Scripts/Environment/GravityPoint.cs using Guid(6d3db407097cee24bbc489fafb100c0d) Importer(2089858483,192608db42251d675da83286b1cce702) (ScriptedImporter) -> (artifact id: 'e1219ee8cf35493c6ca4494afc853f28') in 0.0211347 seconds
Number of updated asset objects reloaded before import = 0Number of asset objects unloaded after import = 0

========================================================================
Received Import Request.
  Time since last request: 0.000094 seconds.
  path: Assets/CorgiEngine/Common/Scripts/Feedbacks/MMF_CorgiEngineEvent.cs
  artifactKey: Guid(d41ad7aef71cebd43b1b548374d2e861) Importer(2089858483,192608db42251d675da83286b1cce702)
Start importing Assets/CorgiEngine/Common/Scripts/Feedbacks/MMF_CorgiEngineEvent.cs using Guid(d41ad7aef71cebd43b1b548374d2e861) Importer(2089858483,192608db42251d675da83286b1cce702) (ScriptedImporter) -> (artifact id: '23952cbb826a050c660817e8b4387d67') in 0.0237131 seconds
Number of updated asset objects reloaded before import = 0Number of asset objects unloaded after import = 0

========================================================================
Received Import Request.
  Time since last request: 1.021377 seconds.
  path: Assets/CorgiEngine/Common/Scripts/GUI/LevelSelector.cs
  artifactKey: Guid(59d042072253d11428147ba0d074fa39) Importer(2089858483,192608db42251d675da83286b1cce702)
Start importing Assets/CorgiEngine/Common/Scripts/GUI/LevelSelector.cs using Guid(59d042072253d11428147ba0d074fa39) Importer(2089858483,192608db42251d675da83286b1cce702) (ScriptedImporter) -> (artifact id: 'c24a6dabfec2bd7efd81fbfc49620f77') in 0.0205085 seconds
Number of updated asset objects reloaded before import = 0Number of asset objects unloaded after import = 0

========================================================================
Received Import Request.
  Time since last request: 0.000107 seconds.
  path: Assets/CorgiEngine/Common/Scripts/Managers/CharacterSwapManager.cs
  artifactKey: Guid(df960e920a274754bb11b1f9036f4241) Importer(2089858483,192608db42251d675da83286b1cce702)
Start importing Assets/CorgiEngine/Common/Scripts/Managers/CharacterSwapManager.cs using Guid(df960e920a274754bb11b1f9036f4241) Importer(2089858483,192608db42251d675da83286b1cce702) (ScriptedImporter) -> (artifact id: 'e8ebfdb9d4f22eb5d919d8ecfec2c0b1') in 0.0214631 seconds
Number of updated asset objects reloaded before import = 0Number of asset objects unloaded after import = 0

========================================================================
Received Import Request.
  Time since last request: 0.000131 seconds.
  path: Assets/CorgiEngine/Demos/Corgi3D/Materials/2x1Orange.mat
  artifactKey: Guid(b0a3ae0f8b8395b4fa158984c3ad916a) Importer(2089858483,192608db42251d675da83286b1cce702)
Start importing Assets/CorgiEngine/Demos/Corgi3D/Materials/2x1Orange.mat using Guid(b0a3ae0f8b8395b4fa158984c3ad916a) Importer(2089858483,192608db42251d675da83286b1cce702) (ScriptedImporter) -> (artifact id: 'a733da35d5ce8dd6390ba4d8138c4c20') in 0.0393254 seconds
Number of updated asset objects reloaded before import = 0Number of asset objects unloaded after import = 3

========================================================================
Received Import Request.
  Time since last request: 0.000032 seconds.
  path: Assets/CorgiEngine/Demos/Corgi2D/Materials/whiteDust.mat
  artifactKey: Guid(464cb30736c02f14f99253df367af152) Importer(2089858483,192608db42251d675da83286b1cce702)
Start importing Assets/CorgiEngine/Demos/Corgi2D/Materials/whiteDust.mat using Guid(464cb30736c02f14f99253df367af152) Importer(2089858483,192608db42251d675da83286b1cce702) (ScriptedImporter) -> (artifact id: '099a54eb54cf71affd284d5cd907a7ee') in 0.0276671 seconds
Number of updated asset objects reloaded before import = 0Number of asset objects unloaded after import = 2

========================================================================
Received Import Request.
  Time since last request: 0.000020 seconds.
  path: Assets/CorgiEngine/Demos/Corgi3D/Materials/cylinderGrey.mat
  artifactKey: Guid(e18c0a76c74ad447a99dbb75b60ccdd8) Importer(2089858483,192608db42251d675da83286b1cce702)
Start importing Assets/CorgiEngine/Demos/Corgi3D/Materials/cylinderGrey.mat using Guid(e18c0a76c74ad447a99dbb75b60ccdd8) Importer(2089858483,192608db42251d675da83286b1cce702) (ScriptedImporter) -> (artifact id: '5c3b04c5b73475c72f3f85d8967962d0') in 0.0319955 seconds
Number of updated asset objects reloaded before import = 0Number of asset objects unloaded after import = 3

========================================================================
Received Import Request.
  Time since last request: 0.000043 seconds.
  path: Assets/CorgiEngine/Common/Scripts/Managers/ProximityManager.cs
  artifactKey: Guid(0db6e4109ef4a5845ab8d41986ec9ed3) Importer(2089858483,192608db42251d675da83286b1cce702)
Start importing Assets/CorgiEngine/Common/Scripts/Managers/ProximityManager.cs using Guid(0db6e4109ef4a5845ab8d41986ec9ed3) Importer(2089858483,192608db42251d675da83286b1cce702) (ScriptedImporter) -> (artifact id: 'c9655781c36b314b487425997713a355') in 0.0236494 seconds
Number of updated asset objects reloaded before import = 0Number of asset objects unloaded after import = 0

========================================================================
Received Import Request.
  Time since last request: 0.000028 seconds.
  path: Assets/CorgiEngine/Demos/Corgi3D/Materials/movingYellow.mat
  artifactKey: Guid(4a23b8a2ecc9407428759fab1bd77bd3) Importer(2089858483,192608db42251d675da83286b1cce702)
Start importing Assets/CorgiEngine/Demos/Corgi3D/Materials/movingYellow.mat using Guid(4a23b8a2ecc9407428759fab1bd77bd3) Importer(2089858483,192608db42251d675da83286b1cce702) (ScriptedImporter) -> (artifact id: '59264d9fd0a2fd67068da14094de5d2d') in 0.0287232 seconds
Number of updated asset objects reloaded before import = 0Number of asset objects unloaded after import = 3

========================================================================
Received Import Request.
  Time since last request: 0.000031 seconds.
  path: Assets/CorgiEngine/Demos/Brobro/Sprites/title.png
  artifactKey: Guid(7dbeedf13ef74744fa97bcdfabe8625f) Importer(2089858483,192608db42251d675da83286b1cce702)
Start importing Assets/CorgiEngine/Demos/Brobro/Sprites/title.png using Guid(7dbeedf13ef74744fa97bcdfabe8625f) Importer(2089858483,192608db42251d675da83286b1cce702) (ScriptedImporter) -> (artifact id: '03126bfdc5f0f4aac5e4da4ce2694cae') in 0.044207 seconds
Number of updated asset objects reloaded before import = 0Number of asset objects unloaded after import = 3

========================================================================
Received Import Request.
  Time since last request: 0.000024 seconds.
  path: Assets/CorgiEngine/Demos/Corgi2D/Materials/LaserFireParticle.mat
  artifactKey: Guid(92a98440106619d48bdbcb1ad0b8b781) Importer(2089858483,192608db42251d675da83286b1cce702)
Start importing Assets/CorgiEngine/Demos/Corgi2D/Materials/LaserFireParticle.mat using Guid(92a98440106619d48bdbcb1ad0b8b781) Importer(2089858483,192608db42251d675da83286b1cce702) (ScriptedImporter) -> (artifact id: 'a55585e7de8d676925e4def843bf6545') in 0.0409251 seconds
Number of updated asset objects reloaded before import = 0Number of asset objects unloaded after import = 2

========================================================================
Received Import Request.
  Time since last request: 0.000022 seconds.
  path: Assets/CorgiEngine/Common/ScriptsInputSystem/InputActions/CorgiEngineInputActions.cs
  artifactKey: Guid(6c460157cc4c9154ebaa7a07404f32db) Importer(2089858483,192608db42251d675da83286b1cce702)
Start importing Assets/CorgiEngine/Common/ScriptsInputSystem/InputActions/CorgiEngineInputActions.cs using Guid(6c460157cc4c9154ebaa7a07404f32db) Importer(2089858483,192608db42251d675da83286b1cce702) (ScriptedImporter) -> (artifact id: 'bf2a3d0321f151b3892829221b65f80c') in 0.025041 seconds
Number of updated asset objects reloaded before import = 0Number of asset objects unloaded after import = 0

========================================================================
Received Import Request.
  Time since last request: 0.000032 seconds.
  path: Assets/CorgiEngine/Common/Scripts/Spawn/FinishLevel.cs
  artifactKey: Guid(f4c822b1b53284c0cbf5df2450a0c59c) Importer(2089858483,192608db42251d675da83286b1cce702)
Start importing Assets/CorgiEngine/Common/Scripts/Spawn/FinishLevel.cs using Guid(f4c822b1b53284c0cbf5df2450a0c59c) Importer(2089858483,192608db42251d675da83286b1cce702) (ScriptedImporter) -> (artifact id: 'e66f7334345d71ddbac9610fba298ee6') in 0.020826 seconds
Number of updated asset objects reloaded before import = 0Number of asset objects unloaded after import = 0

========================================================================
Received Import Request.
  Time since last request: 0.000064 seconds.
  path: Assets/CorgiEngine/Common/Scripts/Managers/KillsManager.cs
  artifactKey: Guid(3260a453b5944e24ca26412f4eaf0946) Importer(2089858483,192608db42251d675da83286b1cce702)
Start importing Assets/CorgiEngine/Common/Scripts/Managers/KillsManager.cs using Guid(3260a453b5944e24ca26412f4eaf0946) Importer(2089858483,192608db42251d675da83286b1cce702) (ScriptedImporter) -> (artifact id: '0f0c5e43b96398a0654ce5c9c0749256') in 0.0214204 seconds
Number of updated asset objects reloaded before import = 0Number of asset objects unloaded after import = 0

========================================================================
Received Import Request.
  Time since last request: 0.000074 seconds.
  path: Assets/CorgiEngine/Demos/Corgi2D/Materials/heartParticle.mat
  artifactKey: Guid(f1bff7d6cbbbdd048b9a31fbe22a0326) Importer(2089858483,192608db42251d675da83286b1cce702)
Start importing Assets/CorgiEngine/Demos/Corgi2D/Materials/heartParticle.mat using Guid(f1bff7d6cbbbdd048b9a31fbe22a0326) Importer(2089858483,192608db42251d675da83286b1cce702) (ScriptedImporter) -> (artifact id: '4eada13b7bf2f47c530b1a4d73eedf47') in 0.0424527 seconds
Number of updated asset objects reloaded before import = 0Number of asset objects unloaded after import = 2

========================================================================
Received Import Request.
  Time since last request: 0.000022 seconds.
  path: Assets/CorgiEngine/Common/Scripts/Managers/MultiplayerLevelManager.cs
  artifactKey: Guid(f9f77a41c0c05d14d8918e079b588ff4) Importer(2089858483,192608db42251d675da83286b1cce702)
Start importing Assets/CorgiEngine/Common/Scripts/Managers/MultiplayerLevelManager.cs using Guid(f9f77a41c0c05d14d8918e079b588ff4) Importer(2089858483,192608db42251d675da83286b1cce702) (ScriptedImporter) -> (artifact id: '74b4af0e27939e65007c72451226bb71') in 0.0216094 seconds
Number of updated asset objects reloaded before import = 0Number of asset objects unloaded after import = 0

========================================================================
Received Import Request.
  Time since last request: 0.000028 seconds.
  path: Assets/CorgiEngine/Demos/Corgi3D/Animations/threeD-climbingIdle.anim
  artifactKey: Guid(75b96b3dad193204cb189045c58a1e7b) Importer(2089858483,192608db42251d675da83286b1cce702)
Start importing Assets/CorgiEngine/Demos/Corgi3D/Animations/threeD-climbingIdle.anim using Guid(75b96b3dad193204cb189045c58a1e7b) Importer(2089858483,192608db42251d675da83286b1cce702) (ScriptedImporter) -> (artifact id: 'f60aba18d991f4999515febc07bba75c') in 0.0319453 seconds
Number of updated asset objects reloaded before import = 0Number of asset objects unloaded after import = 1

========================================================================
Received Import Request.
  Time since last request: 0.000034 seconds.
  path: Assets/CorgiEngine/Common/Scripts/Items/Loot.cs
  artifactKey: Guid(0c80847f84ae6ba45af399df14d43c05) Importer(2089858483,192608db42251d675da83286b1cce702)
Start importing Assets/CorgiEngine/Common/Scripts/Items/Loot.cs using Guid(0c80847f84ae6ba45af399df14d43c05) Importer(2089858483,192608db42251d675da83286b1cce702) (ScriptedImporter) -> (artifact id: '217446e5358befe04b9086a4e223f079') in 0.0223256 seconds
Number of updated asset objects reloaded before import = 0Number of asset objects unloaded after import = 0

========================================================================
Received Import Request.
  Time since last request: 0.000082 seconds.
  path: Assets/CorgiEngine/Common/ScriptsInputSystem/Demos/MinimalLevel_InputSystem_Multiplayer.unity
  artifactKey: Guid(419e990228ee73f499f91e92eac07963) Importer(2089858483,192608db42251d675da83286b1cce702)
Start importing Assets/CorgiEngine/Common/ScriptsInputSystem/Demos/MinimalLevel_InputSystem_Multiplayer.unity using Guid(419e990228ee73f499f91e92eac07963) Importer(2089858483,192608db42251d675da83286b1cce702) (ScriptedImporter) -> (artifact id: 'b96173db561876330a93868803906b8f') in 0.0424725 seconds
Number of updated asset objects reloaded before import = 0Number of asset objects unloaded after import = 1

========================================================================
Received Import Request.
  Time since last request: 0.000038 seconds.
  path: Assets/CorgiEngine/Common/ScriptsInputSystem/Scripts/InputSystemManagerEventsBased.cs
  artifactKey: Guid(ce788749c8497bc438c5d3bf65be8a6f) Importer(2089858483,192608db42251d675da83286b1cce702)
Start importing Assets/CorgiEngine/Common/ScriptsInputSystem/Scripts/InputSystemManagerEventsBased.cs using Guid(ce788749c8497bc438c5d3bf65be8a6f) Importer(2089858483,192608db42251d675da83286b1cce702) (ScriptedImporter) -> (artifact id: '754b94db882b2b42d7cea3105050ad37') in 0.0193048 seconds
Number of updated asset objects reloaded before import = 0Number of asset objects unloaded after import = 0

========================================================================
Received Import Request.
  Time since last request: 0.000039 seconds.
  path: Assets/CorgiEngine/Demos/Corgi3D/Materials/2x2-grey.mat
  artifactKey: Guid(bc99a028cdd0c3a43b448697f7301bb1) Importer(2089858483,192608db42251d675da83286b1cce702)
Start importing Assets/CorgiEngine/Demos/Corgi3D/Materials/2x2-grey.mat using Guid(bc99a028cdd0c3a43b448697f7301bb1) Importer(2089858483,192608db42251d675da83286b1cce702) (ScriptedImporter) -> (artifact id: 'a0b705ae26abe79006a61b065ce8b42f') in 0.0304012 seconds
Number of updated asset objects reloaded before import = 0Number of asset objects unloaded after import = 3

========================================================================
Received Import Request.
  Time since last request: 0.000036 seconds.
  path: Assets/CorgiEngine/Common/ScriptsCinemachine/Editor/MoreMountains.CorgiEngine.Cinemachine.Editor.asmref
  artifactKey: Guid(d021fdca1e6ecb94db0374af37dc79af) Importer(2089858483,192608db42251d675da83286b1cce702)
Start importing Assets/CorgiEngine/Common/ScriptsCinemachine/Editor/MoreMountains.CorgiEngine.Cinemachine.Editor.asmref using Guid(d021fdca1e6ecb94db0374af37dc79af) Importer(2089858483,192608db42251d675da83286b1cce702) (ScriptedImporter) -> (artifact id: 'a74525527823b76b4881eba79aea3845') in 0.0381773 seconds
Number of updated asset objects reloaded before import = 0Number of asset objects unloaded after import = 1

========================================================================
Received Import Request.
  Time since last request: 0.000020 seconds.
  path: Assets/CorgiEngine/Common/Scripts/GUI/MultiplayerGUIManager.cs
  artifactKey: Guid(dfa2b6b4e1add8546b45986499459321) Importer(2089858483,192608db42251d675da83286b1cce702)
Start importing Assets/CorgiEngine/Common/Scripts/GUI/MultiplayerGUIManager.cs using Guid(dfa2b6b4e1add8546b45986499459321) Importer(2089858483,192608db42251d675da83286b1cce702) (ScriptedImporter) -> (artifact id: '655467be95947452dd67c8211a9e006c') in 0.0218364 seconds
Number of updated asset objects reloaded before import = 0Number of asset objects unloaded after import = 0

========================================================================
Received Import Request.
  Time since last request: 0.000092 seconds.
  path: Assets/CorgiEngine/Common/Sprites/GUI/icon.png
  artifactKey: Guid(3991f33f40938a94d9c709ed0ecc446a) Importer(2089858483,192608db42251d675da83286b1cce702)
Start importing Assets/CorgiEngine/Common/Sprites/GUI/icon.png using Guid(3991f33f40938a94d9c709ed0ecc446a) Importer(2089858483,192608db42251d675da83286b1cce702) (ScriptedImporter) -> (artifact id: 'fc573454ee6bac01516057a5645d858d') in 0.0647257 seconds
Number of updated asset objects reloaded before import = 0Number of asset objects unloaded after import = 3

========================================================================
Received Import Request.
  Time since last request: 0.000027 seconds.
  path: Assets/CorgiEngine/Demos/Corgi3D/Materials/4x1Yellow.mat
  artifactKey: Guid(dd8d390e9ab1b1b42bc7f197a9be56c3) Importer(2089858483,192608db42251d675da83286b1cce702)
Start importing Assets/CorgiEngine/Demos/Corgi3D/Materials/4x1Yellow.mat using Guid(dd8d390e9ab1b1b42bc7f197a9be56c3) Importer(2089858483,192608db42251d675da83286b1cce702) (ScriptedImporter) -> (artifact id: 'eb23ec97e22358ed2368b669ed9b7a42') in 0.033376 seconds
Number of updated asset objects reloaded before import = 0Number of asset objects unloaded after import = 3

========================================================================
Received Import Request.
  Time since last request: 0.000035 seconds.
  path: Assets/CorgiEngine/Common/Sprites/GUI/button-a.png
  artifactKey: Guid(fb210fa270796f34a999cb8a678171bb) Importer(2089858483,192608db42251d675da83286b1cce702)
Start importing Assets/CorgiEngine/Common/Sprites/GUI/button-a.png using Guid(fb210fa270796f34a999cb8a678171bb) Importer(2089858483,192608db42251d675da83286b1cce702) (ScriptedImporter) -> (artifact id: '13b39e0df0782302aa9fe0204b8780a7') in 0.1001638 seconds
Number of updated asset objects reloaded before import = 0Number of asset objects unloaded after import = 17

========================================================================
Received Import Request.
  Time since last request: 0.000039 seconds.
  path: Assets/CorgiEngine/Demos/Corgi3D/Materials/4x1Green.mat
  artifactKey: Guid(c871b899fe48fd54d92d67b3415ad2f7) Importer(2089858483,192608db42251d675da83286b1cce702)
Start importing Assets/CorgiEngine/Demos/Corgi3D/Materials/4x1Green.mat using Guid(c871b899fe48fd54d92d67b3415ad2f7) Importer(2089858483,192608db42251d675da83286b1cce702) (ScriptedImporter) -> (artifact id: '2963c132e60ec44ebc133dec1dd5b36f') in 0.0282299 seconds
Number of updated asset objects reloaded before import = 0Number of asset objects unloaded after import = 3

========================================================================
Received Import Request.
  Time since last request: 0.000025 seconds.
  path: Assets/CorgiEngine/Common/Scripts/Items/DamageOverTimeInterrupter.cs
  artifactKey: Guid(0e39903c2aad89e4c9a94911d245ac43) Importer(2089858483,192608db42251d675da83286b1cce702)
Start importing Assets/CorgiEngine/Common/Scripts/Items/DamageOverTimeInterrupter.cs using Guid(0e39903c2aad89e4c9a94911d245ac43) Importer(2089858483,192608db42251d675da83286b1cce702) (ScriptedImporter) -> (artifact id: '596f0d026c8a6e192678571af6a85825') in 0.0209955 seconds
Number of updated asset objects reloaded before import = 0Number of asset objects unloaded after import = 0

========================================================================
Received Import Request.
  Time since last request: 0.000085 seconds.
  path: Assets/CorgiEngine/Demos/Corgi3D/Materials/fallingYellow.mat
  artifactKey: Guid(d42efd1925b4b3c41b2e46b46116d174) Importer(2089858483,192608db42251d675da83286b1cce702)
Start importing Assets/CorgiEngine/Demos/Corgi3D/Materials/fallingYellow.mat using Guid(d42efd1925b4b3c41b2e46b46116d174) Importer(2089858483,192608db42251d675da83286b1cce702) (ScriptedImporter) -> (artifact id: '4248e63cc4ea15d289b8fc4dd94be782') in 0.0352869 seconds
Number of updated asset objects reloaded before import = 0Number of asset objects unloaded after import = 3

========================================================================
Received Import Request.
  Time since last request: 0.000051 seconds.
  path: Assets/CorgiEngine/Common/Scripts/Managers/LayerManager.cs
  artifactKey: Guid(8b5462a9d23e34948983eaf92b672205) Importer(2089858483,192608db42251d675da83286b1cce702)
Start importing Assets/CorgiEngine/Common/Scripts/Managers/LayerManager.cs using Guid(8b5462a9d23e34948983eaf92b672205) Importer(2089858483,192608db42251d675da83286b1cce702) (ScriptedImporter) -> (artifact id: '66a8d221f8fb424d79896792cd32962d') in 0.0205365 seconds
Number of updated asset objects reloaded before import = 0Number of asset objects unloaded after import = 0

========================================================================
Received Import Request.
  Time since last request: 0.000039 seconds.
  path: Assets/CorgiEngine/Demos/Corgi2D/Materials/rocketTrailParticle.mat
  artifactKey: Guid(92ea5a659fea395419edd8c36ad72a81) Importer(2089858483,192608db42251d675da83286b1cce702)
Start importing Assets/CorgiEngine/Demos/Corgi2D/Materials/rocketTrailParticle.mat using Guid(92ea5a659fea395419edd8c36ad72a81) Importer(2089858483,192608db42251d675da83286b1cce702) (ScriptedImporter) -> (artifact id: 'd054e657574544213ad758a9dd4015e1') in 0.0244781 seconds
Number of updated asset objects reloaded before import = 0Number of asset objects unloaded after import = 2

========================================================================
Received Import Request.
  Time since last request: 0.000023 seconds.
  path: Assets/CorgiEngine/Common/ScriptsCinemachine/Camera/CinemachineBrainController.cs
  artifactKey: Guid(e43f80dd00588b84db78825f44740b2b) Importer(2089858483,192608db42251d675da83286b1cce702)
Start importing Assets/CorgiEngine/Common/ScriptsCinemachine/Camera/CinemachineBrainController.cs using Guid(e43f80dd00588b84db78825f44740b2b) Importer(2089858483,192608db42251d675da83286b1cce702) (ScriptedImporter) -> (artifact id: 'c53ba9198d167b4aff05a552b2708d88') in 0.0266691 seconds
Number of updated asset objects reloaded before import = 0Number of asset objects unloaded after import = 0

========================================================================
Received Import Request.
  Time since last request: 0.000032 seconds.
  path: Assets/CorgiEngine/Demos/Corgi3D/Materials/HalfGreen.mat
  artifactKey: Guid(5caa62a4de87368498fcfd811bc58cf7) Importer(2089858483,192608db42251d675da83286b1cce702)
Start importing Assets/CorgiEngine/Demos/Corgi3D/Materials/HalfGreen.mat using Guid(5caa62a4de87368498fcfd811bc58cf7) Importer(2089858483,192608db42251d675da83286b1cce702) (ScriptedImporter) -> (artifact id: 'ee372c0e6ac87c784a808f1a4cd705fb') in 0.0296506 seconds
Number of updated asset objects reloaded before import = 0Number of asset objects unloaded after import = 3

========================================================================
Received Import Request.
  Time since last request: 0.000023 seconds.
  path: Assets/CorgiEngine/Common/Sprites/GUI/startScreenShadow.png
  artifactKey: Guid(5ed729a139be60b4986040cd7542d33d) Importer(2089858483,192608db42251d675da83286b1cce702)
Start importing Assets/CorgiEngine/Common/Sprites/GUI/startScreenShadow.png using Guid(5ed729a139be60b4986040cd7542d33d) Importer(2089858483,192608db42251d675da83286b1cce702) (ScriptedImporter) -> (artifact id: '64c7712a8354fcee0859096d399c059c') in 0.0585239 seconds
Number of updated asset objects reloaded before import = 0Number of asset objects unloaded after import = 3

========================================================================
Received Import Request.
  Time since last request: 0.000022 seconds.
  path: Assets/CorgiEngine/Demos/Brobro/Sprites/mountains.png
  artifactKey: Guid(794e5727a33e35e499ccc3627a689548) Importer(2089858483,192608db42251d675da83286b1cce702)
Start importing Assets/CorgiEngine/Demos/Brobro/Sprites/mountains.png using Guid(794e5727a33e35e499ccc3627a689548) Importer(2089858483,192608db42251d675da83286b1cce702) (ScriptedImporter) -> (artifact id: 'e6797eb8c24497392f028f3858dc9b29') in 0.0728154 seconds
Number of updated asset objects reloaded before import = 0Number of asset objects unloaded after import = 3

========================================================================
Received Import Request.
  Time since last request: 0.000024 seconds.
  path: Assets/CorgiEngine/Demos/Corgi2D/Materials/mistParticle.mat
  artifactKey: Guid(b3968055fe10d1b488c6ee505c2269d6) Importer(2089858483,192608db42251d675da83286b1cce702)
Start importing Assets/CorgiEngine/Demos/Corgi2D/Materials/mistParticle.mat using Guid(b3968055fe10d1b488c6ee505c2269d6) Importer(2089858483,192608db42251d675da83286b1cce702) (ScriptedImporter) -> (artifact id: '61f2bcf0f3313046e3ab1064bbafcf14') in 0.0305183 seconds
Number of updated asset objects reloaded before import = 0Number of asset objects unloaded after import = 2

========================================================================
Received Import Request.
  Time since last request: 0.000034 seconds.
  path: Assets/CorgiEngine/Common/Scripts/InventoryEngineItems/InventoryEngineHealth.cs
  artifactKey: Guid(61155479527af504ba0494d5c38a7cbb) Importer(2089858483,192608db42251d675da83286b1cce702)
Start importing Assets/CorgiEngine/Common/Scripts/InventoryEngineItems/InventoryEngineHealth.cs using Guid(61155479527af504ba0494d5c38a7cbb) Importer(2089858483,192608db42251d675da83286b1cce702) (ScriptedImporter) -> (artifact id: 'e4e6e24fd340b6a8a48a4a0a254ea710') in 0.0298327 seconds
Number of updated asset objects reloaded before import = 0Number of asset objects unloaded after import = 0

========================================================================
Received Import Request.
  Time since last request: 0.000088 seconds.
  path: Assets/CorgiEngine/Common/Sprites/GUI/arrow.png
  artifactKey: Guid(59713722f7c1b2b49b3c4ccf35317daa) Importer(2089858483,192608db42251d675da83286b1cce702)
Start importing Assets/CorgiEngine/Common/Sprites/GUI/arrow.png using Guid(59713722f7c1b2b49b3c4ccf35317daa) Importer(2089858483,192608db42251d675da83286b1cce702) (ScriptedImporter) -> (artifact id: '8ccc95952e4e9ade96e854419c2876c5') in 0.0608098 seconds
Number of updated asset objects reloaded before import = 0Number of asset objects unloaded after import = 3

========================================================================
Received Import Request.
  Time since last request: 1.736540 seconds.
  path: Assets/CorgiEngine/Demos/Corgi3D/Sounds/Corgi3DAttack1.wav
  artifactKey: Guid(4ef696383ce46ad42872ff388770da20) Importer(2089858483,192608db42251d675da83286b1cce702)
Start importing Assets/CorgiEngine/Demos/Corgi3D/Sounds/Corgi3DAttack1.wav using Guid(4ef696383ce46ad42872ff388770da20) Importer(2089858483,192608db42251d675da83286b1cce702) (ScriptedImporter) -> (artifact id: '853d432efc249fa0db787539506c9954') in 0.0509444 seconds
Number of updated asset objects reloaded before import = 0Number of asset objects unloaded after import = 1

========================================================================
Received Import Request.
  Time since last request: 0.000021 seconds.
  path: Assets/CorgiEngine/Demos/LevelSelection/Prefabs/LevelSelectionPixelCorgi.prefab
  artifactKey: Guid(cfbe0dff5538c1a488c3dff198a48069) Importer(2089858483,192608db42251d675da83286b1cce702)
Start importing Assets/CorgiEngine/Demos/LevelSelection/Prefabs/LevelSelectionPixelCorgi.prefab using Guid(cfbe0dff5538c1a488c3dff198a48069) Importer(2089858483,192608db42251d675da83286b1cce702) (ScriptedImporter) -> (artifact id: '7ae613e4ff6a0542233f7ef2ab4773a1') in 0.0634821 seconds
Number of updated asset objects reloaded before import = 0Number of asset objects unloaded after import = 19

========================================================================
Received Import Request.
  Time since last request: 0.000031 seconds.
  path: Assets/CorgiEngine/Demos/Minimal/Animations/RectangleCrouchIdle.anim
  artifactKey: Guid(2a5c6077df90ef447b03b7f5ddd38ca9) Importer(2089858483,192608db42251d675da83286b1cce702)
Start importing Assets/CorgiEngine/Demos/Minimal/Animations/RectangleCrouchIdle.anim using Guid(2a5c6077df90ef447b03b7f5ddd38ca9) Importer(2089858483,192608db42251d675da83286b1cce702) (ScriptedImporter) -> (artifact id: '0fed019b9e92eb0ca2228bbd53134c90') in 0.028707 seconds
Number of updated asset objects reloaded before import = 0Number of asset objects unloaded after import = 1

========================================================================
Received Import Request.
  Time since last request: 0.000075 seconds.
  path: Assets/CorgiEngine/Demos/Retro/Animations/RetroBlobIdle.anim
  artifactKey: Guid(49d170ca0ea9a4bcc9d9aed7f8a2dfb2) Importer(2089858483,192608db42251d675da83286b1cce702)
Start importing Assets/CorgiEngine/Demos/Retro/Animations/RetroBlobIdle.anim using Guid(49d170ca0ea9a4bcc9d9aed7f8a2dfb2) Importer(2089858483,192608db42251d675da83286b1cce702) (ScriptedImporter) -> (artifact id: '1a741625af2911a77c2d32482c65c93b') in 0.0244864 seconds
Number of updated asset objects reloaded before import = 0Number of asset objects unloaded after import = 1

========================================================================
Received Import Request.
  Time since last request: 0.000085 seconds.
  path: Assets/CorgiEngine/Demos/Minimal/JumpBlendTree/RectangleJump12.anim
  artifactKey: Guid(f3ecfbb5de5813d4699b224972157376) Importer(2089858483,192608db42251d675da83286b1cce702)
Start importing Assets/CorgiEngine/Demos/Minimal/JumpBlendTree/RectangleJump12.anim using Guid(f3ecfbb5de5813d4699b224972157376) Importer(2089858483,192608db42251d675da83286b1cce702) (ScriptedImporter) -> (artifact id: 'bf9353043dec1c7c7c14063698da48c8') in 0.028606 seconds
Number of updated asset objects reloaded before import = 0Number of asset objects unloaded after import = 1

========================================================================
Received Import Request.
  Time since last request: 0.000026 seconds.
  path: Assets/CorgiEngine/Demos/Retro/Animations/RetroCorgiJetpack.anim
  artifactKey: Guid(75b7038c87cbd484a94326ddaf888cbb) Importer(2089858483,192608db42251d675da83286b1cce702)
Start importing Assets/CorgiEngine/Demos/Retro/Animations/RetroCorgiJetpack.anim using Guid(75b7038c87cbd484a94326ddaf888cbb) Importer(2089858483,192608db42251d675da83286b1cce702) (ScriptedImporter) -> (artifact id: '14477c475deccbd220a82cb69f49e7ba') in 0.0256532 seconds
Number of updated asset objects reloaded before import = 0Number of asset objects unloaded after import = 1

========================================================================
Received Import Request.
  Time since last request: 0.000062 seconds.
  path: Assets/CorgiEngine/Demos/Retro/Animations/RetroCorgiCrawl.anim
  artifactKey: Guid(7d5d62bea06f74efd87454820b6db401) Importer(2089858483,192608db42251d675da83286b1cce702)
Start importing Assets/CorgiEngine/Demos/Retro/Animations/RetroCorgiCrawl.anim using Guid(7d5d62bea06f74efd87454820b6db401) Importer(2089858483,192608db42251d675da83286b1cce702) (ScriptedImporter) -> (artifact id: '6832c457922fe5788f9213700cf94f92') in 0.0276294 seconds
Number of updated asset objects reloaded before import = 0Number of asset objects unloaded after import = 1

========================================================================
Received Import Request.
  Time since last request: 0.000054 seconds.
  path: Assets/CorgiEngine/Demos/Retro/Animations/RetroBossLeftGun.controller
  artifactKey: Guid(49ce3a50bc1d75745889618beb365ca4) Importer(2089858483,192608db42251d675da83286b1cce702)
Start importing Assets/CorgiEngine/Demos/Retro/Animations/RetroBossLeftGun.controller using Guid(49ce3a50bc1d75745889618beb365ca4) Importer(2089858483,192608db42251d675da83286b1cce702) (ScriptedImporter) -> (artifact id: '5fbea177fb0deaf21e29e2864d1bac68') in 0.0310623 seconds
Number of updated asset objects reloaded before import = 0Number of asset objects unloaded after import = 12

========================================================================
Received Import Request.
  Time since last request: 0.000028 seconds.
  path: Assets/CorgiEngine/Demos/LevelSelection/Sprites/level-map-flight.png
  artifactKey: Guid(211ce07722d5ea544b4e69d8358f27e7) Importer(2089858483,192608db42251d675da83286b1cce702)
Start importing Assets/CorgiEngine/Demos/LevelSelection/Sprites/level-map-flight.png using Guid(211ce07722d5ea544b4e69d8358f27e7) Importer(2089858483,192608db42251d675da83286b1cce702) (ScriptedImporter) -> (artifact id: '5bf999448d08829e75e57c1f5c7c5c7d') in 0.0669037 seconds
Number of updated asset objects reloaded before import = 0Number of asset objects unloaded after import = 3

========================================================================
Received Import Request.
  Time since last request: 0.000034 seconds.
  path: Assets/CorgiEngine/Demos/Pixel/Materials/PixelConeOfVisionMaterial.mat
  artifactKey: Guid(5139787fefdc61049bee929500961364) Importer(2089858483,192608db42251d675da83286b1cce702)
Start importing Assets/CorgiEngine/Demos/Pixel/Materials/PixelConeOfVisionMaterial.mat using Guid(5139787fefdc61049bee929500961364) Importer(2089858483,192608db42251d675da83286b1cce702) (ScriptedImporter) -> (artifact id: '9d3eb82e00f3516c28ee08529966ebb0') in 0.026624 seconds
Number of updated asset objects reloaded before import = 0Number of asset objects unloaded after import = 1

========================================================================
Received Import Request.
  Time since last request: 0.000023 seconds.
  path: Assets/CorgiEngine/Demos/Minimal/JumpBlendTree/RectangleJump2.anim
  artifactKey: Guid(c3c125fe1a5d3ed4fb6f0cd0eda52dc0) Importer(2089858483,192608db42251d675da83286b1cce702)
Start importing Assets/CorgiEngine/Demos/Minimal/JumpBlendTree/RectangleJump2.anim using Guid(c3c125fe1a5d3ed4fb6f0cd0eda52dc0) Importer(2089858483,192608db42251d675da83286b1cce702) (ScriptedImporter) -> (artifact id: '5bc77e9317a543923ff06314f0453f8e') in 0.0268264 seconds
Number of updated asset objects reloaded before import = 0Number of asset objects unloaded after import = 1

========================================================================
Received Import Request.
  Time since last request: 0.000037 seconds.
  path: Assets/CorgiEngine/Demos/Corgi3D/Sounds/Corgi3DJump2.wav
  artifactKey: Guid(8aba7a886f1a1a24eb29177381c58996) Importer(2089858483,192608db42251d675da83286b1cce702)
Start importing Assets/CorgiEngine/Demos/Corgi3D/Sounds/Corgi3DJump2.wav using Guid(8aba7a886f1a1a24eb29177381c58996) Importer(2089858483,192608db42251d675da83286b1cce702) (ScriptedImporter) -> (artifact id: '2ba7fccf77945120ceccebf903159f68') in 0.060247 seconds
Number of updated asset objects reloaded before import = 0Number of asset objects unloaded after import = 1

========================================================================
Received Import Request.
  Time since last request: 0.000026 seconds.
  path: Assets/CorgiEngine/Demos/LevelSelection/Sprites/level-map-the-hunt.png
  artifactKey: Guid(5fb2e022af609744e8131936b2be38a3) Importer(2089858483,192608db42251d675da83286b1cce702)
Start importing Assets/CorgiEngine/Demos/LevelSelection/Sprites/level-map-the-hunt.png using Guid(5fb2e022af609744e8131936b2be38a3) Importer(2089858483,192608db42251d675da83286b1cce702) (ScriptedImporter) -> (artifact id: '1966d6e4238f049526e64edc93d096d9') in 0.0635001 seconds
Number of updated asset objects reloaded before import = 0Number of asset objects unloaded after import = 3

========================================================================
Received Import Request.
  Time since last request: 0.000039 seconds.
  path: Assets/CorgiEngine/Demos/LevelSelection/Sprites/level-map-mesa2.png
  artifactKey: Guid(0f2f02eabe02b7c4f80d8d4866b312ca) Importer(2089858483,192608db42251d675da83286b1cce702)
Start importing Assets/CorgiEngine/Demos/LevelSelection/Sprites/level-map-mesa2.png using Guid(0f2f02eabe02b7c4f80d8d4866b312ca) Importer(2089858483,192608db42251d675da83286b1cce702) (ScriptedImporter) -> (artifact id: '7d7f6398158fc44df23d7d4dbde62912') in 0.0742102 seconds
Number of updated asset objects reloaded before import = 0Number of asset objects unloaded after import = 3

========================================================================
Received Import Request.
  Time since last request: 0.000024 seconds.
  path: Assets/CorgiEngine/Demos/Minimal/JumpBlendTree/RectangleJump1.anim
  artifactKey: Guid(97bbbabc22fc8ed4eae73486661f0a51) Importer(2089858483,192608db42251d675da83286b1cce702)
Start importing Assets/CorgiEngine/Demos/Minimal/JumpBlendTree/RectangleJump1.anim using Guid(97bbbabc22fc8ed4eae73486661f0a51) Importer(2089858483,192608db42251d675da83286b1cce702) (ScriptedImporter) -> (artifact id: 'ab7daea16bea6f994ff1788443941cea') in 0.0275696 seconds
Number of updated asset objects reloaded before import = 0Number of asset objects unloaded after import = 1

========================================================================
Received Import Request.
  Time since last request: 0.000021 seconds.
  path: Assets/CorgiEngine/Demos/Minimal/Animations/RectangleMeleeAttack.anim
  artifactKey: Guid(91dd868540df34bd18f329a8f8a4072b) Importer(2089858483,192608db42251d675da83286b1cce702)
Start importing Assets/CorgiEngine/Demos/Minimal/Animations/RectangleMeleeAttack.anim using Guid(91dd868540df34bd18f329a8f8a4072b) Importer(2089858483,192608db42251d675da83286b1cce702) (ScriptedImporter) -> (artifact id: '21dd4ee0c37a8d73f564b5556b45f37a') in 0.0269994 seconds
Number of updated asset objects reloaded before import = 0Number of asset objects unloaded after import = 1

========================================================================
Received Import Request.
  Time since last request: 0.000040 seconds.
  path: Assets/CorgiEngine/Demos/LevelSelection/Sprites/level-map-retroAdventure.png
  artifactKey: Guid(8e97a14be776e634f983eff102469f58) Importer(2089858483,192608db42251d675da83286b1cce702)
Start importing Assets/CorgiEngine/Demos/LevelSelection/Sprites/level-map-retroAdventure.png using Guid(8e97a14be776e634f983eff102469f58) Importer(2089858483,192608db42251d675da83286b1cce702) (ScriptedImporter) -> (artifact id: 'f3228593ff579c9b20cbde7f5b1c5d91') in 0.0639777 seconds
Number of updated asset objects reloaded before import = 0Number of asset objects unloaded after import = 3

========================================================================
Received Import Request.
  Time since last request: 0.000019 seconds.
  path: Assets/CorgiEngine/Demos/Minimal/JumpBlendTree/RectangleJump14.anim
  artifactKey: Guid(a99f35724a7700d44bb1b2fb368a024c) Importer(2089858483,192608db42251d675da83286b1cce702)
Start importing Assets/CorgiEngine/Demos/Minimal/JumpBlendTree/RectangleJump14.anim using Guid(a99f35724a7700d44bb1b2fb368a024c) Importer(2089858483,192608db42251d675da83286b1cce702) (ScriptedImporter) -> (artifact id: 'effd0cd241d290a3d7dab3da8e02267c') in 0.0262713 seconds
Number of updated asset objects reloaded before import = 0Number of asset objects unloaded after import = 1

========================================================================
Received Import Request.
  Time since last request: 0.000026 seconds.
  path: Assets/CorgiEngine/Demos/LevelSelection/Sprites/level-map-minimalModelSwitch.png
  artifactKey: Guid(a7bee0828497ed342877f8854b29c870) Importer(2089858483,192608db42251d675da83286b1cce702)
Start importing Assets/CorgiEngine/Demos/LevelSelection/Sprites/level-map-minimalModelSwitch.png using Guid(a7bee0828497ed342877f8854b29c870) Importer(2089858483,192608db42251d675da83286b1cce702) (ScriptedImporter) -> (artifact id: 'bef73501436274add701f9d437c5b547') in 0.0602367 seconds
Number of updated asset objects reloaded before import = 0Number of asset objects unloaded after import = 3

========================================================================
Received Import Request.
  Time since last request: 0.000028 seconds.
  path: Assets/CorgiEngine/Demos/LevelSelection/Sprites/level-map-mesa1.png
  artifactKey: Guid(aa8a565c0969f1a4c9577fab28c405f2) Importer(2089858483,192608db42251d675da83286b1cce702)
Start importing Assets/CorgiEngine/Demos/LevelSelection/Sprites/level-map-mesa1.png using Guid(aa8a565c0969f1a4c9577fab28c405f2) Importer(2089858483,192608db42251d675da83286b1cce702) (ScriptedImporter) -> (artifact id: 'e787346b087c83f7d61149b58bf30cc4') in 0.0717691 seconds
Number of updated asset objects reloaded before import = 0Number of asset objects unloaded after import = 3

========================================================================
Received Import Request.
  Time since last request: 0.000022 seconds.
  path: Assets/CorgiEngine/Demos/LevelSelection/Sprites/level-map-automovement.png
  artifactKey: Guid(a3181e25566ba064e9afa88e32eea89c) Importer(2089858483,192608db42251d675da83286b1cce702)
Start importing Assets/CorgiEngine/Demos/LevelSelection/Sprites/level-map-automovement.png using Guid(a3181e25566ba064e9afa88e32eea89c) Importer(2089858483,192608db42251d675da83286b1cce702) (ScriptedImporter) -> (artifact id: 'f7309b7a3215cd5ed8c52e76d4b6cebf') in 0.0585918 seconds
Number of updated asset objects reloaded before import = 0Number of asset objects unloaded after import = 3

========================================================================
Received Import Request.
  Time since last request: 0.000034 seconds.
  path: Assets/CorgiEngine/Demos/LevelSelection/Scripts/LevelMapPathElement.cs
  artifactKey: Guid(3d2b87bb09a7ed749bd9ca36b2d2b66e) Importer(2089858483,192608db42251d675da83286b1cce702)
Start importing Assets/CorgiEngine/Demos/LevelSelection/Scripts/LevelMapPathElement.cs using Guid(3d2b87bb09a7ed749bd9ca36b2d2b66e) Importer(2089858483,192608db42251d675da83286b1cce702) (ScriptedImporter) -> (artifact id: '760473af0ba961a2149841ce6f2b06da') in 0.0240968 seconds
Number of updated asset objects reloaded before import = 0Number of asset objects unloaded after import = 0

========================================================================
Received Import Request.
  Time since last request: 0.000066 seconds.
  path: Assets/CorgiEngine/Demos/Retro/Animations/RetroBlobDead.anim
  artifactKey: Guid(e124fdcecaa3ff646b1cef8b1ff771eb) Importer(2089858483,192608db42251d675da83286b1cce702)
Start importing Assets/CorgiEngine/Demos/Retro/Animations/RetroBlobDead.anim using Guid(e124fdcecaa3ff646b1cef8b1ff771eb) Importer(2089858483,192608db42251d675da83286b1cce702) (ScriptedImporter) -> (artifact id: 'a9a37576456ffacd3e98258a31b20ede') in 0.0253557 seconds
Number of updated asset objects reloaded before import = 0Number of asset objects unloaded after import = 1

========================================================================
Received Import Request.
  Time since last request: 0.000045 seconds.
  path: Assets/CorgiEngine/Demos/Retro/Animations/RetroBossLeftGunCharging.anim
  artifactKey: Guid(e8c4f550a2b1fa141978e757d8eff273) Importer(2089858483,192608db42251d675da83286b1cce702)
Start importing Assets/CorgiEngine/Demos/Retro/Animations/RetroBossLeftGunCharging.anim using Guid(e8c4f550a2b1fa141978e757d8eff273) Importer(2089858483,192608db42251d675da83286b1cce702) (ScriptedImporter) -> (artifact id: '7fdebf92b44eb1f2b89a7723abd4ae51') in 0.0274399 seconds
Number of updated asset objects reloaded before import = 0Number of asset objects unloaded after import = 1

========================================================================
Received Import Request.
  Time since last request: 0.000028 seconds.
  path: Assets/CorgiEngine/Demos/LevelSelection/Sprites/level-map-minimal-inventory.png
  artifactKey: Guid(f4a2287d0db60fc47aeff795a7f68579) Importer(2089858483,192608db42251d675da83286b1cce702)
Start importing Assets/CorgiEngine/Demos/LevelSelection/Sprites/level-map-minimal-inventory.png using Guid(f4a2287d0db60fc47aeff795a7f68579) Importer(2089858483,192608db42251d675da83286b1cce702) (ScriptedImporter) -> (artifact id: '551b27f7a98044b7a6d305b7a44f21ad') in 0.0541349 seconds
Number of updated asset objects reloaded before import = 0Number of asset objects unloaded after import = 3

========================================================================
Received Import Request.
  Time since last request: 0.000031 seconds.
  path: Assets/CorgiEngine/Demos/Minimal/Scripts/UncheckReverseGravityInput.cs
  artifactKey: Guid(72da6ed89d37e8d418588ca7211028db) Importer(2089858483,192608db42251d675da83286b1cce702)
Start importing Assets/CorgiEngine/Demos/Minimal/Scripts/UncheckReverseGravityInput.cs using Guid(72da6ed89d37e8d418588ca7211028db) Importer(2089858483,192608db42251d675da83286b1cce702) (ScriptedImporter) -> (artifact id: 'ad31a32a4863f87bf4d0de43c13e7305') in 0.0247282 seconds
Number of updated asset objects reloaded before import = 0Number of asset objects unloaded after import = 0

========================================================================
Received Import Request.
  Time since last request: 0.000082 seconds.
  path: Assets/CorgiEngine/Demos/Minimal/Data/Fire.asset
  artifactKey: Guid(8b59dee4f9f0d7349a50c4d250971854) Importer(2089858483,192608db42251d675da83286b1cce702)
Start importing Assets/CorgiEngine/Demos/Minimal/Data/Fire.asset using Guid(8b59dee4f9f0d7349a50c4d250971854) Importer(2089858483,192608db42251d675da83286b1cce702) (ScriptedImporter) -> (artifact id: '94e0b94a0e21ce79325914f9335dcb55') in 0.0224818 seconds
Number of updated asset objects reloaded before import = 0Number of asset objects unloaded after import = 1

========================================================================
Received Import Request.
  Time since last request: 0.000024 seconds.
  path: Assets/CorgiEngine/Demos/LevelSelection/Sprites/level-map-damage-types.png
  artifactKey: Guid(087cf01c4d881be4088d8dbdf6608632) Importer(2089858483,192608db42251d675da83286b1cce702)
Start importing Assets/CorgiEngine/Demos/LevelSelection/Sprites/level-map-damage-types.png using Guid(087cf01c4d881be4088d8dbdf6608632) Importer(2089858483,192608db42251d675da83286b1cce702) (ScriptedImporter) -> (artifact id: '273399678a4a5d499ee0758088fc1660') in 0.0581872 seconds
Number of updated asset objects reloaded before import = 0Number of asset objects unloaded after import = 3

========================================================================
Received Import Request.
  Time since last request: 0.000020 seconds.
  path: Assets/CorgiEngine/Demos/LevelSelection/Sprites/level-map-retro3.png
  artifactKey: Guid(734b01721319bd448a5cb71cf39df36b) Importer(2089858483,192608db42251d675da83286b1cce702)
Start importing Assets/CorgiEngine/Demos/LevelSelection/Sprites/level-map-retro3.png using Guid(734b01721319bd448a5cb71cf39df36b) Importer(2089858483,192608db42251d675da83286b1cce702) (ScriptedImporter) -> (artifact id: '10325b1f5aae9b9ba5724dfbd971913f') in 0.0643279 seconds
Number of updated asset objects reloaded before import = 0Number of asset objects unloaded after import = 3

========================================================================
Received Import Request.
  Time since last request: 0.000020 seconds.
  path: Assets/CorgiEngine/Demos/Corgi3D/Sounds/Corgi3DJump1.wav
  artifactKey: Guid(aec82e94fc5c7c94d859bae3a16e8e4f) Importer(2089858483,192608db42251d675da83286b1cce702)
Start importing Assets/CorgiEngine/Demos/Corgi3D/Sounds/Corgi3DJump1.wav using Guid(aec82e94fc5c7c94d859bae3a16e8e4f) Importer(2089858483,192608db42251d675da83286b1cce702) (ScriptedImporter) -> (artifact id: '5df50ea4d1aa7258d38b85689e79ea5f') in 0.052937 seconds
Number of updated asset objects reloaded before import = 0Number of asset objects unloaded after import = 1

========================================================================
Received Import Request.
  Time since last request: 0.000032 seconds.
  path: Assets/CorgiEngine/Demos/LevelSelection/Sprites/level-map-minimal-platforms.png
  artifactKey: Guid(1a9db101ad115b04ab3f9519fb5e50e9) Importer(2089858483,192608db42251d675da83286b1cce702)
Start importing Assets/CorgiEngine/Demos/LevelSelection/Sprites/level-map-minimal-platforms.png using Guid(1a9db101ad115b04ab3f9519fb5e50e9) Importer(2089858483,192608db42251d675da83286b1cce702) (ScriptedImporter) -> (artifact id: '4745674c4cce42df61b0f864c85ac1e3') in 0.0599408 seconds
Number of updated asset objects reloaded before import = 0Number of asset objects unloaded after import = 3

========================================================================
Received Import Request.
  Time since last request: 0.000033 seconds.
  path: Assets/CorgiEngine/Demos/LevelSelection/Sprites/level-map-minimal-4players.png
  artifactKey: Guid(97a175a81807a764d89b4926ecc91faf) Importer(2089858483,192608db42251d675da83286b1cce702)
Start importing Assets/CorgiEngine/Demos/LevelSelection/Sprites/level-map-minimal-4players.png using Guid(97a175a81807a764d89b4926ecc91faf) Importer(2089858483,192608db42251d675da83286b1cce702) (ScriptedImporter) -> (artifact id: '15bb2a9cff623b2ad6fb65b0a714a660') in 0.0706262 seconds
Number of updated asset objects reloaded before import = 0Number of asset objects unloaded after import = 3

========================================================================
Received Import Request.
  Time since last request: 0.000046 seconds.
  path: Assets/CorgiEngine/Demos/LevelSelection/Sprites/level-map.png
  artifactKey: Guid(f68813e6e1dd96940b90753a78ea2dd3) Importer(2089858483,192608db42251d675da83286b1cce702)
Start importing Assets/CorgiEngine/Demos/LevelSelection/Sprites/level-map.png using Guid(f68813e6e1dd96940b90753a78ea2dd3) Importer(2089858483,192608db42251d675da83286b1cce702) (ScriptedImporter) -> (artifact id: '133ab7966cd2410d4484391bc7a2741d') in 0.0746385 seconds
Number of updated asset objects reloaded before import = 0Number of asset objects unloaded after import = 3

========================================================================
Received Import Request.
  Time since last request: 0.000024 seconds.
  path: Assets/CorgiEngine/Demos/Minimal/JumpBlendTree/RectangleJump15.anim
  artifactKey: Guid(3cbf036fc75321846a5b1604c56941e6) Importer(2089858483,192608db42251d675da83286b1cce702)
Start importing Assets/CorgiEngine/Demos/Minimal/JumpBlendTree/RectangleJump15.anim using Guid(3cbf036fc75321846a5b1604c56941e6) Importer(2089858483,192608db42251d675da83286b1cce702) (ScriptedImporter) -> (artifact id: 'd7d7ae6ba3e8320c4c6125e0ec3828b2') in 0.0284224 seconds
Number of updated asset objects reloaded before import = 0Number of asset objects unloaded after import = 1

========================================================================
Received Import Request.
  Time since last request: 0.000044 seconds.
  path: Assets/CorgiEngine/Demos/Retro/Animations/RetroAppearingBlockAnimator.controller
  artifactKey: Guid(6eec7a5093ae5e541a2266064a0f19d7) Importer(2089858483,192608db42251d675da83286b1cce702)
Start importing Assets/CorgiEngine/Demos/Retro/Animations/RetroAppearingBlockAnimator.controller using Guid(6eec7a5093ae5e541a2266064a0f19d7) Importer(2089858483,192608db42251d675da83286b1cce702) (ScriptedImporter) -> (artifact id: '00ca0364d6f791a606f61017101f08a6') in 0.0281852 seconds
Number of updated asset objects reloaded before import = 0Number of asset objects unloaded after import = 17

========================================================================
Received Import Request.
  Time since last request: 1.435511 seconds.
  path: Assets/CorgiEngine/Demos/Retro/Animations/RetroCorgiLedgeClimbIdle.anim
  artifactKey: Guid(90f6ebf8ab6b5cf42aa02ef53583fb44) Importer(2089858483,192608db42251d675da83286b1cce702)
Start importing Assets/CorgiEngine/Demos/Retro/Animations/RetroCorgiLedgeClimbIdle.anim using Guid(90f6ebf8ab6b5cf42aa02ef53583fb44) Importer(2089858483,192608db42251d675da83286b1cce702) (ScriptedImporter) -> (artifact id: '41f176e8d48e4c3a51b40606df16d192') in 0.0266212 seconds
Number of updated asset objects reloaded before import = 0Number of asset objects unloaded after import = 1

========================================================================
Received Import Request.
  Time since last request: 0.000020 seconds.
  path: Assets/CorgiEngine/Demos/SuperHipsterBros/Animations/super-hipster-bros-animator.controller
  artifactKey: Guid(609a148c8b823a347b22f11359e538ae) Importer(2089858483,192608db42251d675da83286b1cce702)
Start importing Assets/CorgiEngine/Demos/SuperHipsterBros/Animations/super-hipster-bros-animator.controller using Guid(609a148c8b823a347b22f11359e538ae) Importer(2089858483,192608db42251d675da83286b1cce702) (ScriptedImporter) -> (artifact id: '96699d59326a19973988457067196404') in 0.0218407 seconds
Number of updated asset objects reloaded before import = 0Number of asset objects unloaded after import = 12

========================================================================
Received Import Request.
  Time since last request: 0.000025 seconds.
  path: Assets/CorgiEngine/Demos/Retro/Animations/RetroFireballAnimator.controller
  artifactKey: Guid(a233306dde4f3454b9cb47c48c3ee972) Importer(2089858483,192608db42251d675da83286b1cce702)
Start importing Assets/CorgiEngine/Demos/Retro/Animations/RetroFireballAnimator.controller using Guid(a233306dde4f3454b9cb47c48c3ee972) Importer(2089858483,192608db42251d675da83286b1cce702) (ScriptedImporter) -> (artifact id: '6f2d8830d84d047c2ab370737d9e490c') in 0.0205248 seconds
Number of updated asset objects reloaded before import = 0Number of asset objects unloaded after import = 4

========================================================================
Received Import Request.
  Time since last request: 0.000033 seconds.
  path: Assets/CorgiEngine/Demos/Retro/Sounds/CorgiGrunt1.wav
  artifactKey: Guid(a71cea87003a01e4186ee54adbc2d744) Importer(2089858483,192608db42251d675da83286b1cce702)
Start importing Assets/CorgiEngine/Demos/Retro/Sounds/CorgiGrunt1.wav using Guid(a71cea87003a01e4186ee54adbc2d744) Importer(2089858483,192608db42251d675da83286b1cce702) (ScriptedImporter) -> (artifact id: '43227ce59bcabec7540a6974e24dcf27') in 0.0822008 seconds
Number of updated asset objects reloaded before import = 0Number of asset objects unloaded after import = 1

========================================================================
Received Import Request.
  Time since last request: 0.000020 seconds.
  path: Assets/CorgiEngine/Demos/Retro/Sounds/LoftWalk.wav
  artifactKey: Guid(a7bdbe1441a011c40ac46593af669a5f) Importer(2089858483,192608db42251d675da83286b1cce702)
Start importing Assets/CorgiEngine/Demos/Retro/Sounds/LoftWalk.wav using Guid(a7bdbe1441a011c40ac46593af669a5f) Importer(2089858483,192608db42251d675da83286b1cce702) (ScriptedImporter) -> (artifact id: '718426d0dcab98984ecbc377917f2b1a') in 0.0894951 seconds
Number of updated asset objects reloaded before import = 0Number of asset objects unloaded after import = 1

========================================================================
Received Import Request.
  Time since last request: 0.000029 seconds.
  path: Assets/CorgiEngine/Demos/SuperHipsterBros/Sprites/ground-deco.png
  artifactKey: Guid(3f8fbc24fbb320849b10e658f81084d3) Importer(2089858483,192608db42251d675da83286b1cce702)
Start importing Assets/CorgiEngine/Demos/SuperHipsterBros/Sprites/ground-deco.png using Guid(3f8fbc24fbb320849b10e658f81084d3) Importer(2089858483,192608db42251d675da83286b1cce702) (ScriptedImporter) -> (artifact id: 'f69a7c3fe588f3ff8fe6dbdbdd1f1000') in 0.0448237 seconds
Number of updated asset objects reloaded before import = 0Number of asset objects unloaded after import = 3

========================================================================
Received Import Request.
  Time since last request: 0.000031 seconds.
  path: Assets/CorgiEngine/Demos/Retro/Sounds/KoalaLaser.wav
  artifactKey: Guid(4a3d396aebfea24409285b909d564a58) Importer(2089858483,192608db42251d675da83286b1cce702)
Start importing Assets/CorgiEngine/Demos/Retro/Sounds/KoalaLaser.wav using Guid(4a3d396aebfea24409285b909d564a58) Importer(2089858483,192608db42251d675da83286b1cce702) (ScriptedImporter) -> (artifact id: '13cd7705df66db06096377586c0660f2') in 0.0802319 seconds
Number of updated asset objects reloaded before import = 0Number of asset objects unloaded after import = 1

========================================================================
Received Import Request.
  Time since last request: 0.000022 seconds.
  path: Assets/CorgiEngine/Demos/SuperHipsterBros/Sprites/hipster-title.png
  artifactKey: Guid(5ecce409a18df214192e799e46c17f2c) Importer(2089858483,192608db42251d675da83286b1cce702)
Start importing Assets/CorgiEngine/Demos/SuperHipsterBros/Sprites/hipster-title.png using Guid(5ecce409a18df214192e799e46c17f2c) Importer(2089858483,192608db42251d675da83286b1cce702) (ScriptedImporter) -> (artifact id: '6e62d175e8c24cf80dcd7cf47bd72b45') in 0.0681561 seconds
Number of updated asset objects reloaded before import = 0Number of asset objects unloaded after import = 3

========================================================================
Received Import Request.
  Time since last request: 0.000040 seconds.
  path: Assets/CorgiEngine/Demos/Retro/Animations/SwordsmanAttack.anim
  artifactKey: Guid(c6688de5b328dd34b836a97b5f71daa1) Importer(2089858483,192608db42251d675da83286b1cce702)
Start importing Assets/CorgiEngine/Demos/Retro/Animations/SwordsmanAttack.anim using Guid(c6688de5b328dd34b836a97b5f71daa1) Importer(2089858483,192608db42251d675da83286b1cce702) (ScriptedImporter) -> (artifact id: 'e7a5064bc4fe7b88897fb2d15cf9a3bf') in 0.0292941 seconds
Number of updated asset objects reloaded before import = 0Number of asset objects unloaded after import = 1

========================================================================
Received Import Request.
  Time since last request: 0.000022 seconds.
  path: Assets/CorgiEngine/Demos/SuperHipsterBros/Sprites/background-items.png
  artifactKey: Guid(18c7e192512d84241935304896ea629a) Importer(2089858483,192608db42251d675da83286b1cce702)
Start importing Assets/CorgiEngine/Demos/SuperHipsterBros/Sprites/background-items.png using Guid(18c7e192512d84241935304896ea629a) Importer(2089858483,192608db42251d675da83286b1cce702) (ScriptedImporter) -> (artifact id: '6a34d9be1c1c7e42469fddadfe3ab18c') in 0.0820394 seconds
Number of updated asset objects reloaded before import = 0Number of asset objects unloaded after import = 12

========================================================================
Received Import Request.
  Time since last request: 0.000045 seconds.
  path: Assets/CorgiEngine/Demos/Retro/Animations/SwordsmanCharging.anim
  artifactKey: Guid(e66e860f02a68a3478a725689b8c86c2) Importer(2089858483,192608db42251d675da83286b1cce702)
Start importing Assets/CorgiEngine/Demos/Retro/Animations/SwordsmanCharging.anim using Guid(e66e860f02a68a3478a725689b8c86c2) Importer(2089858483,192608db42251d675da83286b1cce702) (ScriptedImporter) -> (artifact id: 'fd036ec3056690d1e2ba226aa3884aea') in 0.0275905 seconds
Number of updated asset objects reloaded before import = 0Number of asset objects unloaded after import = 1

========================================================================
Received Import Request.
  Time since last request: 0.000041 seconds.
  path: Assets/CorgiEngine/Demos/Retro/Animations/RetroCorgiSword3.anim
  artifactKey: Guid(e2b66ba85994c544bb75ea6ab2e92666) Importer(2089858483,192608db42251d675da83286b1cce702)
Start importing Assets/CorgiEngine/Demos/Retro/Animations/RetroCorgiSword3.anim using Guid(e2b66ba85994c544bb75ea6ab2e92666) Importer(2089858483,192608db42251d675da83286b1cce702) (ScriptedImporter) -> (artifact id: 'f95689fc5017fd16a6412faf58bc4857') in 0.0361912 seconds
Number of updated asset objects reloaded before import = 0Number of asset objects unloaded after import = 1

========================================================================
Received Import Request.
  Time since last request: 0.000021 seconds.
  path: Assets/CorgiEngine/Demos/Retro/Sounds/LoftMechanism.wav
  artifactKey: Guid(50c1bc6053d1ffe4799fdcfba1e8a8d3) Importer(2089858483,192608db42251d675da83286b1cce702)
Start importing Assets/CorgiEngine/Demos/Retro/Sounds/LoftMechanism.wav using Guid(50c1bc6053d1ffe4799fdcfba1e8a8d3) Importer(2089858483,192608db42251d675da83286b1cce702) (ScriptedImporter) -> (artifact id: 'f5534843425e14e75f7c741a5484a13b') in 0.0864775 seconds
Number of updated asset objects reloaded before import = 0Number of asset objects unloaded after import = 1

========================================================================
Received Import Request.
  Time since last request: 0.000023 seconds.
  path: Assets/CorgiEngine/Demos/Retro/Animations/RetroGhostIdle.anim
  artifactKey: Guid(2c0ecc26be1aa1b4ca90c547a10f72b3) Importer(2089858483,192608db42251d675da83286b1cce702)
Start importing Assets/CorgiEngine/Demos/Retro/Animations/RetroGhostIdle.anim using Guid(2c0ecc26be1aa1b4ca90c547a10f72b3) Importer(2089858483,192608db42251d675da83286b1cce702) (ScriptedImporter) -> (artifact id: '75e80ab2c87c1080b08c19ac0984c4fb') in 0.0233964 seconds
Number of updated asset objects reloaded before import = 0Number of asset objects unloaded after import = 1

========================================================================
Received Import Request.
  Time since last request: 0.000043 seconds.
  path: Assets/CorgiEngine/Demos/Retro/Animations/RetroCorgiSword2.anim
  artifactKey: Guid(d99b60f34d1ba9a478c082d9ae830e7c) Importer(2089858483,192608db42251d675da83286b1cce702)
Start importing Assets/CorgiEngine/Demos/Retro/Animations/RetroCorgiSword2.anim using Guid(d99b60f34d1ba9a478c082d9ae830e7c) Importer(2089858483,192608db42251d675da83286b1cce702) (ScriptedImporter) -> (artifact id: '6b524bbf57836c9c530be3a0b7fdabea') in 0.0245534 seconds
Number of updated asset objects reloaded before import = 0Number of asset objects unloaded after import = 1

========================================================================
Received Import Request.
  Time since last request: 0.000045 seconds.
  path: Assets/CorgiEngine/Demos/Retro/Tilemaps/RetroLadder.asset
  artifactKey: Guid(e9508bdac6b38456faa933bcc4c5f19f) Importer(2089858483,192608db42251d675da83286b1cce702)
Start importing Assets/CorgiEngine/Demos/Retro/Tilemaps/RetroLadder.asset using Guid(e9508bdac6b38456faa933bcc4c5f19f) Importer(2089858483,192608db42251d675da83286b1cce702) (ScriptedImporter) -> (artifact id: '4419f94b095f153f7f74f4990db0c044') in 0.0409975 seconds
Number of updated asset objects reloaded before import = 0Number of asset objects unloaded after import = 4

========================================================================
Received Import Request.
  Time since last request: 0.000028 seconds.
  path: Assets/CorgiEngine/Demos/Retro/Sounds/LoftSpring.wav
  artifactKey: Guid(682a7de1e7c372a4faf3c2ba87633494) Importer(2089858483,192608db42251d675da83286b1cce702)
Start importing Assets/CorgiEngine/Demos/Retro/Sounds/LoftSpring.wav using Guid(682a7de1e7c372a4faf3c2ba87633494) Importer(2089858483,192608db42251d675da83286b1cce702) (ScriptedImporter) -> (artifact id: '2e25728261fcd95e30fb0804c819144c') in 0.0776487 seconds
Number of updated asset objects reloaded before import = 0Number of asset objects unloaded after import = 1

========================================================================
Received Import Request.
  Time since last request: 0.000030 seconds.
  path: Assets/CorgiEngine/Demos/Retro/Sounds/LoftTinySelect.wav
  artifactKey: Guid(629a29f397c6f0448bd660185a914330) Importer(2089858483,192608db42251d675da83286b1cce702)
Start importing Assets/CorgiEngine/Demos/Retro/Sounds/LoftTinySelect.wav using Guid(629a29f397c6f0448bd660185a914330) Importer(2089858483,192608db42251d675da83286b1cce702) (ScriptedImporter) -> (artifact id: 'b38aa88f9d53225cac628945d41fb16f') in 0.0789135 seconds
Number of updated asset objects reloaded before import = 0Number of asset objects unloaded after import = 1

========================================================================
Received Import Request.
  Time since last request: 0.000049 seconds.
  path: Assets/CorgiEngine/Demos/Retro/Sounds/Jetpack.wav
  artifactKey: Guid(a721a6a69e49c474bb27e48513720763) Importer(2089858483,192608db42251d675da83286b1cce702)
Start importing Assets/CorgiEngine/Demos/Retro/Sounds/Jetpack.wav using Guid(a721a6a69e49c474bb27e48513720763) Importer(2089858483,192608db42251d675da83286b1cce702) (ScriptedImporter) -> (artifact id: '5cd1d13084e26361d415c5982b060861') in 0.0872481 seconds
Number of updated asset objects reloaded before import = 0Number of asset objects unloaded after import = 1

========================================================================
Received Import Request.
  Time since last request: 0.000066 seconds.
  path: Assets/CorgiEngine/Demos/Retro/Sounds/LoftGun3.wav
  artifactKey: Guid(eec97ca6d4f5fa948bc421374cbc0fe3) Importer(2089858483,192608db42251d675da83286b1cce702)
Start importing Assets/CorgiEngine/Demos/Retro/Sounds/LoftGun3.wav using Guid(eec97ca6d4f5fa948bc421374cbc0fe3) Importer(2089858483,192608db42251d675da83286b1cce702) (ScriptedImporter) -> (artifact id: 'b41b53c711e2b5c90f1186bbac79654b') in 0.0842563 seconds
Number of updated asset objects reloaded before import = 0Number of asset objects unloaded after import = 1

========================================================================
Received Import Request.
  Time since last request: 0.000030 seconds.
  path: Assets/CorgiEngine/Demos/Retro/Tilemaps/RetroRedPlatforms.asset
  artifactKey: Guid(cc8c57e51dc7d4e978be676128a6b9ef) Importer(2089858483,192608db42251d675da83286b1cce702)
Start importing Assets/CorgiEngine/Demos/Retro/Tilemaps/RetroRedPlatforms.asset using Guid(cc8c57e51dc7d4e978be676128a6b9ef) Importer(2089858483,192608db42251d675da83286b1cce702) (ScriptedImporter) -> (artifact id: 'ffe5c372d99b9a9766366be3a82b3e25') in 0.0318459 seconds
Number of updated asset objects reloaded before import = 0Number of asset objects unloaded after import = 31

========================================================================
Received Import Request.
  Time since last request: 0.000031 seconds.
  path: Assets/CorgiEngine/Demos/Retro/Sounds/MachineGun2.wav
  artifactKey: Guid(24a73d168edddfd41ac460581c12f38a) Importer(2089858483,192608db42251d675da83286b1cce702)
Start importing Assets/CorgiEngine/Demos/Retro/Sounds/MachineGun2.wav using Guid(24a73d168edddfd41ac460581c12f38a) Importer(2089858483,192608db42251d675da83286b1cce702) (ScriptedImporter) -> (artifact id: 'b0490f9db26a6f6562279dd51f1c55b8') in 0.0772405 seconds
Number of updated asset objects reloaded before import = 0Number of asset objects unloaded after import = 1

========================================================================
Received Import Request.
  Time since last request: 0.000024 seconds.
  path: Assets/CorgiEngine/Demos/Retro/Sounds/KoalaJump.wav
  artifactKey: Guid(38340c610ade4ab49bc7fbeade4db6ad) Importer(2089858483,192608db42251d675da83286b1cce702)
Start importing Assets/CorgiEngine/Demos/Retro/Sounds/KoalaJump.wav using Guid(38340c610ade4ab49bc7fbeade4db6ad) Importer(2089858483,192608db42251d675da83286b1cce702) (ScriptedImporter) -> (artifact id: '85a2b6d463887ee4f6923e4d3a0d7025') in 0.0553557 seconds
Number of updated asset objects reloaded before import = 0Number of asset objects unloaded after import = 1

========================================================================
Received Import Request.
  Time since last request: 0.000022 seconds.
  path: Assets/CorgiEngine/Demos/Retro/Materials/RetroLadder.mat
  artifactKey: Guid(60db3a3ee77274ae6a1075a05df4593e) Importer(2089858483,192608db42251d675da83286b1cce702)
Start importing Assets/CorgiEngine/Demos/Retro/Materials/RetroLadder.mat using Guid(60db3a3ee77274ae6a1075a05df4593e) Importer(2089858483,192608db42251d675da83286b1cce702) (ScriptedImporter) -> (artifact id: 'e9e5a55e674020c31796068958a7dd47') in 0.0226166 seconds
Number of updated asset objects reloaded before import = 0Number of asset objects unloaded after import = 2

========================================================================
Received Import Request.
  Time since last request: 0.000024 seconds.
  path: Assets/CorgiEngine/Demos/Retro/Materials/RetroCannonBulletMaterial.mat
  artifactKey: Guid(b53b1106b74ea6c4c81e9a56e16c9957) Importer(2089858483,192608db42251d675da83286b1cce702)
Start importing Assets/CorgiEngine/Demos/Retro/Materials/RetroCannonBulletMaterial.mat using Guid(b53b1106b74ea6c4c81e9a56e16c9957) Importer(2089858483,192608db42251d675da83286b1cce702) (ScriptedImporter) -> (artifact id: '99f731c00ebe951efbee105bccde2d2b') in 0.0265212 seconds
Number of updated asset objects reloaded before import = 0Number of asset objects unloaded after import = 1

========================================================================
Received Import Request.
  Time since last request: 0.000020 seconds.
  path: Assets/CorgiEngine/Demos/Retro/Animations/RetroCorgiSwimIdle.anim
  artifactKey: Guid(a827cb696da2165429d05c6c55a23265) Importer(2089858483,192608db42251d675da83286b1cce702)
Start importing Assets/CorgiEngine/Demos/Retro/Animations/RetroCorgiSwimIdle.anim using Guid(a827cb696da2165429d05c6c55a23265) Importer(2089858483,192608db42251d675da83286b1cce702) (ScriptedImporter) -> (artifact id: '52d6773179eb9ee91f8fd2e0295a243a') in 0.027735 seconds
Number of updated asset objects reloaded before import = 0Number of asset objects unloaded after import = 1

========================================================================
Received Import Request.
  Time since last request: 0.000032 seconds.
  path: Assets/CorgiEngine/Demos/Retro/Sounds/KoalaSteps2.wav
  artifactKey: Guid(655425dccf77546449f89eb978aeabd1) Importer(2089858483,192608db42251d675da83286b1cce702)
Start importing Assets/CorgiEngine/Demos/Retro/Sounds/KoalaSteps2.wav using Guid(655425dccf77546449f89eb978aeabd1) Importer(2089858483,192608db42251d675da83286b1cce702) (ScriptedImporter) -> (artifact id: '480431b2f85e254be8eccfbd1ad0d17b') in 0.0911126 seconds
Number of updated asset objects reloaded before import = 0Number of asset objects unloaded after import = 1

========================================================================
Received Import Request.
  Time since last request: 0.000028 seconds.
  path: Assets/CorgiEngine/Demos/Retro/Sounds/LoftHit1.wav
  artifactKey: Guid(a36364a558eb5ac4a8331655dab08893) Importer(2089858483,192608db42251d675da83286b1cce702)
Start importing Assets/CorgiEngine/Demos/Retro/Sounds/LoftHit1.wav using Guid(a36364a558eb5ac4a8331655dab08893) Importer(2089858483,192608db42251d675da83286b1cce702) (ScriptedImporter) -> (artifact id: 'be1e0fe8007e37005ab41656ab30a472') in 0.0882975 seconds
Number of updated asset objects reloaded before import = 0Number of asset objects unloaded after import = 1

========================================================================
Received Import Request.
  Time since last request: 0.000019 seconds.
  path: Assets/CorgiEngine/Demos/Retro/Sounds/LoftGun1.wav
  artifactKey: Guid(bf46c62bb08d34742aa74b20eb1ad944) Importer(2089858483,192608db42251d675da83286b1cce702)
Start importing Assets/CorgiEngine/Demos/Retro/Sounds/LoftGun1.wav using Guid(bf46c62bb08d34742aa74b20eb1ad944) Importer(2089858483,192608db42251d675da83286b1cce702) (ScriptedImporter) -> (artifact id: '8b8fcf4eb53f35d5fa943c0ce717b20b') in 0.082364 seconds
Number of updated asset objects reloaded before import = 0Number of asset objects unloaded after import = 1

========================================================================
Received Import Request.
  Time since last request: 0.000023 seconds.
  path: Assets/CorgiEngine/Demos/Retro/Materials/RetroWalkMaterial.mat
  artifactKey: Guid(f5b7ac523bdec1748a0957cb4219b271) Importer(2089858483,192608db42251d675da83286b1cce702)
Start importing Assets/CorgiEngine/Demos/Retro/Materials/RetroWalkMaterial.mat using Guid(f5b7ac523bdec1748a0957cb4219b271) Importer(2089858483,192608db42251d675da83286b1cce702) (ScriptedImporter) -> (artifact id: '91a87bdc26b295ed2b43a2165488584f') in 0.1202516 seconds
Number of updated asset objects reloaded before import = 0Number of asset objects unloaded after import = 2

========================================================================
Received Import Request.
  Time since last request: 0.000051 seconds.
  path: Assets/CorgiEngine/Demos/Retro/Animations/RetroCorgiRollStart.anim
  artifactKey: Guid(27b8cad11849daa44b99ff4c00289247) Importer(2089858483,192608db42251d675da83286b1cce702)
Start importing Assets/CorgiEngine/Demos/Retro/Animations/RetroCorgiRollStart.anim using Guid(27b8cad11849daa44b99ff4c00289247) Importer(2089858483,192608db42251d675da83286b1cce702) (ScriptedImporter) -> (artifact id: '95dd58e9903c36239daafbdbb86d12a2') in 0.0216218 seconds
Number of updated asset objects reloaded before import = 0Number of asset objects unloaded after import = 1

========================================================================
Received Import Request.
  Time since last request: 0.000058 seconds.
  path: Assets/CorgiEngine/Demos/Retro/Materials/RetroFlames.mat
  artifactKey: Guid(2de29150140804494b57ef75dfa296b4) Importer(2089858483,192608db42251d675da83286b1cce702)
Start importing Assets/CorgiEngine/Demos/Retro/Materials/RetroFlames.mat using Guid(2de29150140804494b57ef75dfa296b4) Importer(2089858483,192608db42251d675da83286b1cce702) (ScriptedImporter) -> (artifact id: 'bd33851ebaa39bef8bd8cb650ccecf14') in 0.0338851 seconds
Number of updated asset objects reloaded before import = 0Number of asset objects unloaded after import = 2

========================================================================
Received Import Request.
  Time since last request: 0.000019 seconds.
  path: Assets/CorgiEngine/Demos/Retro/Sounds/LoftSteal.wav
  artifactKey: Guid(9c6969aa97f57424093e01835c33cfa8) Importer(2089858483,192608db42251d675da83286b1cce702)
Start importing Assets/CorgiEngine/Demos/Retro/Sounds/LoftSteal.wav using Guid(9c6969aa97f57424093e01835c33cfa8) Importer(2089858483,192608db42251d675da83286b1cce702) (ScriptedImporter) -> (artifact id: '43840eaf208331a2ef849319421011ec') in 0.085598 seconds
Number of updated asset objects reloaded before import = 0Number of asset objects unloaded after import = 1

========================================================================
Received Import Request.
  Time since last request: 0.000034 seconds.
  path: Assets/CorgiEngine/Demos/RetroAdventure/Scripts/RetroAdventureFinishLevel.cs
  artifactKey: Guid(038e55e544b51644b8ae39caca794d22) Importer(2089858483,192608db42251d675da83286b1cce702)
Start importing Assets/CorgiEngine/Demos/RetroAdventure/Scripts/RetroAdventureFinishLevel.cs using Guid(038e55e544b51644b8ae39caca794d22) Importer(2089858483,192608db42251d675da83286b1cce702) (ScriptedImporter) -> (artifact id: 'cdd9cf22c9320bd3ad23ae904b48eeeb') in 0.0216159 seconds
Number of updated asset objects reloaded before import = 0Number of asset objects unloaded after import = 0

========================================================================
Received Import Request.
  Time since last request: 0.000159 seconds.
  path: Assets/CorgiEngine/Demos/Retro/Sounds/RetroTheme2.wav
  artifactKey: Guid(904ab132cb07be94180b7c15dff7fddf) Importer(2089858483,192608db42251d675da83286b1cce702)
Start importing Assets/CorgiEngine/Demos/Retro/Sounds/RetroTheme2.wav using Guid(904ab132cb07be94180b7c15dff7fddf) Importer(2089858483,192608db42251d675da83286b1cce702) (ScriptedImporter) -> (artifact id: '8eb321635825854c29efbbe3dde8662b') in 0.1572991 seconds
Number of updated asset objects reloaded before import = 0Number of asset objects unloaded after import = 1

========================================================================
Received Import Request.
  Time since last request: 0.000022 seconds.
  path: Assets/CorgiEngine/Demos/SuperHipsterBros/Animations/super-hipster-bros-walk.anim
  artifactKey: Guid(0fb2108874fed194585ab3470e1f00f4) Importer(2089858483,192608db42251d675da83286b1cce702)
Start importing Assets/CorgiEngine/Demos/SuperHipsterBros/Animations/super-hipster-bros-walk.anim using Guid(0fb2108874fed194585ab3470e1f00f4) Importer(2089858483,192608db42251d675da83286b1cce702) (ScriptedImporter) -> (artifact id: '7137b20307d72cdb95bd6e7c2686f8cc') in 0.0241594 seconds
Number of updated asset objects reloaded before import = 0Number of asset objects unloaded after import = 1

========================================================================
Received Import Request.
  Time since last request: 0.000060 seconds.
  path: Assets/CorgiEngine/Demos/Retro/Animations/RetroSpaceman.controller
  artifactKey: Guid(905cad17b852a4cb2872c31ec1837943) Importer(2089858483,192608db42251d675da83286b1cce702)
Start importing Assets/CorgiEngine/Demos/Retro/Animations/RetroSpaceman.controller using Guid(905cad17b852a4cb2872c31ec1837943) Importer(2089858483,192608db42251d675da83286b1cce702) (ScriptedImporter) -> (artifact id: 'e631597cbcfbde8d5c2cf16b6af0f8d2') in 0.0281156 seconds
Number of updated asset objects reloaded before import = 0Number of asset objects unloaded after import = 8

========================================================================
Received Import Request.
  Time since last request: 0.000023 seconds.
  path: Assets/CorgiEngine/Demos/Retro/Animations/RetroRockIdle.anim
  artifactKey: Guid(157e684dab2174fe0be428a58b8235df) Importer(2089858483,192608db42251d675da83286b1cce702)
Start importing Assets/CorgiEngine/Demos/Retro/Animations/RetroRockIdle.anim using Guid(157e684dab2174fe0be428a58b8235df) Importer(2089858483,192608db42251d675da83286b1cce702) (ScriptedImporter) -> (artifact id: '502529667c0607ed8265582416a6efe4') in 0.0213342 seconds
Number of updated asset objects reloaded before import = 0Number of asset objects unloaded after import = 1

========================================================================
Received Import Request.
  Time since last request: 0.000201 seconds.
  path: Assets/CorgiEngine/Demos/Retro/Materials/RetroCloudsBackground1.mat
  artifactKey: Guid(505194c48dfc546ea9e6f884168ebec6) Importer(2089858483,192608db42251d675da83286b1cce702)
Start importing Assets/CorgiEngine/Demos/Retro/Materials/RetroCloudsBackground1.mat using Guid(505194c48dfc546ea9e6f884168ebec6) Importer(2089858483,192608db42251d675da83286b1cce702) (ScriptedImporter) -> (artifact id: 'd06f1af167ea1cbe18bfb1cfef90d19c') in 0.0393316 seconds
Number of updated asset objects reloaded before import = 0Number of asset objects unloaded after import = 2

========================================================================
Received Import Request.
  Time since last request: 0.000023 seconds.
  path: Assets/CorgiEngine/Demos/Retro/Animations/RetroRockShaking.anim
  artifactKey: Guid(95941e11564524aad85ff1375758c611) Importer(2089858483,192608db42251d675da83286b1cce702)
Start importing Assets/CorgiEngine/Demos/Retro/Animations/RetroRockShaking.anim using Guid(95941e11564524aad85ff1375758c611) Importer(2089858483,192608db42251d675da83286b1cce702) (ScriptedImporter) -> (artifact id: '2b90d4abb538402ad02dad7fdfe3b8c7') in 0.0261754 seconds
Number of updated asset objects reloaded before import = 0Number of asset objects unloaded after import = 1

========================================================================
Received Import Request.
  Time since last request: 0.000026 seconds.
  path: Assets/CorgiEngine/Demos/SuperHipsterBros/Animations/badass-dude-walk.anim
  artifactKey: Guid(bc7e5b36058c02242af4c862b95d3907) Importer(2089858483,192608db42251d675da83286b1cce702)
Start importing Assets/CorgiEngine/Demos/SuperHipsterBros/Animations/badass-dude-walk.anim using Guid(bc7e5b36058c02242af4c862b95d3907) Importer(2089858483,192608db42251d675da83286b1cce702) (ScriptedImporter) -> (artifact id: '9f5bfe11b22d5169b4f0a98a22ccfaec') in 0.0280355 seconds
Number of updated asset objects reloaded before import = 0Number of asset objects unloaded after import = 1

========================================================================
Received Import Request.
  Time since last request: 0.000023 seconds.
  path: Assets/CorgiEngine/Demos/Retro/Animations/RetroCorgiSword1.anim
  artifactKey: Guid(ca38144ffcfaf524a88c178a1987e6ec) Importer(2089858483,192608db42251d675da83286b1cce702)
Start importing Assets/CorgiEngine/Demos/Retro/Animations/RetroCorgiSword1.anim using Guid(ca38144ffcfaf524a88c178a1987e6ec) Importer(2089858483,192608db42251d675da83286b1cce702) (ScriptedImporter) -> (artifact id: 'd9cdbe713db213cfcca58c02ae9f0b76') in 0.0269199 seconds
Number of updated asset objects reloaded before import = 0Number of asset objects unloaded after import = 1

========================================================================
Received Import Request.
  Time since last request: 0.000028 seconds.
  path: Assets/CorgiEngine/Demos/Retro/Tilemaps/RetroSlopes3.asset
  artifactKey: Guid(5da7f512415c22045a0b5ad7f9840073) Importer(2089858483,192608db42251d675da83286b1cce702)
Start importing Assets/CorgiEngine/Demos/Retro/Tilemaps/RetroSlopes3.asset using Guid(5da7f512415c22045a0b5ad7f9840073) Importer(2089858483,192608db42251d675da83286b1cce702) (ScriptedImporter) -> (artifact id: 'b7dce27c1646f7ec6d1a1e91993051b7') in 0.0250833 seconds
Number of updated asset objects reloaded before import = 0Number of asset objects unloaded after import = 2

========================================================================
Received Import Request.
  Time since last request: 0.000021 seconds.
  path: Assets/CorgiEngine/Demos/Retro/Tilemaps/RetroRock.asset
  artifactKey: Guid(7862bb2ab20754f42bef5f4546ee6b50) Importer(2089858483,192608db42251d675da83286b1cce702)
Start importing Assets/CorgiEngine/Demos/Retro/Tilemaps/RetroRock.asset using Guid(7862bb2ab20754f42bef5f4546ee6b50) Importer(2089858483,192608db42251d675da83286b1cce702) (ScriptedImporter) -> (artifact id: '4d6bf40a44cca456d46f5712be548537') in 0.0247663 seconds
Number of updated asset objects reloaded before import = 0Number of asset objects unloaded after import = 2

========================================================================
Received Import Request.
  Time since last request: 0.000018 seconds.
  path: Assets/CorgiEngine/Demos/Retro/Tilemaps/RetroBluePlatforms.asset
  artifactKey: Guid(f48d9376edd094f49b74a4e575d2be8b) Importer(2089858483,192608db42251d675da83286b1cce702)
Start importing Assets/CorgiEngine/Demos/Retro/Tilemaps/RetroBluePlatforms.asset using Guid(f48d9376edd094f49b74a4e575d2be8b) Importer(2089858483,192608db42251d675da83286b1cce702) (ScriptedImporter) -> (artifact id: '7133c51445f5743b50c8e6e1d020fe1c') in 0.0270185 seconds
Number of updated asset objects reloaded before import = 0Number of asset objects unloaded after import = 31

========================================================================
Received Import Request.
  Time since last request: 0.000034 seconds.
  path: Assets/CorgiEngine/Demos/Retro/Tilemaps/RetroGreenPlatforms.asset
  artifactKey: Guid(55ae207e0316941699787f3fbf130380) Importer(2089858483,192608db42251d675da83286b1cce702)
Start importing Assets/CorgiEngine/Demos/Retro/Tilemaps/RetroGreenPlatforms.asset using Guid(55ae207e0316941699787f3fbf130380) Importer(2089858483,192608db42251d675da83286b1cce702) (ScriptedImporter) -> (artifact id: 'ba8e4cf5667db9d42eeaf938b6736292') in 0.0228728 seconds
Number of updated asset objects reloaded before import = 0Number of asset objects unloaded after import = 31

========================================================================
Received Import Request.
  Time since last request: 0.000018 seconds.
  path: Assets/CorgiEngine/Demos/Retro/Sounds/LoftSilentGun.wav
  artifactKey: Guid(4de5980f0f2e2724a97c16a8623cd251) Importer(2089858483,192608db42251d675da83286b1cce702)
Start importing Assets/CorgiEngine/Demos/Retro/Sounds/LoftSilentGun.wav using Guid(4de5980f0f2e2724a97c16a8623cd251) Importer(2089858483,192608db42251d675da83286b1cce702) (ScriptedImporter) -> (artifact id: '559fdbfa33f00fd2226956a74502aadd') in 0.0781741 seconds
Number of updated asset objects reloaded before import = 0Number of asset objects unloaded after import = 1

========================================================================
Received Import Request.
  Time since last request: 0.000027 seconds.
  path: Assets/CorgiEngine/Demos/Retro/Sounds/MachineGun3.wav
  artifactKey: Guid(3da2b314bd1a97343bae14188dcc5f30) Importer(2089858483,192608db42251d675da83286b1cce702)
Start importing Assets/CorgiEngine/Demos/Retro/Sounds/MachineGun3.wav using Guid(3da2b314bd1a97343bae14188dcc5f30) Importer(2089858483,192608db42251d675da83286b1cce702) (ScriptedImporter) -> (artifact id: 'b9eb9c62396a2377cf881be15da0faee') in 0.0874276 seconds
Number of updated asset objects reloaded before import = 0Number of asset objects unloaded after import = 1

========================================================================
Received Import Request.
  Time since last request: 0.000057 seconds.
  path: Assets/CorgiEngine/Demos/Retro/Sounds/KoalaTeleport.wav
  artifactKey: Guid(2dfac19630f6de94c8b60c118a6c07b0) Importer(2089858483,192608db42251d675da83286b1cce702)
Start importing Assets/CorgiEngine/Demos/Retro/Sounds/KoalaTeleport.wav using Guid(2dfac19630f6de94c8b60c118a6c07b0) Importer(2089858483,192608db42251d675da83286b1cce702) (ScriptedImporter) -> (artifact id: '3d0e76a0fe953c3c649fe1a53c7b989f') in 0.0544191 seconds
Number of updated asset objects reloaded before import = 0Number of asset objects unloaded after import = 1

========================================================================
Received Import Request.
  Time since last request: 0.000031 seconds.
  path: Assets/CorgiEngine/Demos/RetroAdventure/Sprites/RetroLevelSelectionBackground3.png
  artifactKey: Guid(a908fe39e5eb8d2469664cc4d8d334c8) Importer(2089858483,192608db42251d675da83286b1cce702)
Start importing Assets/CorgiEngine/Demos/RetroAdventure/Sprites/RetroLevelSelectionBackground3.png using Guid(a908fe39e5eb8d2469664cc4d8d334c8) Importer(2089858483,192608db42251d675da83286b1cce702) (ScriptedImporter) -> (artifact id: 'eb56492d4b56270e7ca0f7896d9b1881') in 0.0548732 seconds
Number of updated asset objects reloaded before import = 0Number of asset objects unloaded after import = 3

========================================================================
Received Import Request.
  Time since last request: 0.000032 seconds.
  path: Assets/CorgiEngine/Demos/Retro/Animations/RetroCorgiWallclinging.anim
  artifactKey: Guid(3461666f9c32046f1942c69c30bd2865) Importer(2089858483,192608db42251d675da83286b1cce702)
Start importing Assets/CorgiEngine/Demos/Retro/Animations/RetroCorgiWallclinging.anim using Guid(3461666f9c32046f1942c69c30bd2865) Importer(2089858483,192608db42251d675da83286b1cce702) (ScriptedImporter) -> (artifact id: 'f5c4eddbb1ece7c3c7b81b218fe94340') in 0.025469 seconds
Number of updated asset objects reloaded before import = 0Number of asset objects unloaded after import = 1

========================================================================
Received Import Request.
  Time since last request: 0.000029 seconds.
  path: Assets/CorgiEngine/Demos/Retro/Tilemaps/RetroPalette.prefab
  artifactKey: Guid(01c3594c3a5c54c4b8733baebd58e1b5) Importer(2089858483,192608db42251d675da83286b1cce702)
Start importing Assets/CorgiEngine/Demos/Retro/Tilemaps/RetroPalette.prefab using Guid(01c3594c3a5c54c4b8733baebd58e1b5) Importer(2089858483,192608db42251d675da83286b1cce702) (ScriptedImporter) -> (artifact id: '790044c59ea0ece4b52e7e40ebff92a1') in 0.0411726 seconds
Number of updated asset objects reloaded before import = 0Number of asset objects unloaded after import = 10

========================================================================
Received Import Request.
  Time since last request: 0.000020 seconds.
  path: Assets/CorgiEngine/Demos/Retro/Tilemaps/RetroSlopes1.asset
  artifactKey: Guid(7e93b8737317e7b4b9b8956183d99e45) Importer(2089858483,192608db42251d675da83286b1cce702)
Start importing Assets/CorgiEngine/Demos/Retro/Tilemaps/RetroSlopes1.asset using Guid(7e93b8737317e7b4b9b8956183d99e45) Importer(2089858483,192608db42251d675da83286b1cce702) (ScriptedImporter) -> (artifact id: 'a3bd87d0e57ccbf542179127aa258d82') in 0.0240443 seconds
Number of updated asset objects reloaded before import = 0Number of asset objects unloaded after import = 2

========================================================================
Received Import Request.
  Time since last request: 0.000045 seconds.
  path: Assets/CorgiEngine/Demos/Retro/Sounds/LoftTape.wav
  artifactKey: Guid(3e7e1dd1b95cc6e4d875d8dc0cb32da4) Importer(2089858483,192608db42251d675da83286b1cce702)
Start importing Assets/CorgiEngine/Demos/Retro/Sounds/LoftTape.wav using Guid(3e7e1dd1b95cc6e4d875d8dc0cb32da4) Importer(2089858483,192608db42251d675da83286b1cce702) (ScriptedImporter) -> (artifact id: '39835b8da30d4ce4be9fbb4ab74590af') in 0.0772811 seconds
Number of updated asset objects reloaded before import = 0Number of asset objects unloaded after import = 1

========================================================================
Received Import Request.
  Time since last request: 0.164909 seconds.
  path: Assets/CorgiEngine/Demos/TheHunt/Materials/LightCubesMaterial.mat
  artifactKey: Guid(e3e0b3fd315b3154ca7811755115ade2) Importer(2089858483,192608db42251d675da83286b1cce702)
Start importing Assets/CorgiEngine/Demos/TheHunt/Materials/LightCubesMaterial.mat using Guid(e3e0b3fd315b3154ca7811755115ade2) Importer(2089858483,192608db42251d675da83286b1cce702) (ScriptedImporter) -> (artifact id: 'a3d23b844af2e0c761326cea46960d74') in 0.0266904 seconds
Number of updated asset objects reloaded before import = 0Number of asset objects unloaded after import = 1

========================================================================
Received Import Request.
  Time since last request: 0.000028 seconds.
  path: Assets/CorgiEngine/Common/Scripts/Agents/CharacterAbilities/CharacterSwap.cs
  artifactKey: Guid(1d4b0c5bff1f0a94584b5b08f12ae462) Importer(2089858483,192608db42251d675da83286b1cce702)
Start importing Assets/CorgiEngine/Common/Scripts/Agents/CharacterAbilities/CharacterSwap.cs using Guid(1d4b0c5bff1f0a94584b5b08f12ae462) Importer(2089858483,192608db42251d675da83286b1cce702) (ScriptedImporter) -> (artifact id: '3b6486448f5391d4e4a2171eef278fcb') in 0.0207539 seconds
Number of updated asset objects reloaded before import = 0Number of asset objects unloaded after import = 0

========================================================================
Received Import Request.
  Time since last request: 0.000102 seconds.
  path: Assets/CorgiEngine/Demos/Corgi2D/Prefabs/Backgrounds/mesa-background-2.prefab
  artifactKey: Guid(a5eb96b9c191440f6ae6cbf753078a13) Importer(2089858483,192608db42251d675da83286b1cce702)
Start importing Assets/CorgiEngine/Demos/Corgi2D/Prefabs/Backgrounds/mesa-background-2.prefab using Guid(a5eb96b9c191440f6ae6cbf753078a13) Importer(2089858483,192608db42251d675da83286b1cce702) (ScriptedImporter) -> (artifact id: 'fadd75a8e9b4fdcf84998b54c76082b3') in 0.046139 seconds
Number of updated asset objects reloaded before import = 0Number of asset objects unloaded after import = 8

========================================================================
Received Import Request.
  Time since last request: 0.000030 seconds.
  path: Assets/CorgiEngine/Demos/Corgi2D/Animations/AI/blob-walk.anim
  artifactKey: Guid(df0ced5c4d3808c458275eceb53b7feb) Importer(2089858483,192608db42251d675da83286b1cce702)
Start importing Assets/CorgiEngine/Demos/Corgi2D/Animations/AI/blob-walk.anim using Guid(df0ced5c4d3808c458275eceb53b7feb) Importer(2089858483,192608db42251d675da83286b1cce702) (ScriptedImporter) -> (artifact id: '5aced1870f892fda9a0f4ac04a0c399d') in 0.0267792 seconds
Number of updated asset objects reloaded before import = 0Number of asset objects unloaded after import = 1

========================================================================
Received Import Request.
  Time since last request: 0.000029 seconds.
  path: Assets/CorgiEngine/Common/Scripts/Agents/CharacterAbilities/CharacterGlide.cs
  artifactKey: Guid(15be9d1db94cd13409db60706f5bc5cd) Importer(2089858483,192608db42251d675da83286b1cce702)
Start importing Assets/CorgiEngine/Common/Scripts/Agents/CharacterAbilities/CharacterGlide.cs using Guid(15be9d1db94cd13409db60706f5bc5cd) Importer(2089858483,192608db42251d675da83286b1cce702) (ScriptedImporter) -> (artifact id: '4354cae551f6d4ba11d7e106dbf95731') in 0.0228829 seconds
Number of updated asset objects reloaded before import = 0Number of asset objects unloaded after import = 0

========================================================================
Received Import Request.
  Time since last request: 0.000073 seconds.
  path: Assets/CorgiEngine/Demos/TheHunt/Sprites/TempleSkyBox.png
  artifactKey: Guid(f31f2f3e943b6344988ef70579f359cc) Importer(2089858483,192608db42251d675da83286b1cce702)
Start importing Assets/CorgiEngine/Demos/TheHunt/Sprites/TempleSkyBox.png using Guid(f31f2f3e943b6344988ef70579f359cc) Importer(2089858483,192608db42251d675da83286b1cce702) (ScriptedImporter) -> (artifact id: 'f065b868e277467dbaec29b19de257eb') in 0.0556145 seconds
Number of updated asset objects reloaded before import = 0Number of asset objects unloaded after import = 1

========================================================================
Received Import Request.
  Time since last request: 0.000026 seconds.
  path: Assets/CorgiEngine/Common/Scripts/Agents/CharacterAbilities/CharacterPause.cs
  artifactKey: Guid(f59e06702d6be45948936bd909420d61) Importer(2089858483,192608db42251d675da83286b1cce702)
Start importing Assets/CorgiEngine/Common/Scripts/Agents/CharacterAbilities/CharacterPause.cs using Guid(f59e06702d6be45948936bd909420d61) Importer(2089858483,192608db42251d675da83286b1cce702) (ScriptedImporter) -> (artifact id: '98ee3216a4b370865e9150f9d3c1e652') in 0.0224231 seconds
Number of updated asset objects reloaded before import = 0Number of asset objects unloaded after import = 0

========================================================================
Received Import Request.
  Time since last request: 0.000103 seconds.
  path: Assets/CorgiEngine/Demos/Corgi2D/Prefabs/AI/Cactus.prefab
  artifactKey: Guid(b01a8d422a17dc047a8f007bb674979a) Importer(2089858483,192608db42251d675da83286b1cce702)
Start importing Assets/CorgiEngine/Demos/Corgi2D/Prefabs/AI/Cactus.prefab using Guid(b01a8d422a17dc047a8f007bb674979a) Importer(2089858483,192608db42251d675da83286b1cce702) (ScriptedImporter) -> (artifact id: '01277c0c5d7202ede63c40cd14ee9d30') in 0.0856682 seconds
Number of updated asset objects reloaded before import = 0Number of asset objects unloaded after import = 14

========================================================================
Received Import Request.
  Time since last request: 0.000130 seconds.
  path: Assets/CorgiEngine/Demos/Corgi2D/Animations/Items/timeSlower.controller
  artifactKey: Guid(caa4cd4a12c3c44a9a941ec7d446c463) Importer(2089858483,192608db42251d675da83286b1cce702)
Start importing Assets/CorgiEngine/Demos/Corgi2D/Animations/Items/timeSlower.controller using Guid(caa4cd4a12c3c44a9a941ec7d446c463) Importer(2089858483,192608db42251d675da83286b1cce702) (ScriptedImporter) -> (artifact id: 'da5ef79ebbc43d9fe3c29217e0910f51') in 0.0260291 seconds
Number of updated asset objects reloaded before import = 0Number of asset objects unloaded after import = 4

========================================================================
Received Import Request.
  Time since last request: 0.000029 seconds.
  path: Assets/CorgiEngine/Demos/Corgi2D/Animations/SpaceCorgi/spaceCorgiLookUp.anim
  artifactKey: Guid(90f6b91484e447245a74a524a24ef13f) Importer(2089858483,192608db42251d675da83286b1cce702)
Start importing Assets/CorgiEngine/Demos/Corgi2D/Animations/SpaceCorgi/spaceCorgiLookUp.anim using Guid(90f6b91484e447245a74a524a24ef13f) Importer(2089858483,192608db42251d675da83286b1cce702) (ScriptedImporter) -> (artifact id: 'da542306f2485e3a4660d883a2d055ad') in 0.0230581 seconds
Number of updated asset objects reloaded before import = 0Number of asset objects unloaded after import = 1

========================================================================
Received Import Request.
  Time since last request: 0.000033 seconds.
  path: Assets/CorgiEngine/Common/Scripts/Agents/CharacterAbilities/CharacterGravity.cs
  artifactKey: Guid(7d66436e6d24d864b98c208398356163) Importer(2089858483,192608db42251d675da83286b1cce702)
Start importing Assets/CorgiEngine/Common/Scripts/Agents/CharacterAbilities/CharacterGravity.cs using Guid(7d66436e6d24d864b98c208398356163) Importer(2089858483,192608db42251d675da83286b1cce702) (ScriptedImporter) -> (artifact id: 'fe6d6cdcf82f249d5b6656ec42f49cca') in 0.0221245 seconds
Number of updated asset objects reloaded before import = 0Number of asset objects unloaded after import = 0

========================================================================
Received Import Request.
  Time since last request: 0.000099 seconds.
  path: Assets/CorgiEngine/Common/Scripts/Agents/CharacterAbilities/CharacterSurfaceFeedbacks.cs
  artifactKey: Guid(8891aa18199a377479580848d0f4ce6d) Importer(2089858483,192608db42251d675da83286b1cce702)
Start importing Assets/CorgiEngine/Common/Scripts/Agents/CharacterAbilities/CharacterSurfaceFeedbacks.cs using Guid(8891aa18199a377479580848d0f4ce6d) Importer(2089858483,192608db42251d675da83286b1cce702) (ScriptedImporter) -> (artifact id: '6564bc75fabda2d2ad5a08850815b689') in 0.0246373 seconds
Number of updated asset objects reloaded before import = 0Number of asset objects unloaded after import = 0

========================================================================
Received Import Request.
  Time since last request: 0.000102 seconds.
  path: Assets/CorgiEngine/Common/Scripts/Camera/Regular/MultiplayerCameraController.cs
  artifactKey: Guid(a3218c98a0e52494fab5dc51ace54667) Importer(2089858483,192608db42251d675da83286b1cce702)
Start importing Assets/CorgiEngine/Common/Scripts/Camera/Regular/MultiplayerCameraController.cs using Guid(a3218c98a0e52494fab5dc51ace54667) Importer(2089858483,192608db42251d675da83286b1cce702) (ScriptedImporter) -> (artifact id: 'c5890445dddfe6526da1c6356c16b72f') in 0.0237973 seconds
Number of updated asset objects reloaded before import = 0Number of asset objects unloaded after import = 0

========================================================================
Received Import Request.
  Time since last request: 0.000025 seconds.
  path: Assets/CorgiEngine/Demos/Corgi2D/Prefabs/Effects/RobotExplosion.prefab
  artifactKey: Guid(9968e0a9f50a6e143ae32099a2ff386b) Importer(2089858483,192608db42251d675da83286b1cce702)
Start importing Assets/CorgiEngine/Demos/Corgi2D/Prefabs/Effects/RobotExplosion.prefab using Guid(9968e0a9f50a6e143ae32099a2ff386b) Importer(2089858483,192608db42251d675da83286b1cce702) (ScriptedImporter) -> (artifact id: 'f3c7f2804c6f139f7526f8f7ff25b718') in 0.2092389 seconds
Number of updated asset objects reloaded before import = 0Number of asset objects unloaded after import = 8

========================================================================
Received Import Request.
  Time since last request: 0.000036 seconds.
  path: Assets/CorgiEngine/Common/Scripts/Agents/CharacterAbilities/CharacterDash.cs
  artifactKey: Guid(d2bb48ea7e7fc4c0fa43dce17235f4f1) Importer(2089858483,192608db42251d675da83286b1cce702)
Start importing Assets/CorgiEngine/Common/Scripts/Agents/CharacterAbilities/CharacterDash.cs using Guid(d2bb48ea7e7fc4c0fa43dce17235f4f1) Importer(2089858483,192608db42251d675da83286b1cce702) (ScriptedImporter) -> (artifact id: 'c3679607215ed18a6c6e66ca2f0c0900') in 0.0229155 seconds
Number of updated asset objects reloaded before import = 0Number of asset objects unloaded after import = 0

========================================================================
Received Import Request.
  Time since last request: 0.000073 seconds.
  path: Assets/CorgiEngine/Common/Scripts/Agents/CharacterAbilities/CharacterGrabCarryAndThrow.cs
  artifactKey: Guid(5d935b014254b1e498815f17116cac6c) Importer(2089858483,192608db42251d675da83286b1cce702)
Start importing Assets/CorgiEngine/Common/Scripts/Agents/CharacterAbilities/CharacterGrabCarryAndThrow.cs using Guid(5d935b014254b1e498815f17116cac6c) Importer(2089858483,192608db42251d675da83286b1cce702) (ScriptedImporter) -> (artifact id: 'e14213c19a05a39d926509a3406d39f2') in 0.021352 seconds
Number of updated asset objects reloaded before import = 0Number of asset objects unloaded after import = 0

========================================================================
Received Import Request.
  Time since last request: 0.000077 seconds.
  path: Assets/CorgiEngine/Demos/TheHunt/Sprites/TempleSkyBoxMaterial.mat
  artifactKey: Guid(f9eb67a5a4d88d142963453a9e167612) Importer(2089858483,192608db42251d675da83286b1cce702)
Start importing Assets/CorgiEngine/Demos/TheHunt/Sprites/TempleSkyBoxMaterial.mat using Guid(f9eb67a5a4d88d142963453a9e167612) Importer(2089858483,192608db42251d675da83286b1cce702) (ScriptedImporter) -> (artifact id: 'ebe96f9a9097e03aef0cc5b69088d9c2') in 0.0318754 seconds
Number of updated asset objects reloaded before import = 0Number of asset objects unloaded after import = 2

========================================================================
Received Import Request.
  Time since last request: 0.000026 seconds.
  path: Assets/CorgiEngine/Common/Editor/Agents/Core/CharacterInspector.cs
  artifactKey: Guid(96982648b233c41cdafc54f185e02471) Importer(2089858483,192608db42251d675da83286b1cce702)
Start importing Assets/CorgiEngine/Common/Editor/Agents/Core/CharacterInspector.cs using Guid(96982648b233c41cdafc54f185e02471) Importer(2089858483,192608db42251d675da83286b1cce702) (ScriptedImporter) -> (artifact id: 'cb181850d48930eaf751f4090cedc0ef') in 0.0183825 seconds
Number of updated asset objects reloaded before import = 0Number of asset objects unloaded after import = 0

========================================================================
Received Import Request.
  Time since last request: 0.000028 seconds.
  path: Assets/CorgiEngine/Common/Scripts/Agents/CharacterAbilities/CharacterButtonActivation.cs
  artifactKey: Guid(46406e788b52547b6b352456466eb58b) Importer(2089858483,192608db42251d675da83286b1cce702)
Start importing Assets/CorgiEngine/Common/Scripts/Agents/CharacterAbilities/CharacterButtonActivation.cs using Guid(46406e788b52547b6b352456466eb58b) Importer(2089858483,192608db42251d675da83286b1cce702) (ScriptedImporter) -> (artifact id: 'c95fe606082539ff15da6d984eb47fd9') in 0.0189791 seconds
Number of updated asset objects reloaded before import = 0Number of asset objects unloaded after import = 0

========================================================================
Received Import Request.
  Time since last request: 0.000082 seconds.
  path: Assets/CorgiEngine/Demos/Corgi2D/Animations/SpaceCorgi/spaceCorgiShootDiagonalUp.anim
  artifactKey: Guid(499ad7f27abdc1b4b9f70c4ad3548075) Importer(2089858483,192608db42251d675da83286b1cce702)
Start importing Assets/CorgiEngine/Demos/Corgi2D/Animations/SpaceCorgi/spaceCorgiShootDiagonalUp.anim using Guid(499ad7f27abdc1b4b9f70c4ad3548075) Importer(2089858483,192608db42251d675da83286b1cce702) (ScriptedImporter) -> (artifact id: '2bfe313e99ec8aa3d06a50713bc6185f') in 0.0280007 seconds
Number of updated asset objects reloaded before import = 0Number of asset objects unloaded after import = 1

========================================================================
Received Import Request.
  Time since last request: 0.000093 seconds.
  path: Assets/CorgiEngine/Demos/Corgi2D/Prefabs/Effects/PlayerBullets.prefab
  artifactKey: Guid(dd015b0abcde90b45897d015c202b9b9) Importer(2089858483,192608db42251d675da83286b1cce702)
Start importing Assets/CorgiEngine/Demos/Corgi2D/Prefabs/Effects/PlayerBullets.prefab using Guid(dd015b0abcde90b45897d015c202b9b9) Importer(2089858483,192608db42251d675da83286b1cce702) (ScriptedImporter) -> (artifact id: '653eecdc498b308c8453f3a257579fef') in 0.0884407 seconds
Number of updated asset objects reloaded before import = 0Number of asset objects unloaded after import = 8

========================================================================
Received Import Request.
  Time since last request: 0.000022 seconds.
  path: Assets/CorgiEngine/Common/Scripts/Agents/CharacterAbilities/CharacterLookUp.cs
  artifactKey: Guid(4a40489dc31af43749444be35e176198) Importer(2089858483,192608db42251d675da83286b1cce702)
Start importing Assets/CorgiEngine/Common/Scripts/Agents/CharacterAbilities/CharacterLookUp.cs using Guid(4a40489dc31af43749444be35e176198) Importer(2089858483,192608db42251d675da83286b1cce702) (ScriptedImporter) -> (artifact id: 'f395ef641b010d9ffd650c1805dd7875') in 0.0209345 seconds
Number of updated asset objects reloaded before import = 0Number of asset objects unloaded after import = 0

========================================================================
Received Import Request.
  Time since last request: 0.000057 seconds.
  path: Assets/CorgiEngine/Demos/Corgi2D/Materials/Sprites/leaf.png
  artifactKey: Guid(594460de1fc988d4291111335d93d8c9) Importer(2089858483,192608db42251d675da83286b1cce702)
Start importing Assets/CorgiEngine/Demos/Corgi2D/Materials/Sprites/leaf.png using Guid(594460de1fc988d4291111335d93d8c9) Importer(2089858483,192608db42251d675da83286b1cce702) (ScriptedImporter) -> (artifact id: '837657cb17415c95f50824c7c50a9599') in 0.0442677 seconds
Number of updated asset objects reloaded before import = 0Number of asset objects unloaded after import = 3

========================================================================
Received Import Request.
  Time since last request: 0.000020 seconds.
  path: Assets/CorgiEngine/Common/Scripts/GUI/Dialogue/DialogueBox.cs
  artifactKey: Guid(3f884022bf95bf545951c9f38e035176) Importer(2089858483,192608db42251d675da83286b1cce702)
Start importing Assets/CorgiEngine/Common/Scripts/GUI/Dialogue/DialogueBox.cs using Guid(3f884022bf95bf545951c9f38e035176) Importer(2089858483,192608db42251d675da83286b1cce702) (ScriptedImporter) -> (artifact id: 'b55009c76d3a6b3171745d1aee32d8db') in 0.0218059 seconds
Number of updated asset objects reloaded before import = 0Number of asset objects unloaded after import = 0

========================================================================
Received Import Request.
  Time since last request: 0.000032 seconds.
  path: Assets/CorgiEngine/Demos/Corgi2D/Prefabs/Effects/LavaAshGenerator.prefab
  artifactKey: Guid(d37df51dfc5c62d4089bebaf746aacd1) Importer(2089858483,192608db42251d675da83286b1cce702)
Start importing Assets/CorgiEngine/Demos/Corgi2D/Prefabs/Effects/LavaAshGenerator.prefab using Guid(d37df51dfc5c62d4089bebaf746aacd1) Importer(2089858483,192608db42251d675da83286b1cce702) (ScriptedImporter) -> (artifact id: 'e82605119dea2f7d48ceb53bd01ef5d8') in 0.1017848 seconds
Number of updated asset objects reloaded before import = 0Number of asset objects unloaded after import = 7

========================================================================
Received Import Request.
  Time since last request: 0.000028 seconds.
  path: Assets/CorgiEngine/Common/Scripts/Camera/Regular/ParallaxElement.cs
  artifactKey: Guid(114cbc82992104a6aaf34c477d4e0b1b) Importer(2089858483,192608db42251d675da83286b1cce702)
Start importing Assets/CorgiEngine/Common/Scripts/Camera/Regular/ParallaxElement.cs using Guid(114cbc82992104a6aaf34c477d4e0b1b) Importer(2089858483,192608db42251d675da83286b1cce702) (ScriptedImporter) -> (artifact id: '59e9ccb9f43cd35b615e886481251e70') in 0.0222218 seconds
Number of updated asset objects reloaded before import = 0Number of asset objects unloaded after import = 0

========================================================================
Received Import Request.
  Time since last request: 0.000141 seconds.
  path: Assets/CorgiEngine/Common/Scripts/Agents/CorgiController/CorgiController.cs
  artifactKey: Guid(26d2b97c2edb15b4687c405cac22ec21) Importer(2089858483,192608db42251d675da83286b1cce702)
Start importing Assets/CorgiEngine/Common/Scripts/Agents/CorgiController/CorgiController.cs using Guid(26d2b97c2edb15b4687c405cac22ec21) Importer(2089858483,192608db42251d675da83286b1cce702) (ScriptedImporter) -> (artifact id: '4f94379a6228318ff7097985c86d5f01') in 0.025047 seconds
Number of updated asset objects reloaded before import = 0Number of asset objects unloaded after import = 0

========================================================================
Received Import Request.
  Time since last request: 0.000140 seconds.
  path: Assets/CorgiEngine/Demos/Corgi2D/Animations/SpaceCorgi/spaceCorgiClimb.anim
  artifactKey: Guid(114100cd51b533a4fbbb1687c20b4077) Importer(2089858483,192608db42251d675da83286b1cce702)
Start importing Assets/CorgiEngine/Demos/Corgi2D/Animations/SpaceCorgi/spaceCorgiClimb.anim using Guid(114100cd51b533a4fbbb1687c20b4077) Importer(2089858483,192608db42251d675da83286b1cce702) (ScriptedImporter) -> (artifact id: '4d933e7dc002401938d8d634cec935df') in 0.0229627 seconds
Number of updated asset objects reloaded before import = 0Number of asset objects unloaded after import = 1

========================================================================
Received Import Request.
  Time since last request: 0.000098 seconds.
  path: Assets/CorgiEngine/Demos/Corgi2D/Animations/SpaceCorgi/SpaceCorgiAnimator.controller
  artifactKey: Guid(64864f2ff9130204696e034a337869b8) Importer(2089858483,192608db42251d675da83286b1cce702)
Start importing Assets/CorgiEngine/Demos/Corgi2D/Animations/SpaceCorgi/SpaceCorgiAnimator.controller using Guid(64864f2ff9130204696e034a337869b8) Importer(2089858483,192608db42251d675da83286b1cce702) (ScriptedImporter) -> (artifact id: '3913f5e8c9fbbc77589ae233346cbeac') in 0.0510439 seconds
Number of updated asset objects reloaded before import = 0Number of asset objects unloaded after import = 86

========================================================================
Received Import Request.
  Time since last request: 0.000021 seconds.
  path: Assets/CorgiEngine/Demos/Corgi2D/Prefabs/AI/RocketCannon.prefab
  artifactKey: Guid(da370bf868a1b734595cd08d9179ff46) Importer(2089858483,192608db42251d675da83286b1cce702)
Start importing Assets/CorgiEngine/Demos/Corgi2D/Prefabs/AI/RocketCannon.prefab using Guid(da370bf868a1b734595cd08d9179ff46) Importer(2089858483,192608db42251d675da83286b1cce702) (ScriptedImporter) -> (artifact id: '91f0b3b65438c9f23ec13efd90d8f4b8') in 0.0757404 seconds
Number of updated asset objects reloaded before import = 0Number of asset objects unloaded after import = 46

========================================================================
Received Import Request.
  Time since last request: 0.000024 seconds.
  path: Assets/CorgiEngine/Common/Scripts/Agents/CharacterAbilities/CharacterRestartLevel.cs
  artifactKey: Guid(c4c991d8dc6c54349a1c16ad78b4490e) Importer(2089858483,192608db42251d675da83286b1cce702)
Start importing Assets/CorgiEngine/Common/Scripts/Agents/CharacterAbilities/CharacterRestartLevel.cs using Guid(c4c991d8dc6c54349a1c16ad78b4490e) Importer(2089858483,192608db42251d675da83286b1cce702) (ScriptedImporter) -> (artifact id: 'cc2143d3a628fb87f9aedd94fb146310') in 0.0202989 seconds
Number of updated asset objects reloaded before import = 0Number of asset objects unloaded after import = 0

========================================================================
Received Import Request.
  Time since last request: 0.000022 seconds.
  path: Assets/CorgiEngine/Demos/Brobro/Spine/Brobro/space-corgi.atlas
  artifactKey: Guid(fd5a60bbbf9de2847a6a307318e4768c) Importer(2089858483,192608db42251d675da83286b1cce702)
Start importing Assets/CorgiEngine/Demos/Brobro/Spine/Brobro/space-corgi.atlas using Guid(fd5a60bbbf9de2847a6a307318e4768c) Importer(2089858483,192608db42251d675da83286b1cce702) (ScriptedImporter) -> (artifact id: 'bd2747dcd9418baa3e9ec699e458ce73') in 0.0210361 seconds
Number of updated asset objects reloaded before import = 0Number of asset objects unloaded after import = 1

========================================================================
Received Import Request.
  Time since last request: 0.000042 seconds.
  path: Assets/CorgiEngine/Demos/Corgi2D/Animations/SpaceCorgi/spaceCorgiJetpack.anim
  artifactKey: Guid(ba3aab2cc257a8c4d85dd5cc30bb2728) Importer(2089858483,192608db42251d675da83286b1cce702)
Start importing Assets/CorgiEngine/Demos/Corgi2D/Animations/SpaceCorgi/spaceCorgiJetpack.anim using Guid(ba3aab2cc257a8c4d85dd5cc30bb2728) Importer(2089858483,192608db42251d675da83286b1cce702) (ScriptedImporter) -> (artifact id: 'd4e98694997242134270c07af40ea75d') in 0.0290624 seconds
Number of updated asset objects reloaded before import = 0Number of asset objects unloaded after import = 1

========================================================================
Received Import Request.
  Time since last request: 0.000109 seconds.
  path: Assets/CorgiEngine/Demos/Corgi2D/Prefabs/Effects/ExitWaterEffect.prefab
  artifactKey: Guid(3c75fdf5a25478d45a80e02841749276) Importer(2089858483,192608db42251d675da83286b1cce702)
Start importing Assets/CorgiEngine/Demos/Corgi2D/Prefabs/Effects/ExitWaterEffect.prefab using Guid(3c75fdf5a25478d45a80e02841749276) Importer(2089858483,192608db42251d675da83286b1cce702) (ScriptedImporter) -> (artifact id: 'd604917c1fb675a59c68bb4166636f25') in 0.0829963 seconds
Number of updated asset objects reloaded before import = 0Number of asset objects unloaded after import = 8

========================================================================
Received Import Request.
  Time since last request: 0.000022 seconds.
  path: Assets/CorgiEngine/Common/Scripts/Agents/Health/HealthAutoRefill.cs
  artifactKey: Guid(82d56a3b087fdda4699ceb3ec1299f2d) Importer(2089858483,192608db42251d675da83286b1cce702)
Start importing Assets/CorgiEngine/Common/Scripts/Agents/Health/HealthAutoRefill.cs using Guid(82d56a3b087fdda4699ceb3ec1299f2d) Importer(2089858483,192608db42251d675da83286b1cce702) (ScriptedImporter) -> (artifact id: '9f089d30cd2987a3c27478038ce8fe41') in 0.0230462 seconds
Number of updated asset objects reloaded before import = 0Number of asset objects unloaded after import = 0

========================================================================
Received Import Request.
  Time since last request: 0.000058 seconds.
  path: Assets/CorgiEngine/Demos/Corgi2D/Animations/SpaceCorgi/spaceCorgiIdle.anim
  artifactKey: Guid(1e95930cf60cf11429fcb5995990d495) Importer(2089858483,192608db42251d675da83286b1cce702)
Start importing Assets/CorgiEngine/Demos/Corgi2D/Animations/SpaceCorgi/spaceCorgiIdle.anim using Guid(1e95930cf60cf11429fcb5995990d495) Importer(2089858483,192608db42251d675da83286b1cce702) (ScriptedImporter) -> (artifact id: '867823b9d110aec975b7c7b58cf3b072') in 0.0258575 seconds
Number of updated asset objects reloaded before import = 0Number of asset objects unloaded after import = 1

========================================================================
Received Import Request.
  Time since last request: 0.000031 seconds.
  path: Assets/CorgiEngine/Common/Scripts/Agents/Weapons/Bomb.cs
  artifactKey: Guid(ba3ccec25bad52545be649966915107a) Importer(2089858483,192608db42251d675da83286b1cce702)
Start importing Assets/CorgiEngine/Common/Scripts/Agents/Weapons/Bomb.cs using Guid(ba3ccec25bad52545be649966915107a) Importer(2089858483,192608db42251d675da83286b1cce702) (ScriptedImporter) -> (artifact id: 'a4c395eeebf40879c086a4b48bea9971') in 0.0274999 seconds
Number of updated asset objects reloaded before import = 0Number of asset objects unloaded after import = 0

========================================================================
Received Import Request.
  Time since last request: 0.000038 seconds.
  path: Assets/CorgiEngine/Common/Editor/Agents/Weapons/WeaponEditor.cs
  artifactKey: Guid(fa35c5588078eb44ba38b3f5f248d74f) Importer(2089858483,192608db42251d675da83286b1cce702)
Start importing Assets/CorgiEngine/Common/Editor/Agents/Weapons/WeaponEditor.cs using Guid(fa35c5588078eb44ba38b3f5f248d74f) Importer(2089858483,192608db42251d675da83286b1cce702) (ScriptedImporter) -> (artifact id: 'f27d64a581a5cae655c58ab2f4d58551') in 0.0270058 seconds
Number of updated asset objects reloaded before import = 0Number of asset objects unloaded after import = 0

========================================================================
Received Import Request.
  Time since last request: 0.000061 seconds.
  path: Assets/CorgiEngine/Demos/TheHunt/Sprites/TheHuntReticle.png
  artifactKey: Guid(96e79dfb618eb4c8fad1a5b118f466a4) Importer(2089858483,192608db42251d675da83286b1cce702)
Start importing Assets/CorgiEngine/Demos/TheHunt/Sprites/TheHuntReticle.png using Guid(96e79dfb618eb4c8fad1a5b118f466a4) Importer(2089858483,192608db42251d675da83286b1cce702) (ScriptedImporter) -> (artifact id: '6c7cd3f20a7b754d3348fda6efd224f2') in 0.0541334 seconds
Number of updated asset objects reloaded before import = 0Number of asset objects unloaded after import = 3

========================================================================
Received Import Request.
  Time since last request: 0.000022 seconds.
  path: Assets/CorgiEngine/Demos/Brobro/Spine/Brobro/space-corgi.json
  artifactKey: Guid(1993ffc324c6d3849810c7fe56e1c50c) Importer(2089858483,192608db42251d675da83286b1cce702)
Start importing Assets/CorgiEngine/Demos/Brobro/Spine/Brobro/space-corgi.json using Guid(1993ffc324c6d3849810c7fe56e1c50c) Importer(2089858483,192608db42251d675da83286b1cce702) (ScriptedImporter) -> (artifact id: 'f269981f91cc978ca96e6a75a9f52b6f') in 0.0182186 seconds
Number of updated asset objects reloaded before import = 0Number of asset objects unloaded after import = 1

========================================================================
Received Import Request.
  Time since last request: 0.000031 seconds.
  path: Assets/CorgiEngine/Common/Scripts/Agents/CharacterAbilities/CharacterRun.cs
  artifactKey: Guid(1fd71e945bfcd4897b3a95607989c7d4) Importer(2089858483,192608db42251d675da83286b1cce702)
Start importing Assets/CorgiEngine/Common/Scripts/Agents/CharacterAbilities/CharacterRun.cs using Guid(1fd71e945bfcd4897b3a95607989c7d4) Importer(2089858483,192608db42251d675da83286b1cce702) (ScriptedImporter) -> (artifact id: 'a5f50edf087317f4d360bb5857008eff') in 0.0178588 seconds
Number of updated asset objects reloaded before import = 0Number of asset objects unloaded after import = 0

========================================================================
Received Import Request.
  Time since last request: 0.000071 seconds.
  path: Assets/CorgiEngine/Common/ScriptsCinemachine/Editor/Environment/RoomEditor.cs
  artifactKey: Guid(67dcf9d3486c66e4785ed19bc3ecbbf4) Importer(2089858483,192608db42251d675da83286b1cce702)
Start importing Assets/CorgiEngine/Common/ScriptsCinemachine/Editor/Environment/RoomEditor.cs using Guid(67dcf9d3486c66e4785ed19bc3ecbbf4) Importer(2089858483,192608db42251d675da83286b1cce702) (ScriptedImporter) -> (artifact id: '40a383661c9da23e4181d6bc5b30ce25') in 0.0210879 seconds
Number of updated asset objects reloaded before import = 0Number of asset objects unloaded after import = 0

========================================================================
Received Import Request.
  Time since last request: 0.000075 seconds.
  path: Assets/CorgiEngine/Common/Scripts/Agents/Weapons/BouncyProjectile.cs
  artifactKey: Guid(39d45a3a92d7a4443b8803f641d67636) Importer(2089858483,192608db42251d675da83286b1cce702)
Start importing Assets/CorgiEngine/Common/Scripts/Agents/Weapons/BouncyProjectile.cs using Guid(39d45a3a92d7a4443b8803f641d67636) Importer(2089858483,192608db42251d675da83286b1cce702) (ScriptedImporter) -> (artifact id: '969f7df6eb8a3aa3dc19e91ae4c861aa') in 0.0242843 seconds
Number of updated asset objects reloaded before import = 0Number of asset objects unloaded after import = 0

========================================================================
Received Import Request.
  Time since last request: 0.000099 seconds.
  path: Assets/CorgiEngine/Demos/Corgi2D/Prefabs/Effects/PlayerParticleExplosion.prefab
  artifactKey: Guid(fe2e3926fa08f87458a401c9fafe1e98) Importer(2089858483,192608db42251d675da83286b1cce702)
Start importing Assets/CorgiEngine/Demos/Corgi2D/Prefabs/Effects/PlayerParticleExplosion.prefab using Guid(fe2e3926fa08f87458a401c9fafe1e98) Importer(2089858483,192608db42251d675da83286b1cce702) (ScriptedImporter) -> (artifact id: 'd2fc836f37f05a0f5d30c3c60173d739') in 0.0816126 seconds
Number of updated asset objects reloaded before import = 0Number of asset objects unloaded after import = 14

========================================================================
Received Import Request.
  Time since last request: 0.000024 seconds.
  path: Assets/CorgiEngine/Common/Scripts/Agents/Health/Health.cs
  artifactKey: Guid(9716d97790a0a49889284ee813194576) Importer(2089858483,192608db42251d675da83286b1cce702)
Start importing Assets/CorgiEngine/Common/Scripts/Agents/Health/Health.cs using Guid(9716d97790a0a49889284ee813194576) Importer(2089858483,192608db42251d675da83286b1cce702) (ScriptedImporter) -> (artifact id: '1af48bff571eee85ad71ed64c148f868') in 0.0208963 seconds
Number of updated asset objects reloaded before import = 0Number of asset objects unloaded after import = 0

========================================================================
Received Import Request.
  Time since last request: 0.000087 seconds.
  path: Assets/CorgiEngine/Common/Scripts/Agents/Damage/DamageResistanceProcessor.cs
  artifactKey: Guid(20281d9cfc5c19e448d7687cb7960c7f) Importer(2089858483,192608db42251d675da83286b1cce702)
Start importing Assets/CorgiEngine/Common/Scripts/Agents/Damage/DamageResistanceProcessor.cs using Guid(20281d9cfc5c19e448d7687cb7960c7f) Importer(2089858483,192608db42251d675da83286b1cce702) (ScriptedImporter) -> (artifact id: '87dba596ce56fa51be2a1eebc0b8cf67') in 0.021593 seconds
Number of updated asset objects reloaded before import = 0Number of asset objects unloaded after import = 0

========================================================================
Received Import Request.
  Time since last request: 0.000124 seconds.
  path: Assets/CorgiEngine/Common/Scripts/Agents/Core/CharacterStates.cs
  artifactKey: Guid(5348e89107df1434685ff03ba913f825) Importer(2089858483,192608db42251d675da83286b1cce702)
Start importing Assets/CorgiEngine/Common/Scripts/Agents/Core/CharacterStates.cs using Guid(5348e89107df1434685ff03ba913f825) Importer(2089858483,192608db42251d675da83286b1cce702) (ScriptedImporter) -> (artifact id: 'd7cfa5d9359e1a165a5285215554323c') in 0.0242663 seconds
Number of updated asset objects reloaded before import = 0Number of asset objects unloaded after import = 0

========================================================================
Received Import Request.
  Time since last request: 0.000107 seconds.
  path: Assets/CorgiEngine/Demos/Brobro/Prefabs/PostProcess/BrobroPostProcessingVolume.prefab
  artifactKey: Guid(becf945032a87204c9e8967dcac5c8cd) Importer(2089858483,192608db42251d675da83286b1cce702)
Start importing Assets/CorgiEngine/Demos/Brobro/Prefabs/PostProcess/BrobroPostProcessingVolume.prefab using Guid(becf945032a87204c9e8967dcac5c8cd) Importer(2089858483,192608db42251d675da83286b1cce702) (ScriptedImporter) -> (artifact id: '8fbdc6a77ec162680ea8652c1abdc5c8') in 0.097995 seconds
Number of updated asset objects reloaded before import = 0Number of asset objects unloaded after import = 16

========================================================================
Received Import Request.
  Time since last request: 0.000030 seconds.
  path: Assets/CorgiEngine/Common/Scripts/Agents/Weapons/ChargeWeapon.cs
  artifactKey: Guid(424eaa4e7bab4cf40a4311ed716952a4) Importer(2089858483,192608db42251d675da83286b1cce702)
Start importing Assets/CorgiEngine/Common/Scripts/Agents/Weapons/ChargeWeapon.cs using Guid(424eaa4e7bab4cf40a4311ed716952a4) Importer(2089858483,192608db42251d675da83286b1cce702) (ScriptedImporter) -> (artifact id: '455c569716ae49174f295465a8b827ff') in 0.0215145 seconds
Number of updated asset objects reloaded before import = 0Number of asset objects unloaded after import = 0

========================================================================
Received Import Request.
  Time since last request: 0.000083 seconds.
  path: Assets/CorgiEngine/Common/Scripts/Agents/CharacterAbilities/CharacterDangling.cs
  artifactKey: Guid(98ba246fa819940cb8f8f89f002bb088) Importer(2089858483,192608db42251d675da83286b1cce702)
Start importing Assets/CorgiEngine/Common/Scripts/Agents/CharacterAbilities/CharacterDangling.cs using Guid(98ba246fa819940cb8f8f89f002bb088) Importer(2089858483,192608db42251d675da83286b1cce702) (ScriptedImporter) -> (artifact id: 'f4a163fc7bf73c9494b35bd43042f1b5') in 0.0226804 seconds
Number of updated asset objects reloaded before import = 0Number of asset objects unloaded after import = 0

========================================================================
Received Import Request.
  Time since last request: 0.000065 seconds.
  path: Assets/CorgiEngine/Demos/Corgi2D/Prefabs/AI/redRobot.prefab
  artifactKey: Guid(feff6a48d2d874e068b6a14047e18b8f) Importer(2089858483,192608db42251d675da83286b1cce702)
Start importing Assets/CorgiEngine/Demos/Corgi2D/Prefabs/AI/redRobot.prefab using Guid(feff6a48d2d874e068b6a14047e18b8f) Importer(2089858483,192608db42251d675da83286b1cce702) (ScriptedImporter) -> (artifact id: '9dac81f0b7098adbf3b38e941eac27ad') in 0.2084533 seconds
Number of updated asset objects reloaded before import = 0Number of asset objects unloaded after import = 93

========================================================================
Received Import Request.
  Time since last request: 0.000030 seconds.
  path: Assets/CorgiEngine/Demos/Corgi2D/Animations/AI/dude-idle.anim
  artifactKey: Guid(59779310d5b654743a411b76f1d6046e) Importer(2089858483,192608db42251d675da83286b1cce702)
Start importing Assets/CorgiEngine/Demos/Corgi2D/Animations/AI/dude-idle.anim using Guid(59779310d5b654743a411b76f1d6046e) Importer(2089858483,192608db42251d675da83286b1cce702) (ScriptedImporter) -> (artifact id: '7ebed58f00e9d1b8112f5b45387aa35f') in 0.0219241 seconds
Number of updated asset objects reloaded before import = 0Number of asset objects unloaded after import = 1

========================================================================
Received Import Request.
  Time since last request: 0.000133 seconds.
  path: Assets/CorgiEngine/Demos/Corgi2D/Prefabs/AI/Buzzsaw.prefab
  artifactKey: Guid(a4e78d0d5b055a04c9a5c512d429f3ca) Importer(2089858483,192608db42251d675da83286b1cce702)
Start importing Assets/CorgiEngine/Demos/Corgi2D/Prefabs/AI/Buzzsaw.prefab using Guid(a4e78d0d5b055a04c9a5c512d429f3ca) Importer(2089858483,192608db42251d675da83286b1cce702) (ScriptedImporter) -> (artifact id: '58db0a778f4dde0f6982adeacb02ec57') in 0.0273856 seconds
Number of updated asset objects reloaded before import = 0Number of asset objects unloaded after import = 14

========================================================================
Received Import Request.
  Time since last request: 0.000029 seconds.
  path: Assets/CorgiEngine/Demos/Corgi2D/Materials/Sprites/mistParticle.png
  artifactKey: Guid(8bde41727c1f4184db3c343ad094e6a5) Importer(2089858483,192608db42251d675da83286b1cce702)
Start importing Assets/CorgiEngine/Demos/Corgi2D/Materials/Sprites/mistParticle.png using Guid(8bde41727c1f4184db3c343ad094e6a5) Importer(2089858483,192608db42251d675da83286b1cce702) (ScriptedImporter) -> (artifact id: '0f8908170dd4168bb01a60a60e80dbe9') in 0.0440473 seconds
Number of updated asset objects reloaded before import = 0Number of asset objects unloaded after import = 3

========================================================================
Received Import Request.
  Time since last request: 0.000023 seconds.
  path: Assets/CorgiEngine/Common/Scripts/Agents/CharacterAbilities/CharacterSwitchModel.cs
  artifactKey: Guid(6ca59bd8fd8dc2143a7b1c0ee08a0d97) Importer(2089858483,192608db42251d675da83286b1cce702)
Start importing Assets/CorgiEngine/Common/Scripts/Agents/CharacterAbilities/CharacterSwitchModel.cs using Guid(6ca59bd8fd8dc2143a7b1c0ee08a0d97) Importer(2089858483,192608db42251d675da83286b1cce702) (ScriptedImporter) -> (artifact id: '3eba79186ed69150abd8800f63e759c0') in 0.019391 seconds
Number of updated asset objects reloaded before import = 0Number of asset objects unloaded after import = 0

========================================================================
Received Import Request.
  Time since last request: 0.000153 seconds.
  path: Assets/CorgiEngine/Common/Scripts/Agents/Core/Character.cs
  artifactKey: Guid(8b470d1b161b2454590386135b7fd64f) Importer(2089858483,192608db42251d675da83286b1cce702)
Start importing Assets/CorgiEngine/Common/Scripts/Agents/Core/Character.cs using Guid(8b470d1b161b2454590386135b7fd64f) Importer(2089858483,192608db42251d675da83286b1cce702) (ScriptedImporter) -> (artifact id: '359225bda31fe51738c55f08f0950919') in 0.0281733 seconds
Number of updated asset objects reloaded before import = 0Number of asset objects unloaded after import = 0

========================================================================
Received Import Request.
  Time since last request: 0.668614 seconds.
  path: Assets/CorgiEngine/Demos/Corgi2D/Prefabs/Effects/RocketSpawn.prefab
  artifactKey: Guid(08beefefb79ea2e45b9630023ae427d8) Importer(2089858483,192608db42251d675da83286b1cce702)
Start importing Assets/CorgiEngine/Demos/Corgi2D/Prefabs/Effects/RocketSpawn.prefab using Guid(08beefefb79ea2e45b9630023ae427d8) Importer(2089858483,192608db42251d675da83286b1cce702) (ScriptedImporter) -> (artifact id: '537fa7505b5bae4995791b6001dbf77e') in 0.0839949 seconds
Number of updated asset objects reloaded before import = 0Number of asset objects unloaded after import = 8

========================================================================
Received Import Request.
  Time since last request: 0.000032 seconds.
  path: Assets/CorgiEngine/Demos/Corgi2D/Prefabs/Effects/VortexBurst.prefab
  artifactKey: Guid(32b8880d7b270db479dc68ba2ef78727) Importer(2089858483,192608db42251d675da83286b1cce702)
Start importing Assets/CorgiEngine/Demos/Corgi2D/Prefabs/Effects/VortexBurst.prefab using Guid(32b8880d7b270db479dc68ba2ef78727) Importer(2089858483,192608db42251d675da83286b1cce702) (ScriptedImporter) -> (artifact id: '2c64023f975d30e37a28771c1264c48e') in 0.0822294 seconds
Number of updated asset objects reloaded before import = 0Number of asset objects unloaded after import = 6

========================================================================
Received Import Request.
  Time since last request: 0.000069 seconds.
  path: Assets/CorgiEngine/Demos/Minimal/Prefabs/Props/Rope.prefab
  artifactKey: Guid(a0bed0fac9071ea409174afe058a7915) Importer(2089858483,192608db42251d675da83286b1cce702)
Start importing Assets/CorgiEngine/Demos/Minimal/Prefabs/Props/Rope.prefab using Guid(a0bed0fac9071ea409174afe058a7915) Importer(2089858483,192608db42251d675da83286b1cce702) (ScriptedImporter)d3d12: upload buffer was too small for the requested resource! Size: 16777216. Requested: 33554432.
 -> (artifact id: 'c75cd071e9fcdcdca09b1049dfa77459') in 0.1277385 seconds
Number of updated asset objects reloaded before import = 0Number of asset objects unloaded after import = 17

========================================================================
Received Import Request.
  Time since last request: 0.000022 seconds.
  path: Assets/CorgiEngine/Demos/Minimal/Resources/Items/InventoryCoin.asset
  artifactKey: Guid(29bcb02dbe860be4994c316d31f71df5) Importer(2089858483,192608db42251d675da83286b1cce702)
Start importing Assets/CorgiEngine/Demos/Minimal/Resources/Items/InventoryCoin.asset using Guid(29bcb02dbe860be4994c316d31f71df5) Importer(2089858483,192608db42251d675da83286b1cce702) (ScriptedImporter) -> (artifact id: '679e39c2ea4cf328a5409583f0759fdf') in 0.0652164 seconds
Number of updated asset objects reloaded before import = 0Number of asset objects unloaded after import = 21

========================================================================
Received Import Request.
  Time since last request: 0.000031 seconds.
  path: Assets/CorgiEngine/Demos/Corgi3D/Textures/Skybox/Corgi3DSkyboxBack.png
  artifactKey: Guid(abb0f50a72eda0a4c98b1623115acde0) Importer(2089858483,192608db42251d675da83286b1cce702)
Start importing Assets/CorgiEngine/Demos/Corgi3D/Textures/Skybox/Corgi3DSkyboxBack.png using Guid(abb0f50a72eda0a4c98b1623115acde0) Importer(2089858483,192608db42251d675da83286b1cce702) (ScriptedImporter) -> (artifact id: '1a233b30ed3edb207f7ebddf794ef3a1') in 0.0494014 seconds
Number of updated asset objects reloaded before import = 0Number of asset objects unloaded after import = 3

========================================================================
Received Import Request.
  Time since last request: 0.000028 seconds.
  path: Assets/CorgiEngine/Demos/Minimal/Resources/Items/InventoryGrenadeLauncher.asset
  artifactKey: Guid(6a3e6f6b7c6528448ae37a42c1a24f9c) Importer(2089858483,192608db42251d675da83286b1cce702)
Start importing Assets/CorgiEngine/Demos/Minimal/Resources/Items/InventoryGrenadeLauncher.asset using Guid(6a3e6f6b7c6528448ae37a42c1a24f9c) Importer(2089858483,192608db42251d675da83286b1cce702) (ScriptedImporter) -> (artifact id: 'f448f0b23d4278fdf94373366f1165a5') in 0.079656 seconds
Number of updated asset objects reloaded before import = 0Number of asset objects unloaded after import = 91

========================================================================
Received Import Request.
  Time since last request: 0.000036 seconds.
  path: Assets/CorgiEngine/Demos/Minimal/Prefabs/Camera/MinimalPostProcessingVolume.asset
  artifactKey: Guid(ee91c73a02e14e34fb147401c2346d32) Importer(2089858483,192608db42251d675da83286b1cce702)
Start importing Assets/CorgiEngine/Demos/Minimal/Prefabs/Camera/MinimalPostProcessingVolume.asset using Guid(ee91c73a02e14e34fb147401c2346d32) Importer(2089858483,192608db42251d675da83286b1cce702) (ScriptedImporter) -> (artifact id: 'cf04698b8c8f247c7921c047d9eefa42') in 0.023412 seconds
Number of updated asset objects reloaded before import = 0Number of asset objects unloaded after import = 6

========================================================================
Received Import Request.
  Time since last request: 0.000020 seconds.
  path: Assets/CorgiEngine/Demos/Pixel/Prefabs/Environment/mass.prefab
  artifactKey: Guid(7e1d9ce8896bbf643b506024199dc3b8) Importer(2089858483,192608db42251d675da83286b1cce702)
Start importing Assets/CorgiEngine/Demos/Pixel/Prefabs/Environment/mass.prefab using Guid(7e1d9ce8896bbf643b506024199dc3b8) Importer(2089858483,192608db42251d675da83286b1cce702) (ScriptedImporter) -> (artifact id: 'df9f84afb8ad52c890516eb8383b8a30') in 0.0364351 seconds
Number of updated asset objects reloaded before import = 0Number of asset objects unloaded after import = 8

========================================================================
Received Import Request.
  Time since last request: 0.000077 seconds.
  path: Assets/CorgiEngine/Demos/Minimal/Prefabs/Props/BluePortal.prefab
  artifactKey: Guid(19714eceb46fc9942988b44bfac3f8d0) Importer(2089858483,192608db42251d675da83286b1cce702)
Start importing Assets/CorgiEngine/Demos/Minimal/Prefabs/Props/BluePortal.prefab using Guid(19714eceb46fc9942988b44bfac3f8d0) Importer(2089858483,192608db42251d675da83286b1cce702) (ScriptedImporter) -> (artifact id: '066778bb18f4f0370ea5cd86ff386242') in 0.1224773 seconds
Number of updated asset objects reloaded before import = 0Number of asset objects unloaded after import = 9

========================================================================
Received Import Request.
  Time since last request: 0.000042 seconds.
  path: Assets/CorgiEngine/Demos/Retro/Prefabs/Enemies/RetroBlobDash.prefab
  artifactKey: Guid(06fbdff59b6b4ce42a2ce477d7db655d) Importer(2089858483,192608db42251d675da83286b1cce702)
Start importing Assets/CorgiEngine/Demos/Retro/Prefabs/Enemies/RetroBlobDash.prefab using Guid(06fbdff59b6b4ce42a2ce477d7db655d) Importer(2089858483,192608db42251d675da83286b1cce702) (ScriptedImporter) -> (artifact id: 'c46c11c648a0027d767ae7e2c07d9e91') in 0.2287925 seconds
Number of updated asset objects reloaded before import = 0Number of asset objects unloaded after import = 62

========================================================================
Received Import Request.
  Time since last request: 0.000032 seconds.
  path: Assets/CorgiEngine/Demos/Corgi2D/Prefabs/Items/coin.prefab
  artifactKey: Guid(1cee780f8886c46df86ff46258d39e5e) Importer(2089858483,192608db42251d675da83286b1cce702)
Start importing Assets/CorgiEngine/Demos/Corgi2D/Prefabs/Items/coin.prefab using Guid(1cee780f8886c46df86ff46258d39e5e) Importer(2089858483,192608db42251d675da83286b1cce702) (ScriptedImporter) -> (artifact id: 'eba860a6f05d99fd87fcd0bef699e6bb') in 0.0616883 seconds
Number of updated asset objects reloaded before import = 0Number of asset objects unloaded after import = 25

========================================================================
Received Import Request.
  Time since last request: 0.000060 seconds.
  path: Assets/CorgiEngine/Demos/Minimal/Prefabs/Platforms/RoundPlatform100x100.prefab
  artifactKey: Guid(acc2388246be06940b91b71b707aa7b6) Importer(2089858483,192608db42251d675da83286b1cce702)
Start importing Assets/CorgiEngine/Demos/Minimal/Prefabs/Platforms/RoundPlatform100x100.prefab using Guid(acc2388246be06940b91b71b707aa7b6) Importer(2089858483,192608db42251d675da83286b1cce702) (ScriptedImporter) -> (artifact id: '2f9a8eeee5b48e559b40d50876b3e3a3') in 0.0426828 seconds
Number of updated asset objects reloaded before import = 0Number of asset objects unloaded after import = 8

========================================================================
Received Import Request.
  Time since last request: 0.000023 seconds.
  path: Assets/CorgiEngine/Demos/Retro/Prefabs/Enemies/RetroSwordsman.prefab
  artifactKey: Guid(a67f324deca2cc34590800dd3f66b6a1) Importer(2089858483,192608db42251d675da83286b1cce702)
Start importing Assets/CorgiEngine/Demos/Retro/Prefabs/Enemies/RetroSwordsman.prefab using Guid(a67f324deca2cc34590800dd3f66b6a1) Importer(2089858483,192608db42251d675da83286b1cce702) (ScriptedImporter) -> (artifact id: '2cf8afd32cf2b4a8a9c46decc400f836') in 0.1981941 seconds
Number of updated asset objects reloaded before import = 0Number of asset objects unloaded after import = 67

========================================================================
Received Import Request.
  Time since last request: 0.000045 seconds.
  path: Assets/CorgiEngine/Demos/Corgi2D/Prefabs/Weapons/RobotWeapon.prefab
  artifactKey: Guid(31b98a142002e4a0fadf0e937e5d458f) Importer(2089858483,192608db42251d675da83286b1cce702)
Start importing Assets/CorgiEngine/Demos/Corgi2D/Prefabs/Weapons/RobotWeapon.prefab using Guid(31b98a142002e4a0fadf0e937e5d458f) Importer(2089858483,192608db42251d675da83286b1cce702) (ScriptedImporter) -> (artifact id: 'eda138f0444401e2242bbb4aeae24373') in 0.0986031 seconds
Number of updated asset objects reloaded before import = 0Number of asset objects unloaded after import = 52

========================================================================
Received Import Request.
  Time since last request: 0.000034 seconds.
  path: Assets/CorgiEngine/Demos/Corgi3D/Prefabs/Props/PushablePlatform.prefab
  artifactKey: Guid(aceb9b44874201243a9e1607d29fc175) Importer(2089858483,192608db42251d675da83286b1cce702)
Start importing Assets/CorgiEngine/Demos/Corgi3D/Prefabs/Props/PushablePlatform.prefab using Guid(aceb9b44874201243a9e1607d29fc175) Importer(2089858483,192608db42251d675da83286b1cce702) (ScriptedImporter) -> (artifact id: '205d7edc442fcc3f6a5d0f7e20ea3338') in 0.0717693 seconds
Number of updated asset objects reloaded before import = 0Number of asset objects unloaded after import = 10

========================================================================
Received Import Request.
  Time since last request: 0.000019 seconds.
  path: Assets/CorgiEngine/Demos/Corgi3D/Prefabs/Props/1WayPlatform3D.prefab
  artifactKey: Guid(d235d887305d7944b9dd215173dc4f12) Importer(2089858483,192608db42251d675da83286b1cce702)
Start importing Assets/CorgiEngine/Demos/Corgi3D/Prefabs/Props/1WayPlatform3D.prefab using Guid(d235d887305d7944b9dd215173dc4f12) Importer(2089858483,192608db42251d675da83286b1cce702) (ScriptedImporter) -> (artifact id: 'ec6b585c3545477b00aa27cbc0fd477d') in 0.0329826 seconds
Number of updated asset objects reloaded before import = 0Number of asset objects unloaded after import = 9

========================================================================
Received Import Request.
  Time since last request: 0.000021 seconds.
  path: Assets/CorgiEngine/Demos/Corgi3D/Models/Materials/Corgi3DHillMaterial.mat
  artifactKey: Guid(3ff0d46c87723ce4eac250ebd3ab78e6) Importer(2089858483,192608db42251d675da83286b1cce702)
Start importing Assets/CorgiEngine/Demos/Corgi3D/Models/Materials/Corgi3DHillMaterial.mat using Guid(3ff0d46c87723ce4eac250ebd3ab78e6) Importer(2089858483,192608db42251d675da83286b1cce702) (ScriptedImporter) -> (artifact id: '935f667e5e8ddd382b9b570bbc9da290') in 0.0268953 seconds
Number of updated asset objects reloaded before import = 0Number of asset objects unloaded after import = 3

========================================================================
Received Import Request.
  Time since last request: 0.000019 seconds.
  path: Assets/CorgiEngine/Demos/Corgi3D/Prefabs/PlatformsGreen/point5xpoint5 Green.prefab
  artifactKey: Guid(eb3340ac9e658044cae71be2ce922313) Importer(2089858483,192608db42251d675da83286b1cce702)
Start importing Assets/CorgiEngine/Demos/Corgi3D/Prefabs/PlatformsGreen/point5xpoint5 Green.prefab using Guid(eb3340ac9e658044cae71be2ce922313) Importer(2089858483,192608db42251d675da83286b1cce702) (ScriptedImporter) -> (artifact id: '2c18e0574e437f2bcde746d60322207f') in 0.0345859 seconds
Number of updated asset objects reloaded before import = 0Number of asset objects unloaded after import = 8

========================================================================
Received Import Request.
  Time since last request: 0.000027 seconds.
  path: Assets/CorgiEngine/Demos/Corgi2D/Sprites/SpaceCorgi/spacecorgi_flat-wallClinging.png
  artifactKey: Guid(89ec8090941067f43a02a937086d1bfb) Importer(2089858483,192608db42251d675da83286b1cce702)
Start importing Assets/CorgiEngine/Demos/Corgi2D/Sprites/SpaceCorgi/spacecorgi_flat-wallClinging.png using Guid(89ec8090941067f43a02a937086d1bfb) Importer(2089858483,192608db42251d675da83286b1cce702) (ScriptedImporter) -> (artifact id: 'd8943d733f8a2039dd0ab52686be3d01') in 0.0708603 seconds
Number of updated asset objects reloaded before import = 0Number of asset objects unloaded after import = 8

========================================================================
Received Import Request.
  Time since last request: 0.000034 seconds.
  path: Assets/CorgiEngine/Demos/Minimal/Resources/Items/Grenades.asset
  artifactKey: Guid(a00efd579aa89aa4fad4ff309791c25b) Importer(2089858483,192608db42251d675da83286b1cce702)
Start importing Assets/CorgiEngine/Demos/Minimal/Resources/Items/Grenades.asset using Guid(a00efd579aa89aa4fad4ff309791c25b) Importer(2089858483,192608db42251d675da83286b1cce702) (ScriptedImporter) -> (artifact id: 'e9f559e5885c82a9af9b7d98b4ee4fa9') in 0.0485426 seconds
Number of updated asset objects reloaded before import = 0Number of asset objects unloaded after import = 20

========================================================================
Received Import Request.
  Time since last request: 0.000045 seconds.
  path: Assets/CorgiEngine/Demos/Corgi3D/Prefabs/PlatformsGreen/1x1 Green.prefab
  artifactKey: Guid(e8ae14751350e9441a0d7901c0f1d20c) Importer(2089858483,192608db42251d675da83286b1cce702)
Start importing Assets/CorgiEngine/Demos/Corgi3D/Prefabs/PlatformsGreen/1x1 Green.prefab using Guid(e8ae14751350e9441a0d7901c0f1d20c) Importer(2089858483,192608db42251d675da83286b1cce702) (ScriptedImporter) -> (artifact id: '9d95d8c43acd0f298abb54559b333db5') in 0.0349605 seconds
Number of updated asset objects reloaded before import = 0Number of asset objects unloaded after import = 8

========================================================================
Received Import Request.
  Time since last request: 0.000033 seconds.
  path: Assets/CorgiEngine/Demos/Corgi3D/Models/NewCorgi3D/NewCorgi@LookShoulder.fbx
  artifactKey: Guid(fc2ed0e2f6e67d8449c20e98ace0d441) Importer(2089858483,192608db42251d675da83286b1cce702)
Start importing Assets/CorgiEngine/Demos/Corgi3D/Models/NewCorgi3D/NewCorgi@LookShoulder.fbx using Guid(fc2ed0e2f6e67d8449c20e98ace0d441) Importer(2089858483,192608db42251d675da83286b1cce702) (ScriptedImporter) -> (artifact id: 'cfc314a1fb70087cbb4cd9a77a554a15') in 0.0831568 seconds
Number of updated asset objects reloaded before import = 0Number of asset objects unloaded after import = 57

========================================================================
Received Import Request.
  Time since last request: 0.000022 seconds.
  path: Assets/CorgiEngine/Demos/Corgi3D/Textures/PrototypeBlocks/Point5xPoint5Yellow.png
  artifactKey: Guid(5fde31b4acab2d140bd5bd6fd22fed0f) Importer(2089858483,192608db42251d675da83286b1cce702)
Start importing Assets/CorgiEngine/Demos/Corgi3D/Textures/PrototypeBlocks/Point5xPoint5Yellow.png using Guid(5fde31b4acab2d140bd5bd6fd22fed0f) Importer(2089858483,192608db42251d675da83286b1cce702) (ScriptedImporter) -> (artifact id: 'f176fe0b9707640257f3297e1e1777d5') in 0.0449399 seconds
Number of updated asset objects reloaded before import = 0Number of asset objects unloaded after import = 1

========================================================================
Received Import Request.
  Time since last request: 0.000022 seconds.
  path: Assets/CorgiEngine/Demos/Minimal/Prefabs/Platforms/Platform200x100.prefab
  artifactKey: Guid(fc2284c767639fa48adbd3ff4269895e) Importer(2089858483,192608db42251d675da83286b1cce702)
Start importing Assets/CorgiEngine/Demos/Minimal/Prefabs/Platforms/Platform200x100.prefab using Guid(fc2284c767639fa48adbd3ff4269895e) Importer(2089858483,192608db42251d675da83286b1cce702) (ScriptedImporter) -> (artifact id: '52341918452e76310e8542a02db03f02') in 0.0435949 seconds
Number of updated asset objects reloaded before import = 0Number of asset objects unloaded after import = 8

========================================================================
Received Import Request.
  Time since last request: 0.000025 seconds.
  path: Assets/CorgiEngine/Demos/Corgi3D/Prefabs/AI/Bear3D.prefab
  artifactKey: Guid(a690cfcfc673fad4aade08ebd79bc3e8) Importer(2089858483,192608db42251d675da83286b1cce702)
Start importing Assets/CorgiEngine/Demos/Corgi3D/Prefabs/AI/Bear3D.prefab using Guid(a690cfcfc673fad4aade08ebd79bc3e8) Importer(2089858483,192608db42251d675da83286b1cce702) (ScriptedImporter) -> (artifact id: 'c1e5a050a600ddbd4b40a869ad5ae02d') in 0.1254258 seconds
Number of updated asset objects reloaded before import = 0Number of asset objects unloaded after import = 46

========================================================================
Received Import Request.
  Time since last request: 0.000029 seconds.
  path: Assets/CorgiEngine/Demos/Corgi2D/Sprites/Enemies/buzzsaw.png
  artifactKey: Guid(22de2bc0001eeca4093a06a8a6280e25) Importer(2089858483,192608db42251d675da83286b1cce702)
Start importing Assets/CorgiEngine/Demos/Corgi2D/Sprites/Enemies/buzzsaw.png using Guid(22de2bc0001eeca4093a06a8a6280e25) Importer(2089858483,192608db42251d675da83286b1cce702) (ScriptedImporter) -> (artifact id: 'bd1cf689d40420edd0ccfcbc05da7d73') in 0.04658 seconds
Number of updated asset objects reloaded before import = 0Number of asset objects unloaded after import = 3

========================================================================
Received Import Request.
  Time since last request: 0.000056 seconds.
  path: Assets/CorgiEngine/Demos/Minimal/Prefabs/OneWayPlatforms/OneWayPlatform200x25.prefab
  artifactKey: Guid(bc8e0f194b7579e49aee87fbe7c155be) Importer(2089858483,192608db42251d675da83286b1cce702)
Start importing Assets/CorgiEngine/Demos/Minimal/Prefabs/OneWayPlatforms/OneWayPlatform200x25.prefab using Guid(bc8e0f194b7579e49aee87fbe7c155be) Importer(2089858483,192608db42251d675da83286b1cce702) (ScriptedImporter) -> (artifact id: '944830cddf42222d00937c3afd8aa9b2') in 0.0448761 seconds
Number of updated asset objects reloaded before import = 0Number of asset objects unloaded after import = 8

========================================================================
Received Import Request.
  Time since last request: 0.000026 seconds.
  path: Assets/CorgiEngine/Demos/Minimal/Sprites/Rectangle/RectangleWallCling.png
  artifactKey: Guid(1602b7e148682f24f96f8e2ed2525c7c) Importer(2089858483,192608db42251d675da83286b1cce702)
Start importing Assets/CorgiEngine/Demos/Minimal/Sprites/Rectangle/RectangleWallCling.png using Guid(1602b7e148682f24f96f8e2ed2525c7c) Importer(2089858483,192608db42251d675da83286b1cce702) (ScriptedImporter) -> (artifact id: '080196e38c8cecf0bd0ed261d774bc23') in 0.1350005 seconds
Number of updated asset objects reloaded before import = 0Number of asset objects unloaded after import = 17

========================================================================
Received Import Request.
  Time since last request: 0.000032 seconds.
  path: Assets/CorgiEngine/Demos/Corgi3D/Models/NewCorgi3D/NewCorgi@ClimbingLadderIdle.fbx
  artifactKey: Guid(4d0b7e3faf91b73419b57c4b0746feea) Importer(2089858483,192608db42251d675da83286b1cce702)
Start importing Assets/CorgiEngine/Demos/Corgi3D/Models/NewCorgi3D/NewCorgi@ClimbingLadderIdle.fbx using Guid(4d0b7e3faf91b73419b57c4b0746feea) Importer(2089858483,192608db42251d675da83286b1cce702) (ScriptedImporter) -> (artifact id: '1116641307b60e6838f3b2007f07cd58') in 0.0489468 seconds
Number of updated asset objects reloaded before import = 0Number of asset objects unloaded after import = 67

========================================================================
Received Import Request.
  Time since last request: 0.000035 seconds.
  path: Assets/CorgiEngine/Demos/Corgi3D/Textures/PrototypeBlocks/4x1DarkGrey.png
  artifactKey: Guid(039804fe3356b20409cc828ad720c25f) Importer(2089858483,192608db42251d675da83286b1cce702)
Start importing Assets/CorgiEngine/Demos/Corgi3D/Textures/PrototypeBlocks/4x1DarkGrey.png using Guid(039804fe3356b20409cc828ad720c25f) Importer(2089858483,192608db42251d675da83286b1cce702) (ScriptedImporter) -> (artifact id: 'f026b77a05ba6ff6a03d1b2e58690e6a') in 0.0422659 seconds
Number of updated asset objects reloaded before import = 0Number of asset objects unloaded after import = 1

========================================================================
Received Import Request.
  Time since last request: 0.000029 seconds.
  path: Assets/CorgiEngine/Demos/Corgi3D/Models/NewCorgi3D/NewCorgi@Running.fbx
  artifactKey: Guid(df02f74aac203b1429bd17a0e3459831) Importer(2089858483,192608db42251d675da83286b1cce702)
Start importing Assets/CorgiEngine/Demos/Corgi3D/Models/NewCorgi3D/NewCorgi@Running.fbx using Guid(df02f74aac203b1429bd17a0e3459831) Importer(2089858483,192608db42251d675da83286b1cce702) (ScriptedImporter) -> (artifact id: 'c5b0bacffbb626a59d492bee806fe80a') in 0.0516814 seconds
Number of updated asset objects reloaded before import = 0Number of asset objects unloaded after import = 57

========================================================================
Received Import Request.
  Time since last request: 0.000043 seconds.
  path: Assets/CorgiEngine/Demos/Retro/Prefabs/Enemies/RetroBlobPatrolAndJump.prefab
  artifactKey: Guid(e479d34830699fb488da75e87520d381) Importer(2089858483,192608db42251d675da83286b1cce702)
Start importing Assets/CorgiEngine/Demos/Retro/Prefabs/Enemies/RetroBlobPatrolAndJump.prefab using Guid(e479d34830699fb488da75e87520d381) Importer(2089858483,192608db42251d675da83286b1cce702) (ScriptedImporter) -> (artifact id: 'ece70cf77006ad3278d78589a72cd326') in 0.1663845 seconds
Number of updated asset objects reloaded before import = 0Number of asset objects unloaded after import = 60

========================================================================
Received Import Request.
  Time since last request: 0.000035 seconds.
  path: Assets/CorgiEngine/Demos/Retro/Prefabs/Backgrounds/RetroCloudsBackground.prefab
  artifactKey: Guid(49057eb9cc7fdac459730725cd0c2f84) Importer(2089858483,192608db42251d675da83286b1cce702)
Start importing Assets/CorgiEngine/Demos/Retro/Prefabs/Backgrounds/RetroCloudsBackground.prefab using Guid(49057eb9cc7fdac459730725cd0c2f84) Importer(2089858483,192608db42251d675da83286b1cce702) (ScriptedImporter) -> (artifact id: '1216ff26d4c89e466a1974ae872a0523') in 0.0227346 seconds
Number of updated asset objects reloaded before import = 0Number of asset objects unloaded after import = 28

========================================================================
Received Import Request.
  Time since last request: 0.000040 seconds.
  path: Assets/CorgiEngine/Demos/Minimal/Sprites/Rectangle/RectangleJetpack.png
  artifactKey: Guid(6268458aea9837d4e83cb0728d2dfe98) Importer(2089858483,192608db42251d675da83286b1cce702)
Start importing Assets/CorgiEngine/Demos/Minimal/Sprites/Rectangle/RectangleJetpack.png using Guid(6268458aea9837d4e83cb0728d2dfe98) Importer(2089858483,192608db42251d675da83286b1cce702) (ScriptedImporter) -> (artifact id: '0b8cdae151782f865f3f7a1095a2d42b') in 0.1924036 seconds
Number of updated asset objects reloaded before import = 0Number of asset objects unloaded after import = 32

========================================================================
Received Import Request.
  Time since last request: 0.000030 seconds.
  path: Assets/CorgiEngine/Demos/Corgi3D/Prefabs/PlatformsYellow/2x1 Yellow.prefab
  artifactKey: Guid(40dccfe915d6ba646a4d60c6d79cec18) Importer(2089858483,192608db42251d675da83286b1cce702)
Start importing Assets/CorgiEngine/Demos/Corgi3D/Prefabs/PlatformsYellow/2x1 Yellow.prefab using Guid(40dccfe915d6ba646a4d60c6d79cec18) Importer(2089858483,192608db42251d675da83286b1cce702) (ScriptedImporter) -> (artifact id: '386068b534ab6452852c641e7f59c2ae') in 0.0396523 seconds
Number of updated asset objects reloaded before import = 0Number of asset objects unloaded after import = 8

========================================================================
Received Import Request.
  Time since last request: 0.000046 seconds.
  path: Assets/CorgiEngine/Demos/Corgi3D/Textures/PrototypeBlocks/1x1Green.png
  artifactKey: Guid(c2311aeae0b9bc148afc1cb2b4e60383) Importer(2089858483,192608db42251d675da83286b1cce702)
Start importing Assets/CorgiEngine/Demos/Corgi3D/Textures/PrototypeBlocks/1x1Green.png using Guid(c2311aeae0b9bc148afc1cb2b4e60383) Importer(2089858483,192608db42251d675da83286b1cce702) (ScriptedImporter) -> (artifact id: 'd73df54eb527bc94c2ae4e6bab4da441') in 0.0421426 seconds
Number of updated asset objects reloaded before import = 0Number of asset objects unloaded after import = 1

========================================================================
Received Import Request.
  Time since last request: 0.000027 seconds.
  path: Assets/CorgiEngine/Demos/Minimal/Prefabs/Camera/MinimalCameraRig.prefab
  artifactKey: Guid(67e9e6648638ca94eaaa9e41373f42f2) Importer(2089858483,192608db42251d675da83286b1cce702)
Start importing Assets/CorgiEngine/Demos/Minimal/Prefabs/Camera/MinimalCameraRig.prefab using Guid(67e9e6648638ca94eaaa9e41373f42f2) Importer(2089858483,192608db42251d675da83286b1cce702) (ScriptedImporter) -> (artifact id: '206d84437d51eb0f7de1b0521a66f3d5') in 0.07554 seconds
Number of updated asset objects reloaded before import = 0Number of asset objects unloaded after import = 120

========================================================================
Received Import Request.
  Time since last request: 0.000033 seconds.
  path: Assets/CorgiEngine/Demos/Corgi2D/Sprites/SpaceCorgi/spacecorgi_climb-climb.png
  artifactKey: Guid(2890fac419987c249b20f8e620b5a134) Importer(2089858483,192608db42251d675da83286b1cce702)
Start importing Assets/CorgiEngine/Demos/Corgi2D/Sprites/SpaceCorgi/spacecorgi_climb-climb.png using Guid(2890fac419987c249b20f8e620b5a134) Importer(2089858483,192608db42251d675da83286b1cce702) (ScriptedImporter) -> (artifact id: '6d3f5417311dcb51c7d77560303ccb06') in 0.1066565 seconds
Number of updated asset objects reloaded before import = 0Number of asset objects unloaded after import = 22

========================================================================
Received Import Request.
  Time since last request: 0.000030 seconds.
  path: Assets/CorgiEngine/Demos/Corgi3D/Textures/PrototypeBlocks/4x1Yellow.png
  artifactKey: Guid(89ddece3d9b66354bbf986058c4d8759) Importer(2089858483,192608db42251d675da83286b1cce702)
Start importing Assets/CorgiEngine/Demos/Corgi3D/Textures/PrototypeBlocks/4x1Yellow.png using Guid(89ddece3d9b66354bbf986058c4d8759) Importer(2089858483,192608db42251d675da83286b1cce702) (ScriptedImporter) -> (artifact id: 'd92d57e2ef43fee80f72c543028071e9') in 0.0408724 seconds
Number of updated asset objects reloaded before import = 0Number of asset objects unloaded after import = 1

========================================================================
Received Import Request.
  Time since last request: 0.000027 seconds.
  path: Assets/CorgiEngine/Demos/Minimal/Prefabs/PlayableCharacters/RectangleGravityFlipped.prefab
  artifactKey: Guid(420f571dbd104084e8ca2914e4245d25) Importer(2089858483,192608db42251d675da83286b1cce702)
Start importing Assets/CorgiEngine/Demos/Minimal/Prefabs/PlayableCharacters/RectangleGravityFlipped.prefab using Guid(420f571dbd104084e8ca2914e4245d25) Importer(2089858483,192608db42251d675da83286b1cce702) (ScriptedImporter) -> (artifact id: 'b6e291f143d12e4d8f51ffd71345fa9d') in 0.2923333 seconds
Number of updated asset objects reloaded before import = 0Number of asset objects unloaded after import = 132

========================================================================
Received Import Request.
  Time since last request: 0.000025 seconds.
  path: Assets/CorgiEngine/Demos/Retro/Prefabs/Props/RetroStunMine.prefab
  artifactKey: Guid(1e99807b5cc69ec4f8bc649b66d0eea8) Importer(2089858483,192608db42251d675da83286b1cce702)
Start importing Assets/CorgiEngine/Demos/Retro/Prefabs/Props/RetroStunMine.prefab using Guid(1e99807b5cc69ec4f8bc649b66d0eea8) Importer(2089858483,192608db42251d675da83286b1cce702) (ScriptedImporter) -> (artifact id: '377ec95865eac6c4b8d8f91196acdfef') in 0.0329111 seconds
Number of updated asset objects reloaded before import = 0Number of asset objects unloaded after import = 46

========================================================================
Received Import Request.
  Time since last request: 0.000045 seconds.
  path: Assets/CorgiEngine/Demos/Retro/Sprites/RetroDoor/RetroDoorGlow.png
  artifactKey: Guid(aa1544754a9f7744cbda25612c63588b) Importer(2089858483,192608db42251d675da83286b1cce702)
Start importing Assets/CorgiEngine/Demos/Retro/Sprites/RetroDoor/RetroDoorGlow.png using Guid(aa1544754a9f7744cbda25612c63588b) Importer(2089858483,192608db42251d675da83286b1cce702) (ScriptedImporter) -> (artifact id: 'e589ae0fe93049d948c4e718508e5b6f') in 0.0420715 seconds
Number of updated asset objects reloaded before import = 0Number of asset objects unloaded after import = 3

========================================================================
Received Import Request.
  Time since last request: 0.000019 seconds.
  path: Assets/CorgiEngine/Demos/Retro/Prefabs/Props/RetroStairs.prefab
  artifactKey: Guid(0bbd904ef362d0744a1d1bf0311c2908) Importer(2089858483,192608db42251d675da83286b1cce702)
Start importing Assets/CorgiEngine/Demos/Retro/Prefabs/Props/RetroStairs.prefab using Guid(0bbd904ef362d0744a1d1bf0311c2908) Importer(2089858483,192608db42251d675da83286b1cce702) (ScriptedImporter) -> (artifact id: '68beceeff5aa6dccdda33635f89ac5d3') in 0.0228938 seconds
Number of updated asset objects reloaded before import = 0Number of asset objects unloaded after import = 13

========================================================================
Received Import Request.
  Time since last request: 0.000025 seconds.
  path: Assets/CorgiEngine/Demos/Retro/Sprites/RetroCorgi/RetroCorgiWalk.png
  artifactKey: Guid(cb19a72aeb59a49ecafde7a609066241) Importer(2089858483,192608db42251d675da83286b1cce702)
Start importing Assets/CorgiEngine/Demos/Retro/Sprites/RetroCorgi/RetroCorgiWalk.png using Guid(cb19a72aeb59a49ecafde7a609066241) Importer(2089858483,192608db42251d675da83286b1cce702) (ScriptedImporter) -> (artifact id: '98da92d4c4d3f0735b030012b782a48a') in 0.082666 seconds
Number of updated asset objects reloaded before import = 0Number of asset objects unloaded after import = 10

========================================================================
Received Import Request.
  Time since last request: 0.000032 seconds.
  path: Assets/CorgiEngine/Demos/Retro/Sprites/RetroPatterns/RetroPattern7.png
  artifactKey: Guid(49e84e8f3cab13448a531969d605ef50) Importer(2089858483,192608db42251d675da83286b1cce702)
Start importing Assets/CorgiEngine/Demos/Retro/Sprites/RetroPatterns/RetroPattern7.png using Guid(49e84e8f3cab13448a531969d605ef50) Importer(2089858483,192608db42251d675da83286b1cce702) (ScriptedImporter) -> (artifact id: '9ee5e71f0ac9f5374418316fb61ee145') in 0.0562444 seconds
Number of updated asset objects reloaded before import = 0Number of asset objects unloaded after import = 3

========================================================================
Received Import Request.
  Time since last request: 0.000025 seconds.
  path: Assets/CorgiEngine/Demos/Retro/Sprites/RetroPatterns/Gradient3.png
  artifactKey: Guid(1c5d39adcaa5ddd4d9619151f2c1e423) Importer(2089858483,192608db42251d675da83286b1cce702)
Start importing Assets/CorgiEngine/Demos/Retro/Sprites/RetroPatterns/Gradient3.png using Guid(1c5d39adcaa5ddd4d9619151f2c1e423) Importer(2089858483,192608db42251d675da83286b1cce702) (ScriptedImporter) -> (artifact id: 'f252eaf400fc86466b35b0753d3348ba') in 0.0598353 seconds
Number of updated asset objects reloaded before import = 0Number of asset objects unloaded after import = 3

========================================================================
Received Import Request.
  Time since last request: 0.000028 seconds.
  path: Assets/CorgiEngine/Demos/Retro/Sprites/RetroBoss/RetroBossWalk.png
  artifactKey: Guid(97ab063413a28c24db1c0d3efbc27c5b) Importer(2089858483,192608db42251d675da83286b1cce702)
Start importing Assets/CorgiEngine/Demos/Retro/Sprites/RetroBoss/RetroBossWalk.png using Guid(97ab063413a28c24db1c0d3efbc27c5b) Importer(2089858483,192608db42251d675da83286b1cce702) (ScriptedImporter) -> (artifact id: 'ff08272ca0198f4744afdb9b33372103') in 0.0596278 seconds
Number of updated asset objects reloaded before import = 0Number of asset objects unloaded after import = 6

========================================================================
Received Import Request.
  Time since last request: 0.000036 seconds.
  path: Assets/CorgiEngine/Demos/Retro/Prefabs/Weapons/RetroIceGun.prefab
  artifactKey: Guid(dd5e79a3291061c46aff6fb466672bec) Importer(2089858483,192608db42251d675da83286b1cce702)
Start importing Assets/CorgiEngine/Demos/Retro/Prefabs/Weapons/RetroIceGun.prefab using Guid(dd5e79a3291061c46aff6fb466672bec) Importer(2089858483,192608db42251d675da83286b1cce702) (ScriptedImporter) -> (artifact id: '011b91d3ddc3950bd16bb92a1f856820') in 0.1022501 seconds
Number of updated asset objects reloaded before import = 0Number of asset objects unloaded after import = 88

========================================================================
Received Import Request.
  Time since last request: 0.000026 seconds.
  path: Assets/CorgiEngine/Demos/Retro/Sprites/RetroElementalDamage/RetroIceBlockFront.png
  artifactKey: Guid(0aaed6b672cfa1c4b9935a4809b0f248) Importer(2089858483,192608db42251d675da83286b1cce702)
Start importing Assets/CorgiEngine/Demos/Retro/Sprites/RetroElementalDamage/RetroIceBlockFront.png using Guid(0aaed6b672cfa1c4b9935a4809b0f248) Importer(2089858483,192608db42251d675da83286b1cce702) (ScriptedImporter) -> (artifact id: 'd2d58b3062f5a6fdc8b3e4bb2a0e37c3') in 0.055322 seconds
Number of updated asset objects reloaded before import = 0Number of asset objects unloaded after import = 3

========================================================================
Received Import Request.
  Time since last request: 0.000026 seconds.
  path: Assets/CorgiEngine/Demos/Retro/Sprites/RetroPatterns/Gradient1.png
  artifactKey: Guid(9ec2bea0e7207aa4cac9d3bb00e3e1f9) Importer(2089858483,192608db42251d675da83286b1cce702)
Start importing Assets/CorgiEngine/Demos/Retro/Sprites/RetroPatterns/Gradient1.png using Guid(9ec2bea0e7207aa4cac9d3bb00e3e1f9) Importer(2089858483,192608db42251d675da83286b1cce702) (ScriptedImporter) -> (artifact id: 'e9b2e0704479afa824411ea6dddac155') in 0.05735 seconds
Number of updated asset objects reloaded before import = 0Number of asset objects unloaded after import = 3

========================================================================
Received Import Request.
  Time since last request: 0.000029 seconds.
  path: Assets/CorgiEngine/Demos/Retro/Sprites/RetroEnemies/RetroGhost.png
  artifactKey: Guid(adc5347ed85889746a7ef8fd6435b63c) Importer(2089858483,192608db42251d675da83286b1cce702)
Start importing Assets/CorgiEngine/Demos/Retro/Sprites/RetroEnemies/RetroGhost.png using Guid(adc5347ed85889746a7ef8fd6435b63c) Importer(2089858483,192608db42251d675da83286b1cce702) (ScriptedImporter) -> (artifact id: '4cb54e2a88e69472a53e40aa84b96a97') in 0.0559194 seconds
Number of updated asset objects reloaded before import = 0Number of asset objects unloaded after import = 5

========================================================================
Received Import Request.
  Time since last request: 0.000018 seconds.
  path: Assets/CorgiEngine/Demos/Retro/Prefabs/Props/RetroPushableBlock.prefab
  artifactKey: Guid(b9373c3003e1e4bb7ad7a73bd85bc2a7) Importer(2089858483,192608db42251d675da83286b1cce702)
Start importing Assets/CorgiEngine/Demos/Retro/Prefabs/Props/RetroPushableBlock.prefab using Guid(b9373c3003e1e4bb7ad7a73bd85bc2a7) Importer(2089858483,192608db42251d675da83286b1cce702) (ScriptedImporter) -> (artifact id: '41d974a2e0ec3684a4c2c498f180c970') in 0.0465691 seconds
Number of updated asset objects reloaded before import = 0Number of asset objects unloaded after import = 10

========================================================================
Received Import Request.
  Time since last request: 0.000022 seconds.
  path: Assets/CorgiEngine/Demos/Retro/Prefabs/Props/RetroFallingPlatform.prefab
  artifactKey: Guid(94ea7e538055245809429edad43bd833) Importer(2089858483,192608db42251d675da83286b1cce702)
Start importing Assets/CorgiEngine/Demos/Retro/Prefabs/Props/RetroFallingPlatform.prefab using Guid(94ea7e538055245809429edad43bd833) Importer(2089858483,192608db42251d675da83286b1cce702) (ScriptedImporter) -> (artifact id: '93449cf1331051b3d8e0434d3c0a72f7') in 0.039442 seconds
Number of updated asset objects reloaded before import = 0Number of asset objects unloaded after import = 20

========================================================================
Received Import Request.
  Time since last request: 0.000022 seconds.
  path: Assets/CorgiEngine/Demos/Retro/Sprites/RetroBoss/RetroBossRightGunShoot.png
  artifactKey: Guid(a6ad98f5e5c4c344cbd1d744b28aab8d) Importer(2089858483,192608db42251d675da83286b1cce702)
Start importing Assets/CorgiEngine/Demos/Retro/Sprites/RetroBoss/RetroBossRightGunShoot.png using Guid(a6ad98f5e5c4c344cbd1d744b28aab8d) Importer(2089858483,192608db42251d675da83286b1cce702) (ScriptedImporter) -> (artifact id: '865894975d66b525da444455c3e4d7d0') in 0.0723527 seconds
Number of updated asset objects reloaded before import = 0Number of asset objects unloaded after import = 3

========================================================================
Received Import Request.
  Time since last request: 0.000028 seconds.
  path: Assets/CorgiEngine/Demos/Retro/Prefabs/VFX/RetroMuzzleFlare.prefab
  artifactKey: Guid(35de51d4df5bf57468848d67dde178b6) Importer(2089858483,192608db42251d675da83286b1cce702)
Start importing Assets/CorgiEngine/Demos/Retro/Prefabs/VFX/RetroMuzzleFlare.prefab using Guid(35de51d4df5bf57468848d67dde178b6) Importer(2089858483,192608db42251d675da83286b1cce702) (ScriptedImporter) -> (artifact id: '735062d2ab63c5eb755bdba7a3d87470') in 0.0895465 seconds
Number of updated asset objects reloaded before import = 0Number of asset objects unloaded after import = 18

========================================================================
Received Import Request.
  Time since last request: 0.000050 seconds.
  path: Assets/CorgiEngine/Demos/Retro/Prefabs/Weapons/RetroMachineGun.prefab
  artifactKey: Guid(a526816ccb05b4d45b5e05608ef451dc) Importer(2089858483,192608db42251d675da83286b1cce702)
Start importing Assets/CorgiEngine/Demos/Retro/Prefabs/Weapons/RetroMachineGun.prefab using Guid(a526816ccb05b4d45b5e05608ef451dc) Importer(2089858483,192608db42251d675da83286b1cce702) (ScriptedImporter) -> (artifact id: 'f0239b54966b69eea5ddbfd72304af2a') in 0.0978428 seconds
Number of updated asset objects reloaded before import = 0Number of asset objects unloaded after import = 87

========================================================================
Received Import Request.
  Time since last request: 0.000045 seconds.
  path: Assets/CorgiEngine/Demos/Retro/Prefabs/Props/RetroPortalOrange.prefab
  artifactKey: Guid(84c905c848f3b444c87b7d5cf51df47d) Importer(2089858483,192608db42251d675da83286b1cce702)
Start importing Assets/CorgiEngine/Demos/Retro/Prefabs/Props/RetroPortalOrange.prefab using Guid(84c905c848f3b444c87b7d5cf51df47d) Importer(2089858483,192608db42251d675da83286b1cce702) (ScriptedImporter) -> (artifact id: '4c2fd5844582fb0915dc8013f20274a3') in 0.0620671 seconds
Number of updated asset objects reloaded before import = 0Number of asset objects unloaded after import = 19

========================================================================
Received Import Request.
  Time since last request: 0.000029 seconds.
  path: Assets/CorgiEngine/Demos/Retro/Prefabs/Weapons/RetroBossRightGunWeapon2.prefab
  artifactKey: Guid(1776affcb41471a4caaa0b2340abe27b) Importer(2089858483,192608db42251d675da83286b1cce702)
Start importing Assets/CorgiEngine/Demos/Retro/Prefabs/Weapons/RetroBossRightGunWeapon2.prefab using Guid(1776affcb41471a4caaa0b2340abe27b) Importer(2089858483,192608db42251d675da83286b1cce702) (ScriptedImporter) -> (artifact id: 'e00d5b630c2869dec2ef5e8ab2d435ae') in 0.0760331 seconds
Number of updated asset objects reloaded before import = 0Number of asset objects unloaded after import = 50

========================================================================
Received Import Request.
  Time since last request: 0.000038 seconds.
  path: Assets/CorgiEngine/Demos/Retro/Prefabs/Props/IceBlock.prefab
  artifactKey: Guid(467688d9b23c245d4ad3ce3e5c2c62e9) Importer(2089858483,192608db42251d675da83286b1cce702)
Start importing Assets/CorgiEngine/Demos/Retro/Prefabs/Props/IceBlock.prefab using Guid(467688d9b23c245d4ad3ce3e5c2c62e9) Importer(2089858483,192608db42251d675da83286b1cce702) (ScriptedImporter) -> (artifact id: '6c2dd39896cbd64cf0209db1690e7015') in 0.0485133 seconds
Number of updated asset objects reloaded before import = 0Number of asset objects unloaded after import = 9

========================================================================
Received Import Request.
  Time since last request: 0.000038 seconds.
  path: Assets/CorgiEngine/Demos/Retro/Sprites/RetroPlatforms/RetroBluePlatform.png
  artifactKey: Guid(f83c201346bd04c9195d099e281283e6) Importer(2089858483,192608db42251d675da83286b1cce702)
Start importing Assets/CorgiEngine/Demos/Retro/Sprites/RetroPlatforms/RetroBluePlatform.png using Guid(f83c201346bd04c9195d099e281283e6) Importer(2089858483,192608db42251d675da83286b1cce702) (ScriptedImporter) -> (artifact id: '289743328a3ec5e78eabe42d94356575') in 0.1586898 seconds
Number of updated asset objects reloaded before import = 0Number of asset objects unloaded after import = 32

========================================================================
Received Import Request.
  Time since last request: 0.000036 seconds.
  path: Assets/CorgiEngine/Demos/Corgi3D/Models/NewCorgi3D/NewCorgi@CrouchedIdle.fbx
  artifactKey: Guid(07c86412e66f3884ba87bec4bf7880a4) Importer(2089858483,192608db42251d675da83286b1cce702)
Start importing Assets/CorgiEngine/Demos/Corgi3D/Models/NewCorgi3D/NewCorgi@CrouchedIdle.fbx using Guid(07c86412e66f3884ba87bec4bf7880a4) Importer(2089858483,192608db42251d675da83286b1cce702) (ScriptedImporter) -> (artifact id: '0af2b53bef45b0502415e4006aa48039') in 0.0589258 seconds
Number of updated asset objects reloaded before import = 0Number of asset objects unloaded after import = 57

========================================================================
Received Import Request.
  Time since last request: 0.000030 seconds.
  path: Assets/CorgiEngine/Demos/Retro/Prefabs/VFX/RetroPhysicsSparksWhite.prefab
  artifactKey: Guid(37bb29d112d224545a4e9f2fc587628f) Importer(2089858483,192608db42251d675da83286b1cce702)
Start importing Assets/CorgiEngine/Demos/Retro/Prefabs/VFX/RetroPhysicsSparksWhite.prefab using Guid(37bb29d112d224545a4e9f2fc587628f) Importer(2089858483,192608db42251d675da83286b1cce702) (ScriptedImporter) -> (artifact id: '2d8bb31b862524b5fae6ece987d3c222') in 0.0742196 seconds
Number of updated asset objects reloaded before import = 0Number of asset objects unloaded after import = 6

========================================================================
Received Import Request.
  Time since last request: 0.000031 seconds.
  path: Assets/CorgiEngine/Demos/Retro/Prefabs/Weapons/RetroSwordsmanMeleeAttack.prefab
  artifactKey: Guid(a19f1e154a56a684d8688ccf2851af42) Importer(2089858483,192608db42251d675da83286b1cce702)
Start importing Assets/CorgiEngine/Demos/Retro/Prefabs/Weapons/RetroSwordsmanMeleeAttack.prefab using Guid(a19f1e154a56a684d8688ccf2851af42) Importer(2089858483,192608db42251d675da83286b1cce702) (ScriptedImporter) -> (artifact id: '1fcc4a5034e19de1959e667d972d30da') in 0.1117079 seconds
Number of updated asset objects reloaded before import = 0Number of asset objects unloaded after import = 17

========================================================================
Received Import Request.
  Time since last request: 0.000030 seconds.
  path: Assets/CorgiEngine/Demos/Minimal/Sprites/Rectangle/RectangleWalk.png
  artifactKey: Guid(435a2d27a31b7e942bf80841ed053ca1) Importer(2089858483,192608db42251d675da83286b1cce702)
Start importing Assets/CorgiEngine/Demos/Minimal/Sprites/Rectangle/RectangleWalk.png using Guid(435a2d27a31b7e942bf80841ed053ca1) Importer(2089858483,192608db42251d675da83286b1cce702) (ScriptedImporter) -> (artifact id: '4df5d8c34abf20deeae521814da71ecc') in 0.1430214 seconds
Number of updated asset objects reloaded before import = 0Number of asset objects unloaded after import = 32

========================================================================
Received Import Request.
  Time since last request: 0.000039 seconds.
  path: Assets/CorgiEngine/Demos/Retro/Prefabs/VFX/RetroWhiteDeathParticles.prefab
  artifactKey: Guid(465ae7a63c035e046946b6967568965d) Importer(2089858483,192608db42251d675da83286b1cce702)
Start importing Assets/CorgiEngine/Demos/Retro/Prefabs/VFX/RetroWhiteDeathParticles.prefab using Guid(465ae7a63c035e046946b6967568965d) Importer(2089858483,192608db42251d675da83286b1cce702) (ScriptedImporter) -> (artifact id: '991252fc1d723531967e564fcecd3a3a') in 0.075275 seconds
Number of updated asset objects reloaded before import = 0Number of asset objects unloaded after import = 10

========================================================================
Received Import Request.
  Time since last request: 0.000036 seconds.
  path: Assets/CorgiEngine/Demos/Corgi3D/Prefabs/PlatformsBlue/1x1 Blue.prefab
  artifactKey: Guid(fada082eba94c4a43b6723e828602a12) Importer(2089858483,192608db42251d675da83286b1cce702)
Start importing Assets/CorgiEngine/Demos/Corgi3D/Prefabs/PlatformsBlue/1x1 Blue.prefab using Guid(fada082eba94c4a43b6723e828602a12) Importer(2089858483,192608db42251d675da83286b1cce702) (ScriptedImporter) -> (artifact id: '7fe1c018d9383b9dbba0001bbba83c41') in 0.0324836 seconds
Number of updated asset objects reloaded before import = 0Number of asset objects unloaded after import = 8

========================================================================
Received Import Request.
  Time since last request: 0.000020 seconds.
  path: Assets/CorgiEngine/Demos/Corgi3D/Prefabs/PlatformsYellow/1x1 Yellow.prefab
  artifactKey: Guid(77bdd466f87c67f4cb0c41f792e4521b) Importer(2089858483,192608db42251d675da83286b1cce702)
Start importing Assets/CorgiEngine/Demos/Corgi3D/Prefabs/PlatformsYellow/1x1 Yellow.prefab using Guid(77bdd466f87c67f4cb0c41f792e4521b) Importer(2089858483,192608db42251d675da83286b1cce702) (ScriptedImporter) -> (artifact id: 'b21cc3c28a74e8d94aa411ace9a044c8') in 0.0308237 seconds
Number of updated asset objects reloaded before import = 0Number of asset objects unloaded after import = 8

========================================================================
Received Import Request.
  Time since last request: 0.000022 seconds.
  path: Assets/CorgiEngine/Demos/Corgi3D/Prefabs/PlayableCharacters/Corgi3D.prefab
  artifactKey: Guid(2c493c09d944f344fbe92cbabbc12f20) Importer(2089858483,192608db42251d675da83286b1cce702)
Start importing Assets/CorgiEngine/Demos/Corgi3D/Prefabs/PlayableCharacters/Corgi3D.prefab using Guid(2c493c09d944f344fbe92cbabbc12f20) Importer(2089858483,192608db42251d675da83286b1cce702) (ScriptedImporter) -> (artifact id: '03b0ecda7d962f673c9880387520d5d7') in 0.1284799 seconds
Number of updated asset objects reloaded before import = 0Number of asset objects unloaded after import = 43

========================================================================
Received Import Request.
  Time since last request: 0.000044 seconds.
  path: Assets/CorgiEngine/Demos/Retro/Prefabs/Enemies/RetroBlobWithAGunBrainSwap.prefab
  artifactKey: Guid(5ae9d87fe63352c4392d91e46d8c2111) Importer(2089858483,192608db42251d675da83286b1cce702)
Start importing Assets/CorgiEngine/Demos/Retro/Prefabs/Enemies/RetroBlobWithAGunBrainSwap.prefab using Guid(5ae9d87fe63352c4392d91e46d8c2111) Importer(2089858483,192608db42251d675da83286b1cce702) (ScriptedImporter) -> (artifact id: '95bc2899e7277b89fe2b9b0e06aed490') in 0.1661211 seconds
Number of updated asset objects reloaded before import = 0Number of asset objects unloaded after import = 151

========================================================================
Received Import Request.
  Time since last request: 0.000043 seconds.
  path: Assets/CorgiEngine/Demos/Corgi3D/Prefabs/PlatformsBlue/4x1 Blue.prefab
  artifactKey: Guid(e432ef68dfe616d47a6a46a75e6699cd) Importer(2089858483,192608db42251d675da83286b1cce702)
Start importing Assets/CorgiEngine/Demos/Corgi3D/Prefabs/PlatformsBlue/4x1 Blue.prefab using Guid(e432ef68dfe616d47a6a46a75e6699cd) Importer(2089858483,192608db42251d675da83286b1cce702) (ScriptedImporter) -> (artifact id: 'f63dc83de010fb6bbcb0fc3039abd8d0') in 0.0386998 seconds
Number of updated asset objects reloaded before import = 0Number of asset objects unloaded after import = 8

========================================================================
Received Import Request.
  Time since last request: 0.000033 seconds.
  path: Assets/CorgiEngine/Demos/Corgi2D/Prefabs/Weapons/CorgiSword.prefab
  artifactKey: Guid(6ca0f70388c15f64385fa41121dd571f) Importer(2089858483,192608db42251d675da83286b1cce702)
Start importing Assets/CorgiEngine/Demos/Corgi2D/Prefabs/Weapons/CorgiSword.prefab using Guid(6ca0f70388c15f64385fa41121dd571f) Importer(2089858483,192608db42251d675da83286b1cce702) (ScriptedImporter) -> (artifact id: 'a67d18da080e9ea837cb672b441bfa10') in 0.0679378 seconds
Number of updated asset objects reloaded before import = 0Number of asset objects unloaded after import = 15

========================================================================
Received Import Request.
  Time since last request: 0.000025 seconds.
  path: Assets/CorgiEngine/Demos/Corgi2D/Prefabs/Items/BonusBlockContainer.prefab
  artifactKey: Guid(23fb440a74a4ec94fae41c0c2a691f85) Importer(2089858483,192608db42251d675da83286b1cce702)
Start importing Assets/CorgiEngine/Demos/Corgi2D/Prefabs/Items/BonusBlockContainer.prefab using Guid(23fb440a74a4ec94fae41c0c2a691f85) Importer(2089858483,192608db42251d675da83286b1cce702) (ScriptedImporter) -> (artifact id: '3f66f4c1252b207d364e13aeaac2785e') in 0.0344955 seconds
Number of updated asset objects reloaded before import = 0Number of asset objects unloaded after import = 32

========================================================================
Received Import Request.
  Time since last request: 0.000026 seconds.
  path: Assets/CorgiEngine/Demos/Minimal/Prefabs/ItemPickers/YellowKeyPicker.prefab
  artifactKey: Guid(7374ceb9f0821d644a437d55dbe8667c) Importer(2089858483,192608db42251d675da83286b1cce702)
Start importing Assets/CorgiEngine/Demos/Minimal/Prefabs/ItemPickers/YellowKeyPicker.prefab using Guid(7374ceb9f0821d644a437d55dbe8667c) Importer(2089858483,192608db42251d675da83286b1cce702) (ScriptedImporter) -> (artifact id: '05697e0e8f14d1480c25c2b0f6acea09') in 0.0486599 seconds
Number of updated asset objects reloaded before import = 0Number of asset objects unloaded after import = 21

========================================================================
Received Import Request.
  Time since last request: 0.000024 seconds.
  path: Assets/CorgiEngine/Demos/Minimal/Prefabs/OneWayPlatforms/OneWayPlatform500x25.prefab
  artifactKey: Guid(34b1c539aa10dbf46aebfc829037d0c3) Importer(2089858483,192608db42251d675da83286b1cce702)
Start importing Assets/CorgiEngine/Demos/Minimal/Prefabs/OneWayPlatforms/OneWayPlatform500x25.prefab using Guid(34b1c539aa10dbf46aebfc829037d0c3) Importer(2089858483,192608db42251d675da83286b1cce702) (ScriptedImporter) -> (artifact id: '68e5a5e5965cae032314cd6305da4f07') in 0.0362468 seconds
Number of updated asset objects reloaded before import = 0Number of asset objects unloaded after import = 8

========================================================================
Received Import Request.
  Time since last request: 0.000020 seconds.
  path: Assets/CorgiEngine/Demos/Retro/Sprites/RetroElementalDamage/RetroFire.png
  artifactKey: Guid(f37fd1d277811864f9dee2597321c49b) Importer(2089858483,192608db42251d675da83286b1cce702)
Start importing Assets/CorgiEngine/Demos/Retro/Sprites/RetroElementalDamage/RetroFire.png using Guid(f37fd1d277811864f9dee2597321c49b) Importer(2089858483,192608db42251d675da83286b1cce702) (ScriptedImporter) -> (artifact id: 'e1237c5c687b404ce0c946d377676b0e') in 0.0514298 seconds
Number of updated asset objects reloaded before import = 0Number of asset objects unloaded after import = 6

========================================================================
Received Import Request.
  Time since last request: 0.000027 seconds.
  path: Assets/CorgiEngine/Demos/Retro/Sprites/RetroBoss/RetroBossIdle.png
  artifactKey: Guid(bfdedc50ac7b99d429e2eda1ae1f0962) Importer(2089858483,192608db42251d675da83286b1cce702)
Start importing Assets/CorgiEngine/Demos/Retro/Sprites/RetroBoss/RetroBossIdle.png using Guid(bfdedc50ac7b99d429e2eda1ae1f0962) Importer(2089858483,192608db42251d675da83286b1cce702) (ScriptedImporter) -> (artifact id: 'fa8ec9db44dab021a42cfb12a1cf5cca') in 0.0613302 seconds
Number of updated asset objects reloaded before import = 0Number of asset objects unloaded after import = 6

========================================================================
Received Import Request.
  Time since last request: 0.000027 seconds.
  path: Assets/CorgiEngine/Demos/Minimal/Prefabs/ItemPickers/TeddyPicker.prefab
  artifactKey: Guid(a87273fc6e883734cbb09566eb93e798) Importer(2089858483,192608db42251d675da83286b1cce702)
Start importing Assets/CorgiEngine/Demos/Minimal/Prefabs/ItemPickers/TeddyPicker.prefab using Guid(a87273fc6e883734cbb09566eb93e798) Importer(2089858483,192608db42251d675da83286b1cce702) (ScriptedImporter) -> (artifact id: '5396a0eedee67bda4973c8487872c5cb') in 0.0472032 seconds
Number of updated asset objects reloaded before import = 0Number of asset objects unloaded after import = 21

========================================================================
Received Import Request.
  Time since last request: 0.000019 seconds.
  path: Assets/CorgiEngine/Demos/Minimal/Prefabs/Weapons/MinimalAimMarker.prefab
  artifactKey: Guid(16c0e764c3c2b2342b7d70dceff36e60) Importer(2089858483,192608db42251d675da83286b1cce702)
Start importing Assets/CorgiEngine/Demos/Minimal/Prefabs/Weapons/MinimalAimMarker.prefab using Guid(16c0e764c3c2b2342b7d70dceff36e60) Importer(2089858483,192608db42251d675da83286b1cce702) (ScriptedImporter) -> (artifact id: '7c2a91af5b2714b114095990fcca1590') in 0.0359757 seconds
Number of updated asset objects reloaded before import = 0Number of asset objects unloaded after import = 24

========================================================================
Received Import Request.
  Time since last request: 0.000024 seconds.
  path: Assets/CorgiEngine/Demos/Retro/Prefabs/Enemies/RetroRabbitBoss.prefab
  artifactKey: Guid(bc28339b89f2a6d40ad9f521e4cd9b05) Importer(2089858483,192608db42251d675da83286b1cce702)
Start importing Assets/CorgiEngine/Demos/Retro/Prefabs/Enemies/RetroRabbitBoss.prefab using Guid(bc28339b89f2a6d40ad9f521e4cd9b05) Importer(2089858483,192608db42251d675da83286b1cce702) (ScriptedImporter) -> (artifact id: '2ec1061200519ebb749bb22340b2a519') in 0.2005222 seconds
Number of updated asset objects reloaded before import = 0Number of asset objects unloaded after import = 234

========================================================================
Received Import Request.
  Time since last request: 0.000029 seconds.
  path: Assets/CorgiEngine/Demos/Minimal/Prefabs/ItemPickers/ChickenPicker.prefab
  artifactKey: Guid(ff1d80052fa9a0b4aac07218963c5634) Importer(2089858483,192608db42251d675da83286b1cce702)
Start importing Assets/CorgiEngine/Demos/Minimal/Prefabs/ItemPickers/ChickenPicker.prefab using Guid(ff1d80052fa9a0b4aac07218963c5634) Importer(2089858483,192608db42251d675da83286b1cce702) (ScriptedImporter) -> (artifact id: '264b611b38558af754735a6b3d4cdf90') in 0.0500121 seconds
Number of updated asset objects reloaded before import = 0Number of asset objects unloaded after import = 21

========================================================================
Received Import Request.
  Time since last request: 0.000038 seconds.
  path: Assets/CorgiEngine/Demos/Corgi3D/Models/NewCorgi3D/NewCorgi@Fall.fbx
  artifactKey: Guid(38e238712b39bc94b8c6392ce9f1be0b) Importer(2089858483,192608db42251d675da83286b1cce702)
Start importing Assets/CorgiEngine/Demos/Corgi3D/Models/NewCorgi3D/NewCorgi@Fall.fbx using Guid(38e238712b39bc94b8c6392ce9f1be0b) Importer(2089858483,192608db42251d675da83286b1cce702) (ScriptedImporter) -> (artifact id: '59e37a6136ebbee011b1b7a61e88f53a') in 0.0423653 seconds
Number of updated asset objects reloaded before import = 0Number of asset objects unloaded after import = 57

========================================================================
Received Import Request.
  Time since last request: 0.000026 seconds.
  path: Assets/CorgiEngine/Demos/Corgi2D/Sprites/Enemies/cactus.png
  artifactKey: Guid(51aa7018dd6e7e347928f2ba4aba0ef5) Importer(2089858483,192608db42251d675da83286b1cce702)
Start importing Assets/CorgiEngine/Demos/Corgi2D/Sprites/Enemies/cactus.png using Guid(51aa7018dd6e7e347928f2ba4aba0ef5) Importer(2089858483,192608db42251d675da83286b1cce702) (ScriptedImporter) -> (artifact id: 'bf7388b9913d399fcc2639550a8bb1c8') in 0.1724653 seconds
Number of updated asset objects reloaded before import = 0Number of asset objects unloaded after import = 42

========================================================================
Received Import Request.
  Time since last request: 0.000043 seconds.
  path: Assets/CorgiEngine/Demos/Minimal/Prefabs/Props/Jumper.prefab
  artifactKey: Guid(5615eafa66b59a64a957d2322158390e) Importer(2089858483,192608db42251d675da83286b1cce702)
Start importing Assets/CorgiEngine/Demos/Minimal/Prefabs/Props/Jumper.prefab using Guid(5615eafa66b59a64a957d2322158390e) Importer(2089858483,192608db42251d675da83286b1cce702) (ScriptedImporter) -> (artifact id: 'c640c618fc4a202aeea05a6f591af255') in 0.0396323 seconds
Number of updated asset objects reloaded before import = 0Number of asset objects unloaded after import = 16

========================================================================
Received Import Request.
  Time since last request: 0.000037 seconds.
  path: Assets/CorgiEngine/Demos/Retro/Prefabs/Weapons/RetroBossLeftGunWeapon.prefab
  artifactKey: Guid(bff372b93d55e7640a8d41185512df98) Importer(2089858483,192608db42251d675da83286b1cce702)
Start importing Assets/CorgiEngine/Demos/Retro/Prefabs/Weapons/RetroBossLeftGunWeapon.prefab using Guid(bff372b93d55e7640a8d41185512df98) Importer(2089858483,192608db42251d675da83286b1cce702) (ScriptedImporter) -> (artifact id: '00cfb24d92d2e5ab8d5a55d57f9f8968') in 0.0756397 seconds
Number of updated asset objects reloaded before import = 0Number of asset objects unloaded after import = 50

========================================================================
Received Import Request.
  Time since last request: 0.000026 seconds.
  path: Assets/CorgiEngine/Demos/Retro/Sprites/RetroBackgrounds/RetroMountainsBackground2.png
  artifactKey: Guid(d5e0fa56b1a35401093ee7c9053ff36c) Importer(2089858483,192608db42251d675da83286b1cce702)
Start importing Assets/CorgiEngine/Demos/Retro/Sprites/RetroBackgrounds/RetroMountainsBackground2.png using Guid(d5e0fa56b1a35401093ee7c9053ff36c) Importer(2089858483,192608db42251d675da83286b1cce702) (ScriptedImporter) -> (artifact id: 'e0e09c90fb39b78f3cebe78c0302d03c') in 0.039045 seconds
Number of updated asset objects reloaded before import = 0Number of asset objects unloaded after import = 1

========================================================================
Received Import Request.
  Time since last request: 0.000020 seconds.
  path: Assets/CorgiEngine/Demos/Pixel/Prefabs/Environment/brick.prefab
  artifactKey: Guid(1c85911c57fbb7249a3baac8cfbede21) Importer(2089858483,192608db42251d675da83286b1cce702)
Start importing Assets/CorgiEngine/Demos/Pixel/Prefabs/Environment/brick.prefab using Guid(1c85911c57fbb7249a3baac8cfbede21) Importer(2089858483,192608db42251d675da83286b1cce702) (ScriptedImporter) -> (artifact id: '3d2d0fb1f05d45cdf25d3f3fb263c3c6') in 0.0323553 seconds
Number of updated asset objects reloaded before import = 0Number of asset objects unloaded after import = 8

========================================================================
Received Import Request.
  Time since last request: 0.000021 seconds.
  path: Assets/CorgiEngine/Demos/Retro/Prefabs/VFX/RetroDamageParticles.prefab
  artifactKey: Guid(dc68fd5bceccc3c41b664794951b0871) Importer(2089858483,192608db42251d675da83286b1cce702)
Start importing Assets/CorgiEngine/Demos/Retro/Prefabs/VFX/RetroDamageParticles.prefab using Guid(dc68fd5bceccc3c41b664794951b0871) Importer(2089858483,192608db42251d675da83286b1cce702) (ScriptedImporter) -> (artifact id: 'dc68d3d12078d180ecd9eb4de6120692') in 0.0767447 seconds
Number of updated asset objects reloaded before import = 0Number of asset objects unloaded after import = 10

========================================================================
Received Import Request.
  Time since last request: 0.000028 seconds.
  path: Assets/CorgiEngine/Demos/Corgi2D/Sprites/SpaceCorgi/spacecorgi_flat-idle.png
  artifactKey: Guid(461ffb4966130294c94800f62997ee56) Importer(2089858483,192608db42251d675da83286b1cce702)
Start importing Assets/CorgiEngine/Demos/Corgi2D/Sprites/SpaceCorgi/spacecorgi_flat-idle.png using Guid(461ffb4966130294c94800f62997ee56) Importer(2089858483,192608db42251d675da83286b1cce702) (ScriptedImporter) -> (artifact id: 'a3a8192c12e477a9c25eff460321c6c7') in 0.1371534 seconds
Number of updated asset objects reloaded before import = 0Number of asset objects unloaded after import = 31

========================================================================
Received Import Request.
  Time since last request: 0.000036 seconds.
  path: Assets/CorgiEngine/Demos/Minimal/Prefabs/Props/Wind.prefab
  artifactKey: Guid(0446499a479df7243b848b56781221d2) Importer(2089858483,192608db42251d675da83286b1cce702)
Start importing Assets/CorgiEngine/Demos/Minimal/Prefabs/Props/Wind.prefab using Guid(0446499a479df7243b848b56781221d2) Importer(2089858483,192608db42251d675da83286b1cce702) (ScriptedImporter) -> (artifact id: 'cc3af92706f5f2f29830b7685b4e02f9') in 0.0429387 seconds
Number of updated asset objects reloaded before import = 0Number of asset objects unloaded after import = 9

========================================================================
Received Import Request.
  Time since last request: 0.000035 seconds.
  path: Assets/CorgiEngine/Demos/Retro/Prefabs/Props/RetroLedgeLeft.prefab
  artifactKey: Guid(9fed3037458430741a6662fc80059308) Importer(2089858483,192608db42251d675da83286b1cce702)
Start importing Assets/CorgiEngine/Demos/Retro/Prefabs/Props/RetroLedgeLeft.prefab using Guid(9fed3037458430741a6662fc80059308) Importer(2089858483,192608db42251d675da83286b1cce702) (ScriptedImporter) -> (artifact id: '54c0fed8924ea58a3beaa7ccde09033f') in 0.0358339 seconds
Number of updated asset objects reloaded before import = 0Number of asset objects unloaded after import = 9

========================================================================
Received Import Request.
  Time since last request: 0.000021 seconds.
  path: Assets/CorgiEngine/Demos/Minimal/Prefabs/Platforms/Platform300x100.prefab
  artifactKey: Guid(f8d692c45dc507a46a06ae37ccb0bd88) Importer(2089858483,192608db42251d675da83286b1cce702)
Start importing Assets/CorgiEngine/Demos/Minimal/Prefabs/Platforms/Platform300x100.prefab using Guid(f8d692c45dc507a46a06ae37ccb0bd88) Importer(2089858483,192608db42251d675da83286b1cce702) (ScriptedImporter) -> (artifact id: 'c60d8060cd73503c41b16fbe1375ae9a') in 0.0392685 seconds
Number of updated asset objects reloaded before import = 0Number of asset objects unloaded after import = 8

========================================================================
Received Import Request.
  Time since last request: 0.000033 seconds.
  path: Assets/CorgiEngine/Demos/Retro/Prefabs/Weapons/RetroSpacemanMachineGun.prefab
  artifactKey: Guid(ffadbc355b76b47cfb0de0739e1d09b1) Importer(2089858483,192608db42251d675da83286b1cce702)
Start importing Assets/CorgiEngine/Demos/Retro/Prefabs/Weapons/RetroSpacemanMachineGun.prefab using Guid(ffadbc355b76b47cfb0de0739e1d09b1) Importer(2089858483,192608db42251d675da83286b1cce702) (ScriptedImporter) -> (artifact id: '65b87d781803c40db6a5cbab9c8662e0') in 0.0767028 seconds
Number of updated asset objects reloaded before import = 0Number of asset objects unloaded after import = 63

========================================================================
Received Import Request.
  Time since last request: 0.000024 seconds.
  path: Assets/CorgiEngine/Demos/Retro/Prefabs/Weapons/RetroComboSword.prefab
  artifactKey: Guid(804a6978904b4ac4e9adc187c6fa72be) Importer(2089858483,192608db42251d675da83286b1cce702)
Start importing Assets/CorgiEngine/Demos/Retro/Prefabs/Weapons/RetroComboSword.prefab using Guid(804a6978904b4ac4e9adc187c6fa72be) Importer(2089858483,192608db42251d675da83286b1cce702) (ScriptedImporter) -> (artifact id: '4f7a7f7525c9d2c2af8cdbe0f6e48911') in 0.1141503 seconds
Number of updated asset objects reloaded before import = 0Number of asset objects unloaded after import = 20

========================================================================
Received Import Request.
  Time since last request: 0.000023 seconds.
  path: Assets/CorgiEngine/Demos/Minimal/Sprites/Background/PrototypeBackgroundMaterial.mat
  artifactKey: Guid(133b0ff1159ab7b4298b20c9f9fb75fa) Importer(2089858483,192608db42251d675da83286b1cce702)
Start importing Assets/CorgiEngine/Demos/Minimal/Sprites/Background/PrototypeBackgroundMaterial.mat using Guid(133b0ff1159ab7b4298b20c9f9fb75fa) Importer(2089858483,192608db42251d675da83286b1cce702) (ScriptedImporter) -> (artifact id: '7ff09d9126ca91943a1b9cca18d2cb37') in 0.0341836 seconds
Number of updated asset objects reloaded before import = 0Number of asset objects unloaded after import = 2

========================================================================
Received Import Request.
  Time since last request: 0.000032 seconds.
  path: Assets/CorgiEngine/Demos/Retro/Prefabs/Enemies/RetroBlobFlying.prefab
  artifactKey: Guid(780440eb3cf920b41a06f9e8ffbff9b7) Importer(2089858483,192608db42251d675da83286b1cce702)
Start importing Assets/CorgiEngine/Demos/Retro/Prefabs/Enemies/RetroBlobFlying.prefab using Guid(780440eb3cf920b41a06f9e8ffbff9b7) Importer(2089858483,192608db42251d675da83286b1cce702) (ScriptedImporter) -> (artifact id: '148acc7142d5d8bf2ea54440f478d328') in 0.1460991 seconds
Number of updated asset objects reloaded before import = 0Number of asset objects unloaded after import = 58

========================================================================
Received Import Request.
  Time since last request: 0.000030 seconds.
  path: Assets/CorgiEngine/Demos/Minimal/Sprites/Props/RopeSpritesheet.png
  artifactKey: Guid(d6e7588c949476f42aea36878bc9585c) Importer(2089858483,192608db42251d675da83286b1cce702)
Start importing Assets/CorgiEngine/Demos/Minimal/Sprites/Props/RopeSpritesheet.png using Guid(d6e7588c949476f42aea36878bc9585c) Importer(2089858483,192608db42251d675da83286b1cce702) (ScriptedImporter) -> (artifact id: '898cbb4327fd658af5a7d0178ffc97ff') in 0.2934987 seconds
Number of updated asset objects reloaded before import = 0Number of asset objects unloaded after import = 62

========================================================================
Received Import Request.
  Time since last request: 0.000032 seconds.
  path: Assets/CorgiEngine/Demos/Minimal/Prefabs/Props/Ladder.prefab
  artifactKey: Guid(fe33994298be8d445a3955144199d82b) Importer(2089858483,192608db42251d675da83286b1cce702)
Start importing Assets/CorgiEngine/Demos/Minimal/Prefabs/Props/Ladder.prefab using Guid(fe33994298be8d445a3955144199d82b) Importer(2089858483,192608db42251d675da83286b1cce702) (ScriptedImporter) -> (artifact id: '3bc02fa0c5b2a16d7f03a8af172ce216') in 0.0432335 seconds
Number of updated asset objects reloaded before import = 0Number of asset objects unloaded after import = 12

========================================================================
Received Import Request.
  Time since last request: 0.000036 seconds.
  path: Assets/CorgiEngine/Demos/Corgi3D/Prefabs/PlatformsYellow/point5xpoint5 Yellow.prefab
  artifactKey: Guid(668fdf9dc2b8ad847aefffe5fb275613) Importer(2089858483,192608db42251d675da83286b1cce702)
Start importing Assets/CorgiEngine/Demos/Corgi3D/Prefabs/PlatformsYellow/point5xpoint5 Yellow.prefab using Guid(668fdf9dc2b8ad847aefffe5fb275613) Importer(2089858483,192608db42251d675da83286b1cce702) (ScriptedImporter) -> (artifact id: '8cae49bb73755b47b5772b91ee5e8d9b') in 0.0342803 seconds
Number of updated asset objects reloaded before import = 0Number of asset objects unloaded after import = 8

========================================================================
Received Import Request.
  Time since last request: 0.000021 seconds.
  path: Assets/CorgiEngine/Demos/Retro/Prefabs/Props/RetroJumper.prefab
  artifactKey: Guid(57254eb3dcae14f41aa819b0db36da33) Importer(2089858483,192608db42251d675da83286b1cce702)
Start importing Assets/CorgiEngine/Demos/Retro/Prefabs/Props/RetroJumper.prefab using Guid(57254eb3dcae14f41aa819b0db36da33) Importer(2089858483,192608db42251d675da83286b1cce702) (ScriptedImporter) -> (artifact id: 'afe0601b8ab4ae21d11e65b7ba3892c1') in 0.0428134 seconds
Number of updated asset objects reloaded before import = 0Number of asset objects unloaded after import = 16

========================================================================
Received Import Request.
  Time since last request: 0.000022 seconds.
  path: Assets/CorgiEngine/Demos/Corgi2D/Sprites/SpaceCorgi/spacecorgi_flat-lookUp.png
  artifactKey: Guid(38b63c01f9d61ae4bab3f727844c99d3) Importer(2089858483,192608db42251d675da83286b1cce702)
Start importing Assets/CorgiEngine/Demos/Corgi2D/Sprites/SpaceCorgi/spacecorgi_flat-lookUp.png using Guid(38b63c01f9d61ae4bab3f727844c99d3) Importer(2089858483,192608db42251d675da83286b1cce702) (ScriptedImporter) -> (artifact id: '60a73af0b538ace78c86570073c3218d') in 0.0783605 seconds
Number of updated asset objects reloaded before import = 0Number of asset objects unloaded after import = 13

========================================================================
Received Import Request.
  Time since last request: 0.000021 seconds.
  path: Assets/CorgiEngine/Demos/Minimal/Prefabs/ItemPickers/InventoryCoinPicker.prefab
  artifactKey: Guid(035b1ce013449bd47bbe1ab049abe0e6) Importer(2089858483,192608db42251d675da83286b1cce702)
Start importing Assets/CorgiEngine/Demos/Minimal/Prefabs/ItemPickers/InventoryCoinPicker.prefab using Guid(035b1ce013449bd47bbe1ab049abe0e6) Importer(2089858483,192608db42251d675da83286b1cce702) (ScriptedImporter) -> (artifact id: 'fe0bb8b35a06d23287ca3bf5a20d8875') in 0.0482496 seconds
Number of updated asset objects reloaded before import = 0Number of asset objects unloaded after import = 22

========================================================================
Received Import Request.
  Time since last request: 0.000026 seconds.
  path: Assets/CorgiEngine/Demos/Retro/Sprites/RetroEnemies/RetroFireball.png
  artifactKey: Guid(983fb2a0020c25346aa48620c648fc5b) Importer(2089858483,192608db42251d675da83286b1cce702)
Start importing Assets/CorgiEngine/Demos/Retro/Sprites/RetroEnemies/RetroFireball.png using Guid(983fb2a0020c25346aa48620c648fc5b) Importer(2089858483,192608db42251d675da83286b1cce702) (ScriptedImporter) -> (artifact id: 'c160ffe91d4a60e8b3b64c04da61f0da') in 0.0443777 seconds
Number of updated asset objects reloaded before import = 0Number of asset objects unloaded after import = 4

========================================================================
Received Import Request.
  Time since last request: 0.000027 seconds.
  path: Assets/CorgiEngine/Demos/Retro/Prefabs/Props/RetroCorgiPushableBlock.prefab
  artifactKey: Guid(0a903c9ea1f6eee41b9894ae1f3df748) Importer(2089858483,192608db42251d675da83286b1cce702)
Start importing Assets/CorgiEngine/Demos/Retro/Prefabs/Props/RetroCorgiPushableBlock.prefab using Guid(0a903c9ea1f6eee41b9894ae1f3df748) Importer(2089858483,192608db42251d675da83286b1cce702) (ScriptedImporter) -> (artifact id: '6deafe406e0a6b188d4b5dececd80c2f') in 0.052407 seconds
Number of updated asset objects reloaded before import = 0Number of asset objects unloaded after import = 11

========================================================================
Received Import Request.
  Time since last request: 0.000023 seconds.
  path: Assets/CorgiEngine/Demos/Corgi2D/Prefabs/Items/stimpack.prefab
  artifactKey: Guid(74da62f5d24d83443a3d0b3fc5d86f6c) Importer(2089858483,192608db42251d675da83286b1cce702)
Start importing Assets/CorgiEngine/Demos/Corgi2D/Prefabs/Items/stimpack.prefab using Guid(74da62f5d24d83443a3d0b3fc5d86f6c) Importer(2089858483,192608db42251d675da83286b1cce702) (ScriptedImporter) -> (artifact id: 'c71ca7235529908e650466a358a49803') in 0.0319113 seconds
Number of updated asset objects reloaded before import = 0Number of asset objects unloaded after import = 23

========================================================================
Received Import Request.
  Time since last request: 0.000032 seconds.
  path: Assets/CorgiEngine/Demos/Corgi3D/Textures/PrototypeBlocks/4x1Blue.png
  artifactKey: Guid(18b49463ceac42b47b1dea06858effaf) Importer(2089858483,192608db42251d675da83286b1cce702)
Start importing Assets/CorgiEngine/Demos/Corgi3D/Textures/PrototypeBlocks/4x1Blue.png using Guid(18b49463ceac42b47b1dea06858effaf) Importer(2089858483,192608db42251d675da83286b1cce702) (ScriptedImporter) -> (artifact id: '5ab79ccfeafaf3b8924eafc754c2de76') in 0.0443932 seconds
Number of updated asset objects reloaded before import = 0Number of asset objects unloaded after import = 1

========================================================================
Received Import Request.
  Time since last request: 0.000063 seconds.
  path: Assets/CorgiEngine/Demos/Corgi2D/Sprites/SpaceCorgi/spacecorgi_flat-dash.png
  artifactKey: Guid(8dc60e8d54cf3f447971fc3167bcad92) Importer(2089858483,192608db42251d675da83286b1cce702)
Start importing Assets/CorgiEngine/Demos/Corgi2D/Sprites/SpaceCorgi/spacecorgi_flat-dash.png using Guid(8dc60e8d54cf3f447971fc3167bcad92) Importer(2089858483,192608db42251d675da83286b1cce702) (ScriptedImporter) -> (artifact id: 'b8f46458c0c80823b390f447a9505e6e') in 0.0713417 seconds
Number of updated asset objects reloaded before import = 0Number of asset objects unloaded after import = 10

========================================================================
Received Import Request.
  Time since last request: 0.000023 seconds.
  path: Assets/CorgiEngine/Demos/Corgi2D/Sprites/Items/timeSlower.png
  artifactKey: Guid(1f2ffaf3796de4f2ea1dde598a569a32) Importer(2089858483,192608db42251d675da83286b1cce702)
Start importing Assets/CorgiEngine/Demos/Corgi2D/Sprites/Items/timeSlower.png using Guid(1f2ffaf3796de4f2ea1dde598a569a32) Importer(2089858483,192608db42251d675da83286b1cce702) (ScriptedImporter) -> (artifact id: 'ba1ca4321b6da72161c213c44fa45173') in 0.0372463 seconds
Number of updated asset objects reloaded before import = 0Number of asset objects unloaded after import = 3

========================================================================
Received Import Request.
  Time since last request: 0.000025 seconds.
  path: Assets/CorgiEngine/Demos/Retro/Prefabs/Props/RetroWindZone.prefab
  artifactKey: Guid(ba276f54325574594b57a65486330485) Importer(2089858483,192608db42251d675da83286b1cce702)
Start importing Assets/CorgiEngine/Demos/Retro/Prefabs/Props/RetroWindZone.prefab using Guid(ba276f54325574594b57a65486330485) Importer(2089858483,192608db42251d675da83286b1cce702) (ScriptedImporter) -> (artifact id: 'f69268fd57e364ebde2d9cd3ba7a0763') in 0.0333352 seconds
Number of updated asset objects reloaded before import = 0Number of asset objects unloaded after import = 10

========================================================================
Received Import Request.
  Time since last request: 0.000033 seconds.
  path: Assets/CorgiEngine/Demos/Minimal/Prefabs/Platforms/Platform100x400.prefab
  artifactKey: Guid(cfd4453622cfbda40ba54f5c732cbf77) Importer(2089858483,192608db42251d675da83286b1cce702)
Start importing Assets/CorgiEngine/Demos/Minimal/Prefabs/Platforms/Platform100x400.prefab using Guid(cfd4453622cfbda40ba54f5c732cbf77) Importer(2089858483,192608db42251d675da83286b1cce702) (ScriptedImporter) -> (artifact id: '461a8c7025417f78876a664799471dc1') in 0.0331003 seconds
Number of updated asset objects reloaded before import = 0Number of asset objects unloaded after import = 8

========================================================================
Received Import Request.
  Time since last request: 0.000025 seconds.
  path: Assets/CorgiEngine/Demos/Minimal/Sprites/Props/MinimalItems3.png
  artifactKey: Guid(cbe6a13aa05c7bb41a0129e6f1028fda) Importer(2089858483,192608db42251d675da83286b1cce702)
Start importing Assets/CorgiEngine/Demos/Minimal/Sprites/Props/MinimalItems3.png using Guid(cbe6a13aa05c7bb41a0129e6f1028fda) Importer(2089858483,192608db42251d675da83286b1cce702) (ScriptedImporter) -> (artifact id: 'e5be356a61c461c9d50b91ccf29e7636') in 0.0466181 seconds
Number of updated asset objects reloaded before import = 0Number of asset objects unloaded after import = 4

========================================================================
Received Import Request.
  Time since last request: 0.000023 seconds.
  path: Assets/CorgiEngine/Demos/Retro/Prefabs/Backgrounds/RetroForestBackground.prefab
  artifactKey: Guid(fe205f7aa415f7e488a874762a516fd0) Importer(2089858483,192608db42251d675da83286b1cce702)
Start importing Assets/CorgiEngine/Demos/Retro/Prefabs/Backgrounds/RetroForestBackground.prefab using Guid(fe205f7aa415f7e488a874762a516fd0) Importer(2089858483,192608db42251d675da83286b1cce702) (ScriptedImporter) -> (artifact id: 'a211ffa72602cd30e164a73dae65cfca') in 0.0214902 seconds
Number of updated asset objects reloaded before import = 0Number of asset objects unloaded after import = 28

========================================================================
Received Import Request.
  Time since last request: 0.000023 seconds.
  path: Assets/CorgiEngine/Demos/Minimal/Sprites/Rectangle/RectangleDash.png
  artifactKey: Guid(b0069ec2a6a69574da6460aa2c20286a) Importer(2089858483,192608db42251d675da83286b1cce702)
Start importing Assets/CorgiEngine/Demos/Minimal/Sprites/Rectangle/RectangleDash.png using Guid(b0069ec2a6a69574da6460aa2c20286a) Importer(2089858483,192608db42251d675da83286b1cce702) (ScriptedImporter) -> (artifact id: 'de1c786cd5474dc1126261881b569b31') in 0.1584259 seconds
Number of updated asset objects reloaded before import = 0Number of asset objects unloaded after import = 32

========================================================================
Received Import Request.
  Time since last request: 0.000040 seconds.
  path: Assets/CorgiEngine/Demos/Retro/Prefabs/Props/Door.prefab
  artifactKey: Guid(3f9d630c72e724261836ed139e087401) Importer(2089858483,192608db42251d675da83286b1cce702)
Start importing Assets/CorgiEngine/Demos/Retro/Prefabs/Props/Door.prefab using Guid(3f9d630c72e724261836ed139e087401) Importer(2089858483,192608db42251d675da83286b1cce702) (ScriptedImporter) -> (artifact id: '1087b49d68966263c68ebdf0775f3626') in 0.0624195 seconds
Number of updated asset objects reloaded before import = 0Number of asset objects unloaded after import = 44

========================================================================
Received Import Request.
  Time since last request: 0.000045 seconds.
  path: Assets/CorgiEngine/Demos/Minimal/Prefabs/AI/MinimalPerformanceEnemy+Platforms.prefab
  artifactKey: Guid(a4e96e9fddbbb1946a8fefe8eca1ea7c) Importer(2089858483,192608db42251d675da83286b1cce702)
Start importing Assets/CorgiEngine/Demos/Minimal/Prefabs/AI/MinimalPerformanceEnemy+Platforms.prefab using Guid(a4e96e9fddbbb1946a8fefe8eca1ea7c) Importer(2089858483,192608db42251d675da83286b1cce702) (ScriptedImporter) -> (artifact id: 'd97e2fa3827498f35e44fd810c1985f0') in 0.0581279 seconds
Number of updated asset objects reloaded before import = 0Number of asset objects unloaded after import = 65

========================================================================
Received Import Request.
  Time since last request: 0.000031 seconds.
  path: Assets/CorgiEngine/Demos/Retro/Prefabs/VFX/RetroYellowDeathParticles.prefab
  artifactKey: Guid(b79fb00a22e3d2d4b8d056ce0b2395ea) Importer(2089858483,192608db42251d675da83286b1cce702)
Start importing Assets/CorgiEngine/Demos/Retro/Prefabs/VFX/RetroYellowDeathParticles.prefab using Guid(b79fb00a22e3d2d4b8d056ce0b2395ea) Importer(2089858483,192608db42251d675da83286b1cce702) (ScriptedImporter) -> (artifact id: 'dda01ce4bdf158fb290683d38e5aebde') in 0.080847 seconds
Number of updated asset objects reloaded before import = 0Number of asset objects unloaded after import = 10

========================================================================
Received Import Request.
  Time since last request: 0.000024 seconds.
  path: Assets/CorgiEngine/Demos/Retro/Prefabs/Enemies/RetroGhost.prefab
  artifactKey: Guid(5b5c95ee342ec9044abeecd353d082a1) Importer(2089858483,192608db42251d675da83286b1cce702)
Start importing Assets/CorgiEngine/Demos/Retro/Prefabs/Enemies/RetroGhost.prefab using Guid(5b5c95ee342ec9044abeecd353d082a1) Importer(2089858483,192608db42251d675da83286b1cce702) (ScriptedImporter) -> (artifact id: 'd0de79068bdea7c8ca5462cc4cbf00d6') in 0.1499071 seconds
Number of updated asset objects reloaded before import = 0Number of asset objects unloaded after import = 54

========================================================================
Received Import Request.
  Time since last request: 0.000029 seconds.
  path: Assets/CorgiEngine/Demos/Retro/Prefabs/Props/RetroLevelEnd.prefab
  artifactKey: Guid(e1ead83d3be514e2086688375a354814) Importer(2089858483,192608db42251d675da83286b1cce702)
Start importing Assets/CorgiEngine/Demos/Retro/Prefabs/Props/RetroLevelEnd.prefab using Guid(e1ead83d3be514e2086688375a354814) Importer(2089858483,192608db42251d675da83286b1cce702) (ScriptedImporter) -> (artifact id: 'ed7df3a90a5f40a9819cd540f38e9ab1') in 0.0691435 seconds
Number of updated asset objects reloaded before import = 0Number of asset objects unloaded after import = 9

========================================================================
Received Import Request.
  Time since last request: 0.000029 seconds.
  path: Assets/CorgiEngine/Demos/Retro/Prefabs/VFX/RetroPixelExplosion1.prefab
  artifactKey: Guid(c0e2dbf5e45f7f4478a1adeabf8f75d5) Importer(2089858483,192608db42251d675da83286b1cce702)
Start importing Assets/CorgiEngine/Demos/Retro/Prefabs/VFX/RetroPixelExplosion1.prefab using Guid(c0e2dbf5e45f7f4478a1adeabf8f75d5) Importer(2089858483,192608db42251d675da83286b1cce702) (ScriptedImporter) -> (artifact id: '4f3fb29c790e49017d1e7b5aae504dad') in 0.0777347 seconds
Number of updated asset objects reloaded before import = 0Number of asset objects unloaded after import = 34

========================================================================
Received Import Request.
  Time since last request: 0.000027 seconds.
  path: Assets/CorgiEngine/Demos/Minimal/Prefabs/Platforms/Platform100x1000.prefab
  artifactKey: Guid(ce0837de5d2b5d140aea3195484dca8a) Importer(2089858483,192608db42251d675da83286b1cce702)
Start importing Assets/CorgiEngine/Demos/Minimal/Prefabs/Platforms/Platform100x1000.prefab using Guid(ce0837de5d2b5d140aea3195484dca8a) Importer(2089858483,192608db42251d675da83286b1cce702) (ScriptedImporter) -> (artifact id: '4c336efd3e8e0af2ec5616c6ca5d8390') in 0.0367702 seconds
Number of updated asset objects reloaded before import = 0Number of asset objects unloaded after import = 8

========================================================================
Received Import Request.
  Time since last request: 0.000025 seconds.
  path: Assets/CorgiEngine/Demos/Minimal/Sprites/Blocks/blocks.png
  artifactKey: Guid(dbb1ff0fb3145da4581e36c16ce3cb72) Importer(2089858483,192608db42251d675da83286b1cce702)
Start importing Assets/CorgiEngine/Demos/Minimal/Sprites/Blocks/blocks.png using Guid(dbb1ff0fb3145da4581e36c16ce3cb72) Importer(2089858483,192608db42251d675da83286b1cce702) (ScriptedImporter) -> (artifact id: '7fa1d25fca1c5b13358593ca1c3048f5') in 0.1894765 seconds
Number of updated asset objects reloaded before import = 0Number of asset objects unloaded after import = 55

========================================================================
Received Import Request.
  Time since last request: 5.528695 seconds.
  path: Assets/CorgiEngine/Demos/Retro/Sprites/RetroPlatforms/RetroYellowPlatform.png
  artifactKey: Guid(162437533948f458c8c6fceb33dde7c1) Importer(2089858483,192608db42251d675da83286b1cce702)
Start importing Assets/CorgiEngine/Demos/Retro/Sprites/RetroPlatforms/RetroYellowPlatform.png using Guid(162437533948f458c8c6fceb33dde7c1) Importer(2089858483,192608db42251d675da83286b1cce702) (ScriptedImporter) -> (artifact id: 'c6bea0bd9c9aa48ee5bbe89e5a9daa22') in 0.1609337 seconds
Number of updated asset objects reloaded before import = 0Number of asset objects unloaded after import = 32

========================================================================
Received Import Request.
  Time since last request: 0.000037 seconds.
  path: Assets/CorgiEngine/Demos/Corgi2D/Animations/SpaceCorgi/SpaceCorgiJump/spaceCorgiJump13.anim
  artifactKey: Guid(2f4417368c797014893dd6b88ceb1197) Importer(2089858483,192608db42251d675da83286b1cce702)
Start importing Assets/CorgiEngine/Demos/Corgi2D/Animations/SpaceCorgi/SpaceCorgiJump/spaceCorgiJump13.anim using Guid(2f4417368c797014893dd6b88ceb1197) Importer(2089858483,192608db42251d675da83286b1cce702) (ScriptedImporter) -> (artifact id: '7be838efdb294d0eb7adadee68041486') in 0.0224084 seconds
Number of updated asset objects reloaded before import = 0Number of asset objects unloaded after import = 1

========================================================================
Received Import Request.
  Time since last request: 0.000097 seconds.
  path: Assets/CorgiEngine/Demos/Retro/Sprites/RetroProps/RetroVerticalDoor.png
  artifactKey: Guid(e45fac697f02c5742bf6513d98285542) Importer(2089858483,192608db42251d675da83286b1cce702)
Start importing Assets/CorgiEngine/Demos/Retro/Sprites/RetroProps/RetroVerticalDoor.png using Guid(e45fac697f02c5742bf6513d98285542) Importer(2089858483,192608db42251d675da83286b1cce702) (ScriptedImporter) -> (artifact id: '4be23a2e1cdaa357d93f6acaf30dc978') in 0.0619062 seconds
Number of updated asset objects reloaded before import = 0Number of asset objects unloaded after import = 3

========================================================================
Received Import Request.
  Time since last request: 0.000022 seconds.
  path: Assets/CorgiEngine/Demos/Corgi2D/Prefabs/Environment/Lava/LavaPlatform14.prefab
  artifactKey: Guid(123673bae40a7ff4383ed20b5adb4372) Importer(2089858483,192608db42251d675da83286b1cce702)
Start importing Assets/CorgiEngine/Demos/Corgi2D/Prefabs/Environment/Lava/LavaPlatform14.prefab using Guid(123673bae40a7ff4383ed20b5adb4372) Importer(2089858483,192608db42251d675da83286b1cce702) (ScriptedImporter) -> (artifact id: '58956da04925599a3e6c944cd43bbeaa') in 0.0635048 seconds
Number of updated asset objects reloaded before import = 0Number of asset objects unloaded after import = 8

========================================================================
Received Import Request.
  Time since last request: 0.000030 seconds.
  path: Assets/CorgiEngine/Demos/Retro/Sprites/RetroVFX/RetroDust.png
  artifactKey: Guid(b44e3fe42e00948009c81fe3cc0dfb33) Importer(2089858483,192608db42251d675da83286b1cce702)
Start importing Assets/CorgiEngine/Demos/Retro/Sprites/RetroVFX/RetroDust.png using Guid(b44e3fe42e00948009c81fe3cc0dfb33) Importer(2089858483,192608db42251d675da83286b1cce702) (ScriptedImporter) -> (artifact id: 'd3b1fa896b4cb95c15c03b2089e2b720') in 0.0557852 seconds
Number of updated asset objects reloaded before import = 0Number of asset objects unloaded after import = 3

========================================================================
Received Import Request.
  Time since last request: 0.000021 seconds.
  path: Assets/CorgiEngine/ThirdParty/MoreMountains/MMTools/Demos/MoreMountains.Tools.Demos.asmref
  artifactKey: Guid(ef404fbee21d25c43828c6a39015f168) Importer(2089858483,192608db42251d675da83286b1cce702)
Start importing Assets/CorgiEngine/ThirdParty/MoreMountains/MMTools/Demos/MoreMountains.Tools.Demos.asmref using Guid(ef404fbee21d25c43828c6a39015f168) Importer(2089858483,192608db42251d675da83286b1cce702) (ScriptedImporter) -> (artifact id: '9dcb878b9ee95e2f1506bd10ead257d7') in 0.0350981 seconds
Number of updated asset objects reloaded before import = 0Number of asset objects unloaded after import = 1

========================================================================
Received Import Request.
  Time since last request: 0.000148 seconds.
  path: Assets/CorgiEngine/Common/Scripts/Agents/AI/Advanced/AIDecisionNextFrame.cs
  artifactKey: Guid(78af24e9f3636734591fe84a621a9542) Importer(2089858483,192608db42251d675da83286b1cce702)
Start importing Assets/CorgiEngine/Common/Scripts/Agents/AI/Advanced/AIDecisionNextFrame.cs using Guid(78af24e9f3636734591fe84a621a9542) Importer(2089858483,192608db42251d675da83286b1cce702) (ScriptedImporter) -> (artifact id: '6c3980b67ad34afc1d1f70c0c52158d0') in 0.0310254 seconds
Number of updated asset objects reloaded before import = 0Number of asset objects unloaded after import = 0

========================================================================
Received Import Request.
  Time since last request: 0.000066 seconds.
  path: Assets/CorgiEngine/Demos/Retro/Tilemaps/RetroCave/RetroCave_14.asset
  artifactKey: Guid(f3349a4a97109b2c9a877ffa60ed3f48) Importer(2089858483,192608db42251d675da83286b1cce702)
Start importing Assets/CorgiEngine/Demos/Retro/Tilemaps/RetroCave/RetroCave_14.asset using Guid(f3349a4a97109b2c9a877ffa60ed3f48) Importer(2089858483,192608db42251d675da83286b1cce702) (ScriptedImporter) -> (artifact id: 'dbf676b439d78f3c5e3527239fa506ac') in 0.0276478 seconds
Number of updated asset objects reloaded before import = 0Number of asset objects unloaded after import = 2

========================================================================
Received Import Request.
  Time since last request: 0.000025 seconds.
  path: Assets/CorgiEngine/Demos/Corgi2D/Prefabs/Environment/Lava/LavaPlatform16.prefab
  artifactKey: Guid(22420d670de7d444d81800d2144f9c2b) Importer(2089858483,192608db42251d675da83286b1cce702)
Start importing Assets/CorgiEngine/Demos/Corgi2D/Prefabs/Environment/Lava/LavaPlatform16.prefab using Guid(22420d670de7d444d81800d2144f9c2b) Importer(2089858483,192608db42251d675da83286b1cce702) (ScriptedImporter) -> (artifact id: 'e3275bf4ddd64c90c4c498329c14983b') in 0.053537 seconds
Number of updated asset objects reloaded before import = 0Number of asset objects unloaded after import = 8

========================================================================
Received Import Request.
  Time since last request: 0.000050 seconds.
  path: Assets/CorgiEngine/Demos/Corgi2D/Prefabs/Environment/Blocks/Ice.prefab
  artifactKey: Guid(dfb6281f308c2c84f98c64c4479be320) Importer(2089858483,192608db42251d675da83286b1cce702)
Start importing Assets/CorgiEngine/Demos/Corgi2D/Prefabs/Environment/Blocks/Ice.prefab using Guid(dfb6281f308c2c84f98c64c4479be320) Importer(2089858483,192608db42251d675da83286b1cce702) (ScriptedImporter) -> (artifact id: '7fb9933f92ef6661447730cf0b4b6d03') in 0.0473593 seconds
Number of updated asset objects reloaded before import = 0Number of asset objects unloaded after import = 9

========================================================================
Received Import Request.
  Time since last request: 0.000019 seconds.
  path: Assets/CorgiEngine/Demos/Corgi2D/Prefabs/Environment/Lava/LavaPlatform11.prefab
  artifactKey: Guid(1e9e13978f523c8448c4fcb59716207e) Importer(2089858483,192608db42251d675da83286b1cce702)
Start importing Assets/CorgiEngine/Demos/Corgi2D/Prefabs/Environment/Lava/LavaPlatform11.prefab using Guid(1e9e13978f523c8448c4fcb59716207e) Importer(2089858483,192608db42251d675da83286b1cce702) (ScriptedImporter) -> (artifact id: 'f09d566d835709f6d55c539b85415c29') in 0.0525529 seconds
Number of updated asset objects reloaded before import = 0Number of asset objects unloaded after import = 8

========================================================================
Received Import Request.
  Time since last request: 0.000032 seconds.
  path: Assets/CorgiEngine/Demos/Retro/Tilemaps/RetroRocks/RetroRocks_42.asset
  artifactKey: Guid(bf2b370940a710fa3219f3b977172430) Importer(2089858483,192608db42251d675da83286b1cce702)
Start importing Assets/CorgiEngine/Demos/Retro/Tilemaps/RetroRocks/RetroRocks_42.asset using Guid(bf2b370940a710fa3219f3b977172430) Importer(2089858483,192608db42251d675da83286b1cce702) (ScriptedImporter) -> (artifact id: '3a0abd06868f8e45cd94737cd4bc4889') in 0.0314271 seconds
Number of updated asset objects reloaded before import = 0Number of asset objects unloaded after import = 2

========================================================================
Received Import Request.
  Time since last request: 0.000039 seconds.
  path: Assets/CorgiEngine/Common/Scripts/Agents/AI/Advanced/AIDecisionDetectTargetRadius.cs
  artifactKey: Guid(6c522f668e1b331438fd11022c69a8a5) Importer(2089858483,192608db42251d675da83286b1cce702)
Start importing Assets/CorgiEngine/Common/Scripts/Agents/AI/Advanced/AIDecisionDetectTargetRadius.cs using Guid(6c522f668e1b331438fd11022c69a8a5) Importer(2089858483,192608db42251d675da83286b1cce702) (ScriptedImporter) -> (artifact id: 'df87e244f2bceaef336cdfecbe6a4990') in 0.0297281 seconds
Number of updated asset objects reloaded before import = 0Number of asset objects unloaded after import = 0

========================================================================
Received Import Request.
  Time since last request: 0.000043 seconds.
  path: Assets/CorgiEngine/Demos/Retro/Tilemaps/RetroRocks/RetroRocks_17.asset
  artifactKey: Guid(81fc8d603cb50becc37f88f56a4cb5d6) Importer(2089858483,192608db42251d675da83286b1cce702)
Start importing Assets/CorgiEngine/Demos/Retro/Tilemaps/RetroRocks/RetroRocks_17.asset using Guid(81fc8d603cb50becc37f88f56a4cb5d6) Importer(2089858483,192608db42251d675da83286b1cce702) (ScriptedImporter) -> (artifact id: '6088244129ee9326b0a8e660e9947a65') in 0.0319214 seconds
Number of updated asset objects reloaded before import = 0Number of asset objects unloaded after import = 2

========================================================================
Received Import Request.
  Time since last request: 0.000032 seconds.
  path: Assets/CorgiEngine/Common/Scripts/Agents/AI/Advanced/AIActionMoveTowardsTarget.cs
  artifactKey: Guid(5fce3bcf6da4a2d46a0a02c021b5bb0b) Importer(2089858483,192608db42251d675da83286b1cce702)
Start importing Assets/CorgiEngine/Common/Scripts/Agents/AI/Advanced/AIActionMoveTowardsTarget.cs using Guid(5fce3bcf6da4a2d46a0a02c021b5bb0b) Importer(2089858483,192608db42251d675da83286b1cce702) (ScriptedImporter) -> (artifact id: '2513e1671f4cc21a2038d282cdeb6bc6') in 0.027518 seconds
Number of updated asset objects reloaded before import = 0Number of asset objects unloaded after import = 0

========================================================================
Received Import Request.
  Time since last request: 0.000053 seconds.
  path: Assets/CorgiEngine/Demos/Corgi2D/Animations/SpaceCorgi/SpaceCorgiJump/spaceCorgiJump20.anim
  artifactKey: Guid(0a977c92f09052249a326a6e9c480907) Importer(2089858483,192608db42251d675da83286b1cce702)
Start importing Assets/CorgiEngine/Demos/Corgi2D/Animations/SpaceCorgi/SpaceCorgiJump/spaceCorgiJump20.anim using Guid(0a977c92f09052249a326a6e9c480907) Importer(2089858483,192608db42251d675da83286b1cce702) (ScriptedImporter) -> (artifact id: '1e26dab8ad20e96f8e5c42c1cc8e4690') in 0.0292301 seconds
Number of updated asset objects reloaded before import = 0Number of asset objects unloaded after import = 1

========================================================================
Received Import Request.
  Time since last request: 0.000028 seconds.
  path: Assets/CorgiEngine/Demos/Corgi2D/Prefabs/Environment/Mesa/ground.prefab
  artifactKey: Guid(af464b7890405c64bb44f0215974fac3) Importer(2089858483,192608db42251d675da83286b1cce702)
Start importing Assets/CorgiEngine/Demos/Corgi2D/Prefabs/Environment/Mesa/ground.prefab using Guid(af464b7890405c64bb44f0215974fac3) Importer(2089858483,192608db42251d675da83286b1cce702) (ScriptedImporter) -> (artifact id: '6be9e327072efdfa2fa4a93461165545') in 0.0499489 seconds
Number of updated asset objects reloaded before import = 0Number of asset objects unloaded after import = 8

========================================================================
Received Import Request.
  Time since last request: 0.000041 seconds.
  path: Assets/CorgiEngine/Demos/Corgi2D/Animations/SpaceCorgi/SpaceCorgiJump/spaceCorgiJump1.anim
  artifactKey: Guid(9119c273346e9144dbf5b1961114a014) Importer(2089858483,192608db42251d675da83286b1cce702)
Start importing Assets/CorgiEngine/Demos/Corgi2D/Animations/SpaceCorgi/SpaceCorgiJump/spaceCorgiJump1.anim using Guid(9119c273346e9144dbf5b1961114a014) Importer(2089858483,192608db42251d675da83286b1cce702) (ScriptedImporter) -> (artifact id: '2ddc79459d074cc0265fa35edfe000fd') in 0.0340133 seconds
Number of updated asset objects reloaded before import = 0Number of asset objects unloaded after import = 1

========================================================================
Received Import Request.
  Time since last request: 0.000035 seconds.
  path: Assets/CorgiEngine/Demos/Corgi2D/Prefabs/Environment/Lava/LavaPlatform13.prefab
  artifactKey: Guid(f1b39489d32e8c44aa93aa4cb8a283aa) Importer(2089858483,192608db42251d675da83286b1cce702)
Start importing Assets/CorgiEngine/Demos/Corgi2D/Prefabs/Environment/Lava/LavaPlatform13.prefab using Guid(f1b39489d32e8c44aa93aa4cb8a283aa) Importer(2089858483,192608db42251d675da83286b1cce702) (ScriptedImporter) -> (artifact id: 'f4d72f222b8ad497edfb7f3b334bb3cd') in 0.0615255 seconds
Number of updated asset objects reloaded before import = 0Number of asset objects unloaded after import = 8

========================================================================
Received Import Request.
  Time since last request: 0.000045 seconds.
  path: Assets/CorgiEngine/Demos/Corgi2D/Prefabs/Environment/Bricks/OffBrick2.prefab
  artifactKey: Guid(e4aaee7da847b75439f3f51a1e244ce8) Importer(2089858483,192608db42251d675da83286b1cce702)
Start importing Assets/CorgiEngine/Demos/Corgi2D/Prefabs/Environment/Bricks/OffBrick2.prefab using Guid(e4aaee7da847b75439f3f51a1e244ce8) Importer(2089858483,192608db42251d675da83286b1cce702) (ScriptedImporter) -> (artifact id: '1a7c67fb9b7dd03f812a0a13e1540a74') in 0.0537011 seconds
Number of updated asset objects reloaded before import = 0Number of asset objects unloaded after import = 7

========================================================================
Received Import Request.
  Time since last request: 0.000043 seconds.
  path: Assets/CorgiEngine/Demos/SuperHipsterBros/Prefabs/Environment/HipsterPlant5.prefab
  artifactKey: Guid(68685a2f06bb3cd4c82992a80e8e221f) Importer(2089858483,192608db42251d675da83286b1cce702)
Start importing Assets/CorgiEngine/Demos/SuperHipsterBros/Prefabs/Environment/HipsterPlant5.prefab using Guid(68685a2f06bb3cd4c82992a80e8e221f) Importer(2089858483,192608db42251d675da83286b1cce702) (ScriptedImporter) -> (artifact id: '6f8480244164af8e4eda2d524187f7c5') in 0.0503129 seconds
Number of updated asset objects reloaded before import = 0Number of asset objects unloaded after import = 7

========================================================================
Received Import Request.
  Time since last request: 0.000030 seconds.
  path: Assets/CorgiEngine/Common/Scripts/Agents/AI/Automation/PathedProjectile.cs
  artifactKey: Guid(dc106c4c75f8357428521f4b5ad1174a) Importer(2089858483,192608db42251d675da83286b1cce702)
Start importing Assets/CorgiEngine/Common/Scripts/Agents/AI/Automation/PathedProjectile.cs using Guid(dc106c4c75f8357428521f4b5ad1174a) Importer(2089858483,192608db42251d675da83286b1cce702) (ScriptedImporter) -> (artifact id: '609d92c9ad99beb683c4bdc24f1f6e3b') in 0.0253113 seconds
Number of updated asset objects reloaded before import = 0Number of asset objects unloaded after import = 0

========================================================================
Received Import Request.
  Time since last request: 0.000054 seconds.
  path: Assets/CorgiEngine/Demos/Corgi2D/Prefabs/Environment/Lava/LavaPlatform3 1.prefab
  artifactKey: Guid(d9ee0603bbb3f6d4093205eb7be5d4d2) Importer(2089858483,192608db42251d675da83286b1cce702)
Start importing Assets/CorgiEngine/Demos/Corgi2D/Prefabs/Environment/Lava/LavaPlatform3 1.prefab using Guid(d9ee0603bbb3f6d4093205eb7be5d4d2) Importer(2089858483,192608db42251d675da83286b1cce702) (ScriptedImporter) -> (artifact id: '6056740fef7c78309cf80f646887556e') in 0.0610545 seconds
Number of updated asset objects reloaded before import = 0Number of asset objects unloaded after import = 8

========================================================================
Received Import Request.
  Time since last request: 0.000030 seconds.
  path: Assets/CorgiEngine/Demos/Retro/Tilemaps/RetroRocks/RetroRocks_24.asset
  artifactKey: Guid(44269e16196abd04e8ae1a1f317c8a6d) Importer(2089858483,192608db42251d675da83286b1cce702)
Start importing Assets/CorgiEngine/Demos/Retro/Tilemaps/RetroRocks/RetroRocks_24.asset using Guid(44269e16196abd04e8ae1a1f317c8a6d) Importer(2089858483,192608db42251d675da83286b1cce702) (ScriptedImporter) -> (artifact id: '43198228f9340de6539cbdf78ccc294c') in 0.0301869 seconds
Number of updated asset objects reloaded before import = 0Number of asset objects unloaded after import = 2

========================================================================
Received Import Request.
  Time since last request: 0.000017 seconds.
  path: Assets/CorgiEngine/Demos/Retro/Tilemaps/RetroCave/RetroCave_45.asset
  artifactKey: Guid(428b5b8eea75cacc93766eab37c5f2c8) Importer(2089858483,192608db42251d675da83286b1cce702)
Start importing Assets/CorgiEngine/Demos/Retro/Tilemaps/RetroCave/RetroCave_45.asset using Guid(428b5b8eea75cacc93766eab37c5f2c8) Importer(2089858483,192608db42251d675da83286b1cce702) (ScriptedImporter) -> (artifact id: '6b1820921b435a83cb20a111686689b3') in 0.0252303 seconds
Number of updated asset objects reloaded before import = 0Number of asset objects unloaded after import = 2

========================================================================
Received Import Request.
  Time since last request: 0.000055 seconds.
  path: Assets/CorgiEngine/Common/Scripts/Agents/AI/Advanced/AIActionSetLastKnownPositionAsTarget.cs
  artifactKey: Guid(0e037d796e3302443ad3db5dd3fa6981) Importer(2089858483,192608db42251d675da83286b1cce702)
Start importing Assets/CorgiEngine/Common/Scripts/Agents/AI/Advanced/AIActionSetLastKnownPositionAsTarget.cs using Guid(0e037d796e3302443ad3db5dd3fa6981) Importer(2089858483,192608db42251d675da83286b1cce702) (ScriptedImporter) -> (artifact id: '1b403e1d848d9123e9a45a907c93f0a5') in 0.0221091 seconds
Number of updated asset objects reloaded before import = 0Number of asset objects unloaded after import = 0

========================================================================
Received Import Request.
  Time since last request: 0.000089 seconds.
  path: Assets/CorgiEngine/Demos/Corgi2D/Prefabs/Environment/Bricks/OffBrick3.prefab
  artifactKey: Guid(b39ea3146073e3e4d9d51565ad196c64) Importer(2089858483,192608db42251d675da83286b1cce702)
Start importing Assets/CorgiEngine/Demos/Corgi2D/Prefabs/Environment/Bricks/OffBrick3.prefab using Guid(b39ea3146073e3e4d9d51565ad196c64) Importer(2089858483,192608db42251d675da83286b1cce702) (ScriptedImporter) -> (artifact id: '7abe282f943c0a804210d972b7102eb5') in 0.0370082 seconds
Number of updated asset objects reloaded before import = 0Number of asset objects unloaded after import = 7

========================================================================
Received Import Request.
  Time since last request: 0.000035 seconds.
  path: Assets/CorgiEngine/Demos/Corgi2D/Prefabs/Environment/Mesa/Platform11.prefab
  artifactKey: Guid(37f92145a14ecf14ba3eef2f6ca80a1d) Importer(2089858483,192608db42251d675da83286b1cce702)
Start importing Assets/CorgiEngine/Demos/Corgi2D/Prefabs/Environment/Mesa/Platform11.prefab using Guid(37f92145a14ecf14ba3eef2f6ca80a1d) Importer(2089858483,192608db42251d675da83286b1cce702) (ScriptedImporter) -> (artifact id: 'ca57507da2b83b1064bf4300063f0565') in 0.0462841 seconds
Number of updated asset objects reloaded before import = 0Number of asset objects unloaded after import = 8

========================================================================
Received Import Request.
  Time since last request: 0.000033 seconds.
  path: Assets/CorgiEngine/Common/Scripts/Agents/AI/Advanced/AIActionSetTransformAsTarget.cs
  artifactKey: Guid(8c9dabd09b9e0b14699b4e18f9ec0778) Importer(2089858483,192608db42251d675da83286b1cce702)
Start importing Assets/CorgiEngine/Common/Scripts/Agents/AI/Advanced/AIActionSetTransformAsTarget.cs using Guid(8c9dabd09b9e0b14699b4e18f9ec0778) Importer(2089858483,192608db42251d675da83286b1cce702) (ScriptedImporter) -> (artifact id: '46f9992b58af079d5f67cfcfb9bb3025') in 0.0280425 seconds
Number of updated asset objects reloaded before import = 0Number of asset objects unloaded after import = 0

========================================================================
Received Import Request.
  Time since last request: 0.000023 seconds.
  path: Assets/CorgiEngine/Demos/Retro/Tilemaps/RetroRocks/RetroRocks_44.asset
  artifactKey: Guid(df695efc7d0a1a41fd5320f46bf2e29b) Importer(2089858483,192608db42251d675da83286b1cce702)
Start importing Assets/CorgiEngine/Demos/Retro/Tilemaps/RetroRocks/RetroRocks_44.asset using Guid(df695efc7d0a1a41fd5320f46bf2e29b) Importer(2089858483,192608db42251d675da83286b1cce702) (ScriptedImporter) -> (artifact id: '96d2dba7fc20275dfc2e05a2ddc690cc') in 0.0263943 seconds
Number of updated asset objects reloaded before import = 0Number of asset objects unloaded after import = 2

========================================================================
Received Import Request.
  Time since last request: 0.000018 seconds.
  path: Assets/CorgiEngine/Demos/TheHunt/Models/MachineGunProjectile/SoldierMachineGunProjectileMat.mat
  artifactKey: Guid(f18b11f07f511e043a1c1dbda1373c61) Importer(2089858483,192608db42251d675da83286b1cce702)
Start importing Assets/CorgiEngine/Demos/TheHunt/Models/MachineGunProjectile/SoldierMachineGunProjectileMat.mat using Guid(f18b11f07f511e043a1c1dbda1373c61) Importer(2089858483,192608db42251d675da83286b1cce702) (ScriptedImporter) -> (artifact id: '4c45427854d0eb7b6bb68c44f9dad249') in 0.0254704 seconds
Number of updated asset objects reloaded before import = 0Number of asset objects unloaded after import = 1

========================================================================
Received Import Request.
  Time since last request: 0.000039 seconds.
  path: Assets/CorgiEngine/Demos/Corgi2D/Animations/SpaceCorgi/SpaceCorgiJump/spaceCorgiJump7.anim
  artifactKey: Guid(17c8d121524e6fb4ba68622bc0feb5d2) Importer(2089858483,192608db42251d675da83286b1cce702)
Start importing Assets/CorgiEngine/Demos/Corgi2D/Animations/SpaceCorgi/SpaceCorgiJump/spaceCorgiJump7.anim using Guid(17c8d121524e6fb4ba68622bc0feb5d2) Importer(2089858483,192608db42251d675da83286b1cce702) (ScriptedImporter) -> (artifact id: 'dc902f2d8fab0292807cfbf34ee418bf') in 0.0262582 seconds
Number of updated asset objects reloaded before import = 0Number of asset objects unloaded after import = 1

========================================================================
Received Import Request.
  Time since last request: 0.000035 seconds.
  path: Assets/CorgiEngine/Demos/Retro/Tilemaps/RetroCave/RetroCave_24.asset
  artifactKey: Guid(79d2a989eac5a40d3967cff003482a3c) Importer(2089858483,192608db42251d675da83286b1cce702)
Start importing Assets/CorgiEngine/Demos/Retro/Tilemaps/RetroCave/RetroCave_24.asset using Guid(79d2a989eac5a40d3967cff003482a3c) Importer(2089858483,192608db42251d675da83286b1cce702) (ScriptedImporter) -> (artifact id: '9fdd6a71c602912064c96b82977456df') in 0.0235141 seconds
Number of updated asset objects reloaded before import = 0Number of asset objects unloaded after import = 2

========================================================================
Received Import Request.
  Time since last request: 0.000022 seconds.
  path: Assets/CorgiEngine/Demos/Retro/Tilemaps/RetroRocks/RetroRocks_12.asset
  artifactKey: Guid(c1b93cc3529038521ae9688d5e83acc6) Importer(2089858483,192608db42251d675da83286b1cce702)
Start importing Assets/CorgiEngine/Demos/Retro/Tilemaps/RetroRocks/RetroRocks_12.asset using Guid(c1b93cc3529038521ae9688d5e83acc6) Importer(2089858483,192608db42251d675da83286b1cce702) (ScriptedImporter) -> (artifact id: 'efbae09452a1a32aa7bc37b721e70f76') in 0.0319124 seconds
Number of updated asset objects reloaded before import = 0Number of asset objects unloaded after import = 2

========================================================================
Received Import Request.
  Time since last request: 0.000033 seconds.
  path: Assets/CorgiEngine/Demos/Retro/Sprites/RetroVFX/RetroExplosion2.png
  artifactKey: Guid(5646d67545ced29468c187f1cf815ab7) Importer(2089858483,192608db42251d675da83286b1cce702)
Start importing Assets/CorgiEngine/Demos/Retro/Sprites/RetroVFX/RetroExplosion2.png using Guid(5646d67545ced29468c187f1cf815ab7) Importer(2089858483,192608db42251d675da83286b1cce702) (ScriptedImporter) -> (artifact id: '217df23976254903577645f8a4a38257') in 0.0403693 seconds
Number of updated asset objects reloaded before import = 0Number of asset objects unloaded after import = 3

========================================================================
Received Import Request.
  Time since last request: 0.000021 seconds.
  path: Assets/CorgiEngine/Demos/Brobro/Spine/Brobro/Baked/space-corgi Controller.controller
  artifactKey: Guid(84df4dfa16883084bb8ed73249dc2bb2) Importer(2089858483,192608db42251d675da83286b1cce702)
Start importing Assets/CorgiEngine/Demos/Brobro/Spine/Brobro/Baked/space-corgi Controller.controller using Guid(84df4dfa16883084bb8ed73249dc2bb2) Importer(2089858483,192608db42251d675da83286b1cce702) (ScriptedImporter) -> (artifact id: '3d6920ded613fcd5c6835d7ac0efe1ad') in 0.2008411 seconds
Number of updated asset objects reloaded before import = 0Number of asset objects unloaded after import = 38

========================================================================
Received Import Request.
  Time since last request: 0.000023 seconds.
  path: Assets/CorgiEngine/Demos/Corgi2D/Prefabs/Environment/Bricks/OffBrick6.prefab
  artifactKey: Guid(5d65ef5cd97af124c831186972c5c308) Importer(2089858483,192608db42251d675da83286b1cce702)
Start importing Assets/CorgiEngine/Demos/Corgi2D/Prefabs/Environment/Bricks/OffBrick6.prefab using Guid(5d65ef5cd97af124c831186972c5c308) Importer(2089858483,192608db42251d675da83286b1cce702) (ScriptedImporter) -> (artifact id: '3bfba00d420036e9f46f8b3cadbbf6dd') in 0.0383702 seconds
Number of updated asset objects reloaded before import = 0Number of asset objects unloaded after import = 7

========================================================================
Received Import Request.
  Time since last request: 0.000057 seconds.
  path: Assets/CorgiEngine/Demos/Retro/Tilemaps/RetroRocks/RetroRocks_34.asset
  artifactKey: Guid(14c360b345e78bbdf2b48cbf40234054) Importer(2089858483,192608db42251d675da83286b1cce702)
Start importing Assets/CorgiEngine/Demos/Retro/Tilemaps/RetroRocks/RetroRocks_34.asset using Guid(14c360b345e78bbdf2b48cbf40234054) Importer(2089858483,192608db42251d675da83286b1cce702) (ScriptedImporter) -> (artifact id: '25ef75a9761f9a9680239f56a194d750') in 0.0291421 seconds
Number of updated asset objects reloaded before import = 0Number of asset objects unloaded after import = 2

========================================================================
Received Import Request.
  Time since last request: 0.000023 seconds.
  path: Assets/CorgiEngine/Demos/Retro/Tilemaps/RetroCave/RetroCave_12.asset
  artifactKey: Guid(3c599b5bb3c7971a15820eec6c7a13e7) Importer(2089858483,192608db42251d675da83286b1cce702)
Start importing Assets/CorgiEngine/Demos/Retro/Tilemaps/RetroCave/RetroCave_12.asset using Guid(3c599b5bb3c7971a15820eec6c7a13e7) Importer(2089858483,192608db42251d675da83286b1cce702) (ScriptedImporter) -> (artifact id: '094e44bbe3825f8a5cb8271973c14b7b') in 0.0248182 seconds
Number of updated asset objects reloaded before import = 0Number of asset objects unloaded after import = 2

========================================================================
Received Import Request.
  Time since last request: 0.000019 seconds.
  path: Assets/CorgiEngine/Demos/Retro/Tilemaps/RetroRocks/RetroRocks_46.asset
  artifactKey: Guid(5161f7c3f267143e4b1f39406c1fcd78) Importer(2089858483,192608db42251d675da83286b1cce702)
Start importing Assets/CorgiEngine/Demos/Retro/Tilemaps/RetroRocks/RetroRocks_46.asset using Guid(5161f7c3f267143e4b1f39406c1fcd78) Importer(2089858483,192608db42251d675da83286b1cce702) (ScriptedImporter) -> (artifact id: '3a8806fb716636a75c25a15abb362843') in 0.0303402 seconds
Number of updated asset objects reloaded before import = 0Number of asset objects unloaded after import = 2

========================================================================
Received Import Request.
  Time since last request: 0.000036 seconds.
  path: Assets/CorgiEngine/Demos/Retro/Tilemaps/RetroRocks/RetroRocks_15.asset
  artifactKey: Guid(6796069163ffd072b73e64cbac7dd9c3) Importer(2089858483,192608db42251d675da83286b1cce702)
Start importing Assets/CorgiEngine/Demos/Retro/Tilemaps/RetroRocks/RetroRocks_15.asset using Guid(6796069163ffd072b73e64cbac7dd9c3) Importer(2089858483,192608db42251d675da83286b1cce702) (ScriptedImporter) -> (artifact id: 'a879023e2e55f6da63bf603488aa45f8') in 0.0257314 seconds
Number of updated asset objects reloaded before import = 0Number of asset objects unloaded after import = 2

========================================================================
Received Import Request.
  Time since last request: 0.000023 seconds.
  path: Assets/CorgiEngine/Demos/Retro/Tilemaps/RetroCave/RetroCave_23.asset
  artifactKey: Guid(9fdfaf7a4737fb050afe99a2bbef9a81) Importer(2089858483,192608db42251d675da83286b1cce702)
Start importing Assets/CorgiEngine/Demos/Retro/Tilemaps/RetroCave/RetroCave_23.asset using Guid(9fdfaf7a4737fb050afe99a2bbef9a81) Importer(2089858483,192608db42251d675da83286b1cce702) (ScriptedImporter) -> (artifact id: '9c04d3b3a986d3c8da1ec912c86570af') in 0.0257504 seconds
Number of updated asset objects reloaded before import = 0Number of asset objects unloaded after import = 2

========================================================================
Received Import Request.
  Time since last request: 0.000030 seconds.
  path: Assets/CorgiEngine/Demos/Corgi2D/Prefabs/Environment/Lava/LavaPlatform1.prefab
  artifactKey: Guid(5f16bfe60991dc94495e71d01a23655a) Importer(2089858483,192608db42251d675da83286b1cce702)
Start importing Assets/CorgiEngine/Demos/Corgi2D/Prefabs/Environment/Lava/LavaPlatform1.prefab using Guid(5f16bfe60991dc94495e71d01a23655a) Importer(2089858483,192608db42251d675da83286b1cce702) (ScriptedImporter) -> (artifact id: '45967e8fa627392d13abae14ba5a5601') in 0.0551514 seconds
Number of updated asset objects reloaded before import = 0Number of asset objects unloaded after import = 8

========================================================================
Received Import Request.
  Time since last request: 0.000055 seconds.
  path: Assets/CorgiEngine/Demos/RetroAdventure/Prefabs/Managers/RetroAdventureProgressManager.prefab
  artifactKey: Guid(f04b74f24175a6a44a03c1e91aeaeb63) Importer(2089858483,192608db42251d675da83286b1cce702)
Start importing Assets/CorgiEngine/Demos/RetroAdventure/Prefabs/Managers/RetroAdventureProgressManager.prefab using Guid(f04b74f24175a6a44a03c1e91aeaeb63) Importer(2089858483,192608db42251d675da83286b1cce702) (ScriptedImporter) -> (artifact id: 'a29b30ffb23d4a726cba5e6018b854e6') in 0.0247981 seconds
Number of updated asset objects reloaded before import = 0Number of asset objects unloaded after import = 5

========================================================================
Received Import Request.
  Time since last request: 0.000034 seconds.
  path: Assets/CorgiEngine/Demos/Retro/Sprites/RetroVFX/RetroSmoke4.png
  artifactKey: Guid(73e2edaedd31c8a4993268ae2adce291) Importer(2089858483,192608db42251d675da83286b1cce702)
Start importing Assets/CorgiEngine/Demos/Retro/Sprites/RetroVFX/RetroSmoke4.png using Guid(73e2edaedd31c8a4993268ae2adce291) Importer(2089858483,192608db42251d675da83286b1cce702) (ScriptedImporter) -> (artifact id: 'ab592e6e4f059aacc8255a6ebab22cc3') in 0.0484132 seconds
Number of updated asset objects reloaded before import = 0Number of asset objects unloaded after import = 3

========================================================================
Received Import Request.
  Time since last request: 0.000039 seconds.
  path: Assets/CorgiEngine/Demos/Retro/Tilemaps/RetroCave/RetroCave_42.asset
  artifactKey: Guid(f0f2a878a1a1e78be705cc49672380fc) Importer(2089858483,192608db42251d675da83286b1cce702)
Start importing Assets/CorgiEngine/Demos/Retro/Tilemaps/RetroCave/RetroCave_42.asset using Guid(f0f2a878a1a1e78be705cc49672380fc) Importer(2089858483,192608db42251d675da83286b1cce702) (ScriptedImporter) -> (artifact id: '05a048c5b7dd34956cf6408b064b2a95') in 0.029361 seconds
Number of updated asset objects reloaded before import = 0Number of asset objects unloaded after import = 2

========================================================================
Received Import Request.
  Time since last request: 0.000034 seconds.
  path: Assets/CorgiEngine/Demos/TheHunt/Models/MachineGun/SoldierMachineGun.mtl
  artifactKey: Guid(bb9b4c4ecdb7414468ea2df8caa9d575) Importer(2089858483,192608db42251d675da83286b1cce702)
Start importing Assets/CorgiEngine/Demos/TheHunt/Models/MachineGun/SoldierMachineGun.mtl using Guid(bb9b4c4ecdb7414468ea2df8caa9d575) Importer(2089858483,192608db42251d675da83286b1cce702) (ScriptedImporter) -> (artifact id: '96378f1cab2c96f0173b4369dc3d0c66') in 0.0223217 seconds
Number of updated asset objects reloaded before import = 0Number of asset objects unloaded after import = 1

========================================================================
Received Import Request.
  Time since last request: 0.000018 seconds.
  path: Assets/CorgiEngine/Demos/Retro/Tilemaps/RetroRocks/RetroRocks_7.asset
  artifactKey: Guid(165183858fb3a4c091f30b676d1a90b6) Importer(2089858483,192608db42251d675da83286b1cce702)
Start importing Assets/CorgiEngine/Demos/Retro/Tilemaps/RetroRocks/RetroRocks_7.asset using Guid(165183858fb3a4c091f30b676d1a90b6) Importer(2089858483,192608db42251d675da83286b1cce702) (ScriptedImporter) -> (artifact id: '141b2e1e5a4bb767733ee0ea6c481de2') in 0.0235395 seconds
Number of updated asset objects reloaded before import = 0Number of asset objects unloaded after import = 2

========================================================================
Received Import Request.
  Time since last request: 0.000021 seconds.
  path: Assets/CorgiEngine/Demos/Retro/Tilemaps/RetroRocks/RetroRocks_41.asset
  artifactKey: Guid(8ad9b351ac06cbac361dacd88fcfd9c8) Importer(2089858483,192608db42251d675da83286b1cce702)
Start importing Assets/CorgiEngine/Demos/Retro/Tilemaps/RetroRocks/RetroRocks_41.asset using Guid(8ad9b351ac06cbac361dacd88fcfd9c8) Importer(2089858483,192608db42251d675da83286b1cce702) (ScriptedImporter) -> (artifact id: 'bf405c972c8c4233f6102a53ac24b837') in 0.0301362 seconds
Number of updated asset objects reloaded before import = 0Number of asset objects unloaded after import = 2

========================================================================
Received Import Request.
  Time since last request: 0.000040 seconds.
  path: Assets/CorgiEngine/Common/Scripts/Agents/AI/Advanced/AIActionRunStart.cs
  artifactKey: Guid(9d71fcae084b63d4d858296087201bf8) Importer(2089858483,192608db42251d675da83286b1cce702)
Start importing Assets/CorgiEngine/Common/Scripts/Agents/AI/Advanced/AIActionRunStart.cs using Guid(9d71fcae084b63d4d858296087201bf8) Importer(2089858483,192608db42251d675da83286b1cce702) (ScriptedImporter) -> (artifact id: '3e5c86f815e44f6279d98b5df8a1d68a') in 0.0212055 seconds
Number of updated asset objects reloaded before import = 0Number of asset objects unloaded after import = 0

========================================================================
Received Import Request.
  Time since last request: 0.000099 seconds.
  path: Assets/CorgiEngine/Demos/Corgi2D/Prefabs/Environment/Mesa/Platform13.prefab
  artifactKey: Guid(e94fe77a934a81e42a799a452a990fa7) Importer(2089858483,192608db42251d675da83286b1cce702)
Start importing Assets/CorgiEngine/Demos/Corgi2D/Prefabs/Environment/Mesa/Platform13.prefab using Guid(e94fe77a934a81e42a799a452a990fa7) Importer(2089858483,192608db42251d675da83286b1cce702) (ScriptedImporter) -> (artifact id: 'f69f0720736e030dcf9dc885cd1b8ede') in 0.0506194 seconds
Number of updated asset objects reloaded before import = 0Number of asset objects unloaded after import = 8

========================================================================
Received Import Request.
  Time since last request: 0.000062 seconds.
  path: Assets/CorgiEngine/Demos/TheHunt/Models/Soldier/Red@IdleAlt.fbx
  artifactKey: Guid(6b0477d655fcee2458ccd175fd844081) Importer(2089858483,192608db42251d675da83286b1cce702)
Start importing Assets/CorgiEngine/Demos/TheHunt/Models/Soldier/Red@IdleAlt.fbx using Guid(6b0477d655fcee2458ccd175fd844081) Importer(2089858483,192608db42251d675da83286b1cce702) (ScriptedImporter) -> (artifact id: '55e30091f990ff6d8d7e002d27f37d74') in 0.0520332 seconds
Number of updated asset objects reloaded before import = 0Number of asset objects unloaded after import = 66

========================================================================
Received Import Request.
  Time since last request: 0.000028 seconds.
  path: Assets/CorgiEngine/Demos/Corgi2D/Animations/SpaceCorgi/SpaceCorgiJump/spaceCorgiJump3.anim
  artifactKey: Guid(161eb7739cf9210469bc211b571dc265) Importer(2089858483,192608db42251d675da83286b1cce702)
Start importing Assets/CorgiEngine/Demos/Corgi2D/Animations/SpaceCorgi/SpaceCorgiJump/spaceCorgiJump3.anim using Guid(161eb7739cf9210469bc211b571dc265) Importer(2089858483,192608db42251d675da83286b1cce702) (ScriptedImporter) -> (artifact id: 'e86bbb3080705c588414b47bf5bb5134') in 0.0269708 seconds
Number of updated asset objects reloaded before import = 0Number of asset objects unloaded after import = 1

========================================================================
Received Import Request.
  Time since last request: 0.000093 seconds.
  path: Assets/CorgiEngine/Demos/Corgi2D/Prefabs/Environment/Lava/LavaPlatform2.prefab
  artifactKey: Guid(0096b43a63fbdcc4788dbf62b9ec015e) Importer(2089858483,192608db42251d675da83286b1cce702)
Start importing Assets/CorgiEngine/Demos/Corgi2D/Prefabs/Environment/Lava/LavaPlatform2.prefab using Guid(0096b43a63fbdcc4788dbf62b9ec015e) Importer(2089858483,192608db42251d675da83286b1cce702) (ScriptedImporter) -> (artifact id: '511d8e5a34fbeb9cadb5d232e275a570') in 0.0532062 seconds
Number of updated asset objects reloaded before import = 0Number of asset objects unloaded after import = 8

========================================================================
Received Import Request.
  Time since last request: 0.000033 seconds.
  path: Assets/CorgiEngine/Demos/SuperHipsterBros/Prefabs/Environment/HipsterBrick.prefab
  artifactKey: Guid(5685ec9186afc2142b468c4f7eb8808b) Importer(2089858483,192608db42251d675da83286b1cce702)
Start importing Assets/CorgiEngine/Demos/SuperHipsterBros/Prefabs/Environment/HipsterBrick.prefab using Guid(5685ec9186afc2142b468c4f7eb8808b) Importer(2089858483,192608db42251d675da83286b1cce702) (ScriptedImporter) -> (artifact id: '955e3836a8354e4e9f9197e7bcf39476') in 0.0354787 seconds
Number of updated asset objects reloaded before import = 0Number of asset objects unloaded after import = 8

========================================================================
Received Import Request.
  Time since last request: 0.000018 seconds.
  path: Assets/CorgiEngine/Demos/Retro/Sprites/RetroVFX/RetroFaderMask.png
  artifactKey: Guid(f71d17aca7368e94db2c7454216e715d) Importer(2089858483,192608db42251d675da83286b1cce702)
Start importing Assets/CorgiEngine/Demos/Retro/Sprites/RetroVFX/RetroFaderMask.png using Guid(f71d17aca7368e94db2c7454216e715d) Importer(2089858483,192608db42251d675da83286b1cce702) (ScriptedImporter) -> (artifact id: '85047b7e759c192827b9868c0cadfdac') in 0.0416694 seconds
Number of updated asset objects reloaded before import = 0Number of asset objects unloaded after import = 3

========================================================================
Received Import Request.
  Time since last request: 0.000037 seconds.
  path: Assets/CorgiEngine/Demos/Corgi2D/Prefabs/Environment/Blocks/destructibleBlock.prefab
  artifactKey: Guid(dad268ff9276e354fa88a84ddd060ae1) Importer(2089858483,192608db42251d675da83286b1cce702)
Start importing Assets/CorgiEngine/Demos/Corgi2D/Prefabs/Environment/Blocks/destructibleBlock.prefab using Guid(dad268ff9276e354fa88a84ddd060ae1) Importer(2089858483,192608db42251d675da83286b1cce702) (ScriptedImporter) -> (artifact id: '2c8370f43226403f289902f4f770fcb3') in 0.0574157 seconds
Number of updated asset objects reloaded before import = 0Number of asset objects unloaded after import = 28

========================================================================
Received Import Request.
  Time since last request: 0.000023 seconds.
  path: Assets/CorgiEngine/Common/Scripts/Agents/AI/Advanced/AIActionMoveAwayFromTarget.cs
  artifactKey: Guid(662f4b456f75e3040bcad731f4efe145) Importer(2089858483,192608db42251d675da83286b1cce702)
Start importing Assets/CorgiEngine/Common/Scripts/Agents/AI/Advanced/AIActionMoveAwayFromTarget.cs using Guid(662f4b456f75e3040bcad731f4efe145) Importer(2089858483,192608db42251d675da83286b1cce702) (ScriptedImporter) -> (artifact id: '547845b059e3887e55bbe92c1b286ad5') in 0.0274736 seconds
Number of updated asset objects reloaded before import = 0Number of asset objects unloaded after import = 0

========================================================================
Received Import Request.
  Time since last request: 0.000049 seconds.
  path: Assets/CorgiEngine/ThirdParty/MoreMountains/MMTools/Core/MoreMountains.Tools.asmdef
  artifactKey: Guid(4a1cb1490dc4df8409b2580d6b44e75e) Importer(2089858483,192608db42251d675da83286b1cce702)
Start importing Assets/CorgiEngine/ThirdParty/MoreMountains/MMTools/Core/MoreMountains.Tools.asmdef using Guid(4a1cb1490dc4df8409b2580d6b44e75e) Importer(2089858483,192608db42251d675da83286b1cce702) (ScriptedImporter) -> (artifact id: '6a046963ff3bad0e6a0a32bb54be10bf') in 0.0370774 seconds
Number of updated asset objects reloaded before import = 0Number of asset objects unloaded after import = 1

========================================================================
Received Import Request.
  Time since last request: 0.000128 seconds.
  path: Assets/CorgiEngine/Demos/Corgi2D/Prefabs/Environment/Bricks/Brick16.prefab
  artifactKey: Guid(4d838a2bd60a80c4da90659b9b747e5b) Importer(2089858483,192608db42251d675da83286b1cce702)
Start importing Assets/CorgiEngine/Demos/Corgi2D/Prefabs/Environment/Bricks/Brick16.prefab using Guid(4d838a2bd60a80c4da90659b9b747e5b) Importer(2089858483,192608db42251d675da83286b1cce702) (ScriptedImporter) -> (artifact id: 'b4f38c8f5cee7c409e79362450531464') in 0.0407279 seconds
Number of updated asset objects reloaded before import = 0Number of asset objects unloaded after import = 8

========================================================================
Received Import Request.
  Time since last request: 0.000044 seconds.
  path: Assets/CorgiEngine/ThirdParty/MoreMountains/MMInterface/Editor/MoreMountains.Interface.Editor.asmdef
  artifactKey: Guid(90af5e21ecd3d6e488d68cc67c722622) Importer(2089858483,192608db42251d675da83286b1cce702)
Start importing Assets/CorgiEngine/ThirdParty/MoreMountains/MMInterface/Editor/MoreMountains.Interface.Editor.asmdef using Guid(90af5e21ecd3d6e488d68cc67c722622) Importer(2089858483,192608db42251d675da83286b1cce702) (ScriptedImporter) -> (artifact id: 'ff5273c3c1fc19600066eb2e5ea395e7') in 0.0384199 seconds
Number of updated asset objects reloaded before import = 0Number of asset objects unloaded after import = 1

========================================================================
Received Import Request.
  Time since last request: 0.000022 seconds.
  path: Assets/CorgiEngine/Demos/SuperHipsterBros/Prefabs/Items/HipsterMushroom.prefab
  artifactKey: Guid(8bbd8080a1716994fb93bf4a799047f6) Importer(2089858483,192608db42251d675da83286b1cce702)
Start importing Assets/CorgiEngine/Demos/SuperHipsterBros/Prefabs/Items/HipsterMushroom.prefab using Guid(8bbd8080a1716994fb93bf4a799047f6) Importer(2089858483,192608db42251d675da83286b1cce702) (ScriptedImporter) -> (artifact id: '98483e709d4697447d507022daaa3a33') in 0.1015576 seconds
Number of updated asset objects reloaded before import = 0Number of asset objects unloaded after import = 24

========================================================================
Received Import Request.
  Time since last request: 0.000027 seconds.
  path: Assets/CorgiEngine/ThirdParty/MoreMountains/MMInterface/Common/Shaders/GreyScaleMaterial.mat
  artifactKey: Guid(f9e8ab93528ed7c4aa19caf4ca5f09a9) Importer(2089858483,192608db42251d675da83286b1cce702)
Start importing Assets/CorgiEngine/ThirdParty/MoreMountains/MMInterface/Common/Shaders/GreyScaleMaterial.mat using Guid(f9e8ab93528ed7c4aa19caf4ca5f09a9) Importer(2089858483,192608db42251d675da83286b1cce702) (ScriptedImporter) -> (artifact id: '5a78c9e8248ba8e76d6606eae628974b') in 0.0209446 seconds
Number of updated asset objects reloaded before import = 0Number of asset objects unloaded after import = 1

========================================================================
Received Import Request.
  Time since last request: 0.000035 seconds.
  path: Assets/CorgiEngine/ThirdParty/MoreMountains/MMFeedbacks/MMFeedbacks/Feedbacks/MMF_MaterialSetProperty.cs
  artifactKey: Guid(4fc82dc40d8eff44e8cda79abbc18f87) Importer(2089858483,192608db42251d675da83286b1cce702)
Start importing Assets/CorgiEngine/ThirdParty/MoreMountains/MMFeedbacks/MMFeedbacks/Feedbacks/MMF_MaterialSetProperty.cs using Guid(4fc82dc40d8eff44e8cda79abbc18f87) Importer(2089858483,192608db42251d675da83286b1cce702) (ScriptedImporter) -> (artifact id: '0c28e0efe25430a536f7f1e76e5c317f') in 0.0214552 seconds
Number of updated asset objects reloaded before import = 0Number of asset objects unloaded after import = 0

========================================================================
Received Import Request.
  Time since last request: 0.000046 seconds.
  path: Assets/CorgiEngine/Demos/Corgi2D/Prefabs/Environment/Trees/Tree17.prefab
  artifactKey: Guid(57c3c3667f11ddb49a4dd37da450f837) Importer(2089858483,192608db42251d675da83286b1cce702)
Start importing Assets/CorgiEngine/Demos/Corgi2D/Prefabs/Environment/Trees/Tree17.prefab using Guid(57c3c3667f11ddb49a4dd37da450f837) Importer(2089858483,192608db42251d675da83286b1cce702) (ScriptedImporter) -> (artifact id: '33c60501baed3fc9631937117812c156') in 0.0454892 seconds
Number of updated asset objects reloaded before import = 0Number of asset objects unloaded after import = 8

========================================================================
Received Import Request.
  Time since last request: 0.000030 seconds.
  path: Assets/CorgiEngine/Demos/Minimal/Prefabs/Weapons/RegularWeapons/MinimalShotgun.prefab
  artifactKey: Guid(681964d03f7fdb74da4d97d94d3baec3) Importer(2089858483,192608db42251d675da83286b1cce702)
Start importing Assets/CorgiEngine/Demos/Minimal/Prefabs/Weapons/RegularWeapons/MinimalShotgun.prefab using Guid(681964d03f7fdb74da4d97d94d3baec3) Importer(2089858483,192608db42251d675da83286b1cce702) (ScriptedImporter) -> (artifact id: 'd7db5065a047f91829df77b87f2b047d') in 0.0944994 seconds
Number of updated asset objects reloaded before import = 0Number of asset objects unloaded after import = 74

========================================================================
Received Import Request.
  Time since last request: 0.000029 seconds.
  path: Assets/CorgiEngine/Demos/Corgi2D/Sprites/Environment/Props/finalFlag.png
  artifactKey: Guid(1349034105fe1564dac2450a913429ba) Importer(2089858483,192608db42251d675da83286b1cce702)
Start importing Assets/CorgiEngine/Demos/Corgi2D/Sprites/Environment/Props/finalFlag.png using Guid(1349034105fe1564dac2450a913429ba) Importer(2089858483,192608db42251d675da83286b1cce702) (ScriptedImporter) -> (artifact id: 'd5150929846b828850681d2502fb29b8') in 0.0493618 seconds
Number of updated asset objects reloaded before import = 0Number of asset objects unloaded after import = 3

========================================================================
Received Import Request.
  Time since last request: 0.000049 seconds.
  path: Assets/CorgiEngine/ThirdParty/MoreMountains/MMFeedbacks/MMFeedbacks/Feedbacks/MMF_Enable.cs
  artifactKey: Guid(15fc18f096da54f4c9777f3cabf74f3a) Importer(2089858483,192608db42251d675da83286b1cce702)
Start importing Assets/CorgiEngine/ThirdParty/MoreMountains/MMFeedbacks/MMFeedbacks/Feedbacks/MMF_Enable.cs using Guid(15fc18f096da54f4c9777f3cabf74f3a) Importer(2089858483,192608db42251d675da83286b1cce702) (ScriptedImporter) -> (artifact id: 'd56601e9dd7aff86fdcc0d8f901916ff') in 0.0279402 seconds
Number of updated asset objects reloaded before import = 0Number of asset objects unloaded after import = 0

========================================================================
Received Import Request.
  Time since last request: 0.000031 seconds.
  path: Assets/CorgiEngine/ThirdParty/MoreMountains/MMFeedbacks/MMFeedbacks/Shakers/MMAudioSourceStereoPanShaker.cs
  artifactKey: Guid(ed3e1ef7541c2d7439c23e2e5f185b96) Importer(2089858483,192608db42251d675da83286b1cce702)
Start importing Assets/CorgiEngine/ThirdParty/MoreMountains/MMFeedbacks/MMFeedbacks/Shakers/MMAudioSourceStereoPanShaker.cs using Guid(ed3e1ef7541c2d7439c23e2e5f185b96) Importer(2089858483,192608db42251d675da83286b1cce702) (ScriptedImporter) -> (artifact id: '6f904da2e3577788ab24d6aae40c0165') in 0.0202755 seconds
Number of updated asset objects reloaded before import = 0Number of asset objects unloaded after import = 0

========================================================================
Received Import Request.
  Time since last request: 0.000055 seconds.
  path: Assets/CorgiEngine/Demos/Corgi2D/Sprites/Environment/Lava/lava-background.png
  artifactKey: Guid(55e8de34f9a24064c8c8695be141e575) Importer(2089858483,192608db42251d675da83286b1cce702)
Start importing Assets/CorgiEngine/Demos/Corgi2D/Sprites/Environment/Lava/lava-background.png using Guid(55e8de34f9a24064c8c8695be141e575) Importer(2089858483,192608db42251d675da83286b1cce702) (ScriptedImporter) -> (artifact id: '672db005a2bfa05e9708dd2fda5283d6') in 0.0480814 seconds
Number of updated asset objects reloaded before import = 0Number of asset objects unloaded after import = 3

========================================================================
Received Import Request.
  Time since last request: 0.000023 seconds.
  path: Assets/CorgiEngine/ThirdParty/MoreMountains/MMFeedbacks/MMFeedbacks/Feedbacks/MMF_Rotation.cs
  artifactKey: Guid(dd84fe1c93f4349449c5a9eecc793678) Importer(2089858483,192608db42251d675da83286b1cce702)
Start importing Assets/CorgiEngine/ThirdParty/MoreMountains/MMFeedbacks/MMFeedbacks/Feedbacks/MMF_Rotation.cs using Guid(dd84fe1c93f4349449c5a9eecc793678) Importer(2089858483,192608db42251d675da83286b1cce702) (ScriptedImporter) -> (artifact id: '47e4318059420f88a6265dbfc94e0709') in 0.0215474 seconds
Number of updated asset objects reloaded before import = 0Number of asset objects unloaded after import = 0

========================================================================
Received Import Request.
  Time since last request: 0.000176 seconds.
  path: Assets/CorgiEngine/Demos/Corgi2D/Sprites/Environment/Mountains/mountains-background.png
  artifactKey: Guid(990d52fde9c7c6842895e35ab87a16e9) Importer(2089858483,192608db42251d675da83286b1cce702)
Start importing Assets/CorgiEngine/Demos/Corgi2D/Sprites/Environment/Mountains/mountains-background.png using Guid(990d52fde9c7c6842895e35ab87a16e9) Importer(2089858483,192608db42251d675da83286b1cce702) (ScriptedImporter) -> (artifact id: '0a919b8ffa2890b73477279b45f597ea') in 0.046007 seconds
Number of updated asset objects reloaded before import = 0Number of asset objects unloaded after import = 3

========================================================================
Received Import Request.
  Time since last request: 0.000021 seconds.
  path: Assets/CorgiEngine/Demos/Corgi2D/Prefabs/Environment/Trees/Grass1.prefab
  artifactKey: Guid(b0decd0d89565884588218f79fc1ac97) Importer(2089858483,192608db42251d675da83286b1cce702)
Start importing Assets/CorgiEngine/Demos/Corgi2D/Prefabs/Environment/Trees/Grass1.prefab using Guid(b0decd0d89565884588218f79fc1ac97) Importer(2089858483,192608db42251d675da83286b1cce702) (ScriptedImporter) -> (artifact id: 'a115689e0168c1476506bc2e64cd869e') in 0.0416683 seconds
Number of updated asset objects reloaded before import = 0Number of asset objects unloaded after import = 8

========================================================================
Received Import Request.
  Time since last request: 0.000047 seconds.
  path: Assets/CorgiEngine/Demos/Minimal/Prefabs/ItemPickers/RegularWeaponPickers/InventoryHitscanGunPicker.prefab
  artifactKey: Guid(0b9266832ffbcea479b3fe025f1af28a) Importer(2089858483,192608db42251d675da83286b1cce702)
Start importing Assets/CorgiEngine/Demos/Minimal/Prefabs/ItemPickers/RegularWeaponPickers/InventoryHitscanGunPicker.prefab using Guid(0b9266832ffbcea479b3fe025f1af28a) Importer(2089858483,192608db42251d675da83286b1cce702) (ScriptedImporter) -> (artifact id: '6d1ee8035fa83643e164d197a62ebad4') in 0.0766241 seconds
Number of updated asset objects reloaded before import = 0Number of asset objects unloaded after import = 87

========================================================================
Received Import Request.
  Time since last request: 0.000068 seconds.
  path: Assets/CorgiEngine/ThirdParty/MoreMountains/MMInterface/Common/Sounds/BeepLong1.wav
  artifactKey: Guid(995dd144cd94b2f4badbd49d935da73f) Importer(2089858483,192608db42251d675da83286b1cce702)
Start importing Assets/CorgiEngine/ThirdParty/MoreMountains/MMInterface/Common/Sounds/BeepLong1.wav using Guid(995dd144cd94b2f4badbd49d935da73f) Importer(2089858483,192608db42251d675da83286b1cce702) (ScriptedImporter) -> (artifact id: '746e4f0ebf3adb82d9495fd3a110f1af') in 0.093221 seconds
Number of updated asset objects reloaded before import = 0Number of asset objects unloaded after import = 1

========================================================================
Received Import Request.
  Time since last request: 0.000035 seconds.
  path: Assets/CorgiEngine/ThirdParty/MoreMountains/MMFeedbacks/MMFeedbacks/Feedbacks/MMF_ImageRaycastTarget.cs
  artifactKey: Guid(59e17accdf8e47d4ab7fd8d8d6cec437) Importer(2089858483,192608db42251d675da83286b1cce702)
Start importing Assets/CorgiEngine/ThirdParty/MoreMountains/MMFeedbacks/MMFeedbacks/Feedbacks/MMF_ImageRaycastTarget.cs using Guid(59e17accdf8e47d4ab7fd8d8d6cec437) Importer(2089858483,192608db42251d675da83286b1cce702) (ScriptedImporter) -> (artifact id: '099f5a425672a73c1c1ca6546420d7d4') in 0.0220705 seconds
Number of updated asset objects reloaded before import = 0Number of asset objects unloaded after import = 0

========================================================================
Received Import Request.
  Time since last request: 0.000089 seconds.
  path: Assets/CorgiEngine/ThirdParty/MoreMountains/MMFeedbacks/MMFeedbacks/MMFloatingText/MMFloatingText.cs
  artifactKey: Guid(bae8ea1d0fd577d4b8a4adf809027eee) Importer(2089858483,192608db42251d675da83286b1cce702)
Start importing Assets/CorgiEngine/ThirdParty/MoreMountains/MMFeedbacks/MMFeedbacks/MMFloatingText/MMFloatingText.cs using Guid(bae8ea1d0fd577d4b8a4adf809027eee) Importer(2089858483,192608db42251d675da83286b1cce702) (ScriptedImporter) -> (artifact id: 'fe3982e5145f84bf85e1ab1b66f89971') in 0.0236668 seconds
Number of updated asset objects reloaded before import = 0Number of asset objects unloaded after import = 0

========================================================================
Received Import Request.
  Time since last request: 0.000146 seconds.
  path: Assets/CorgiEngine/Demos/Corgi2D/Prefabs/Environment/Mountains/MtnPlatform2.prefab
  artifactKey: Guid(3b63b410872b4a64494d6e97939ce35b) Importer(2089858483,192608db42251d675da83286b1cce702)
Start importing Assets/CorgiEngine/Demos/Corgi2D/Prefabs/Environment/Mountains/MtnPlatform2.prefab using Guid(3b63b410872b4a64494d6e97939ce35b) Importer(2089858483,192608db42251d675da83286b1cce702) (ScriptedImporter) -> (artifact id: 'bcdb40daa648875eed30078f0360988f') in 0.0549861 seconds
Number of updated asset objects reloaded before import = 0Number of asset objects unloaded after import = 8

========================================================================
Received Import Request.
  Time since last request: 0.000026 seconds.
  path: Assets/CorgiEngine/Demos/Retro/Prefabs/Weapons/Ammo/RetroBossBullet2.prefab
  artifactKey: Guid(d182d79ccbe564349a2ce1d6abdee507) Importer(2089858483,192608db42251d675da83286b1cce702)
Start importing Assets/CorgiEngine/Demos/Retro/Prefabs/Weapons/Ammo/RetroBossBullet2.prefab using Guid(d182d79ccbe564349a2ce1d6abdee507) Importer(2089858483,192608db42251d675da83286b1cce702) (ScriptedImporter) -> (artifact id: '574b7c87cf7fd88e719371af3d92d502') in 0.0773644 seconds
Number of updated asset objects reloaded before import = 0Number of asset objects unloaded after import = 28

========================================================================
Received Import Request.
  Time since last request: 0.000041 seconds.
  path: Assets/CorgiEngine/Demos/Corgi2D/Sprites/Environment/Props/water-top.png
  artifactKey: Guid(6f5e6024b7fbb1342a18335afbac3df7) Importer(2089858483,192608db42251d675da83286b1cce702)
Start importing Assets/CorgiEngine/Demos/Corgi2D/Sprites/Environment/Props/water-top.png using Guid(6f5e6024b7fbb1342a18335afbac3df7) Importer(2089858483,192608db42251d675da83286b1cce702) (ScriptedImporter) -> (artifact id: '6e6531d77721e2a8d6d04285a926a41a') in 0.0453276 seconds
Number of updated asset objects reloaded before import = 0Number of asset objects unloaded after import = 3

========================================================================
Received Import Request.
  Time since last request: 0.000037 seconds.
  path: Assets/CorgiEngine/Demos/Minimal/Prefabs/ItemPickers/RegularWeaponPickers/ItemRocketLauncher.prefab
  artifactKey: Guid(3498906c7355c964b921b89b22b030cb) Importer(2089858483,192608db42251d675da83286b1cce702)
Start importing Assets/CorgiEngine/Demos/Minimal/Prefabs/ItemPickers/RegularWeaponPickers/ItemRocketLauncher.prefab using Guid(3498906c7355c964b921b89b22b030cb) Importer(2089858483,192608db42251d675da83286b1cce702) (ScriptedImporter) -> (artifact id: 'bb4bde0021eacd9f5d80e832b36d828a') in 0.074326 seconds
Number of updated asset objects reloaded before import = 0Number of asset objects unloaded after import = 84

========================================================================
Received Import Request.
  Time since last request: 0.000036 seconds.
  path: Assets/CorgiEngine/ThirdParty/MoreMountains/MMFeedbacks/MMFeedbacks/Feedbacks/MMF_LooperStart.cs
  artifactKey: Guid(46aeaceda13e9344d9c572b88bd8e0c1) Importer(2089858483,192608db42251d675da83286b1cce702)
Start importing Assets/CorgiEngine/ThirdParty/MoreMountains/MMFeedbacks/MMFeedbacks/Feedbacks/MMF_LooperStart.cs using Guid(46aeaceda13e9344d9c572b88bd8e0c1) Importer(2089858483,192608db42251d675da83286b1cce702) (ScriptedImporter) -> (artifact id: '42023cfe317cf3795fbdc2bd682ee146') in 0.020361 seconds
Number of updated asset objects reloaded before import = 0Number of asset objects unloaded after import = 0

========================================================================
Received Import Request.
  Time since last request: 0.000040 seconds.
  path: Assets/CorgiEngine/Demos/Minimal/Prefabs/Weapons/RegularWeapons/MinimalChargeWeapon.prefab
  artifactKey: Guid(4b0b3a515836c454d8afaedfdf922922) Importer(2089858483,192608db42251d675da83286b1cce702)
Start importing Assets/CorgiEngine/Demos/Minimal/Prefabs/Weapons/RegularWeapons/MinimalChargeWeapon.prefab using Guid(4b0b3a515836c454d8afaedfdf922922) Importer(2089858483,192608db42251d675da83286b1cce702) (ScriptedImporter) -> (artifact id: 'b0657e8b2fcaf6f3736e7afe4e9cf870') in 0.1205041 seconds
Number of updated asset objects reloaded before import = 0Number of asset objects unloaded after import = 167

========================================================================
Received Import Request.
  Time since last request: 0.000025 seconds.
  path: Assets/CorgiEngine/Demos/Corgi2D/Sprites/Environment/Lava/lava-platforms.png
  artifactKey: Guid(80726f2d2f9dc34478fc94b170007cb4) Importer(2089858483,192608db42251d675da83286b1cce702)
Start importing Assets/CorgiEngine/Demos/Corgi2D/Sprites/Environment/Lava/lava-platforms.png using Guid(80726f2d2f9dc34478fc94b170007cb4) Importer(2089858483,192608db42251d675da83286b1cce702) (ScriptedImporter) -> (artifact id: 'da9e72e0d628176d1e28afb31bc269ac') in 0.1241941 seconds
Number of updated asset objects reloaded before import = 0Number of asset objects unloaded after import = 19

========================================================================
Received Import Request.
  Time since last request: 0.000031 seconds.
  path: Assets/CorgiEngine/ThirdParty/MoreMountains/MMFeedbacks/MMFeedbacks/Feedbacks/MMF_Material.cs
  artifactKey: Guid(c1a5ec5dd90c97b4290f922165118df9) Importer(2089858483,192608db42251d675da83286b1cce702)
Start importing Assets/CorgiEngine/ThirdParty/MoreMountains/MMFeedbacks/MMFeedbacks/Feedbacks/MMF_Material.cs using Guid(c1a5ec5dd90c97b4290f922165118df9) Importer(2089858483,192608db42251d675da83286b1cce702) (ScriptedImporter) -> (artifact id: 'bc2ca1bf18e7eda74a1e6154cebdcba2') in 0.0237077 seconds
Number of updated asset objects reloaded before import = 0Number of asset objects unloaded after import = 0

========================================================================
Received Import Request.
  Time since last request: 0.000082 seconds.
  path: Assets/CorgiEngine/Demos/Corgi2D/Prefabs/Environment/Trees/Tree11.prefab
  artifactKey: Guid(6fa729e88aa9c8348ab56e52f11c723f) Importer(2089858483,192608db42251d675da83286b1cce702)
Start importing Assets/CorgiEngine/Demos/Corgi2D/Prefabs/Environment/Trees/Tree11.prefab using Guid(6fa729e88aa9c8348ab56e52f11c723f) Importer(2089858483,192608db42251d675da83286b1cce702) (ScriptedImporter) -> (artifact id: 'e9c7c54a2ce96624fdd4ddfc4813f044') in 0.0374469 seconds
Number of updated asset objects reloaded before import = 0Number of asset objects unloaded after import = 8

========================================================================
Received Import Request.
  Time since last request: 0.000030 seconds.
  path: Assets/CorgiEngine/ThirdParty/MoreMountains/MMFeedbacks/MMFeedbacks/Feedbacks/MMF_ParticlesInstantiation.cs
  artifactKey: Guid(9c0c9d2b8139a174a9adcecbfebc5ddb) Importer(2089858483,192608db42251d675da83286b1cce702)
Start importing Assets/CorgiEngine/ThirdParty/MoreMountains/MMFeedbacks/MMFeedbacks/Feedbacks/MMF_ParticlesInstantiation.cs using Guid(9c0c9d2b8139a174a9adcecbfebc5ddb) Importer(2089858483,192608db42251d675da83286b1cce702) (ScriptedImporter) -> (artifact id: 'd64e5c4ac15ca73da12cc732a57c5e67') in 0.0258596 seconds
Number of updated asset objects reloaded before import = 0Number of asset objects unloaded after import = 0

========================================================================
Received Import Request.
  Time since last request: 0.000024 seconds.
  path: Assets/CorgiEngine/Demos/Corgi3D/Models/Props/Materials/defaultMat.mat
  artifactKey: Guid(97bd669ac2f993a468efa968c0aaad76) Importer(2089858483,192608db42251d675da83286b1cce702)
Start importing Assets/CorgiEngine/Demos/Corgi3D/Models/Props/Materials/defaultMat.mat using Guid(97bd669ac2f993a468efa968c0aaad76) Importer(2089858483,192608db42251d675da83286b1cce702) (ScriptedImporter) -> (artifact id: '2a4eca87f0b838880eadf54f00d5595c') in 0.0254783 seconds
Number of updated asset objects reloaded before import = 0Number of asset objects unloaded after import = 1

========================================================================
Received Import Request.
  Time since last request: 0.000038 seconds.
  path: Assets/CorgiEngine/Demos/TheHunt/Models/Temple/Materials/palette.mat
  artifactKey: Guid(927c0a655738a9440a561c49a2dfff79) Importer(2089858483,192608db42251d675da83286b1cce702)
Start importing Assets/CorgiEngine/Demos/TheHunt/Models/Temple/Materials/palette.mat using Guid(927c0a655738a9440a561c49a2dfff79) Importer(2089858483,192608db42251d675da83286b1cce702) (ScriptedImporter) -> (artifact id: 'df4280e42dd0442fba0ddf0623dd2458') in 0.0441659 seconds
Number of updated asset objects reloaded before import = 0Number of asset objects unloaded after import = 2

========================================================================
Received Import Request.
  Time since last request: 0.000026 seconds.
  path: Assets/CorgiEngine/Demos/Corgi2D/Spine/SpaceCorgi/Baked/space-corgi Controller.controller
  artifactKey: Guid(f5ebee6ee71717f41a90ce9e632329fc) Importer(2089858483,192608db42251d675da83286b1cce702)
Start importing Assets/CorgiEngine/Demos/Corgi2D/Spine/SpaceCorgi/Baked/space-corgi Controller.controller using Guid(f5ebee6ee71717f41a90ce9e632329fc) Importer(2089858483,192608db42251d675da83286b1cce702) (ScriptedImporter) -> (artifact id: 'd17150ba1e56dccdb117488acd93e5a5') in 0.2460242 seconds
Number of updated asset objects reloaded before import = 0Number of asset objects unloaded after import = 38

========================================================================
Received Import Request.
  Time since last request: 0.000028 seconds.
  path: Assets/CorgiEngine/Demos/Corgi2D/Sprites/Environment/Mountains/mountains-bg-3.png
  artifactKey: Guid(26ccd16011f19774ca28ae937aa4c48c) Importer(2089858483,192608db42251d675da83286b1cce702)
Start importing Assets/CorgiEngine/Demos/Corgi2D/Sprites/Environment/Mountains/mountains-bg-3.png using Guid(26ccd16011f19774ca28ae937aa4c48c) Importer(2089858483,192608db42251d675da83286b1cce702) (ScriptedImporter) -> (artifact id: 'da57a30519d5f249c0bb3e65db7fec9e') in 0.0607185 seconds
Number of updated asset objects reloaded before import = 0Number of asset objects unloaded after import = 3

========================================================================
Received Import Request.
  Time since last request: 0.000058 seconds.
  path: Assets/CorgiEngine/Demos/Corgi2D/Prefabs/Environment/Mesa/Platform5.prefab
  artifactKey: Guid(1d8b5769132d65d4aa10705b9e826477) Importer(2089858483,192608db42251d675da83286b1cce702)
Start importing Assets/CorgiEngine/Demos/Corgi2D/Prefabs/Environment/Mesa/Platform5.prefab using Guid(1d8b5769132d65d4aa10705b9e826477) Importer(2089858483,192608db42251d675da83286b1cce702) (ScriptedImporter) -> (artifact id: '7eb127ec9eddbcd12311fb5ffcab17ac') in 0.0526969 seconds
Number of updated asset objects reloaded before import = 0Number of asset objects unloaded after import = 8

========================================================================
Received Import Request.
  Time since last request: 0.000028 seconds.
  path: Assets/CorgiEngine/Demos/Corgi2D/Prefabs/Environment/Mesa/Platform15.prefab
  artifactKey: Guid(cf2166c30e047f948829f096bf8b292d) Importer(2089858483,192608db42251d675da83286b1cce702)
Start importing Assets/CorgiEngine/Demos/Corgi2D/Prefabs/Environment/Mesa/Platform15.prefab using Guid(cf2166c30e047f948829f096bf8b292d) Importer(2089858483,192608db42251d675da83286b1cce702) (ScriptedImporter) -> (artifact id: 'bf22ff5dc51b945d549c950088c1a306') in 0.0491289 seconds
Number of updated asset objects reloaded before import = 0Number of asset objects unloaded after import = 8

========================================================================
Received Import Request.
  Time since last request: 0.000029 seconds.
  path: Assets/CorgiEngine/ThirdParty/MoreMountains/MMFeedbacks/MMFeedbacksForThirdParty/TextMeshPro/MoreMountains.Feedbacks.TextMeshPro.asmref
  artifactKey: Guid(b04ed8e9bde180e45bebd340d0981646) Importer(2089858483,192608db42251d675da83286b1cce702)
Start importing Assets/CorgiEngine/ThirdParty/MoreMountains/MMFeedbacks/MMFeedbacksForThirdParty/TextMeshPro/MoreMountains.Feedbacks.TextMeshPro.asmref using Guid(b04ed8e9bde180e45bebd340d0981646) Importer(2089858483,192608db42251d675da83286b1cce702) (ScriptedImporter) -> (artifact id: '2408da2a11db0e39fcd4ddb03e6c03cd') in 0.0357287 seconds
Number of updated asset objects reloaded before import = 0Number of asset objects unloaded after import = 1

========================================================================
Received Import Request.
  Time since last request: 0.000025 seconds.
  path: Assets/CorgiEngine/Demos/Corgi2D/Sprites/Environment/Blocks/rock.png
  artifactKey: Guid(68bb5c54da06a424aacad4f633036d61) Importer(2089858483,192608db42251d675da83286b1cce702)
Start importing Assets/CorgiEngine/Demos/Corgi2D/Sprites/Environment/Blocks/rock.png using Guid(68bb5c54da06a424aacad4f633036d61) Importer(2089858483,192608db42251d675da83286b1cce702) (ScriptedImporter) -> (artifact id: 'f841309bc1f5febb2b852f424d7df5f3') in 0.0476344 seconds
Number of updated asset objects reloaded before import = 0Number of asset objects unloaded after import = 3

========================================================================
Received Import Request.
  Time since last request: 0.000051 seconds.
  path: Assets/CorgiEngine/ThirdParty/MoreMountains/MMInterface/Common/Scripts/MoreMountains.Interface.asmdef
  artifactKey: Guid(8f27f7a0f8da9854cb7c86f15d58fe82) Importer(2089858483,192608db42251d675da83286b1cce702)
Start importing Assets/CorgiEngine/ThirdParty/MoreMountains/MMInterface/Common/Scripts/MoreMountains.Interface.asmdef using Guid(8f27f7a0f8da9854cb7c86f15d58fe82) Importer(2089858483,192608db42251d675da83286b1cce702) (ScriptedImporter) -> (artifact id: '44886736550b23ef0ecd71ee778e8dfc') in 0.0342542 seconds
Number of updated asset objects reloaded before import = 0Number of asset objects unloaded after import = 1

========================================================================
Received Import Request.
  Time since last request: 0.000052 seconds.
  path: Assets/CorgiEngine/ThirdParty/MoreMountains/MMFeedbacks/Editor/Sequencing/MMSequencerEditor.cs
  artifactKey: Guid(6f57413f575191641b987d9d04e61e3a) Importer(2089858483,192608db42251d675da83286b1cce702)
Start importing Assets/CorgiEngine/ThirdParty/MoreMountains/MMFeedbacks/Editor/Sequencing/MMSequencerEditor.cs using Guid(6f57413f575191641b987d9d04e61e3a) Importer(2089858483,192608db42251d675da83286b1cce702) (ScriptedImporter) -> (artifact id: '7288331773d6759b64b213cbc225f8d2') in 0.0211589 seconds
Number of updated asset objects reloaded before import = 0Number of asset objects unloaded after import = 0

========================================================================
Received Import Request.
  Time since last request: 0.000051 seconds.
  path: Assets/CorgiEngine/ThirdParty/MoreMountains/MMFeedbacks/Editor/Core/MMFeedbacksColors.cs
  artifactKey: Guid(822282e53ae1ea84d9795a45c89280db) Importer(2089858483,192608db42251d675da83286b1cce702)
Start importing Assets/CorgiEngine/ThirdParty/MoreMountains/MMFeedbacks/Editor/Core/MMFeedbacksColors.cs using Guid(822282e53ae1ea84d9795a45c89280db) Importer(2089858483,192608db42251d675da83286b1cce702) (ScriptedImporter) -> (artifact id: '2e6651b022fcc0c1280b1476ab106dc0') in 0.0263733 seconds
Number of updated asset objects reloaded before import = 0Number of asset objects unloaded after import = 0

========================================================================
Received Import Request.
  Time since last request: 0.000047 seconds.
  path: Assets/CorgiEngine/Demos/Corgi2D/Prefabs/Environment/Trees/Tree12.prefab
  artifactKey: Guid(f6df03aedba6ebb42b5358f36d381540) Importer(2089858483,192608db42251d675da83286b1cce702)
Start importing Assets/CorgiEngine/Demos/Corgi2D/Prefabs/Environment/Trees/Tree12.prefab using Guid(f6df03aedba6ebb42b5358f36d381540) Importer(2089858483,192608db42251d675da83286b1cce702) (ScriptedImporter) -> (artifact id: '56267acda25fb6c7bf35c5ba4796dc9b') in 0.0414555 seconds
Number of updated asset objects reloaded before import = 0Number of asset objects unloaded after import = 8

========================================================================
Received Import Request.
  Time since last request: 0.000037 seconds.
  path: Assets/CorgiEngine/Demos/Minimal/Prefabs/Weapons/AmmoBasedWeapons/MinimalRocketLauncherWithAmmo.prefab
  artifactKey: Guid(a2ccbf69c460bd44a9e4a71ac3c0a9ad) Importer(2089858483,192608db42251d675da83286b1cce702)
Start importing Assets/CorgiEngine/Demos/Minimal/Prefabs/Weapons/AmmoBasedWeapons/MinimalRocketLauncherWithAmmo.prefab using Guid(a2ccbf69c460bd44a9e4a71ac3c0a9ad) Importer(2089858483,192608db42251d675da83286b1cce702) (ScriptedImporter) -> (artifact id: 'f9919af7f231762e0d5d106ac041a395') in 0.1144911 seconds
Number of updated asset objects reloaded before import = 0Number of asset objects unloaded after import = 75

========================================================================
Received Import Request.
  Time since last request: 0.000028 seconds.
  path: Assets/CorgiEngine/ThirdParty/MoreMountains/MMFeedbacks/MMFeedbacks/Feedbacks/MMF_DestinationTransform.cs
  artifactKey: Guid(2a22f321adcb1374cb909aee327ff9f0) Importer(2089858483,192608db42251d675da83286b1cce702)
Start importing Assets/CorgiEngine/ThirdParty/MoreMountains/MMFeedbacks/MMFeedbacks/Feedbacks/MMF_DestinationTransform.cs using Guid(2a22f321adcb1374cb909aee327ff9f0) Importer(2089858483,192608db42251d675da83286b1cce702) (ScriptedImporter) -> (artifact id: 'fa5cdcaa011816383dffb77ccd8a26d5') in 0.0203907 seconds
Number of updated asset objects reloaded before import = 0Number of asset objects unloaded after import = 0

========================================================================
Received Import Request.
  Time since last request: 0.000236 seconds.
  path: Assets/CorgiEngine/Demos/Corgi2D/Prefabs/Environment/Mountains/MtnPlatform10.prefab
  artifactKey: Guid(c1727af82b22878478c9da43a9d99362) Importer(2089858483,192608db42251d675da83286b1cce702)
Start importing Assets/CorgiEngine/Demos/Corgi2D/Prefabs/Environment/Mountains/MtnPlatform10.prefab using Guid(c1727af82b22878478c9da43a9d99362) Importer(2089858483,192608db42251d675da83286b1cce702) (ScriptedImporter) -> (artifact id: '0c190fe782741ba5fdf7be878786bbae') in 0.0578621 seconds
Number of updated asset objects reloaded before import = 0Number of asset objects unloaded after import = 8

========================================================================
Received Import Request.
  Time since last request: 0.000032 seconds.
  path: Assets/CorgiEngine/Demos/Corgi2D/Prefabs/Environment/Trees/Tree8.prefab
  artifactKey: Guid(6b1168d2322e04d41964aaac131f0761) Importer(2089858483,192608db42251d675da83286b1cce702)
Start importing Assets/CorgiEngine/Demos/Corgi2D/Prefabs/Environment/Trees/Tree8.prefab using Guid(6b1168d2322e04d41964aaac131f0761) Importer(2089858483,192608db42251d675da83286b1cce702) (ScriptedImporter) -> (artifact id: 'd1eb124a111c8d5fc780f44ea8ad914a') in 0.038936 seconds
Number of updated asset objects reloaded before import = 0Number of asset objects unloaded after import = 8

========================================================================
Received Import Request.
  Time since last request: 0.000035 seconds.
  path: Assets/CorgiEngine/Demos/Minimal/Prefabs/PlayableCharacters/CharacterSwap/RectangleSwap5.prefab
  artifactKey: Guid(8dcb2c392bc09f641a431d076c4453ba) Importer(2089858483,192608db42251d675da83286b1cce702)
Start importing Assets/CorgiEngine/Demos/Minimal/Prefabs/PlayableCharacters/CharacterSwap/RectangleSwap5.prefab using Guid(8dcb2c392bc09f641a431d076c4453ba) Importer(2089858483,192608db42251d675da83286b1cce702) (ScriptedImporter) -> (artifact id: 'b3191e5107563edfdf8738aec4d30b9c') in 0.2723441 seconds
Number of updated asset objects reloaded before import = 0Number of asset objects unloaded after import = 126

========================================================================
Received Import Request.
  Time since last request: 0.000057 seconds.
  path: Assets/CorgiEngine/ThirdParty/MoreMountains/MMTools/Core/MMHelpers/MMAnimationCurves.cs
  artifactKey: Guid(55c12c0ec7006444aaec17e31510e884) Importer(2089858483,192608db42251d675da83286b1cce702)
Start importing Assets/CorgiEngine/ThirdParty/MoreMountains/MMTools/Core/MMHelpers/MMAnimationCurves.cs using Guid(55c12c0ec7006444aaec17e31510e884) Importer(2089858483,192608db42251d675da83286b1cce702) (ScriptedImporter) -> (artifact id: '7ac44d7ff5f89c4ba14880f3d751fb77') in 0.033592 seconds
Number of updated asset objects reloaded before import = 0Number of asset objects unloaded after import = 0

========================================================================
Received Import Request.
  Time since last request: 0.000039 seconds.
  path: Assets/CorgiEngine/ThirdParty/MoreMountains/MMTools/Accessories/MMVision/ConeOfVisionAlpha.png
  artifactKey: Guid(671b69569d53c4c47ba2a89fb544082f) Importer(2089858483,192608db42251d675da83286b1cce702)
Start importing Assets/CorgiEngine/ThirdParty/MoreMountains/MMTools/Accessories/MMVision/ConeOfVisionAlpha.png using Guid(671b69569d53c4c47ba2a89fb544082f) Importer(2089858483,192608db42251d675da83286b1cce702) (ScriptedImporter) -> (artifact id: '6fe17a4a9f9687e70cd8c65426e5068d') in 0.0674584 seconds
Number of updated asset objects reloaded before import = 0Number of asset objects unloaded after import = 1

========================================================================
Received Import Request.
  Time since last request: 0.000030 seconds.
  path: Assets/CorgiEngine/ThirdParty/MoreMountains/MMTools/Core/MMExtensions/MMArrayExtensions.cs
  artifactKey: Guid(a6e5aa704bd68fb42a198fccd658dbfb) Importer(2089858483,192608db42251d675da83286b1cce702)
Start importing Assets/CorgiEngine/ThirdParty/MoreMountains/MMTools/Core/MMExtensions/MMArrayExtensions.cs using Guid(a6e5aa704bd68fb42a198fccd658dbfb) Importer(2089858483,192608db42251d675da83286b1cce702) (ScriptedImporter) -> (artifact id: '6b18808026cd78bc5c67bf07770699e9') in 0.0244252 seconds
Number of updated asset objects reloaded before import = 0Number of asset objects unloaded after import = 0

========================================================================
Received Import Request.
  Time since last request: 0.000106 seconds.
  path: Assets/CorgiEngine/ThirdParty/MoreMountains/MMTools/Accessories/MMPhysics/MMRigidbodyCenterOfMass.cs
  artifactKey: Guid(efda6721f0081284c9800ba75977ba30) Importer(2089858483,192608db42251d675da83286b1cce702)
Start importing Assets/CorgiEngine/ThirdParty/MoreMountains/MMTools/Accessories/MMPhysics/MMRigidbodyCenterOfMass.cs using Guid(efda6721f0081284c9800ba75977ba30) Importer(2089858483,192608db42251d675da83286b1cce702) (ScriptedImporter) -> (artifact id: 'ab29d40dd7409c8cfd745cd4c4deaea4') in 0.0224281 seconds
Number of updated asset objects reloaded before import = 0Number of asset objects unloaded after import = 0

========================================================================
Received Import Request.
  Time since last request: 0.000062 seconds.
  path: Assets/CorgiEngine/ThirdParty/MoreMountains/MMTools/Accessories/MMGUI/SelectionBase.cs
  artifactKey: Guid(ca4c1ca8bc423b748983b24393521cb7) Importer(2089858483,192608db42251d675da83286b1cce702)
Start importing Assets/CorgiEngine/ThirdParty/MoreMountains/MMTools/Accessories/MMGUI/SelectionBase.cs using Guid(ca4c1ca8bc423b748983b24393521cb7) Importer(2089858483,192608db42251d675da83286b1cce702) (ScriptedImporter) -> (artifact id: '561f1a172ba6d50b41e1203d9b8cc334') in 0.0281991 seconds
Number of updated asset objects reloaded before import = 0Number of asset objects unloaded after import = 0

========================================================================
Received Import Request.
  Time since last request: 0.000113 seconds.
  path: Assets/CorgiEngine/ThirdParty/MoreMountains/MMTools/Core/MMExtensions/MMSerializedPropertyExtensions.cs
  artifactKey: Guid(e8c0f2ffbd055e44497199bd1a209d9f) Importer(2089858483,192608db42251d675da83286b1cce702)
Start importing Assets/CorgiEngine/ThirdParty/MoreMountains/MMTools/Core/MMExtensions/MMSerializedPropertyExtensions.cs using Guid(e8c0f2ffbd055e44497199bd1a209d9f) Importer(2089858483,192608db42251d675da83286b1cce702) (ScriptedImporter) -> (artifact id: '3bb5e727b3143c58153c60625cb07d03') in 0.0231443 seconds
Number of updated asset objects reloaded before import = 0Number of asset objects unloaded after import = 0

========================================================================
Received Import Request.
  Time since last request: 0.000028 seconds.
  path: Assets/CorgiEngine/ThirdParty/MoreMountains/MMTools/Accessories/MMUtilities/MMSceneViewIcon.cs
  artifactKey: Guid(d0cf5074ca154b84c9792d6d8c1e8ab0) Importer(2089858483,192608db42251d675da83286b1cce702)
Start importing Assets/CorgiEngine/ThirdParty/MoreMountains/MMTools/Accessories/MMUtilities/MMSceneViewIcon.cs using Guid(d0cf5074ca154b84c9792d6d8c1e8ab0) Importer(2089858483,192608db42251d675da83286b1cce702) (ScriptedImporter) -> (artifact id: '27521ae5c3944630f22d4fe1912c5771') in 0.0215451 seconds
Number of updated asset objects reloaded before import = 0Number of asset objects unloaded after import = 0

========================================================================
Received Import Request.
  Time since last request: 0.000091 seconds.
  path: Assets/CorgiEngine/ThirdParty/MoreMountains/MMTools/Core/MMExtensions/MMLayermaskExtensions.cs
  artifactKey: Guid(f5786eaa162a9da408b32f063e56886d) Importer(2089858483,192608db42251d675da83286b1cce702)
Start importing Assets/CorgiEngine/ThirdParty/MoreMountains/MMTools/Core/MMExtensions/MMLayermaskExtensions.cs using Guid(f5786eaa162a9da408b32f063e56886d) Importer(2089858483,192608db42251d675da83286b1cce702) (ScriptedImporter) -> (artifact id: '98ee4f1b10901c16a255a270409439aa') in 0.029781 seconds
Number of updated asset objects reloaded before import = 0Number of asset objects unloaded after import = 0

========================================================================
Received Import Request.
  Time since last request: 0.000149 seconds.
  path: Assets/CorgiEngine/ThirdParty/MoreMountains/MMTools/Accessories/MMShaders/MMZTestAlways.shader
  artifactKey: Guid(31b8f52d70379eb439f5a4ca78a1413b) Importer(2089858483,192608db42251d675da83286b1cce702)
Start importing Assets/CorgiEngine/ThirdParty/MoreMountains/MMTools/Accessories/MMShaders/MMZTestAlways.shader using Guid(31b8f52d70379eb439f5a4ca78a1413b) Importer(2089858483,192608db42251d675da83286b1cce702) (ScriptedImporter) -> (artifact id: '398f388f43b0d5cd0f20bd95c743b466') in 0.0258498 seconds
Number of updated asset objects reloaded before import = 0Number of asset objects unloaded after import = 1

========================================================================
Received Import Request.
  Time since last request: 0.000030 seconds.
  path: Assets/CorgiEngine/ThirdParty/MoreMountains/MMTools/Accessories/MMGUI/MMTwoSidedUI.cs
  artifactKey: Guid(e4c4ad5c65605834a8f3d6718580bd06) Importer(2089858483,192608db42251d675da83286b1cce702)
Start importing Assets/CorgiEngine/ThirdParty/MoreMountains/MMTools/Accessories/MMGUI/MMTwoSidedUI.cs using Guid(e4c4ad5c65605834a8f3d6718580bd06) Importer(2089858483,192608db42251d675da83286b1cce702) (ScriptedImporter) -> (artifact id: '0c3320e13335d6937d817f08f075bd00') in 0.0251543 seconds
Number of updated asset objects reloaded before import = 0Number of asset objects unloaded after import = 0

========================================================================
Received Import Request.
  Time since last request: 0.000116 seconds.
  path: Assets/CorgiEngine/ThirdParty/MoreMountains/MMTools/Core/MMExtensions/MMTransformExtensions.cs
  artifactKey: Guid(aaf470b8c3a10a941998800be2e324cc) Importer(2089858483,192608db42251d675da83286b1cce702)
Start importing Assets/CorgiEngine/ThirdParty/MoreMountains/MMTools/Core/MMExtensions/MMTransformExtensions.cs using Guid(aaf470b8c3a10a941998800be2e324cc) Importer(2089858483,192608db42251d675da83286b1cce702) (ScriptedImporter) -> (artifact id: '2e8c064d6ffc95bd1d837ccd98d0bb01') in 0.0299001 seconds
Number of updated asset objects reloaded before import = 0Number of asset objects unloaded after import = 0

========================================================================
Received Import Request.
  Time since last request: 0.000182 seconds.
  path: Assets/CorgiEngine/ThirdParty/MoreMountains/MMTools/Core/MMHelpers/MMScene.cs
  artifactKey: Guid(9de5862b14b53c74e8f45bf953fabf7e) Importer(2089858483,192608db42251d675da83286b1cce702)
Start importing Assets/CorgiEngine/ThirdParty/MoreMountains/MMTools/Core/MMHelpers/MMScene.cs using Guid(9de5862b14b53c74e8f45bf953fabf7e) Importer(2089858483,192608db42251d675da83286b1cce702) (ScriptedImporter) -> (artifact id: '9235b2faa6f31046ad4bdd4899b5fb79') in 0.0229084 seconds
Number of updated asset objects reloaded before import = 0Number of asset objects unloaded after import = 0

========================================================================
Received Import Request.
  Time since last request: 0.000072 seconds.
  path: Assets/CorgiEngine/Demos/Minimal/Prefabs/ItemPickers/WeaponWithAmmoPickers/InventoryMachineGunPicker.prefab
  artifactKey: Guid(f1711f798d9cafd43bf3817ae38f237e) Importer(2089858483,192608db42251d675da83286b1cce702)
Start importing Assets/CorgiEngine/Demos/Minimal/Prefabs/ItemPickers/WeaponWithAmmoPickers/InventoryMachineGunPicker.prefab using Guid(f1711f798d9cafd43bf3817ae38f237e) Importer(2089858483,192608db42251d675da83286b1cce702) (ScriptedImporter) -> (artifact id: '3e29c8da5b9d57a22669b67661b63911') in 0.0887103 seconds
Number of updated asset objects reloaded before import = 0Number of asset objects unloaded after import = 114

========================================================================
Received Import Request.
  Time since last request: 0.000026 seconds.
  path: Assets/CorgiEngine/ThirdParty/MoreMountains/MMFeedbacks/MMFeedbacks/Feedbacks/MMF_Position.cs
  artifactKey: Guid(b0712f49a894a7149b9dcdb51af896d1) Importer(2089858483,192608db42251d675da83286b1cce702)
Start importing Assets/CorgiEngine/ThirdParty/MoreMountains/MMFeedbacks/MMFeedbacks/Feedbacks/MMF_Position.cs using Guid(b0712f49a894a7149b9dcdb51af896d1) Importer(2089858483,192608db42251d675da83286b1cce702) (ScriptedImporter) -> (artifact id: 'fd5eedae5edc9a3855d40edcddc775f2') in 0.0297016 seconds
Number of updated asset objects reloaded before import = 0Number of asset objects unloaded after import = 0

========================================================================
Received Import Request.
  Time since last request: 0.000021 seconds.
  path: Assets/CorgiEngine/ThirdParty/MoreMountains/MMFeedbacks/MMFeedbacksForThirdParty/HDRP/MoreMountains.Feedbacks.HDRP.asmref
  artifactKey: Guid(a7a2bc31348bf0944bdfecbcd88c4c5f) Importer(2089858483,192608db42251d675da83286b1cce702)
Start importing Assets/CorgiEngine/ThirdParty/MoreMountains/MMFeedbacks/MMFeedbacksForThirdParty/HDRP/MoreMountains.Feedbacks.HDRP.asmref using Guid(a7a2bc31348bf0944bdfecbcd88c4c5f) Importer(2089858483,192608db42251d675da83286b1cce702) (ScriptedImporter) -> (artifact id: 'a409dc0fd17675ca138bf49aa5ad499b') in 0.0359696 seconds
Number of updated asset objects reloaded before import = 0Number of asset objects unloaded after import = 1

========================================================================
Received Import Request.
  Time since last request: 0.000032 seconds.
  path: Assets/CorgiEngine/Demos/Corgi2D/Prefabs/Environment/Mountains/MtnPlatform22.prefab
  artifactKey: Guid(89c437dcc853f184c8e5ccccbcbfea12) Importer(2089858483,192608db42251d675da83286b1cce702)
Start importing Assets/CorgiEngine/Demos/Corgi2D/Prefabs/Environment/Mountains/MtnPlatform22.prefab using Guid(89c437dcc853f184c8e5ccccbcbfea12) Importer(2089858483,192608db42251d675da83286b1cce702) (ScriptedImporter) -> (artifact id: '4524f996d14fa0a982bc959868150890') in 0.0562081 seconds
Number of updated asset objects reloaded before import = 0Number of asset objects unloaded after import = 8

========================================================================
Received Import Request.
  Time since last request: 0.000029 seconds.
  path: Assets/CorgiEngine/ThirdParty/MoreMountains/MMInterface/Common/Scripts/MMSpriteReplace.cs
  artifactKey: Guid(c3583e1e3afb96949bfc1406f22e719b) Importer(2089858483,192608db42251d675da83286b1cce702)
Start importing Assets/CorgiEngine/ThirdParty/MoreMountains/MMInterface/Common/Scripts/MMSpriteReplace.cs using Guid(c3583e1e3afb96949bfc1406f22e719b) Importer(2089858483,192608db42251d675da83286b1cce702) (ScriptedImporter) -> (artifact id: '155b95968563a00ed6f3fe124f29c72b') in 0.0224495 seconds
Number of updated asset objects reloaded before import = 0Number of asset objects unloaded after import = 0

========================================================================
Received Import Request.
  Time since last request: 0.000026 seconds.
  path: Assets/CorgiEngine/ThirdParty/MoreMountains/MMTools/Accessories/MMGUI/MMParallaxUI.cs
  artifactKey: Guid(2852911d573562f4a836903e5c779c94) Importer(2089858483,192608db42251d675da83286b1cce702)
Start importing Assets/CorgiEngine/ThirdParty/MoreMountains/MMTools/Accessories/MMGUI/MMParallaxUI.cs using Guid(2852911d573562f4a836903e5c779c94) Importer(2089858483,192608db42251d675da83286b1cce702) (ScriptedImporter) -> (artifact id: '7a3238e3597d4bc0fb77d50b219af805') in 0.0246859 seconds
Number of updated asset objects reloaded before import = 0Number of asset objects unloaded after import = 0

========================================================================
Received Import Request.
  Time since last request: 0.000089 seconds.
  path: Assets/CorgiEngine/Demos/Corgi2D/Prefabs/Environment/Mesa/Platform18.prefab
  artifactKey: Guid(3402709563bc5ee40b4a857decc2dfc7) Importer(2089858483,192608db42251d675da83286b1cce702)
Start importing Assets/CorgiEngine/Demos/Corgi2D/Prefabs/Environment/Mesa/Platform18.prefab using Guid(3402709563bc5ee40b4a857decc2dfc7) Importer(2089858483,192608db42251d675da83286b1cce702) (ScriptedImporter) -> (artifact id: '50127261f7ba4c6343b42ac6a97f40ac') in 0.0517797 seconds
Number of updated asset objects reloaded before import = 0Number of asset objects unloaded after import = 8

========================================================================
Received Import Request.
  Time since last request: 0.000029 seconds.
  path: Assets/CorgiEngine/Demos/Minimal/Prefabs/Weapons/Ammo/MinimalChargeWeaponBulletA.prefab
  artifactKey: Guid(18e360fca5971384c80e8cf886ddb7ac) Importer(2089858483,192608db42251d675da83286b1cce702)
Start importing Assets/CorgiEngine/Demos/Minimal/Prefabs/Weapons/Ammo/MinimalChargeWeaponBulletA.prefab using Guid(18e360fca5971384c80e8cf886ddb7ac) Importer(2089858483,192608db42251d675da83286b1cce702) (ScriptedImporter) -> (artifact id: '4e403078d583f0fc36eb11a36e8044bf') in 0.0733742 seconds
Number of updated asset objects reloaded before import = 0Number of asset objects unloaded after import = 31

========================================================================
Received Import Request.
  Time since last request: 0.000037 seconds.
  path: Assets/CorgiEngine/ThirdParty/MoreMountains/MMFeedbacks/MMFeedbacks/Feedbacks/MMF_AudioSourceVolume.cs
  artifactKey: Guid(d02d555b253bdc24e98b4e6bc088c59c) Importer(2089858483,192608db42251d675da83286b1cce702)
Start importing Assets/CorgiEngine/ThirdParty/MoreMountains/MMFeedbacks/MMFeedbacks/Feedbacks/MMF_AudioSourceVolume.cs using Guid(d02d555b253bdc24e98b4e6bc088c59c) Importer(2089858483,192608db42251d675da83286b1cce702) (ScriptedImporter) -> (artifact id: 'd2cedd8c65f937ac663afc5ec778c0e5') in 0.0264703 seconds
Number of updated asset objects reloaded before import = 0Number of asset objects unloaded after import = 0

========================================================================
Received Import Request.
  Time since last request: 0.000138 seconds.
  path: Assets/CorgiEngine/ThirdParty/MoreMountains/MMFeedbacks/MMFeedbacksForThirdParty/MMTools/MoreMountains.Feedbacks.MMTools.asmref
  artifactKey: Guid(8f66483fc4928824e96ba9aa3eb86e6f) Importer(2089858483,192608db42251d675da83286b1cce702)
Start importing Assets/CorgiEngine/ThirdParty/MoreMountains/MMFeedbacks/MMFeedbacksForThirdParty/MMTools/MoreMountains.Feedbacks.MMTools.asmref using Guid(8f66483fc4928824e96ba9aa3eb86e6f) Importer(2089858483,192608db42251d675da83286b1cce702) (ScriptedImporter) -> (artifact id: 'a5ca89b0d9160c6891c9594fe77cfe27') in 0.0323421 seconds
Number of updated asset objects reloaded before import = 0Number of asset objects unloaded after import = 1

========================================================================
Received Import Request.
  Time since last request: 0.000101 seconds.
  path: Assets/CorgiEngine/ThirdParty/MoreMountains/MMFeedbacks/Editor/Core/MMFeedbackStyling.cs
  artifactKey: Guid(74bba79889819c645bedf0dcd6d6cfa3) Importer(2089858483,192608db42251d675da83286b1cce702)
Start importing Assets/CorgiEngine/ThirdParty/MoreMountains/MMFeedbacks/Editor/Core/MMFeedbackStyling.cs using Guid(74bba79889819c645bedf0dcd6d6cfa3) Importer(2089858483,192608db42251d675da83286b1cce702) (ScriptedImporter) -> (artifact id: '81b58112cfacf4e05549793e4b7c7ba9') in 0.0211521 seconds
Number of updated asset objects reloaded before import = 0Number of asset objects unloaded after import = 0

========================================================================
Received Import Request.
  Time since last request: 0.000038 seconds.
  path: Assets/CorgiEngine/ThirdParty/MoreMountains/MMFeedbacks/MMFeedbacks/Feedbacks/MMF_Scale.cs
  artifactKey: Guid(f2cba57e3c6751145ba55ff4962addea) Importer(2089858483,192608db42251d675da83286b1cce702)
Start importing Assets/CorgiEngine/ThirdParty/MoreMountains/MMFeedbacks/MMFeedbacks/Feedbacks/MMF_Scale.cs using Guid(f2cba57e3c6751145ba55ff4962addea) Importer(2089858483,192608db42251d675da83286b1cce702) (ScriptedImporter) -> (artifact id: '51983681b07cb1241efeb1c3db6db09b') in 0.0257143 seconds
Number of updated asset objects reloaded before import = 0Number of asset objects unloaded after import = 0

========================================================================
Received Import Request.
  Time since last request: 0.000064 seconds.
  path: Assets/CorgiEngine/ThirdParty/MoreMountains/MMFeedbacks/MMFeedbacks/Feedbacks/MMF_ScaleShake.cs
  artifactKey: Guid(dabf1ff37a1366d46b6421d7438ab929) Importer(2089858483,192608db42251d675da83286b1cce702)
Start importing Assets/CorgiEngine/ThirdParty/MoreMountains/MMFeedbacks/MMFeedbacks/Feedbacks/MMF_ScaleShake.cs using Guid(dabf1ff37a1366d46b6421d7438ab929) Importer(2089858483,192608db42251d675da83286b1cce702) (ScriptedImporter) -> (artifact id: '977294fa1a133d5f22bb342607b1b022') in 0.022136 seconds
Number of updated asset objects reloaded before import = 0Number of asset objects unloaded after import = 0

========================================================================
Received Import Request.
  Time since last request: 0.000077 seconds.
  path: Assets/CorgiEngine/ThirdParty/MoreMountains/MMFeedbacks/MMFeedbacks/Feedbacks/MMF_Light.cs
  artifactKey: Guid(f7559d3ffebbab24885ba248a4e0e548) Importer(2089858483,192608db42251d675da83286b1cce702)
Start importing Assets/CorgiEngine/ThirdParty/MoreMountains/MMFeedbacks/MMFeedbacks/Feedbacks/MMF_Light.cs using Guid(f7559d3ffebbab24885ba248a4e0e548) Importer(2089858483,192608db42251d675da83286b1cce702) (ScriptedImporter) -> (artifact id: 'ef4a163612f22784a9a5cab22fb1c021') in 0.0205671 seconds
Number of updated asset objects reloaded before import = 0Number of asset objects unloaded after import = 0

========================================================================
Received Import Request.
  Time since last request: 0.000025 seconds.
  path: Assets/CorgiEngine/ThirdParty/MoreMountains/MMInterface/Styles/Mini/AllButtons.unity
  artifactKey: Guid(d78c7a6fd43ddd540ba88e6abaf4579c) Importer(2089858483,192608db42251d675da83286b1cce702)
Start importing Assets/CorgiEngine/ThirdParty/MoreMountains/MMInterface/Styles/Mini/AllButtons.unity using Guid(d78c7a6fd43ddd540ba88e6abaf4579c) Importer(2089858483,192608db42251d675da83286b1cce702) (ScriptedImporter) -> (artifact id: '10720a4a9f4bce2857041ebc4ac3e563') in 0.2020542 seconds
Number of updated asset objects reloaded before import = 0Number of asset objects unloaded after import = 1

========================================================================
Received Import Request.
  Time since last request: 0.000035 seconds.
  path: Assets/CorgiEngine/ThirdParty/MoreMountains/MMFeedbacks/MMFeedbacks/Feedbacks/MMF_CameraFieldOfView.cs
  artifactKey: Guid(6313950da8f5bbf459733aed2e327e0c) Importer(2089858483,192608db42251d675da83286b1cce702)
Start importing Assets/CorgiEngine/ThirdParty/MoreMountains/MMFeedbacks/MMFeedbacks/Feedbacks/MMF_CameraFieldOfView.cs using Guid(6313950da8f5bbf459733aed2e327e0c) Importer(2089858483,192608db42251d675da83286b1cce702) (ScriptedImporter) -> (artifact id: '9ed75435e434de3d2d1eb3bc26779daa') in 0.0237379 seconds
Number of updated asset objects reloaded before import = 0Number of asset objects unloaded after import = 0

========================================================================
Received Import Request.
  Time since last request: 0.000102 seconds.
  path: Assets/CorgiEngine/ThirdParty/MoreMountains/InventoryEngine/InventoryEngine/Editor/MoreMountains.InventoryEngine.Editor.asmdef
  artifactKey: Guid(f26b6f2c218eb3c4cb1386ecb1e6cf3f) Importer(2089858483,192608db42251d675da83286b1cce702)
Start importing Assets/CorgiEngine/ThirdParty/MoreMountains/InventoryEngine/InventoryEngine/Editor/MoreMountains.InventoryEngine.Editor.asmdef using Guid(f26b6f2c218eb3c4cb1386ecb1e6cf3f) Importer(2089858483,192608db42251d675da83286b1cce702) (ScriptedImporter) -> (artifact id: '91f4ccbeb54f8b74a28d953adf21c735') in 0.0396178 seconds
Number of updated asset objects reloaded before import = 0Number of asset objects unloaded after import = 1

========================================================================
Received Import Request.
  Time since last request: 0.000031 seconds.
  path: Assets/CorgiEngine/Demos/Corgi2D/Prefabs/Environment/Trees/Tree13.prefab
  artifactKey: Guid(fcbc2ee38eaf1d84f876a22b3804e447) Importer(2089858483,192608db42251d675da83286b1cce702)
Start importing Assets/CorgiEngine/Demos/Corgi2D/Prefabs/Environment/Trees/Tree13.prefab using Guid(fcbc2ee38eaf1d84f876a22b3804e447) Importer(2089858483,192608db42251d675da83286b1cce702) (ScriptedImporter) -> (artifact id: '0a6178347ee585631be5609b3c483ec8') in 0.0369065 seconds
Number of updated asset objects reloaded before import = 0Number of asset objects unloaded after import = 8

========================================================================
Received Import Request.
  Time since last request: 0.000028 seconds.
  path: Assets/CorgiEngine/Demos/Retro/Sprites/RetroProps/RetroProps1.png
  artifactKey: Guid(c896ec8f9ab9e458284e703b0e96c024) Importer(2089858483,192608db42251d675da83286b1cce702)
Start importing Assets/CorgiEngine/Demos/Retro/Sprites/RetroProps/RetroProps1.png using Guid(c896ec8f9ab9e458284e703b0e96c024) Importer(2089858483,192608db42251d675da83286b1cce702) (ScriptedImporter) -> (artifact id: 'd6b24ab094c572b1736a538f4c1a8bb8') in 0.2145623 seconds
Number of updated asset objects reloaded before import = 0Number of asset objects unloaded after import = 51

========================================================================
Received Import Request.
  Time since last request: 0.000028 seconds.
  path: Assets/CorgiEngine/ThirdParty/MoreMountains/MMTools/Accessories/MMActivation/MMInputExecution.cs
  artifactKey: Guid(af3876ae77702e24e8e1b06f675c0860) Importer(2089858483,192608db42251d675da83286b1cce702)
Start importing Assets/CorgiEngine/ThirdParty/MoreMountains/MMTools/Accessories/MMActivation/MMInputExecution.cs using Guid(af3876ae77702e24e8e1b06f675c0860) Importer(2089858483,192608db42251d675da83286b1cce702) (ScriptedImporter) -> (artifact id: '25ef3a4257b12fb8ead220b07d504b1b') in 0.0271166 seconds
Number of updated asset objects reloaded before import = 0Number of asset objects unloaded after import = 0

========================================================================
Received Import Request.
  Time since last request: 0.000068 seconds.
  path: Assets/CorgiEngine/Demos/Corgi2D/Sprites/Environment/Mesa/bg-background-mountain-2-green.png
  artifactKey: Guid(e348a537904ce3442a9e2c3e678fceec) Importer(2089858483,192608db42251d675da83286b1cce702)
Start importing Assets/CorgiEngine/Demos/Corgi2D/Sprites/Environment/Mesa/bg-background-mountain-2-green.png using Guid(e348a537904ce3442a9e2c3e678fceec) Importer(2089858483,192608db42251d675da83286b1cce702) (ScriptedImporter) -> (artifact id: '9c597f0ddd998311935579b2907615b4') in 0.0718842 seconds
Number of updated asset objects reloaded before import = 0Number of asset objects unloaded after import = 3

========================================================================
Received Import Request.
  Time since last request: 0.000171 seconds.
  path: Assets/CorgiEngine/ThirdParty/MoreMountains/MMFeedbacks/MMFeedbacks/Shakers/MMSpriteRendererShaker.cs
  artifactKey: Guid(a9dd0616922ed17418e0d66673193441) Importer(2089858483,192608db42251d675da83286b1cce702)
Start importing Assets/CorgiEngine/ThirdParty/MoreMountains/MMFeedbacks/MMFeedbacks/Shakers/MMSpriteRendererShaker.cs using Guid(a9dd0616922ed17418e0d66673193441) Importer(2089858483,192608db42251d675da83286b1cce702) (ScriptedImporter) -> (artifact id: 'f5a56847b58793199133bf6e8f9b2c87') in 0.0213623 seconds
Number of updated asset objects reloaded before import = 0Number of asset objects unloaded after import = 0

========================================================================
Received Import Request.
  Time since last request: 0.000020 seconds.
  path: Assets/CorgiEngine/ThirdParty/MoreMountains/MMFeedbacks/MMFeedbacks/Feedbacks/MMF_CameraZoom.cs
  artifactKey: Guid(258c18f9cd813e644ad4c42e5b4f0d02) Importer(2089858483,192608db42251d675da83286b1cce702)
Start importing Assets/CorgiEngine/ThirdParty/MoreMountains/MMFeedbacks/MMFeedbacks/Feedbacks/MMF_CameraZoom.cs using Guid(258c18f9cd813e644ad4c42e5b4f0d02) Importer(2089858483,192608db42251d675da83286b1cce702) (ScriptedImporter) -> (artifact id: '3dce98ebb746df48cf090316842a1d14') in 0.0202397 seconds
Number of updated asset objects reloaded before import = 0Number of asset objects unloaded after import = 0

========================================================================
Received Import Request.
  Time since last request: 0.000090 seconds.
  path: Assets/CorgiEngine/Demos/Corgi2D/Sprites/Environment/Blocks/rock-shake.png
  artifactKey: Guid(4771a1d06ec8047eabbf3204a3cf847d) Importer(2089858483,192608db42251d675da83286b1cce702)
Start importing Assets/CorgiEngine/Demos/Corgi2D/Sprites/Environment/Blocks/rock-shake.png using Guid(4771a1d06ec8047eabbf3204a3cf847d) Importer(2089858483,192608db42251d675da83286b1cce702) (ScriptedImporter) -> (artifact id: '2dd6d3054325c1d3cec1d2bab919ba6d') in 0.0761885 seconds
Number of updated asset objects reloaded before import = 0Number of asset objects unloaded after import = 7

========================================================================
Received Import Request.
  Time since last request: 0.000026 seconds.
  path: Assets/CorgiEngine/Demos/Corgi2D/Sprites/Environment/Mesa/mesa-background-2.png
  artifactKey: Guid(54e5ea7f1747d744e8cdbf8579a13eb1) Importer(2089858483,192608db42251d675da83286b1cce702)
Start importing Assets/CorgiEngine/Demos/Corgi2D/Sprites/Environment/Mesa/mesa-background-2.png using Guid(54e5ea7f1747d744e8cdbf8579a13eb1) Importer(2089858483,192608db42251d675da83286b1cce702) (ScriptedImporter) -> (artifact id: '52e53761552ad83988daf2ddfab9c0ee') in 0.0584092 seconds
Number of updated asset objects reloaded before import = 0Number of asset objects unloaded after import = 3

========================================================================
Received Import Request.
  Time since last request: 0.000033 seconds.
  path: Assets/CorgiEngine/Demos/TheHunt/Models/Temple/templeWheel.png
  artifactKey: Guid(560f499c31b1b4240a229d197a17ce76) Importer(2089858483,192608db42251d675da83286b1cce702)
Start importing Assets/CorgiEngine/Demos/TheHunt/Models/Temple/templeWheel.png using Guid(560f499c31b1b4240a229d197a17ce76) Importer(2089858483,192608db42251d675da83286b1cce702) (ScriptedImporter) -> (artifact id: 'f73ed226597e1fa078db7867e0ea27f7') in 0.0534313 seconds
Number of updated asset objects reloaded before import = 0Number of asset objects unloaded after import = 3

========================================================================
Received Import Request.
  Time since last request: 0.000065 seconds.
  path: Assets/CorgiEngine/Common/Scripts/Agents/AI/Automation/PathedProjectileSpawner.cs
  artifactKey: Guid(f7f83dd76382a45d5b969ff9e330ccc6) Importer(2089858483,192608db42251d675da83286b1cce702)
Start importing Assets/CorgiEngine/Common/Scripts/Agents/AI/Automation/PathedProjectileSpawner.cs using Guid(f7f83dd76382a45d5b969ff9e330ccc6) Importer(2089858483,192608db42251d675da83286b1cce702) (ScriptedImporter) -> (artifact id: 'c88745102b7a216b61e3723990bff4a0') in 0.0229823 seconds
Number of updated asset objects reloaded before import = 0Number of asset objects unloaded after import = 0

========================================================================
Received Import Request.
  Time since last request: 0.000070 seconds.
  path: Assets/CorgiEngine/ThirdParty/MoreMountains/MMFeedbacks/MMFeedbacks/Core/MMFeedbacksEvents.cs
  artifactKey: Guid(716ed1aa8290ba04ba69b411a3d8554a) Importer(2089858483,192608db42251d675da83286b1cce702)
Start importing Assets/CorgiEngine/ThirdParty/MoreMountains/MMFeedbacks/MMFeedbacks/Core/MMFeedbacksEvents.cs using Guid(716ed1aa8290ba04ba69b411a3d8554a) Importer(2089858483,192608db42251d675da83286b1cce702) (ScriptedImporter) -> (artifact id: '1033fdcf80e4a48bfc48493556af8da9') in 0.0255878 seconds
Number of updated asset objects reloaded before import = 0Number of asset objects unloaded after import = 0

========================================================================
Received Import Request.
  Time since last request: 0.000068 seconds.
  path: Assets/CorgiEngine/ThirdParty/MoreMountains/MMFeedbacks/MMFeedbacks/Feedbacks/MMF_Skybox.cs
  artifactKey: Guid(bb9fd307ae590c649a39344a277d14ad) Importer(2089858483,192608db42251d675da83286b1cce702)
Start importing Assets/CorgiEngine/ThirdParty/MoreMountains/MMFeedbacks/MMFeedbacks/Feedbacks/MMF_Skybox.cs using Guid(bb9fd307ae590c649a39344a277d14ad) Importer(2089858483,192608db42251d675da83286b1cce702) (ScriptedImporter) -> (artifact id: '12ea091520fe0d269b8d312ee363494a') in 0.024755 seconds
Number of updated asset objects reloaded before import = 0Number of asset objects unloaded after import = 0

========================================================================
Received Import Request.
  Time since last request: 0.000156 seconds.
  path: Assets/CorgiEngine/ThirdParty/MoreMountains/MMFeedbacks/MMFeedbacks/Shakers/MMCameraShaker.cs
  artifactKey: Guid(6bf8e915527fa424a8b17dc168fe20eb) Importer(2089858483,192608db42251d675da83286b1cce702)
Start importing Assets/CorgiEngine/ThirdParty/MoreMountains/MMFeedbacks/MMFeedbacks/Shakers/MMCameraShaker.cs using Guid(6bf8e915527fa424a8b17dc168fe20eb) Importer(2089858483,192608db42251d675da83286b1cce702) (ScriptedImporter) -> (artifact id: '271863d870da40be3e635afb14fea0c7') in 0.0224699 seconds
Number of updated asset objects reloaded before import = 0Number of asset objects unloaded after import = 0

========================================================================
Received Import Request.
  Time since last request: 0.000049 seconds.
  path: Assets/CorgiEngine/Demos/TheHunt/Models/MachineGun/SoldierMachineGun.obj
  artifactKey: Guid(f942f78cc6106de41b1a861e0e38d08f) Importer(2089858483,192608db42251d675da83286b1cce702)
Start importing Assets/CorgiEngine/Demos/TheHunt/Models/MachineGun/SoldierMachineGun.obj using Guid(f942f78cc6106de41b1a861e0e38d08f) Importer(2089858483,192608db42251d675da83286b1cce702) (ScriptedImporter) -> (artifact id: '90bda35da542d3f282cce1573cb6e9a5') in 0.0377202 seconds
Number of updated asset objects reloaded before import = 0Number of asset objects unloaded after import = 9

========================================================================
Received Import Request.
  Time since last request: 0.000026 seconds.
  path: Assets/CorgiEngine/Demos/TheHunt/Prefabs/Environment/TempleWheel.prefab
  artifactKey: Guid(a46dae26a242ad748923ef372c7d34b5) Importer(2089858483,192608db42251d675da83286b1cce702)
Start importing Assets/CorgiEngine/Demos/TheHunt/Prefabs/Environment/TempleWheel.prefab using Guid(a46dae26a242ad748923ef372c7d34b5) Importer(2089858483,192608db42251d675da83286b1cce702) (ScriptedImporter) -> (artifact id: '1ed93b365f088ef1a77980b78da8f33f') in 0.0354898 seconds
Number of updated asset objects reloaded before import = 0Number of asset objects unloaded after import = 10

========================================================================
Received Import Request.
  Time since last request: 0.000019 seconds.
  path: Assets/CorgiEngine/ThirdParty/MoreMountains/MMTools/Core/MMExtensions/MMBoundsExtensions.cs
  artifactKey: Guid(b6df521b0f2978740a4c18dddde873a8) Importer(2089858483,192608db42251d675da83286b1cce702)
Start importing Assets/CorgiEngine/ThirdParty/MoreMountains/MMTools/Core/MMExtensions/MMBoundsExtensions.cs using Guid(b6df521b0f2978740a4c18dddde873a8) Importer(2089858483,192608db42251d675da83286b1cce702) (ScriptedImporter) -> (artifact id: 'a35a1d2be357eb22adc9ee9efe45c616') in 0.0260966 seconds
Number of updated asset objects reloaded before import = 0Number of asset objects unloaded after import = 0

========================================================================
Received Import Request.
  Time since last request: 0.000124 seconds.
  path: Assets/CorgiEngine/Demos/Corgi2D/Prefabs/Environment/Mesa/Platform8.prefab
  artifactKey: Guid(d16ca16dfc7174a4da071b25108eef3c) Importer(2089858483,192608db42251d675da83286b1cce702)
Start importing Assets/CorgiEngine/Demos/Corgi2D/Prefabs/Environment/Mesa/Platform8.prefab using Guid(d16ca16dfc7174a4da071b25108eef3c) Importer(2089858483,192608db42251d675da83286b1cce702) (ScriptedImporter) -> (artifact id: 'd4400ad39b03b86154b179598b3c5ffb') in 0.0523569 seconds
Number of updated asset objects reloaded before import = 0Number of asset objects unloaded after import = 8

========================================================================
Received Import Request.
  Time since last request: 0.000025 seconds.
  path: Assets/CorgiEngine/ThirdParty/MoreMountains/MMInterface/Common/Sounds/Click1.wav
  artifactKey: Guid(f7d17df6340791b40827777abcf28842) Importer(2089858483,192608db42251d675da83286b1cce702)
Start importing Assets/CorgiEngine/ThirdParty/MoreMountains/MMInterface/Common/Sounds/Click1.wav using Guid(f7d17df6340791b40827777abcf28842) Importer(2089858483,192608db42251d675da83286b1cce702) (ScriptedImporter) -> (artifact id: 'b505d55e7f5b99bac1e0986db6324d31') in 0.0875098 seconds
Number of updated asset objects reloaded before import = 0Number of asset objects unloaded after import = 1

========================================================================
Received Import Request.
  Time since last request: 0.000035 seconds.
  path: Assets/CorgiEngine/Demos/Retro/Prefabs/Weapons/Ammo/RetroIceGunBullet.prefab
  artifactKey: Guid(faa01fbbf902496458a5576d86f2596f) Importer(2089858483,192608db42251d675da83286b1cce702)
Start importing Assets/CorgiEngine/Demos/Retro/Prefabs/Weapons/Ammo/RetroIceGunBullet.prefab using Guid(faa01fbbf902496458a5576d86f2596f) Importer(2089858483,192608db42251d675da83286b1cce702) (ScriptedImporter) -> (artifact id: 'ffd0fab7dd54a4e51b4e0818adfcaf72') in 0.0794256 seconds
Number of updated asset objects reloaded before import = 0Number of asset objects unloaded after import = 38

========================================================================
Received Import Request.
  Time since last request: 0.000035 seconds.
  path: Assets/CorgiEngine/ThirdParty/MoreMountains/InventoryEngine/Demos/PixelRogue/Lighting/Minimal2Settings.lighting
  artifactKey: Guid(15b8a90a2b0c4d443be1b8f1ed52cc1e) Importer(2089858483,192608db42251d675da83286b1cce702)
Start importing Assets/CorgiEngine/ThirdParty/MoreMountains/InventoryEngine/Demos/PixelRogue/Lighting/Minimal2Settings.lighting using Guid(15b8a90a2b0c4d443be1b8f1ed52cc1e) Importer(2089858483,192608db42251d675da83286b1cce702) (ScriptedImporter) -> (artifact id: '6098f4277a8dd1ea3642b6a60df1fbcd') in 0.0356257 seconds
Number of updated asset objects reloaded before import = 0Number of asset objects unloaded after import = 1

========================================================================
Received Import Request.
  Time since last request: 0.000022 seconds.
  path: Assets/CorgiEngine/ThirdParty/MoreMountains/MMTools/Foundation/MMAI/AIDecision.cs
  artifactKey: Guid(86aa60c7eb6e3fe4a8c3624c6b3f1abc) Importer(2089858483,192608db42251d675da83286b1cce702)
Start importing Assets/CorgiEngine/ThirdParty/MoreMountains/MMTools/Foundation/MMAI/AIDecision.cs using Guid(86aa60c7eb6e3fe4a8c3624c6b3f1abc) Importer(2089858483,192608db42251d675da83286b1cce702) (ScriptedImporter) -> (artifact id: '717d9ec6f8d5221a8b570d2afd59b0aa') in 0.0228395 seconds
Number of updated asset objects reloaded before import = 0Number of asset objects unloaded after import = 0

========================================================================
Received Import Request.
  Time since last request: 0.000103 seconds.
  path: Assets/CorgiEngine/ThirdParty/MoreMountains/MMTools/Core/MMSaveLoad/MMPersistenceDataStructures.cs
  artifactKey: Guid(c89376b60a9ff4b4d922b8d35778d386) Importer(2089858483,192608db42251d675da83286b1cce702)
Start importing Assets/CorgiEngine/ThirdParty/MoreMountains/MMTools/Core/MMSaveLoad/MMPersistenceDataStructures.cs using Guid(c89376b60a9ff4b4d922b8d35778d386) Importer(2089858483,192608db42251d675da83286b1cce702) (ScriptedImporter) -> (artifact id: '9a48cdce933d80a7927a8d347b65ca18') in 0.0244533 seconds
Number of updated asset objects reloaded before import = 0Number of asset objects unloaded after import = 0

========================================================================
Received Import Request.
  Time since last request: 0.000076 seconds.
  path: Assets/CorgiEngine/ThirdParty/MoreMountains/MMTools/Foundation/MMAI/AITransition.cs
  artifactKey: Guid(36bf680dabd04c14288ec99ad204ee89) Importer(2089858483,192608db42251d675da83286b1cce702)
Start importing Assets/CorgiEngine/ThirdParty/MoreMountains/MMTools/Foundation/MMAI/AITransition.cs using Guid(36bf680dabd04c14288ec99ad204ee89) Importer(2089858483,192608db42251d675da83286b1cce702) (ScriptedImporter) -> (artifact id: '72bd64499098b9e3f5d4409cdc4f3d3e') in 0.0251749 seconds
Number of updated asset objects reloaded before import = 0Number of asset objects unloaded after import = 0

========================================================================
Received Import Request.
  Time since last request: 0.000049 seconds.
  path: Assets/CorgiEngine/ThirdParty/MoreMountains/InventoryEngine/InventoryEngine/Scripts/GUI/InventoryHotbar.cs
  artifactKey: Guid(40509d8bfe7a94f45a82eaafacbe99a1) Importer(2089858483,192608db42251d675da83286b1cce702)
Start importing Assets/CorgiEngine/ThirdParty/MoreMountains/InventoryEngine/InventoryEngine/Scripts/GUI/InventoryHotbar.cs using Guid(40509d8bfe7a94f45a82eaafacbe99a1) Importer(2089858483,192608db42251d675da83286b1cce702) (ScriptedImporter) -> (artifact id: '90308bf8da2f31806e7848bac0182583') in 0.0211016 seconds
Number of updated asset objects reloaded before import = 0Number of asset objects unloaded after import = 0

========================================================================
Received Import Request.
  Time since last request: 0.000134 seconds.
  path: Assets/CorgiEngine/ThirdParty/MoreMountains/MMTools/Foundation/MMControls/MMTouchControls.cs
  artifactKey: Guid(fec2335f22dc84b549dd9dfdeebca3e0) Importer(2089858483,192608db42251d675da83286b1cce702)
Start importing Assets/CorgiEngine/ThirdParty/MoreMountains/MMTools/Foundation/MMControls/MMTouchControls.cs using Guid(fec2335f22dc84b549dd9dfdeebca3e0) Importer(2089858483,192608db42251d675da83286b1cce702) (ScriptedImporter) -> (artifact id: '71f4c18e542d61e264742fd3a5759124') in 0.0243551 seconds
Number of updated asset objects reloaded before import = 0Number of asset objects unloaded after import = 0

========================================================================
Received Import Request.
  Time since last request: 0.000082 seconds.
  path: Assets/CorgiEngine/ThirdParty/MoreMountains/MMTools/Foundation/MMAnimation/MMAnimatorMirror.cs
  artifactKey: Guid(e5d1374627ebc7d4491c7eb256713f69) Importer(2089858483,192608db42251d675da83286b1cce702)
Start importing Assets/CorgiEngine/ThirdParty/MoreMountains/MMTools/Foundation/MMAnimation/MMAnimatorMirror.cs using Guid(e5d1374627ebc7d4491c7eb256713f69) Importer(2089858483,192608db42251d675da83286b1cce702) (ScriptedImporter) -> (artifact id: '1da441ca525c78032251944366a6011b') in 0.0276112 seconds
Number of updated asset objects reloaded before import = 0Number of asset objects unloaded after import = 0

========================================================================
Received Import Request.
  Time since last request: 0.000084 seconds.
  path: Assets/CorgiEngine/ThirdParty/MoreMountains/MMTools/Core/MMReorderableList/reorderable-list-licence.txt
  artifactKey: Guid(5202bb69e6dc1a44cacdac58197df245) Importer(2089858483,192608db42251d675da83286b1cce702)
Start importing Assets/CorgiEngine/ThirdParty/MoreMountains/MMTools/Core/MMReorderableList/reorderable-list-licence.txt using Guid(5202bb69e6dc1a44cacdac58197df245) Importer(2089858483,192608db42251d675da83286b1cce702) (ScriptedImporter) -> (artifact id: '0c27de66f485f39a843f29e6fa1f2963') in 0.0202552 seconds
Number of updated asset objects reloaded before import = 0Number of asset objects unloaded after import = 1

========================================================================
Received Import Request.
  Time since last request: 0.000020 seconds.
  path: Assets/CorgiEngine/Demos/TheHunt/Models/Soldier/Materials/Colors/BlueMaterial1.mat
  artifactKey: Guid(851bbe1cc00ada14ab779168f48aff64) Importer(2089858483,192608db42251d675da83286b1cce702)
Start importing Assets/CorgiEngine/Demos/TheHunt/Models/Soldier/Materials/Colors/BlueMaterial1.mat using Guid(851bbe1cc00ada14ab779168f48aff64) Importer(2089858483,192608db42251d675da83286b1cce702) (ScriptedImporter) -> (artifact id: '9bf4d146f339443cbc1b2b0436fa115d') in 0.0283381 seconds
Number of updated asset objects reloaded before import = 0Number of asset objects unloaded after import = 1

========================================================================
Received Import Request.
  Time since last request: 0.000072 seconds.
  path: Assets/CorgiEngine/ThirdParty/MoreMountains/MMTools/Foundation/MMControls/MMTouchAxis.cs
  artifactKey: Guid(fc509a62d8e6cfc45a8431d8d586b9f6) Importer(2089858483,192608db42251d675da83286b1cce702)
Start importing Assets/CorgiEngine/ThirdParty/MoreMountains/MMTools/Foundation/MMControls/MMTouchAxis.cs using Guid(fc509a62d8e6cfc45a8431d8d586b9f6) Importer(2089858483,192608db42251d675da83286b1cce702) (ScriptedImporter) -> (artifact id: '6ed7697f913b597e2f1e7d300af800ae') in 0.0277162 seconds
Number of updated asset objects reloaded before import = 0Number of asset objects unloaded after import = 0

========================================================================
Received Import Request.
  Time since last request: 0.000075 seconds.
  path: Assets/CorgiEngine/ThirdParty/MoreMountains/InventoryEngine/Demos/PixelRogue/Sprites/PixelInventoryDetailsBg.png
  artifactKey: Guid(ca1fefff232b7ec408632519d475b511) Importer(2089858483,192608db42251d675da83286b1cce702)
Start importing Assets/CorgiEngine/ThirdParty/MoreMountains/InventoryEngine/Demos/PixelRogue/Sprites/PixelInventoryDetailsBg.png using Guid(ca1fefff232b7ec408632519d475b511) Importer(2089858483,192608db42251d675da83286b1cce702) (ScriptedImporter) -> (artifact id: '118f851ddc0209f02bc7df4081d1395c') in 0.0469755 seconds
Number of updated asset objects reloaded before import = 0Number of asset objects unloaded after import = 3

========================================================================
Received Import Request.
  Time since last request: 0.000026 seconds.
  path: Assets/CorgiEngine/ThirdParty/MoreMountains/InventoryEngine/Demos/PixelRogue/Prefabs/SlotIcon.prefab
  artifactKey: Guid(cf30da65deefe8c48944f48d564d031a) Importer(2089858483,192608db42251d675da83286b1cce702)
Start importing Assets/CorgiEngine/ThirdParty/MoreMountains/InventoryEngine/Demos/PixelRogue/Prefabs/SlotIcon.prefab using Guid(cf30da65deefe8c48944f48d564d031a) Importer(2089858483,192608db42251d675da83286b1cce702) (ScriptedImporter) -> (artifact id: '6e08b7e6143bc30bc382d01a1a81ff23') in 0.0460945 seconds
Number of updated asset objects reloaded before import = 0Number of asset objects unloaded after import = 12

========================================================================
Received Import Request.
  Time since last request: 0.000027 seconds.
  path: Assets/CorgiEngine/ThirdParty/MoreMountains/MMTools/Core/MMUI/MMFader.cs
  artifactKey: Guid(efe052b91c95c534b8bf0f64fb0b9151) Importer(2089858483,192608db42251d675da83286b1cce702)
Start importing Assets/CorgiEngine/ThirdParty/MoreMountains/MMTools/Core/MMUI/MMFader.cs using Guid(efe052b91c95c534b8bf0f64fb0b9151) Importer(2089858483,192608db42251d675da83286b1cce702) (ScriptedImporter) -> (artifact id: 'fe17143864546a696b137b3ad5228ce3') in 0.0223799 seconds
Number of updated asset objects reloaded before import = 0Number of asset objects unloaded after import = 0

========================================================================
Received Import Request.
  Time since last request: 0.000069 seconds.
  path: Assets/CorgiEngine/ThirdParty/MoreMountains/MMFeedbacks/Demos/MMFeedbacksDemo/Prefabs/FeedbackDemoBackgroundCube.prefab
  artifactKey: Guid(9c99ec9330979f94aa6e33f0bec7752f) Importer(2089858483,192608db42251d675da83286b1cce702)
Start importing Assets/CorgiEngine/ThirdParty/MoreMountains/MMFeedbacks/Demos/MMFeedbacksDemo/Prefabs/FeedbackDemoBackgroundCube.prefab using Guid(9c99ec9330979f94aa6e33f0bec7752f) Importer(2089858483,192608db42251d675da83286b1cce702) (ScriptedImporter) -> (artifact id: 'fa70e3fcd044274f0183935898473e3d') in 0.0355221 seconds
Number of updated asset objects reloaded before import = 0Number of asset objects unloaded after import = 8

========================================================================
Received Import Request.
  Time since last request: 0.000025 seconds.
  path: Assets/CorgiEngine/ThirdParty/MoreMountains/MMTools/Core/MMSaveLoad/MMSaveLoadManagerMethodBinary.cs
  artifactKey: Guid(339f02b3d924b984db779a1af1a59be2) Importer(2089858483,192608db42251d675da83286b1cce702)
Start importing Assets/CorgiEngine/ThirdParty/MoreMountains/MMTools/Core/MMSaveLoad/MMSaveLoadManagerMethodBinary.cs using Guid(339f02b3d924b984db779a1af1a59be2) Importer(2089858483,192608db42251d675da83286b1cce702) (ScriptedImporter) -> (artifact id: '91fa798476869ac47994807988aa4d11') in 0.0226122 seconds
Number of updated asset objects reloaded before import = 0Number of asset objects unloaded after import = 0

========================================================================
Received Import Request.
  Time since last request: 0.000033 seconds.
  path: Assets/CorgiEngine/ThirdParty/MoreMountains/MMTools/Demos/MMObservable/MMObservableDemoSubject.cs
  artifactKey: Guid(e6fd774b01b4cbd4e8230b76b6eeda5c) Importer(2089858483,192608db42251d675da83286b1cce702)
Start importing Assets/CorgiEngine/ThirdParty/MoreMountains/MMTools/Demos/MMObservable/MMObservableDemoSubject.cs using Guid(e6fd774b01b4cbd4e8230b76b6eeda5c) Importer(2089858483,192608db42251d675da83286b1cce702) (ScriptedImporter) -> (artifact id: '4a5c02506482c47054a47781a5499dc6') in 0.0259283 seconds
Number of updated asset objects reloaded before import = 0Number of asset objects unloaded after import = 0

========================================================================
Received Import Request.
  Time since last request: 0.000105 seconds.
  path: Assets/CorgiEngine/ThirdParty/MoreMountains/InventoryEngine/Demos/PixelRogue/Animations/Adventurer_0.controller
  artifactKey: Guid(da87a3f13fd0da146a280000ce5ec55c) Importer(2089858483,192608db42251d675da83286b1cce702)
Start importing Assets/CorgiEngine/ThirdParty/MoreMountains/InventoryEngine/Demos/PixelRogue/Animations/Adventurer_0.controller using Guid(da87a3f13fd0da146a280000ce5ec55c) Importer(2089858483,192608db42251d675da83286b1cce702) (ScriptedImporter) -> (artifact id: '19ed1e2e376efbd782e187984ec0a3ca') in 0.0273636 seconds
Number of updated asset objects reloaded before import = 0Number of asset objects unloaded after import = 16

========================================================================
Received Import Request.
  Time since last request: 0.000023 seconds.
  path: Assets/CorgiEngine/ThirdParty/MoreMountains/MMFeedbacks/Demos/MMFeedbacksDemo/Camera/MMFeedbacksDemo Alt Camera Profile.asset
  artifactKey: Guid(9c0dc5f873bf5f0408db5b316cac722c) Importer(2089858483,192608db42251d675da83286b1cce702)
Start importing Assets/CorgiEngine/ThirdParty/MoreMountains/MMFeedbacks/Demos/MMFeedbacksDemo/Camera/MMFeedbacksDemo Alt Camera Profile.asset using Guid(9c0dc5f873bf5f0408db5b316cac722c) Importer(2089858483,192608db42251d675da83286b1cce702) (ScriptedImporter) -> (artifact id: '1bb0588b90587dec290acab6f484456b') in 0.0285364 seconds
Number of updated asset objects reloaded before import = 0Number of asset objects unloaded after import = 8

========================================================================
Received Import Request.
  Time since last request: 0.000022 seconds.
  path: Assets/CorgiEngine/ThirdParty/MoreMountains/InventoryEngine/InventoryEngine/Editor/DefineSymbols/InventoryEngineDefineSymbols.cs
  artifactKey: Guid(90412c34b8064554f9ae88685c7ea65a) Importer(2089858483,192608db42251d675da83286b1cce702)
Start importing Assets/CorgiEngine/ThirdParty/MoreMountains/InventoryEngine/InventoryEngine/Editor/DefineSymbols/InventoryEngineDefineSymbols.cs using Guid(90412c34b8064554f9ae88685c7ea65a) Importer(2089858483,192608db42251d675da83286b1cce702) (ScriptedImporter) -> (artifact id: '558783972946418d2b111e3752658574') in 0.0245452 seconds
Number of updated asset objects reloaded before import = 0Number of asset objects unloaded after import = 0

========================================================================
Received Import Request.
  Time since last request: 0.000053 seconds.
  path: Assets/CorgiEngine/ThirdParty/MoreMountains/InventoryEngine/Demos/PixelRogue/Animations/AdventurerGreenIdle.anim
  artifactKey: Guid(d941856a323f83442965104dcfeb9ba2) Importer(2089858483,192608db42251d675da83286b1cce702)
Start importing Assets/CorgiEngine/ThirdParty/MoreMountains/InventoryEngine/Demos/PixelRogue/Animations/AdventurerGreenIdle.anim using Guid(d941856a323f83442965104dcfeb9ba2) Importer(2089858483,192608db42251d675da83286b1cce702) (ScriptedImporter) -> (artifact id: 'a1cfc67e173286a3b1f7a6b5fc73e75f') in 0.0265115 seconds
Number of updated asset objects reloaded before import = 0Number of asset objects unloaded after import = 1

========================================================================
Received Import Request.
  Time since last request: 0.000087 seconds.
  path: Assets/CorgiEngine/ThirdParty/MoreMountains/MMFeedbacks/Demos/MMFeedbacksDemo/Materials/FeedbacksDemoSkybox1.mat
  artifactKey: Guid(2459024c3a4db5043be35787edddf1eb) Importer(2089858483,192608db42251d675da83286b1cce702)
Start importing Assets/CorgiEngine/ThirdParty/MoreMountains/MMFeedbacks/Demos/MMFeedbacksDemo/Materials/FeedbacksDemoSkybox1.mat using Guid(2459024c3a4db5043be35787edddf1eb) Importer(2089858483,192608db42251d675da83286b1cce702) (ScriptedImporter) -> (artifact id: 'd2192c923321c7ee70515efcc581e97d') in 0.0249007 seconds
Number of updated asset objects reloaded before import = 0Number of asset objects unloaded after import = 1

========================================================================
Received Import Request.
  Time since last request: 0.000036 seconds.
  path: Assets/CorgiEngine/ThirdParty/MoreMountains/InventoryEngine/InventoryEngine/Scripts/GUI/InventoryDisplayTitle.cs
  artifactKey: Guid(10e0af6b1ed5a1e48a9d3a540779add8) Importer(2089858483,192608db42251d675da83286b1cce702)
Start importing Assets/CorgiEngine/ThirdParty/MoreMountains/InventoryEngine/InventoryEngine/Scripts/GUI/InventoryDisplayTitle.cs using Guid(10e0af6b1ed5a1e48a9d3a540779add8) Importer(2089858483,192608db42251d675da83286b1cce702) (ScriptedImporter) -> (artifact id: '125f8d912bed24a5dd233effb6b623ed') in 0.0291131 seconds
Number of updated asset objects reloaded before import = 0Number of asset objects unloaded after import = 0

========================================================================
Received Import Request.
  Time since last request: 0.000054 seconds.
  path: Assets/CorgiEngine/ThirdParty/MoreMountains/InventoryEngine/Demos/PixelRogue/Sprites/AdventurerItems.png
  artifactKey: Guid(678058abcbfe36f42902c11d9e5f64fc) Importer(2089858483,192608db42251d675da83286b1cce702)
Start importing Assets/CorgiEngine/ThirdParty/MoreMountains/InventoryEngine/Demos/PixelRogue/Sprites/AdventurerItems.png using Guid(678058abcbfe36f42902c11d9e5f64fc) Importer(2089858483,192608db42251d675da83286b1cce702) (ScriptedImporter) -> (artifact id: 'c0c06a89750bcae2ff8703fd12025ab3') in 0.1032954 seconds
Number of updated asset objects reloaded before import = 0Number of asset objects unloaded after import = 19

========================================================================
Received Import Request.
  Time since last request: 0.000030 seconds.
  path: Assets/CorgiEngine/ThirdParty/MoreMountains/MMTools/Foundation/MMControls/MMTouchFollowerJoystick.cs
  artifactKey: Guid(12f6f90faaf30834980e50fda0c74a9c) Importer(2089858483,192608db42251d675da83286b1cce702)
Start importing Assets/CorgiEngine/ThirdParty/MoreMountains/MMTools/Foundation/MMControls/MMTouchFollowerJoystick.cs using Guid(12f6f90faaf30834980e50fda0c74a9c) Importer(2089858483,192608db42251d675da83286b1cce702) (ScriptedImporter) -> (artifact id: 'c6486b228a7a6a580cb69c031a0316c1') in 0.0228254 seconds
Number of updated asset objects reloaded before import = 0Number of asset objects unloaded after import = 0

========================================================================
Received Import Request.
  Time since last request: 0.000071 seconds.
  path: Assets/CorgiEngine/ThirdParty/MoreMountains/MMInterface/Common/Sounds/Flute.wav
  artifactKey: Guid(0f20ff9bd989ac84c83208316ac920e7) Importer(2089858483,192608db42251d675da83286b1cce702)
Start importing Assets/CorgiEngine/ThirdParty/MoreMountains/MMInterface/Common/Sounds/Flute.wav using Guid(0f20ff9bd989ac84c83208316ac920e7) Importer(2089858483,192608db42251d675da83286b1cce702) (ScriptedImporter) -> (artifact id: 'd3e4925ea2fb662bc457a1a84936d62f') in 0.1137863 seconds
Number of updated asset objects reloaded before import = 0Number of asset objects unloaded after import = 1

========================================================================
Received Import Request.
  Time since last request: 0.000029 seconds.
  path: Assets/CorgiEngine/ThirdParty/MoreMountains/MMTools/Accessories/MMActivation/MMTriggerFilter.cs
  artifactKey: Guid(8583d7ca8b7ea2c418257447cb3032f9) Importer(2089858483,192608db42251d675da83286b1cce702)
Start importing Assets/CorgiEngine/ThirdParty/MoreMountains/MMTools/Accessories/MMActivation/MMTriggerFilter.cs using Guid(8583d7ca8b7ea2c418257447cb3032f9) Importer(2089858483,192608db42251d675da83286b1cce702) (ScriptedImporter) -> (artifact id: '110b79bc085c0a9551c68e9b79a71406') in 0.0236696 seconds
Number of updated asset objects reloaded before import = 0Number of asset objects unloaded after import = 0

========================================================================
Received Import Request.
  Time since last request: 0.000138 seconds.
  path: Assets/CorgiEngine/ThirdParty/MoreMountains/MMTools/Accessories/MMMovement/MMFaceDirection.cs
  artifactKey: Guid(1374d534191fbdf40b704f29771981b9) Importer(2089858483,192608db42251d675da83286b1cce702)
Start importing Assets/CorgiEngine/ThirdParty/MoreMountains/MMTools/Accessories/MMMovement/MMFaceDirection.cs using Guid(1374d534191fbdf40b704f29771981b9) Importer(2089858483,192608db42251d675da83286b1cce702) (ScriptedImporter) -> (artifact id: 'd1c0c280e02c2d90756206f5fc3d818e') in 0.0216937 seconds
Number of updated asset objects reloaded before import = 0Number of asset objects unloaded after import = 0

========================================================================
Received Import Request.
  Time since last request: 0.000081 seconds.
  path: Assets/CorgiEngine/Demos/Corgi2D/Prefabs/Environment/Mountains/MtnPlatform17.prefab
  artifactKey: Guid(feeeef2c0392bc94c843ed64d2c07e68) Importer(2089858483,192608db42251d675da83286b1cce702)
Start importing Assets/CorgiEngine/Demos/Corgi2D/Prefabs/Environment/Mountains/MtnPlatform17.prefab using Guid(feeeef2c0392bc94c843ed64d2c07e68) Importer(2089858483,192608db42251d675da83286b1cce702) (ScriptedImporter) -> (artifact id: 'aaf6372c09ec64475c4a9964bd18ba0f') in 0.0546688 seconds
Number of updated asset objects reloaded before import = 0Number of asset objects unloaded after import = 8

========================================================================
Received Import Request.
  Time since last request: 0.000023 seconds.
  path: Assets/CorgiEngine/Demos/Corgi2D/Prefabs/Environment/Bricks/Brick9.prefab
  artifactKey: Guid(d4848c01da5b9b54da3f22f8bdfedad9) Importer(2089858483,192608db42251d675da83286b1cce702)
Start importing Assets/CorgiEngine/Demos/Corgi2D/Prefabs/Environment/Bricks/Brick9.prefab using Guid(d4848c01da5b9b54da3f22f8bdfedad9) Importer(2089858483,192608db42251d675da83286b1cce702) (ScriptedImporter) -> (artifact id: '49237116363a64235549feea844ed516') in 0.0420948 seconds
Number of updated asset objects reloaded before import = 0Number of asset objects unloaded after import = 8

========================================================================
Received Import Request.
  Time since last request: 0.000040 seconds.
  path: Assets/CorgiEngine/ThirdParty/MoreMountains/InventoryEngine/Demos/PixelRogue/PixelRogueWeaponBar/LightingData.asset
  artifactKey: Guid(c168133529bcd8247b562f156fae9eea) Importer(2089858483,192608db42251d675da83286b1cce702)
Start importing Assets/CorgiEngine/ThirdParty/MoreMountains/InventoryEngine/Demos/PixelRogue/PixelRogueWeaponBar/LightingData.asset using Guid(c168133529bcd8247b562f156fae9eea) Importer(2089858483,192608db42251d675da83286b1cce702) (ScriptedImporter) -> (artifact id: '02d597ba2ed6843bf9a63ebe6c2fa26d') in 0.0214363 seconds
Number of updated asset objects reloaded before import = 0Number of asset objects unloaded after import = 2

========================================================================
Received Import Request.
  Time since last request: 0.000025 seconds.
  path: Assets/CorgiEngine/ThirdParty/MoreMountains/MMTools/Core/MMHelpers/MMDebugOnScreenConsole.cs
  artifactKey: Guid(2f0223e337b99754ca91160443728c46) Importer(2089858483,192608db42251d675da83286b1cce702)
Start importing Assets/CorgiEngine/ThirdParty/MoreMountains/MMTools/Core/MMHelpers/MMDebugOnScreenConsole.cs using Guid(2f0223e337b99754ca91160443728c46) Importer(2089858483,192608db42251d675da83286b1cce702) (ScriptedImporter) -> (artifact id: '26edd0453642c7b911bada7abffd9d30') in 0.0243165 seconds
Number of updated asset objects reloaded before import = 0Number of asset objects unloaded after import = 0

========================================================================
Received Import Request.
  Time since last request: 0.000087 seconds.
  path: Assets/CorgiEngine/Demos/Retro/Tilemaps/RetroRocks/RetroRocks_19.asset
  artifactKey: Guid(e91a185a0b4faccfed50338ce50fdaf7) Importer(2089858483,192608db42251d675da83286b1cce702)
Start importing Assets/CorgiEngine/Demos/Retro/Tilemaps/RetroRocks/RetroRocks_19.asset using Guid(e91a185a0b4faccfed50338ce50fdaf7) Importer(2089858483,192608db42251d675da83286b1cce702) (ScriptedImporter) -> (artifact id: 'de82d5bb4d69309958841e038ffabaf4') in 0.0334281 seconds
Number of updated asset objects reloaded before import = 0Number of asset objects unloaded after import = 2

========================================================================
Received Import Request.
  Time since last request: 0.000018 seconds.
  path: Assets/CorgiEngine/ThirdParty/MoreMountains/MMTools/Accessories/MMParticles/MMAutoDestroyParticleSystem.cs
  artifactKey: Guid(f13474093d5e96142b32136ddb5a8a14) Importer(2089858483,192608db42251d675da83286b1cce702)
Start importing Assets/CorgiEngine/ThirdParty/MoreMountains/MMTools/Accessories/MMParticles/MMAutoDestroyParticleSystem.cs using Guid(f13474093d5e96142b32136ddb5a8a14) Importer(2089858483,192608db42251d675da83286b1cce702) (ScriptedImporter) -> (artifact id: '10e998027358e52966d11698b413332a') in 0.0209477 seconds
Number of updated asset objects reloaded before import = 0Number of asset objects unloaded after import = 0

========================================================================
Received Import Request.
  Time since last request: 0.000103 seconds.
  path: Assets/CorgiEngine/Demos/Corgi2D/Animations/SpaceCorgi/SpaceCorgiJump/spaceCorgiJump6.anim
  artifactKey: Guid(2aa2b585ce6ff2343bf0b41650977482) Importer(2089858483,192608db42251d675da83286b1cce702)
Start importing Assets/CorgiEngine/Demos/Corgi2D/Animations/SpaceCorgi/SpaceCorgiJump/spaceCorgiJump6.anim using Guid(2aa2b585ce6ff2343bf0b41650977482) Importer(2089858483,192608db42251d675da83286b1cce702) (ScriptedImporter) -> (artifact id: '6c169b51f1c5896200c59a822c9a9d23') in 0.031435 seconds
Number of updated asset objects reloaded before import = 0Number of asset objects unloaded after import = 1

========================================================================
Received Import Request.
  Time since last request: 0.000025 seconds.
  path: Assets/CorgiEngine/Demos/Corgi2D/Prefabs/Environment/Mountains/MtnPlatform25.prefab
  artifactKey: Guid(fa64807215203d1449098aee5644082d) Importer(2089858483,192608db42251d675da83286b1cce702)
Start importing Assets/CorgiEngine/Demos/Corgi2D/Prefabs/Environment/Mountains/MtnPlatform25.prefab using Guid(fa64807215203d1449098aee5644082d) Importer(2089858483,192608db42251d675da83286b1cce702) (ScriptedImporter) -> (artifact id: '31112df31e15d470776695d3487c4943') in 0.054811 seconds
Number of updated asset objects reloaded before import = 0Number of asset objects unloaded after import = 8

========================================================================
Received Import Request.
  Time since last request: 0.000025 seconds.
  path: Assets/CorgiEngine/Demos/Corgi2D/Prefabs/Environment/Bricks/Brick11.prefab
  artifactKey: Guid(5d815eb72ac84484a986256e262a5940) Importer(2089858483,192608db42251d675da83286b1cce702)
Start importing Assets/CorgiEngine/Demos/Corgi2D/Prefabs/Environment/Bricks/Brick11.prefab using Guid(5d815eb72ac84484a986256e262a5940) Importer(2089858483,192608db42251d675da83286b1cce702) (ScriptedImporter) -> (artifact id: '4fe64ca54f1b048502700d50fb2416c9') in 0.0415956 seconds
Number of updated asset objects reloaded before import = 0Number of asset objects unloaded after import = 8

========================================================================
Received Import Request.
  Time since last request: 0.000029 seconds.
  path: Assets/CorgiEngine/ThirdParty/MoreMountains/MMFeedbacks/MMFeedbacks/Feedbacks/MMF_CanvasGroupBlocksRaycasts.cs
  artifactKey: Guid(8d3188dd93bc22141a98ee77523b7853) Importer(2089858483,192608db42251d675da83286b1cce702)
Start importing Assets/CorgiEngine/ThirdParty/MoreMountains/MMFeedbacks/MMFeedbacks/Feedbacks/MMF_CanvasGroupBlocksRaycasts.cs using Guid(8d3188dd93bc22141a98ee77523b7853) Importer(2089858483,192608db42251d675da83286b1cce702) (ScriptedImporter) -> (artifact id: '7ae771dd3670962ab8e4c9de0b66ee03') in 0.0219524 seconds
Number of updated asset objects reloaded before import = 0Number of asset objects unloaded after import = 0

========================================================================
Received Import Request.
  Time since last request: 0.000023 seconds.
  path: Assets/CorgiEngine/ThirdParty/MoreMountains/MMTools/Foundation/MMGhostCamera/MMGhostCamera.cs
  artifactKey: Guid(d179f1ca35fc44c4fb760f847e59aa88) Importer(2089858483,192608db42251d675da83286b1cce702)
Start importing Assets/CorgiEngine/ThirdParty/MoreMountains/MMTools/Foundation/MMGhostCamera/MMGhostCamera.cs using Guid(d179f1ca35fc44c4fb760f847e59aa88) Importer(2089858483,192608db42251d675da83286b1cce702) (ScriptedImporter) -> (artifact id: '4bd9e1b2795e49277e101dc5a90f3bf0') in 0.020436 seconds
Number of updated asset objects reloaded before import = 0Number of asset objects unloaded after import = 0

========================================================================
Received Import Request.
  Time since last request: 0.000118 seconds.
  path: Assets/CorgiEngine/ThirdParty/MoreMountains/MMFeedbacks/Demos/MMFeedbacksDemo/Camera/MMFeedbacksDemo Main Camera Profile.asset
  artifactKey: Guid(3df5c6d6c97a31e469c12a71aa1834ac) Importer(2089858483,192608db42251d675da83286b1cce702)
Start importing Assets/CorgiEngine/ThirdParty/MoreMountains/MMFeedbacks/Demos/MMFeedbacksDemo/Camera/MMFeedbacksDemo Main Camera Profile.asset using Guid(3df5c6d6c97a31e469c12a71aa1834ac) Importer(2089858483,192608db42251d675da83286b1cce702) (ScriptedImporter) -> (artifact id: '159cef0e3b0f819dc6b1fa5f29ea8075') in 0.0300215 seconds
Number of updated asset objects reloaded before import = 0Number of asset objects unloaded after import = 8

========================================================================
Received Import Request.
  Time since last request: 0.000020 seconds.
  path: Assets/CorgiEngine/ThirdParty/MoreMountains/InventoryEngine/InventoryEngine/Sounds/DefaultSounds/ClickWav.wav
  artifactKey: Guid(27a8021c9a1a2a744840496d5fad5430) Importer(2089858483,192608db42251d675da83286b1cce702)
Start importing Assets/CorgiEngine/ThirdParty/MoreMountains/InventoryEngine/InventoryEngine/Sounds/DefaultSounds/ClickWav.wav using Guid(27a8021c9a1a2a744840496d5fad5430) Importer(2089858483,192608db42251d675da83286b1cce702) (ScriptedImporter) -> (artifact id: '864d929a59b4314a11766e22311b80fc') in 0.0916607 seconds
Number of updated asset objects reloaded before import = 0Number of asset objects unloaded after import = 1

========================================================================
Received Import Request.
  Time since last request: 0.000025 seconds.
  path: Assets/CorgiEngine/ThirdParty/MoreMountains/InventoryEngine/Demos/PixelRogue/Animations/AdventurerGreenWalk.anim
  artifactKey: Guid(3e3d0c73adf7bbc4095df3d981dec1bf) Importer(2089858483,192608db42251d675da83286b1cce702)
Start importing Assets/CorgiEngine/ThirdParty/MoreMountains/InventoryEngine/Demos/PixelRogue/Animations/AdventurerGreenWalk.anim using Guid(3e3d0c73adf7bbc4095df3d981dec1bf) Importer(2089858483,192608db42251d675da83286b1cce702) (ScriptedImporter) -> (artifact id: '0ca9ced7e02930a00d0caffc6601a950') in 0.0254469 seconds
Number of updated asset objects reloaded before import = 0Number of asset objects unloaded after import = 1

========================================================================
Received Import Request.
  Time since last request: 0.000089 seconds.
  path: Assets/CorgiEngine/ThirdParty/MoreMountains/MMTools/Accessories/MMParticles/MMChangeFogColor.cs
  artifactKey: Guid(ee885a74e6f1bb84989b1a044de340cf) Importer(2089858483,192608db42251d675da83286b1cce702)
Start importing Assets/CorgiEngine/ThirdParty/MoreMountains/MMTools/Accessories/MMParticles/MMChangeFogColor.cs using Guid(ee885a74e6f1bb84989b1a044de340cf) Importer(2089858483,192608db42251d675da83286b1cce702) (ScriptedImporter) -> (artifact id: '520c15d5d9a138d9062ac89c4c2c292c') in 0.0257502 seconds
Number of updated asset objects reloaded before import = 0Number of asset objects unloaded after import = 0

========================================================================
Received Import Request.
  Time since last request: 0.000104 seconds.
  path: Assets/CorgiEngine/ThirdParty/MoreMountains/MMTools/Core/MMAttributes/MMRequiresConstantRepaintOnlyWhenPlayingAttribute.cs
  artifactKey: Guid(7c690b0b68e66a04d83df51f41d80650) Importer(2089858483,192608db42251d675da83286b1cce702)
Start importing Assets/CorgiEngine/ThirdParty/MoreMountains/MMTools/Core/MMAttributes/MMRequiresConstantRepaintOnlyWhenPlayingAttribute.cs using Guid(7c690b0b68e66a04d83df51f41d80650) Importer(2089858483,192608db42251d675da83286b1cce702) (ScriptedImporter) -> (artifact id: '95dc17e71ca52520ca4bd537575d6637') in 0.0229206 seconds
Number of updated asset objects reloaded before import = 0Number of asset objects unloaded after import = 0

========================================================================
Received Import Request.
  Time since last request: 0.000130 seconds.
  path: Assets/CorgiEngine/ThirdParty/MoreMountains/MMTools/Accessories/MMShaders/MMStandardEmission.shader
  artifactKey: Guid(43ed279757cf2ba4c9c277fff3220421) Importer(2089858483,192608db42251d675da83286b1cce702)
Start importing Assets/CorgiEngine/ThirdParty/MoreMountains/MMTools/Accessories/MMShaders/MMStandardEmission.shader using Guid(43ed279757cf2ba4c9c277fff3220421) Importer(2089858483,192608db42251d675da83286b1cce702) (ScriptedImporter) -> (artifact id: '2faa86f006614694cd6deeb7ce2171af') in 0.0248521 seconds
Number of updated asset objects reloaded before import = 0Number of asset objects unloaded after import = 1

========================================================================
Received Import Request.
  Time since last request: 0.000023 seconds.
  path: Assets/CorgiEngine/ThirdParty/MoreMountains/MMTools/Core/MMTween/MMAnimationCurveGenerator.cs
  artifactKey: Guid(ce2656e6b00dc8d4788dc4d382e1588a) Importer(2089858483,192608db42251d675da83286b1cce702)
Start importing Assets/CorgiEngine/ThirdParty/MoreMountains/MMTools/Core/MMTween/MMAnimationCurveGenerator.cs using Guid(ce2656e6b00dc8d4788dc4d382e1588a) Importer(2089858483,192608db42251d675da83286b1cce702) (ScriptedImporter) -> (artifact id: 'f8ff710132b41f509cd7fc2234e3948b') in 0.0258075 seconds
Number of updated asset objects reloaded before import = 0Number of asset objects unloaded after import = 0

========================================================================
Received Import Request.
  Time since last request: 0.000122 seconds.
  path: Assets/CorgiEngine/ThirdParty/MoreMountains/InventoryEngine/InventoryEngine/Scripts/Tests/EventTester.cs
  artifactKey: Guid(c696bd0c5c019fa4db899c8d426a145f) Importer(2089858483,192608db42251d675da83286b1cce702)
Start importing Assets/CorgiEngine/ThirdParty/MoreMountains/InventoryEngine/InventoryEngine/Scripts/Tests/EventTester.cs using Guid(c696bd0c5c019fa4db899c8d426a145f) Importer(2089858483,192608db42251d675da83286b1cce702) (ScriptedImporter) -> (artifact id: '62e4c3e04638fd34762e2d2f6ef05530') in 0.0212731 seconds
Number of updated asset objects reloaded before import = 0Number of asset objects unloaded after import = 0

========================================================================
Received Import Request.
  Time since last request: 0.000078 seconds.
  path: Assets/CorgiEngine/ThirdParty/MoreMountains/MMFeedbacks/Demos/MMFeedbacksDemo/Materials/FeedbacksDemoSteak.mat
  artifactKey: Guid(f713b23437ee7ce4e91d79c7ebf7deb9) Importer(2089858483,192608db42251d675da83286b1cce702)
Start importing Assets/CorgiEngine/ThirdParty/MoreMountains/MMFeedbacks/Demos/MMFeedbacksDemo/Materials/FeedbacksDemoSteak.mat using Guid(f713b23437ee7ce4e91d79c7ebf7deb9) Importer(2089858483,192608db42251d675da83286b1cce702) (ScriptedImporter) -> (artifact id: '1648200fec28ca4e1595444f742cd7d9') in 0.0356951 seconds
Number of updated asset objects reloaded before import = 0Number of asset objects unloaded after import = 1

========================================================================
Received Import Request.
  Time since last request: 0.000052 seconds.
  path: Assets/CorgiEngine/ThirdParty/MoreMountains/MMTools/Accessories/MMSprites/MMLineRendererCircle.cs
  artifactKey: Guid(afc6104c5fc7fe244bf333c8d59aaa10) Importer(2089858483,192608db42251d675da83286b1cce702)
Start importing Assets/CorgiEngine/ThirdParty/MoreMountains/MMTools/Accessories/MMSprites/MMLineRendererCircle.cs using Guid(afc6104c5fc7fe244bf333c8d59aaa10) Importer(2089858483,192608db42251d675da83286b1cce702) (ScriptedImporter) -> (artifact id: 'f1c01349e529d2b905bb56e558b8b9aa') in 0.0199882 seconds
Number of updated asset objects reloaded before import = 0Number of asset objects unloaded after import = 0

========================================================================
Received Import Request.
  Time since last request: 0.000129 seconds.
  path: Assets/CorgiEngine/ThirdParty/MoreMountains/InventoryEngine/InventoryEngine/Scripts/Core/InventoryCharacterIdentifier.cs
  artifactKey: Guid(2c01e7396a946fe429ef7fd91eb3dd22) Importer(2089858483,192608db42251d675da83286b1cce702)
Start importing Assets/CorgiEngine/ThirdParty/MoreMountains/InventoryEngine/InventoryEngine/Scripts/Core/InventoryCharacterIdentifier.cs using Guid(2c01e7396a946fe429ef7fd91eb3dd22) Importer(2089858483,192608db42251d675da83286b1cce702) (ScriptedImporter) -> (artifact id: '4b0af25f763255bf0ff1c8c62aca931a') in 0.0222862 seconds
Number of updated asset objects reloaded before import = 0Number of asset objects unloaded after import = 0

========================================================================
Received Import Request.
  Time since last request: 0.000084 seconds.
  path: Assets/CorgiEngine/ThirdParty/MoreMountains/MMTools/Core/MMPropertyControllers/FloatController.cs
  artifactKey: Guid(f4520ff861e339d42bae57b95686b14b) Importer(2089858483,192608db42251d675da83286b1cce702)
Start importing Assets/CorgiEngine/ThirdParty/MoreMountains/MMTools/Core/MMPropertyControllers/FloatController.cs using Guid(f4520ff861e339d42bae57b95686b14b) Importer(2089858483,192608db42251d675da83286b1cce702) (ScriptedImporter) -> (artifact id: 'ee53497d7b937b15df1173ebce06a9f3') in 0.0227218 seconds
Number of updated asset objects reloaded before import = 0Number of asset objects unloaded after import = 0

========================================================================
Received Import Request.
  Time since last request: 0.000061 seconds.
  path: Assets/CorgiEngine/ThirdParty/MoreMountains/MMFeedbacks/Demos/MMFeedbacksDemo/Camera/MMFeedbacksDemo Filter Camera Profile.asset
  artifactKey: Guid(4cd05aacfb949444182ef66d63efdbdf) Importer(2089858483,192608db42251d675da83286b1cce702)
Start importing Assets/CorgiEngine/ThirdParty/MoreMountains/MMFeedbacks/Demos/MMFeedbacksDemo/Camera/MMFeedbacksDemo Filter Camera Profile.asset using Guid(4cd05aacfb949444182ef66d63efdbdf) Importer(2089858483,192608db42251d675da83286b1cce702) (ScriptedImporter) -> (artifact id: 'cf7bed0f8b0611f283ae6f8f8e6d70fb') in 0.0264575 seconds
Number of updated asset objects reloaded before import = 0Number of asset objects unloaded after import = 8

========================================================================
Received Import Request.
  Time since last request: 0.000059 seconds.
  path: Assets/CorgiEngine/ThirdParty/MoreMountains/MMTools/Core/Editor/MoreMountains.Tools.Editor.asmdef
  artifactKey: Guid(d9dbf313afb206f458581847ac758375) Importer(2089858483,192608db42251d675da83286b1cce702)
Start importing Assets/CorgiEngine/ThirdParty/MoreMountains/MMTools/Core/Editor/MoreMountains.Tools.Editor.asmdef using Guid(d9dbf313afb206f458581847ac758375) Importer(2089858483,192608db42251d675da83286b1cce702) (ScriptedImporter) -> (artifact id: '69b5c3f6c20953acebcccfceb0907e0f') in 0.0351537 seconds
Number of updated asset objects reloaded before import = 0Number of asset objects unloaded after import = 1

========================================================================
Received Import Request.
  Time since last request: 0.000038 seconds.
  path: Assets/CorgiEngine/ThirdParty/MoreMountains/MMTools/Accessories/MMMovement/MMStayInPlace.cs
  artifactKey: Guid(9b6f7c95fc9569f47a5b6b912da588a7) Importer(2089858483,192608db42251d675da83286b1cce702)
Start importing Assets/CorgiEngine/ThirdParty/MoreMountains/MMTools/Accessories/MMMovement/MMStayInPlace.cs using Guid(9b6f7c95fc9569f47a5b6b912da588a7) Importer(2089858483,192608db42251d675da83286b1cce702) (ScriptedImporter) -> (artifact id: '2d4e2249f5a5552f6a7aeac4cf6c86d4') in 0.0280566 seconds
Number of updated asset objects reloaded before import = 0Number of asset objects unloaded after import = 0

========================================================================
Received Import Request.
  Time since last request: 0.000132 seconds.
  path: Assets/CorgiEngine/ThirdParty/MoreMountains/InventoryEngine/InventoryEngine/Sounds/DefaultSounds/CloseWav.wav
  artifactKey: Guid(99d9b61735126ab429b6671b12680ae9) Importer(2089858483,192608db42251d675da83286b1cce702)
Start importing Assets/CorgiEngine/ThirdParty/MoreMountains/InventoryEngine/InventoryEngine/Sounds/DefaultSounds/CloseWav.wav using Guid(99d9b61735126ab429b6671b12680ae9) Importer(2089858483,192608db42251d675da83286b1cce702) (ScriptedImporter) -> (artifact id: '7fa50293968ac70a749185df265688a4') in 0.078966 seconds
Number of updated asset objects reloaded before import = 0Number of asset objects unloaded after import = 1

========================================================================
Received Import Request.
  Time since last request: 0.000022 seconds.
  path: Assets/CorgiEngine/ThirdParty/MoreMountains/MMTools/Core/MMSingletons/MMSingleton.cs
  artifactKey: Guid(5dbb0d969791b2a4f991754c03cf2579) Importer(2089858483,192608db42251d675da83286b1cce702)
Start importing Assets/CorgiEngine/ThirdParty/MoreMountains/MMTools/Core/MMSingletons/MMSingleton.cs using Guid(5dbb0d969791b2a4f991754c03cf2579) Importer(2089858483,192608db42251d675da83286b1cce702) (ScriptedImporter) -> (artifact id: '42de3affe297bb8b3b23a16c03523ed0') in 0.020476 seconds
Number of updated asset objects reloaded before import = 0Number of asset objects unloaded after import = 0

========================================================================
Received Import Request.
  Time since last request: 0.000039 seconds.
  path: Assets/CorgiEngine/ThirdParty/MoreMountains/MMTools/Demos/MMBezierLineRenderer/MMBezierLineRendererDemoDudeHand.png
  artifactKey: Guid(3eb4421e0ac10aa488e44538963f00e5) Importer(2089858483,192608db42251d675da83286b1cce702)
Start importing Assets/CorgiEngine/ThirdParty/MoreMountains/MMTools/Demos/MMBezierLineRenderer/MMBezierLineRendererDemoDudeHand.png using Guid(3eb4421e0ac10aa488e44538963f00e5) Importer(2089858483,192608db42251d675da83286b1cce702) (ScriptedImporter) -> (artifact id: 'e9634f0e6d20b0ff4cbf3fe1acd59fce') in 0.0573688 seconds
Number of updated asset objects reloaded before import = 0Number of asset objects unloaded after import = 3

========================================================================
Received Import Request.
  Time since last request: 0.000030 seconds.
  path: Assets/CorgiEngine/ThirdParty/MoreMountains/MMTools/Core/MMExtensions/MMVector3Extensions.cs
  artifactKey: Guid(40f518105f6f40f459c8d96790772f07) Importer(2089858483,192608db42251d675da83286b1cce702)
Start importing Assets/CorgiEngine/ThirdParty/MoreMountains/MMTools/Core/MMExtensions/MMVector3Extensions.cs using Guid(40f518105f6f40f459c8d96790772f07) Importer(2089858483,192608db42251d675da83286b1cce702) (ScriptedImporter) -> (artifact id: '1fdc2e80ba08333508f2cf29f169f562') in 0.0230184 seconds
Number of updated asset objects reloaded before import = 0Number of asset objects unloaded after import = 0

========================================================================
Received Import Request.
  Time since last request: 0.000100 seconds.
  path: Assets/CorgiEngine/ThirdParty/MoreMountains/MMInterface/Styles/Mini/5-StyleguideDark.unity
  artifactKey: Guid(53a6867d9e449ca4394561ea3eaaa7eb) Importer(2089858483,192608db42251d675da83286b1cce702)
Start importing Assets/CorgiEngine/ThirdParty/MoreMountains/MMInterface/Styles/Mini/5-StyleguideDark.unity using Guid(53a6867d9e449ca4394561ea3eaaa7eb) Importer(2089858483,192608db42251d675da83286b1cce702) (ScriptedImporter) -> (artifact id: '34b43cb1d9ff80390897f726efcbf24f') in 0.0273672 seconds
Number of updated asset objects reloaded before import = 0Number of asset objects unloaded after import = 1

========================================================================
Received Import Request.
  Time since last request: 0.000086 seconds.
  path: Assets/CorgiEngine/ThirdParty/MoreMountains/MMFeedbacks/MMFeedbacksForThirdParty/HDRP/Feedbacks/MMF_Bloom_HDRP.cs
  artifactKey: Guid(979e16096485bd645b1d47e00aabc982) Importer(2089858483,192608db42251d675da83286b1cce702)
Start importing Assets/CorgiEngine/ThirdParty/MoreMountains/MMFeedbacks/MMFeedbacksForThirdParty/HDRP/Feedbacks/MMF_Bloom_HDRP.cs using Guid(979e16096485bd645b1d47e00aabc982) Importer(2089858483,192608db42251d675da83286b1cce702) (ScriptedImporter) -> (artifact id: 'd8de92df9e58cb56d24045a0c718e2dc') in 0.0233665 seconds
Number of updated asset objects reloaded before import = 0Number of asset objects unloaded after import = 0

========================================================================
Received Import Request.
  Time since last request: 0.000229 seconds.
  path: Assets/CorgiEngine/ThirdParty/MoreMountains/MMFeedbacks/MMFeedbacks/Springs/Springs/MMSpringAudioSourceVolume.cs
  artifactKey: Guid(9675984066528d34ebf02a5535fe188f) Importer(2089858483,192608db42251d675da83286b1cce702)
Start importing Assets/CorgiEngine/ThirdParty/MoreMountains/MMFeedbacks/MMFeedbacks/Springs/Springs/MMSpringAudioSourceVolume.cs using Guid(9675984066528d34ebf02a5535fe188f) Importer(2089858483,192608db42251d675da83286b1cce702) (ScriptedImporter) -> (artifact id: '02344cd7dce88837c42ea52588f3bbba') in 0.0261275 seconds
Number of updated asset objects reloaded before import = 0Number of asset objects unloaded after import = 0

========================================================================
Received Import Request.
  Time since last request: 0.000033 seconds.
  path: Assets/CorgiEngine/ThirdParty/MoreMountains/MMFeedbacks/MMFeedbacksForThirdParty/HDRP/Resources/MMDefaultHDRPProfile.asset
  artifactKey: Guid(d6c55732adbfa0d4593bd219357d1a00) Importer(2089858483,192608db42251d675da83286b1cce702)
Start importing Assets/CorgiEngine/ThirdParty/MoreMountains/MMFeedbacks/MMFeedbacksForThirdParty/HDRP/Resources/MMDefaultHDRPProfile.asset using Guid(d6c55732adbfa0d4593bd219357d1a00) Importer(2089858483,192608db42251d675da83286b1cce702) (ScriptedImporter) -> (artifact id: '45997c4125960eae368b8ae76f2f0504') in 0.0210041 seconds
Number of updated asset objects reloaded before import = 0Number of asset objects unloaded after import = 1

========================================================================
Received Import Request.
  Time since last request: 0.000024 seconds.
  path: Assets/CorgiEngine/ThirdParty/MoreMountains/MMFeedbacks/Editor/Core/UIToolkit/MMF_PlayerEditorUITKStyleSheet.uss
  artifactKey: Guid(8f8bad73dac7361489c555af4bf184ea) Importer(2089858483,192608db42251d675da83286b1cce702)
Start importing Assets/CorgiEngine/ThirdParty/MoreMountains/MMFeedbacks/Editor/Core/UIToolkit/MMF_PlayerEditorUITKStyleSheet.uss using Guid(8f8bad73dac7361489c555af4bf184ea) Importer(2089858483,192608db42251d675da83286b1cce702) (ScriptedImporter) -> (artifact id: 'f4ca77e095f036617cdb84b5ab062fac') in 0.0364149 seconds
Number of updated asset objects reloaded before import = 0Number of asset objects unloaded after import = 1

========================================================================
Received Import Request.
  Time since last request: 0.000057 seconds.
  path: Assets/CorgiEngine/ThirdParty/MoreMountains/MMFeedbacks/Demos/SequencingDemo/Materials/CubeMaterial.mat
  artifactKey: Guid(328a7fdf09a182f439b02087c34413cc) Importer(2089858483,192608db42251d675da83286b1cce702)
Start importing Assets/CorgiEngine/ThirdParty/MoreMountains/MMFeedbacks/Demos/SequencingDemo/Materials/CubeMaterial.mat using Guid(328a7fdf09a182f439b02087c34413cc) Importer(2089858483,192608db42251d675da83286b1cce702) (ScriptedImporter) -> (artifact id: 'c24c1780b47d47de2cfd6f33fd246f5b') in 0.0264269 seconds
Number of updated asset objects reloaded before import = 0Number of asset objects unloaded after import = 1

========================================================================
Received Import Request.
  Time since last request: 0.000071 seconds.
  path: Assets/CorgiEngine/ThirdParty/MoreMountains/MMFeedbacks/Demos/SequencingDemo/Textures/Carpet10_nrm.png
  artifactKey: Guid(022000643ebc349459ef7b825a034aaa) Importer(2089858483,192608db42251d675da83286b1cce702)
Start importing Assets/CorgiEngine/ThirdParty/MoreMountains/MMFeedbacks/Demos/SequencingDemo/Textures/Carpet10_nrm.png using Guid(022000643ebc349459ef7b825a034aaa) Importer(2089858483,192608db42251d675da83286b1cce702) (ScriptedImporter) -> (artifact id: '7a8cdba695000ce0e86bcedc4910c0f3') in 0.0409839 seconds
Number of updated asset objects reloaded before import = 0Number of asset objects unloaded after import = 1

========================================================================
Received Import Request.
  Time since last request: 0.000053 seconds.
  path: Assets/CorgiEngine/ThirdParty/MoreMountains/MMFeedbacks/Demos/SequencingDemo/Textures/ChristmasTreeOrnament01_nrm.png
  artifactKey: Guid(7a41eb3cf9c96bb4fa0ca4a5834ca754) Importer(2089858483,192608db42251d675da83286b1cce702)
Start importing Assets/CorgiEngine/ThirdParty/MoreMountains/MMFeedbacks/Demos/SequencingDemo/Textures/ChristmasTreeOrnament01_nrm.png using Guid(7a41eb3cf9c96bb4fa0ca4a5834ca754) Importer(2089858483,192608db42251d675da83286b1cce702) (ScriptedImporter) -> (artifact id: 'fba8299c6e27eb45bfb4c05e59a65582') in 0.0408425 seconds
Number of updated asset objects reloaded before import = 0Number of asset objects unloaded after import = 1

========================================================================
Received Import Request.
  Time since last request: 0.000037 seconds.
  path: Assets/CorgiEngine/ThirdParty/MoreMountains/MMFeedbacks/Demos/SequencingDemo/Textures/Facade02_col.png
  artifactKey: Guid(8082b586364e1004bb6374a5c9110eb3) Importer(2089858483,192608db42251d675da83286b1cce702)
Start importing Assets/CorgiEngine/ThirdParty/MoreMountains/MMFeedbacks/Demos/SequencingDemo/Textures/Facade02_col.png using Guid(8082b586364e1004bb6374a5c9110eb3) Importer(2089858483,192608db42251d675da83286b1cce702) (ScriptedImporter) -> (artifact id: '74d62b7b203ff2767b40c93f6d3501c9') in 0.0561034 seconds
Number of updated asset objects reloaded before import = 0Number of asset objects unloaded after import = 1

========================================================================
Received Import Request.
  Time since last request: 0.000020 seconds.
  path: Assets/CorgiEngine/ThirdParty/MoreMountains/MMFeedbacks/MMFeedbacks/Springs/Springs/MMSpringRectTransformPosition.cs
  artifactKey: Guid(ea0440c408d18a54cb9610dd676e7e65) Importer(2089858483,192608db42251d675da83286b1cce702)
Start importing Assets/CorgiEngine/ThirdParty/MoreMountains/MMFeedbacks/MMFeedbacks/Springs/Springs/MMSpringRectTransformPosition.cs using Guid(ea0440c408d18a54cb9610dd676e7e65) Importer(2089858483,192608db42251d675da83286b1cce702) (ScriptedImporter) -> (artifact id: '3a0a1bb2a6dbe3253c11391a9aafb384') in 0.0209516 seconds
Number of updated asset objects reloaded before import = 0Number of asset objects unloaded after import = 0

========================================================================
Received Import Request.
  Time since last request: 0.000070 seconds.
  path: Assets/CorgiEngine/ThirdParty/MoreMountains/MMFeedbacks/MMFeedbacks/Springs/Springs/MMSpringTMPAlpha.cs
  artifactKey: Guid(ea8b9abba4f1a2949b1f9d03a2440aa4) Importer(2089858483,192608db42251d675da83286b1cce702)
Start importing Assets/CorgiEngine/ThirdParty/MoreMountains/MMFeedbacks/MMFeedbacks/Springs/Springs/MMSpringTMPAlpha.cs using Guid(ea8b9abba4f1a2949b1f9d03a2440aa4) Importer(2089858483,192608db42251d675da83286b1cce702) (ScriptedImporter) -> (artifact id: 'eb4f0f465ac7f8fd68e490d34dc2f7dd') in 0.0254611 seconds
Number of updated asset objects reloaded before import = 0Number of asset objects unloaded after import = 0

========================================================================
Received Import Request.
  Time since last request: 0.000100 seconds.
  path: Assets/CorgiEngine/ThirdParty/MoreMountains/MMFeedbacks/MMFeedbacksForThirdParty/HDRP/Feedbacks/MMF_LensDistortion_HDRP.cs
  artifactKey: Guid(238ecd560015b8747bc952b63dc334c3) Importer(2089858483,192608db42251d675da83286b1cce702)
Start importing Assets/CorgiEngine/ThirdParty/MoreMountains/MMFeedbacks/MMFeedbacksForThirdParty/HDRP/Feedbacks/MMF_LensDistortion_HDRP.cs using Guid(238ecd560015b8747bc952b63dc334c3) Importer(2089858483,192608db42251d675da83286b1cce702) (ScriptedImporter) -> (artifact id: '4d8550d445bd4388e1fe28b84f2a4d27') in 0.0237216 seconds
Number of updated asset objects reloaded before import = 0Number of asset objects unloaded after import = 0

========================================================================
Received Import Request.
  Time since last request: 0.000100 seconds.
  path: Assets/CorgiEngine/ThirdParty/MoreMountains/MMFeedbacks/MMFeedbacks/Springs/Feedbacks/MMF_SpringVector4.cs
  artifactKey: Guid(627c672fde1366f4ba7e81dbe83a464c) Importer(2089858483,192608db42251d675da83286b1cce702)
Start importing Assets/CorgiEngine/ThirdParty/MoreMountains/MMFeedbacks/MMFeedbacks/Springs/Feedbacks/MMF_SpringVector4.cs using Guid(627c672fde1366f4ba7e81dbe83a464c) Importer(2089858483,192608db42251d675da83286b1cce702) (ScriptedImporter) -> (artifact id: '333244ac4a997d9592cd3675a8cf8991') in 0.0197774 seconds
Number of updated asset objects reloaded before import = 0Number of asset objects unloaded after import = 0

========================================================================
Received Import Request.
  Time since last request: 0.000050 seconds.
  path: Assets/CorgiEngine/ThirdParty/MoreMountains/MMFeedbacks/Demos/SequencingDemo/Textures/WoodFloor20_rgh.png
  artifactKey: Guid(42b2a15773865f847ad2ae0a8b3297f6) Importer(2089858483,192608db42251d675da83286b1cce702)
Start importing Assets/CorgiEngine/ThirdParty/MoreMountains/MMFeedbacks/Demos/SequencingDemo/Textures/WoodFloor20_rgh.png using Guid(42b2a15773865f847ad2ae0a8b3297f6) Importer(2089858483,192608db42251d675da83286b1cce702) (ScriptedImporter) -> (artifact id: '8e292c28b044052319d1ce80f6d616e7') in 0.0433215 seconds
Number of updated asset objects reloaded before import = 0Number of asset objects unloaded after import = 1

========================================================================
Received Import Request.
  Time since last request: 0.000023 seconds.
  path: Assets/CorgiEngine/ThirdParty/MoreMountains/MMFeedbacks/MMFeedbacksForThirdParty/Cinemachine/Shakers/MMCinemachineFreeLookZoom.cs
  artifactKey: Guid(c5c6086564eb2a44db13fc3cd3a66644) Importer(2089858483,192608db42251d675da83286b1cce702)
Start importing Assets/CorgiEngine/ThirdParty/MoreMountains/MMFeedbacks/MMFeedbacksForThirdParty/Cinemachine/Shakers/MMCinemachineFreeLookZoom.cs using Guid(c5c6086564eb2a44db13fc3cd3a66644) Importer(2089858483,192608db42251d675da83286b1cce702) (ScriptedImporter) -> (artifact id: '737b3c0031c60826c4a2b565b15eaaaf') in 0.0218075 seconds
Number of updated asset objects reloaded before import = 0Number of asset objects unloaded after import = 0

========================================================================
Received Import Request.
  Time since last request: 0.000070 seconds.
  path: Assets/CorgiEngine/ThirdParty/MoreMountains/MMFeedbacks/Demos/SequencingDemo/Materials/SequencerTiles67.mat
  artifactKey: Guid(0d11a8d904e77af4bbbac066d6455c5a) Importer(2089858483,192608db42251d675da83286b1cce702)
Start importing Assets/CorgiEngine/ThirdParty/MoreMountains/MMFeedbacks/Demos/SequencingDemo/Materials/SequencerTiles67.mat using Guid(0d11a8d904e77af4bbbac066d6455c5a) Importer(2089858483,192608db42251d675da83286b1cce702) (ScriptedImporter) -> (artifact id: 'a55a19ff0173198f9f9108efba2d88e8') in 0.1430204 seconds
Number of updated asset objects reloaded before import = 0Number of asset objects unloaded after import = 5

========================================================================
Received Import Request.
  Time since last request: 0.000029 seconds.
  path: Assets/CorgiEngine/ThirdParty/MoreMountains/MMFeedbacks/Demos/SequencingDemo/Textures/Tiles12_col.png
  artifactKey: Guid(939781b433a8cfb43a425a4ccd962df7) Importer(2089858483,192608db42251d675da83286b1cce702)
Start importing Assets/CorgiEngine/ThirdParty/MoreMountains/MMFeedbacks/Demos/SequencingDemo/Textures/Tiles12_col.png using Guid(939781b433a8cfb43a425a4ccd962df7) Importer(2089858483,192608db42251d675da83286b1cce702) (ScriptedImporter) -> (artifact id: '221dc41933a17731b7470c1bc3824ccd') in 0.0448266 seconds
Number of updated asset objects reloaded before import = 0Number of asset objects unloaded after import = 1

========================================================================
Received Import Request.
  Time since last request: 0.000027 seconds.
  path: Assets/CorgiEngine/ThirdParty/MoreMountains/MMFeedbacks/MMFeedbacks/Springs/Springs/MMSpringLightColor.cs
  artifactKey: Guid(410f70980477c8447b83369c392945f1) Importer(2089858483,192608db42251d675da83286b1cce702)
Start importing Assets/CorgiEngine/ThirdParty/MoreMountains/MMFeedbacks/MMFeedbacks/Springs/Springs/MMSpringLightColor.cs using Guid(410f70980477c8447b83369c392945f1) Importer(2089858483,192608db42251d675da83286b1cce702) (ScriptedImporter) -> (artifact id: '20f5f41fe670b736fc2ba6549a9dec10') in 0.0231837 seconds
Number of updated asset objects reloaded before import = 0Number of asset objects unloaded after import = 0

========================================================================
Received Import Request.
  Time since last request: 0.000025 seconds.
  path: Assets/CorgiEngine/ThirdParty/MoreMountains/MMFeedbacks/MMFeedbacks/MMFloatingText/Prefabs/MMFloatingTextPixel.prefab
  artifactKey: Guid(4c1c6a83883bc4142b27d3223056e9da) Importer(2089858483,192608db42251d675da83286b1cce702)
Start importing Assets/CorgiEngine/ThirdParty/MoreMountains/MMFeedbacks/MMFeedbacks/MMFloatingText/Prefabs/MMFloatingTextPixel.prefab using Guid(4c1c6a83883bc4142b27d3223056e9da) Importer(2089858483,192608db42251d675da83286b1cce702) (ScriptedImporter) -> (artifact id: '09c0802e09d9d79be8a051961e6887f4') in 0.0354842 seconds
Number of updated asset objects reloaded before import = 0Number of asset objects unloaded after import = 17

========================================================================
Received Import Request.
  Time since last request: 0.000049 seconds.
  path: Assets/CorgiEngine/ThirdParty/MoreMountains/MMFeedbacks/Demos/SequencingDemo/Materials/SequencerCarpet.mat
  artifactKey: Guid(fafd9ca80d42ea147955a570b7ff417a) Importer(2089858483,192608db42251d675da83286b1cce702)
Start importing Assets/CorgiEngine/ThirdParty/MoreMountains/MMFeedbacks/Demos/SequencingDemo/Materials/SequencerCarpet.mat using Guid(fafd9ca80d42ea147955a570b7ff417a) Importer(2089858483,192608db42251d675da83286b1cce702) (ScriptedImporter) -> (artifact id: '78401365969cf04fb31a4e7369619213') in 0.0785684 seconds
Number of updated asset objects reloaded before import = 0Number of asset objects unloaded after import = 5

========================================================================
Received Import Request.
  Time since last request: 0.000044 seconds.
  path: Assets/CorgiEngine/ThirdParty/MoreMountains/MMFeedbacks/Demos/SequencingDemo/Lighting/SequencerDemoSettings.lighting
  artifactKey: Guid(89c0654ee226d6145bd7adb6ff78d39e) Importer(2089858483,192608db42251d675da83286b1cce702)
Start importing Assets/CorgiEngine/ThirdParty/MoreMountains/MMFeedbacks/Demos/SequencingDemo/Lighting/SequencerDemoSettings.lighting using Guid(89c0654ee226d6145bd7adb6ff78d39e) Importer(2089858483,192608db42251d675da83286b1cce702) (ScriptedImporter) -> (artifact id: '6021220f98ac11924c7f0bc51ce4c111') in 0.0284928 seconds
Number of updated asset objects reloaded before import = 0Number of asset objects unloaded after import = 1

========================================================================
Received Import Request.
  Time since last request: 0.000029 seconds.
  path: Assets/CorgiEngine/ThirdParty/MoreMountains/MMFeedbacks/Demos/SequencingDemo/Materials/SequencerFabric09.mat
  artifactKey: Guid(d27c02d0cdd147245be0de863bd68637) Importer(2089858483,192608db42251d675da83286b1cce702)
Start importing Assets/CorgiEngine/ThirdParty/MoreMountains/MMFeedbacks/Demos/SequencingDemo/Materials/SequencerFabric09.mat using Guid(d27c02d0cdd147245be0de863bd68637) Importer(2089858483,192608db42251d675da83286b1cce702) (ScriptedImporter) -> (artifact id: '59f08d670714b17d1451545e6d0cec68') in 0.0933855 seconds
Number of updated asset objects reloaded before import = 0Number of asset objects unloaded after import = 6

========================================================================
Received Import Request.
  Time since last request: 0.000040 seconds.
  path: Assets/CorgiEngine/ThirdParty/MoreMountains/MMFeedbacks/MMFeedbacks/Springs/Springs/MMSpringAnimatorSpeed.cs
  artifactKey: Guid(c6a00a894837bd744b10fbeb03d1287b) Importer(2089858483,192608db42251d675da83286b1cce702)
Start importing Assets/CorgiEngine/ThirdParty/MoreMountains/MMFeedbacks/MMFeedbacks/Springs/Springs/MMSpringAnimatorSpeed.cs using Guid(c6a00a894837bd744b10fbeb03d1287b) Importer(2089858483,192608db42251d675da83286b1cce702) (ScriptedImporter) -> (artifact id: '4cc507e6249e30dbb422f1be37e1f692') in 0.027824 seconds
Number of updated asset objects reloaded before import = 0Number of asset objects unloaded after import = 0

========================================================================
Received Import Request.
  Time since last request: 0.000069 seconds.
  path: Assets/CorgiEngine/ThirdParty/MoreMountains/MMFeedbacks/Demos/SequencingDemo/Textures/ChristmasTreeOrnament01_disp.png
  artifactKey: Guid(620bf2a65dffab54a8440d84a68860c8) Importer(2089858483,192608db42251d675da83286b1cce702)
Start importing Assets/CorgiEngine/ThirdParty/MoreMountains/MMFeedbacks/Demos/SequencingDemo/Textures/ChristmasTreeOrnament01_disp.png using Guid(620bf2a65dffab54a8440d84a68860c8) Importer(2089858483,192608db42251d675da83286b1cce702) (ScriptedImporter) -> (artifact id: '42f4aa2315f23f9a52990ee6583ac878') in 0.0534997 seconds
Number of updated asset objects reloaded before import = 0Number of asset objects unloaded after import = 1

========================================================================
Received Import Request.
  Time since last request: 0.000024 seconds.
  path: Assets/CorgiEngine/ThirdParty/MoreMountains/MMFeedbacks/Demos/SequencingDemo/Textures/Tiles31_col.png
  artifactKey: Guid(734013d605d55424599c8451053b00cc) Importer(2089858483,192608db42251d675da83286b1cce702)
Start importing Assets/CorgiEngine/ThirdParty/MoreMountains/MMFeedbacks/Demos/SequencingDemo/Textures/Tiles31_col.png using Guid(734013d605d55424599c8451053b00cc) Importer(2089858483,192608db42251d675da83286b1cce702) (ScriptedImporter) -> (artifact id: 'a32fd0228f5f109a60922fed09496303') in 0.0546795 seconds
Number of updated asset objects reloaded before import = 0Number of asset objects unloaded after import = 1

========================================================================
Received Import Request.
  Time since last request: 0.000025 seconds.
  path: Assets/CorgiEngine/ThirdParty/MoreMountains/MMFeedbacks/MMFeedbacks/Springs/Springs/MMSpringTextureOffset.cs
  artifactKey: Guid(9db8f29e9da6c1041b8ced3bcd99acf6) Importer(2089858483,192608db42251d675da83286b1cce702)
Start importing Assets/CorgiEngine/ThirdParty/MoreMountains/MMFeedbacks/MMFeedbacks/Springs/Springs/MMSpringTextureOffset.cs using Guid(9db8f29e9da6c1041b8ced3bcd99acf6) Importer(2089858483,192608db42251d675da83286b1cce702) (ScriptedImporter) -> (artifact id: '73000941e3e4dc1f85901103ed899697') in 0.0217832 seconds
Number of updated asset objects reloaded before import = 0Number of asset objects unloaded after import = 0

========================================================================
Received Import Request.
  Time since last request: 0.000089 seconds.
  path: Assets/CorgiEngine/ThirdParty/MoreMountains/MMFeedbacks/Demos/SequencingDemo/Materials/SequencerCarpet05.mat
  artifactKey: Guid(8a0f71e021d8c02408e3b9145082dc1b) Importer(2089858483,192608db42251d675da83286b1cce702)
Start importing Assets/CorgiEngine/ThirdParty/MoreMountains/MMFeedbacks/Demos/SequencingDemo/Materials/SequencerCarpet05.mat using Guid(8a0f71e021d8c02408e3b9145082dc1b) Importer(2089858483,192608db42251d675da83286b1cce702) (ScriptedImporter) -> (artifact id: '8648a4276bcf901a483c84f05e27a7e1') in 0.0351566 seconds
Number of updated asset objects reloaded before import = 0Number of asset objects unloaded after import = 5

========================================================================
Received Import Request.
  Time since last request: 0.000023 seconds.
  path: Assets/CorgiEngine/ThirdParty/MoreMountains/MMFeedbacks/Demos/SequencingDemo/Materials/SequencerFacade.mat
  artifactKey: Guid(60b87f7fd5cd21f4797f2d0dac2b7782) Importer(2089858483,192608db42251d675da83286b1cce702)
Start importing Assets/CorgiEngine/ThirdParty/MoreMountains/MMFeedbacks/Demos/SequencingDemo/Materials/SequencerFacade.mat using Guid(60b87f7fd5cd21f4797f2d0dac2b7782) Importer(2089858483,192608db42251d675da83286b1cce702) (ScriptedImporter) -> (artifact id: '65c8ab67fe8452de6307944a450cda01') in 0.0497223 seconds
Number of updated asset objects reloaded before import = 0Number of asset objects unloaded after import = 5

========================================================================
Received Import Request.
  Time since last request: 0.000032 seconds.
  path: Assets/CorgiEngine/ThirdParty/MoreMountains/MMFeedbacks/Editor/Core/UIToolkit/MMF_PlayerEditorUITKStyleSheet_Settings.uss
  artifactKey: Guid(390bf4a7227d9094e82fd024ef00a069) Importer(2089858483,192608db42251d675da83286b1cce702)
Start importing Assets/CorgiEngine/ThirdParty/MoreMountains/MMFeedbacks/Editor/Core/UIToolkit/MMF_PlayerEditorUITKStyleSheet_Settings.uss using Guid(390bf4a7227d9094e82fd024ef00a069) Importer(2089858483,192608db42251d675da83286b1cce702) (ScriptedImporter) -> (artifact id: '8187a69ebad92ac3c9b1f1ed66189af3') in 0.0253677 seconds
Number of updated asset objects reloaded before import = 0Number of asset objects unloaded after import = 1

========================================================================
Received Import Request.
  Time since last request: 0.000079 seconds.
  path: Assets/CorgiEngine/ThirdParty/MoreMountains/MMFeedbacks/Demos/MMFeedbacksDemo/Textures/FeedbacksDemoGhost.png
  artifactKey: Guid(6fd0b649401ca5b419a5ebf5df170c0f) Importer(2089858483,192608db42251d675da83286b1cce702)
Start importing Assets/CorgiEngine/ThirdParty/MoreMountains/MMFeedbacks/Demos/MMFeedbacksDemo/Textures/FeedbacksDemoGhost.png using Guid(6fd0b649401ca5b419a5ebf5df170c0f) Importer(2089858483,192608db42251d675da83286b1cce702) (ScriptedImporter) -> (artifact id: '3498c400484319443f52dab3a81ea7ac') in 0.048069 seconds
Number of updated asset objects reloaded before import = 0Number of asset objects unloaded after import = 3

========================================================================
Received Import Request.
  Time since last request: 0.000021 seconds.
  path: Assets/CorgiEngine/ThirdParty/MoreMountains/MMFeedbacks/MMFeedbacksForThirdParty/Cinemachine/Shakers/MMCinemachineZoom.cs
  artifactKey: Guid(51662a222e352d74a8ad12e5843f7501) Importer(2089858483,192608db42251d675da83286b1cce702)
Start importing Assets/CorgiEngine/ThirdParty/MoreMountains/MMFeedbacks/MMFeedbacksForThirdParty/Cinemachine/Shakers/MMCinemachineZoom.cs using Guid(51662a222e352d74a8ad12e5843f7501) Importer(2089858483,192608db42251d675da83286b1cce702) (ScriptedImporter) -> (artifact id: 'ea4351beb7d50831c998ab906d00463a') in 0.0202026 seconds
Number of updated asset objects reloaded before import = 0Number of asset objects unloaded after import = 0

========================================================================
Received Import Request.
  Time since last request: 0.000049 seconds.
  path: Assets/CorgiEngine/ThirdParty/MoreMountains/MMFeedbacks/Demos/SequencingDemo/Textures/Carpet05_AO.png
  artifactKey: Guid(e9550ef65f0959f428a45ae2fac13a4f) Importer(2089858483,192608db42251d675da83286b1cce702)
Start importing Assets/CorgiEngine/ThirdParty/MoreMountains/MMFeedbacks/Demos/SequencingDemo/Textures/Carpet05_AO.png using Guid(e9550ef65f0959f428a45ae2fac13a4f) Importer(2089858483,192608db42251d675da83286b1cce702) (ScriptedImporter) -> (artifact id: '5a687a9d86bbc46b177350f3196770e9') in 0.044209 seconds
Number of updated asset objects reloaded before import = 0Number of asset objects unloaded after import = 1

========================================================================
Received Import Request.
  Time since last request: 0.000020 seconds.
  path: Assets/CorgiEngine/ThirdParty/MoreMountains/MMFeedbacks/Demos/SequencingDemo/Materials/SequencerTiles33.mat
  artifactKey: Guid(aa24205135c86be4792f70af431b8638) Importer(2089858483,192608db42251d675da83286b1cce702)
Start importing Assets/CorgiEngine/ThirdParty/MoreMountains/MMFeedbacks/Demos/SequencingDemo/Materials/SequencerTiles33.mat using Guid(aa24205135c86be4792f70af431b8638) Importer(2089858483,192608db42251d675da83286b1cce702) (ScriptedImporter) -> (artifact id: 'ffc18790ea01c349642a7f38a15a15ab') in 0.0296937 seconds
Number of updated asset objects reloaded before import = 0Number of asset objects unloaded after import = 4

========================================================================
Received Import Request.
  Time since last request: 0.000027 seconds.
  path: Assets/CorgiEngine/ThirdParty/MoreMountains/MMFeedbacks/Demos/SequencingDemo/Textures/PaintedMetal02_col.png
  artifactKey: Guid(4229181c105e0794a90ed8031ed963a3) Importer(2089858483,192608db42251d675da83286b1cce702)
Start importing Assets/CorgiEngine/ThirdParty/MoreMountains/MMFeedbacks/Demos/SequencingDemo/Textures/PaintedMetal02_col.png using Guid(4229181c105e0794a90ed8031ed963a3) Importer(2089858483,192608db42251d675da83286b1cce702) (ScriptedImporter) -> (artifact id: '3ef551086ca707b40c9123037a3913ed') in 0.0566033 seconds
Number of updated asset objects reloaded before import = 0Number of asset objects unloaded after import = 1

========================================================================
Received Import Request.
  Time since last request: 0.000023 seconds.
  path: Assets/CorgiEngine/ThirdParty/MoreMountains/MMFeedbacks/Demos/MMFeedbacksDemo/UI/Title.prefab
  artifactKey: Guid(d0c10e574f6f1af43b3af7996a878151) Importer(2089858483,192608db42251d675da83286b1cce702)
Start importing Assets/CorgiEngine/ThirdParty/MoreMountains/MMFeedbacks/Demos/MMFeedbacksDemo/UI/Title.prefab using Guid(d0c10e574f6f1af43b3af7996a878151) Importer(2089858483,192608db42251d675da83286b1cce702) (ScriptedImporter) -> (artifact id: 'aa3311c3c3e6f680026f36400a20e3fd') in 0.0407502 seconds
Number of updated asset objects reloaded before import = 0Number of asset objects unloaded after import = 12

========================================================================
Received Import Request.
  Time since last request: 0.000038 seconds.
  path: Assets/CorgiEngine/ThirdParty/MoreMountains/MMFeedbacks/Demos/SequencingDemo/Textures/Tiles67_AO.png
  artifactKey: Guid(bb5ae95fa892a584b9362792bc634f5b) Importer(2089858483,192608db42251d675da83286b1cce702)
Start importing Assets/CorgiEngine/ThirdParty/MoreMountains/MMFeedbacks/Demos/SequencingDemo/Textures/Tiles67_AO.png using Guid(bb5ae95fa892a584b9362792bc634f5b) Importer(2089858483,192608db42251d675da83286b1cce702) (ScriptedImporter) -> (artifact id: '8325bb8b197b4b950e4eefe3e3828b00') in 0.0447171 seconds
Number of updated asset objects reloaded before import = 0Number of asset objects unloaded after import = 1

========================================================================
Received Import Request.
  Time since last request: 0.000027 seconds.
  path: Assets/CorgiEngine/ThirdParty/MoreMountains/MMFeedbacks/Demos/SequencingDemo/Textures/WoodFloor20_col.png
  artifactKey: Guid(5e2d4bd257111184fac38551fe737f22) Importer(2089858483,192608db42251d675da83286b1cce702)
Start importing Assets/CorgiEngine/ThirdParty/MoreMountains/MMFeedbacks/Demos/SequencingDemo/Textures/WoodFloor20_col.png using Guid(5e2d4bd257111184fac38551fe737f22) Importer(2089858483,192608db42251d675da83286b1cce702) (ScriptedImporter) -> (artifact id: '3d8bc1d101cc0351eb6f8d74367e11ff') in 0.0462816 seconds
Number of updated asset objects reloaded before import = 0Number of asset objects unloaded after import = 1

========================================================================
Received Import Request.
  Time since last request: 0.000044 seconds.
  path: Assets/CorgiEngine/ThirdParty/MoreMountains/MMFeedbacks/MMFeedbacks/Core/ObjectPool/MMMiniObjectPooler.cs
  artifactKey: Guid(5a2e3aab8bd306249afbd26c52205f46) Importer(2089858483,192608db42251d675da83286b1cce702)
Start importing Assets/CorgiEngine/ThirdParty/MoreMountains/MMFeedbacks/MMFeedbacks/Core/ObjectPool/MMMiniObjectPooler.cs using Guid(5a2e3aab8bd306249afbd26c52205f46) Importer(2089858483,192608db42251d675da83286b1cce702) (ScriptedImporter) -> (artifact id: '36c16a2942101d521c6ff5e2c0e84b97') in 0.0203826 seconds
Number of updated asset objects reloaded before import = 0Number of asset objects unloaded after import = 0

========================================================================
Received Import Request.
  Time since last request: 0.000136 seconds.
  path: Assets/CorgiEngine/ThirdParty/MoreMountains/MMFeedbacks/Demos/SequencingDemo/Textures/Tiles67_nrm.png
  artifactKey: Guid(b1d5d990d8e6a10479fa4b29ada5f39f) Importer(2089858483,192608db42251d675da83286b1cce702)
Start importing Assets/CorgiEngine/ThirdParty/MoreMountains/MMFeedbacks/Demos/SequencingDemo/Textures/Tiles67_nrm.png using Guid(b1d5d990d8e6a10479fa4b29ada5f39f) Importer(2089858483,192608db42251d675da83286b1cce702) (ScriptedImporter) -> (artifact id: '628940e6230cae9f1f87422a9776340c') in 0.0378877 seconds
Number of updated asset objects reloaded before import = 0Number of asset objects unloaded after import = 1

========================================================================
Received Import Request.
  Time since last request: 0.000021 seconds.
  path: Assets/CorgiEngine/ThirdParty/MoreMountains/MMFeedbacks/Editor/Core/UIToolkit/MMF_PlayerEditorUITKStyleSheet_LightSkin.uss
  artifactKey: Guid(14b92bfe5ef8242479d196b4e9916647) Importer(2089858483,192608db42251d675da83286b1cce702)
Start importing Assets/CorgiEngine/ThirdParty/MoreMountains/MMFeedbacks/Editor/Core/UIToolkit/MMF_PlayerEditorUITKStyleSheet_LightSkin.uss using Guid(14b92bfe5ef8242479d196b4e9916647) Importer(2089858483,192608db42251d675da83286b1cce702) (ScriptedImporter) -> (artifact id: 'ae320114bdfba4b0a1a678e7c2ed3174') in 0.0321099 seconds
Number of updated asset objects reloaded before import = 0Number of asset objects unloaded after import = 1

========================================================================
Received Import Request.
  Time since last request: 0.000104 seconds.
  path: Assets/CorgiEngine/ThirdParty/MoreMountains/MMFeedbacks/Demos/SequencingDemo/Textures/Fabric06_mask.png
  artifactKey: Guid(8f409f40d21e18e4e8e184336d19cbeb) Importer(2089858483,192608db42251d675da83286b1cce702)
Start importing Assets/CorgiEngine/ThirdParty/MoreMountains/MMFeedbacks/Demos/SequencingDemo/Textures/Fabric06_mask.png using Guid(8f409f40d21e18e4e8e184336d19cbeb) Importer(2089858483,192608db42251d675da83286b1cce702) (ScriptedImporter) -> (artifact id: 'a7600979e2edaf22ba02568f65cdb157') in 0.055068 seconds
Number of updated asset objects reloaded before import = 0Number of asset objects unloaded after import = 1

========================================================================
Received Import Request.
  Time since last request: 0.000024 seconds.
  path: Assets/CorgiEngine/ThirdParty/MoreMountains/MMFeedbacks/MMFeedbacks/Springs/Core/MMSpringFloat.cs
  artifactKey: Guid(e455783e305d0724081dddf0f5e9dbab) Importer(2089858483,192608db42251d675da83286b1cce702)
Start importing Assets/CorgiEngine/ThirdParty/MoreMountains/MMFeedbacks/MMFeedbacks/Springs/Core/MMSpringFloat.cs using Guid(e455783e305d0724081dddf0f5e9dbab) Importer(2089858483,192608db42251d675da83286b1cce702) (ScriptedImporter) -> (artifact id: '38632801ee66ba250bb6271bb578cace') in 0.0214226 seconds
Number of updated asset objects reloaded before import = 0Number of asset objects unloaded after import = 0

========================================================================
Received Import Request.
  Time since last request: 0.000129 seconds.
  path: Assets/CorgiEngine/ThirdParty/MoreMountains/MMFeedbacks/Demos/SequencingDemo/Textures/Fabric09_AO.png
  artifactKey: Guid(d09b7123f481ae449b957b670044b425) Importer(2089858483,192608db42251d675da83286b1cce702)
Start importing Assets/CorgiEngine/ThirdParty/MoreMountains/MMFeedbacks/Demos/SequencingDemo/Textures/Fabric09_AO.png using Guid(d09b7123f481ae449b957b670044b425) Importer(2089858483,192608db42251d675da83286b1cce702) (ScriptedImporter) -> (artifact id: 'a963676034d28f498fef2a4722b56a3e') in 0.0439263 seconds
Number of updated asset objects reloaded before import = 0Number of asset objects unloaded after import = 1

========================================================================
Received Import Request.
  Time since last request: 0.000024 seconds.
  path: Assets/CorgiEngine/ThirdParty/MoreMountains/MMFeedbacks/MMFeedbacksForThirdParty/HDRP/Helpers/MMHDRPHelpers.cs
  artifactKey: Guid(2d40819da14d2d1499237afb52ba159b) Importer(2089858483,192608db42251d675da83286b1cce702)
Start importing Assets/CorgiEngine/ThirdParty/MoreMountains/MMFeedbacks/MMFeedbacksForThirdParty/HDRP/Helpers/MMHDRPHelpers.cs using Guid(2d40819da14d2d1499237afb52ba159b) Importer(2089858483,192608db42251d675da83286b1cce702) (ScriptedImporter) -> (artifact id: '9599ac73d7ea8b6bf719b49c513925e0') in 0.0225201 seconds
Number of updated asset objects reloaded before import = 0Number of asset objects unloaded after import = 0

========================================================================
Received Import Request.
  Time since last request: 0.000057 seconds.
  path: Assets/CorgiEngine/ThirdParty/MoreMountains/MMFeedbacks/Demos/SequencingDemo/Textures/Tiles67_col.png
  artifactKey: Guid(609fbda0985973b48aa7d0448b24e8ac) Importer(2089858483,192608db42251d675da83286b1cce702)
Start importing Assets/CorgiEngine/ThirdParty/MoreMountains/MMFeedbacks/Demos/SequencingDemo/Textures/Tiles67_col.png using Guid(609fbda0985973b48aa7d0448b24e8ac) Importer(2089858483,192608db42251d675da83286b1cce702) (ScriptedImporter) -> (artifact id: '6e2a004b269217eb14d5ad93b6929627') in 0.046182 seconds
Number of updated asset objects reloaded before import = 0Number of asset objects unloaded after import = 1

========================================================================
Received Import Request.
  Time since last request: 0.000049 seconds.
  path: Assets/CorgiEngine/ThirdParty/MoreMountains/InventoryEngine/Demos/PixelRogue/Minimal2/LightingData.asset
  artifactKey: Guid(0fa0312dc9f27c747adcfc348a75ad12) Importer(2089858483,192608db42251d675da83286b1cce702)
Start importing Assets/CorgiEngine/ThirdParty/MoreMountains/InventoryEngine/Demos/PixelRogue/Minimal2/LightingData.asset using Guid(0fa0312dc9f27c747adcfc348a75ad12) Importer(2089858483,192608db42251d675da83286b1cce702) (ScriptedImporter) -> (artifact id: '2c69ccf0a510794e17de279cfc177244') in 0.0240673 seconds
Number of updated asset objects reloaded before import = 0Number of asset objects unloaded after import = 2

========================================================================
Received Import Request.
  Time since last request: 0.000019 seconds.
  path: Assets/CorgiEngine/ThirdParty/MoreMountains/MMFeedbacks/Demos/SequencingDemo/Textures/Carpet06_rgh.png
  artifactKey: Guid(f9313ad493a07844cb370af0ece869e9) Importer(2089858483,192608db42251d675da83286b1cce702)
Start importing Assets/CorgiEngine/ThirdParty/MoreMountains/MMFeedbacks/Demos/SequencingDemo/Textures/Carpet06_rgh.png using Guid(f9313ad493a07844cb370af0ece869e9) Importer(2089858483,192608db42251d675da83286b1cce702) (ScriptedImporter) -> (artifact id: '274f2c02b5f13a6c1e9e5a2d36ff5c86') in 0.052996 seconds
Number of updated asset objects reloaded before import = 0Number of asset objects unloaded after import = 1

========================================================================
Received Import Request.
  Time since last request: 0.000022 seconds.
  path: Assets/CorgiEngine/ThirdParty/MoreMountains/MMFeedbacks/MMFeedbacksForThirdParty/TextMeshPro/Feedbacks/MMF_TMPCharacterSpacing.cs
  artifactKey: Guid(f58aef5c589e998418e5d3ec374edefe) Importer(2089858483,192608db42251d675da83286b1cce702)
Start importing Assets/CorgiEngine/ThirdParty/MoreMountains/MMFeedbacks/MMFeedbacksForThirdParty/TextMeshPro/Feedbacks/MMF_TMPCharacterSpacing.cs using Guid(f58aef5c589e998418e5d3ec374edefe) Importer(2089858483,192608db42251d675da83286b1cce702) (ScriptedImporter) -> (artifact id: '5316d118fd442a8cc5a635b7b95bd493') in 0.026107 seconds
Number of updated asset objects reloaded before import = 0Number of asset objects unloaded after import = 0

========================================================================
Received Import Request.
  Time since last request: 0.000047 seconds.
  path: Assets/CorgiEngine/ThirdParty/MoreMountains/MMFeedbacks/MMFeedbacksForThirdParty/UIToolkit/Feedbacks/MMF_UIToolkitBackgroundColor.cs
  artifactKey: Guid(a191453c9f5a69348a9014eb1f7a35d7) Importer(2089858483,192608db42251d675da83286b1cce702)
Start importing Assets/CorgiEngine/ThirdParty/MoreMountains/MMFeedbacks/MMFeedbacksForThirdParty/UIToolkit/Feedbacks/MMF_UIToolkitBackgroundColor.cs using Guid(a191453c9f5a69348a9014eb1f7a35d7) Importer(2089858483,192608db42251d675da83286b1cce702) (ScriptedImporter) -> (artifact id: 'b80467523539730294c3e72d89097a49') in 0.0325672 seconds
Number of updated asset objects reloaded before import = 0Number of asset objects unloaded after import = 0

========================================================================
Received Import Request.
  Time since last request: 0.000083 seconds.
  path: Assets/CorgiEngine/ThirdParty/MoreMountains/MMFeedbacks/MMFeedbacksForThirdParty/URP/Shakers/MMWhiteBalanceShaker_URP.cs
  artifactKey: Guid(413e26d7ac278d24fb4ab58e410a9850) Importer(2089858483,192608db42251d675da83286b1cce702)
Start importing Assets/CorgiEngine/ThirdParty/MoreMountains/MMFeedbacks/MMFeedbacksForThirdParty/URP/Shakers/MMWhiteBalanceShaker_URP.cs using Guid(413e26d7ac278d24fb4ab58e410a9850) Importer(2089858483,192608db42251d675da83286b1cce702) (ScriptedImporter) -> (artifact id: '6685847ebfe292261e9f8743a0390671') in 0.0233461 seconds
Number of updated asset objects reloaded before import = 0Number of asset objects unloaded after import = 0

========================================================================
Received Import Request.
  Time since last request: 0.000064 seconds.
  path: Assets/CorgiEngine/ThirdParty/MoreMountains/MMFeedbacks/MMFeedbacksForThirdParty/URP/Resources/MMDefaultURPProfile.asset
  artifactKey: Guid(57d94797548149846b6fb7aec61488f2) Importer(2089858483,192608db42251d675da83286b1cce702)
Start importing Assets/CorgiEngine/ThirdParty/MoreMountains/MMFeedbacks/MMFeedbacksForThirdParty/URP/Resources/MMDefaultURPProfile.asset using Guid(57d94797548149846b6fb7aec61488f2) Importer(2089858483,192608db42251d675da83286b1cce702) (ScriptedImporter) -> (artifact id: '204218bb044872f4a155aa91c1e158b7') in 0.0218596 seconds
Number of updated asset objects reloaded before import = 0Number of asset objects unloaded after import = 1

========================================================================
Received Import Request.
  Time since last request: 0.000021 seconds.
  path: Assets/CorgiEngine/ThirdParty/MoreMountains/MMFeedbacks/MMFeedbacksForThirdParty/PostProcessing/Springs/MMSpringColorGradingSaturation.cs
  artifactKey: Guid(4cafaf96adab44845be91a12c573cf50) Importer(2089858483,192608db42251d675da83286b1cce702)
Start importing Assets/CorgiEngine/ThirdParty/MoreMountains/MMFeedbacks/MMFeedbacksForThirdParty/PostProcessing/Springs/MMSpringColorGradingSaturation.cs using Guid(4cafaf96adab44845be91a12c573cf50) Importer(2089858483,192608db42251d675da83286b1cce702) (ScriptedImporter) -> (artifact id: '3162c1cb3f6c28f9e8a242fec79bfa2f') in 0.0276613 seconds
Number of updated asset objects reloaded before import = 0Number of asset objects unloaded after import = 0

========================================================================
Received Import Request.
  Time since last request: 0.000086 seconds.
  path: Assets/CorgiEngine/ThirdParty/MoreMountains/MMFeedbacks/MMFeedbacksForThirdParty/MMTools/Feedbacks/MMF_FloatingText.cs
  artifactKey: Guid(b34371db751e55942bc9b51871b77ca1) Importer(2089858483,192608db42251d675da83286b1cce702)
Start importing Assets/CorgiEngine/ThirdParty/MoreMountains/MMFeedbacks/MMFeedbacksForThirdParty/MMTools/Feedbacks/MMF_FloatingText.cs using Guid(b34371db751e55942bc9b51871b77ca1) Importer(2089858483,192608db42251d675da83286b1cce702) (ScriptedImporter) -> (artifact id: '6eebbf86a5ae7d3c4d9deee8a0f1ec9d') in 0.0223902 seconds
Number of updated asset objects reloaded before import = 0Number of asset objects unloaded after import = 0

========================================================================
Received Import Request.
  Time since last request: 0.000054 seconds.
  path: Assets/CorgiEngine/ThirdParty/MoreMountains/MMFeedbacks/MMFeedbacksForThirdParty/MMTools/Feedbacks/MMF_MMSoundManagerSoundData.cs
  artifactKey: Guid(93cb35ed4e3a7554cbb5cdc5e2bdfd4d) Importer(2089858483,192608db42251d675da83286b1cce702)
Start importing Assets/CorgiEngine/ThirdParty/MoreMountains/MMFeedbacks/MMFeedbacksForThirdParty/MMTools/Feedbacks/MMF_MMSoundManagerSoundData.cs using Guid(93cb35ed4e3a7554cbb5cdc5e2bdfd4d) Importer(2089858483,192608db42251d675da83286b1cce702) (ScriptedImporter) -> (artifact id: 'f24ac5b9074616c2d02cf70da3c4f07c') in 0.0255422 seconds
Number of updated asset objects reloaded before import = 0Number of asset objects unloaded after import = 0

========================================================================
Received Import Request.
  Time since last request: 0.000078 seconds.
  path: Assets/CorgiEngine/ThirdParty/MoreMountains/MMFeedbacks/MMFeedbacksForThirdParty/PostProcessing/Springs/MMSpringColorGradingTemperature.cs
  artifactKey: Guid(dc41dad25c8ecab4b8dba885fea5e5c9) Importer(2089858483,192608db42251d675da83286b1cce702)
Start importing Assets/CorgiEngine/ThirdParty/MoreMountains/MMFeedbacks/MMFeedbacksForThirdParty/PostProcessing/Springs/MMSpringColorGradingTemperature.cs using Guid(dc41dad25c8ecab4b8dba885fea5e5c9) Importer(2089858483,192608db42251d675da83286b1cce702) (ScriptedImporter) -> (artifact id: '014834a2d7450f2b8f00317863a529e4') in 0.0273292 seconds
Number of updated asset objects reloaded before import = 0Number of asset objects unloaded after import = 0

========================================================================
Received Import Request.
  Time since last request: 0.000065 seconds.
  path: Assets/CorgiEngine/ThirdParty/MoreMountains/MMFeedbacks/MMFeedbacksForThirdParty/PostProcessing/Feedbacks/MMF_LensDistortion.cs
  artifactKey: Guid(80890712e6d1d954e9a1cfbd3b70e79f) Importer(2089858483,192608db42251d675da83286b1cce702)
Start importing Assets/CorgiEngine/ThirdParty/MoreMountains/MMFeedbacks/MMFeedbacksForThirdParty/PostProcessing/Feedbacks/MMF_LensDistortion.cs using Guid(80890712e6d1d954e9a1cfbd3b70e79f) Importer(2089858483,192608db42251d675da83286b1cce702) (ScriptedImporter) -> (artifact id: 'd4bc6b9bfd61c67732b3bfcd88b9c9ac') in 0.0233333 seconds
Number of updated asset objects reloaded before import = 0Number of asset objects unloaded after import = 0

========================================================================
Received Import Request.
  Time since last request: 0.000066 seconds.
  path: Assets/CorgiEngine/ThirdParty/MoreMountains/MMFeedbacks/MMFeedbacksForThirdParty/TextMeshPro/Feedbacks/MMF_TMPSoftness.cs
  artifactKey: Guid(ef0aa39dbc6e77a4492bee30af779378) Importer(2089858483,192608db42251d675da83286b1cce702)
Start importing Assets/CorgiEngine/ThirdParty/MoreMountains/MMFeedbacks/MMFeedbacksForThirdParty/TextMeshPro/Feedbacks/MMF_TMPSoftness.cs using Guid(ef0aa39dbc6e77a4492bee30af779378) Importer(2089858483,192608db42251d675da83286b1cce702) (ScriptedImporter) -> (artifact id: 'b0a2ddf8ac04296454c4311c9082af34') in 0.0256804 seconds
Number of updated asset objects reloaded before import = 0Number of asset objects unloaded after import = 0

========================================================================
Received Import Request.
  Time since last request: 0.000119 seconds.
  path: Assets/CorgiEngine/ThirdParty/MoreMountains/MMFeedbacks/MMFeedbacksForThirdParty/PostProcessing/Shakers/MMDepthOfFieldShaker.cs
  artifactKey: Guid(4792d6bb2cfe7644da1e6972d3da260d) Importer(2089858483,192608db42251d675da83286b1cce702)
Start importing Assets/CorgiEngine/ThirdParty/MoreMountains/MMFeedbacks/MMFeedbacksForThirdParty/PostProcessing/Shakers/MMDepthOfFieldShaker.cs using Guid(4792d6bb2cfe7644da1e6972d3da260d) Importer(2089858483,192608db42251d675da83286b1cce702) (ScriptedImporter) -> (artifact id: 'a5c9a3f0e1a1c90354a047a49176af67') in 0.0274125 seconds
Number of updated asset objects reloaded before import = 0Number of asset objects unloaded after import = 0

========================================================================
Received Import Request.
  Time since last request: 0.000242 seconds.
  path: Assets/CorgiEngine/ThirdParty/MoreMountains/MMFeedbacks/MMFeedbacksForThirdParty/URP/Springs/MMSpringVignetteCenter_URP.cs
  artifactKey: Guid(3ffa54671933237418443d1faa5b3a23) Importer(2089858483,192608db42251d675da83286b1cce702)
Start importing Assets/CorgiEngine/ThirdParty/MoreMountains/MMFeedbacks/MMFeedbacksForThirdParty/URP/Springs/MMSpringVignetteCenter_URP.cs using Guid(3ffa54671933237418443d1faa5b3a23) Importer(2089858483,192608db42251d675da83286b1cce702) (ScriptedImporter) -> (artifact id: 'c99bf969ec2cb6f9c085fe2ecf0ff979') in 0.023217 seconds
Number of updated asset objects reloaded before import = 0Number of asset objects unloaded after import = 0

========================================================================
Received Import Request.
  Time since last request: 0.000090 seconds.
  path: Assets/CorgiEngine/ThirdParty/MoreMountains/MMFeedbacks/MMFeedbacksForThirdParty/MMTools/Feedbacks/MMF_BroadcastProxy.cs
  artifactKey: Guid(8117ecb7d1e9e3a49bf38e7ab2c09ff7) Importer(2089858483,192608db42251d675da83286b1cce702)
Start importing Assets/CorgiEngine/ThirdParty/MoreMountains/MMFeedbacks/MMFeedbacksForThirdParty/MMTools/Feedbacks/MMF_BroadcastProxy.cs using Guid(8117ecb7d1e9e3a49bf38e7ab2c09ff7) Importer(2089858483,192608db42251d675da83286b1cce702) (ScriptedImporter) -> (artifact id: 'a86810a1c59d7e11e61e389e65160943') in 0.0254667 seconds
Number of updated asset objects reloaded before import = 0Number of asset objects unloaded after import = 0

========================================================================
Received Import Request.
  Time since last request: 0.000189 seconds.
  path: Assets/CorgiEngine/ThirdParty/MoreMountains/MMFeedbacks/MMFeedbacksForThirdParty/MMTools/Feedbacks/MMF_RectTransformAnchor.cs
  artifactKey: Guid(40c1cb23e17feb24ca503ff4d7cbf7b0) Importer(2089858483,192608db42251d675da83286b1cce702)
Start importing Assets/CorgiEngine/ThirdParty/MoreMountains/MMFeedbacks/MMFeedbacksForThirdParty/MMTools/Feedbacks/MMF_RectTransformAnchor.cs using Guid(40c1cb23e17feb24ca503ff4d7cbf7b0) Importer(2089858483,192608db42251d675da83286b1cce702) (ScriptedImporter) -> (artifact id: 'fdcb902bacf4da11c1c6c2f8b93faa69') in 0.0284551 seconds
Number of updated asset objects reloaded before import = 0Number of asset objects unloaded after import = 0

========================================================================
Received Import Request.
  Time since last request: 0.000062 seconds.
  path: Assets/CorgiEngine/ThirdParty/MoreMountains/MMFeedbacks/MMFeedbacksForThirdParty/URP/Feedbacks/MMF_Vignette_URP.cs
  artifactKey: Guid(e4184b673db0e27469895c376f79e78c) Importer(2089858483,192608db42251d675da83286b1cce702)
Start importing Assets/CorgiEngine/ThirdParty/MoreMountains/MMFeedbacks/MMFeedbacksForThirdParty/URP/Feedbacks/MMF_Vignette_URP.cs using Guid(e4184b673db0e27469895c376f79e78c) Importer(2089858483,192608db42251d675da83286b1cce702) (ScriptedImporter) -> (artifact id: '867472edeaf578091c80b6a7796b0d75') in 0.022827 seconds
Number of updated asset objects reloaded before import = 0Number of asset objects unloaded after import = 0

========================================================================
Received Import Request.
  Time since last request: 0.000024 seconds.
  path: Assets/CorgiEngine/ThirdParty/MoreMountains/MMFeedbacks/MMFeedbacksForThirdParty/HDRP/Shakers/MMVignetteShaker_HDRP.cs
  artifactKey: Guid(d92a948b1d89a964dad3e880ab3b9712) Importer(2089858483,192608db42251d675da83286b1cce702)
Start importing Assets/CorgiEngine/ThirdParty/MoreMountains/MMFeedbacks/MMFeedbacksForThirdParty/HDRP/Shakers/MMVignetteShaker_HDRP.cs using Guid(d92a948b1d89a964dad3e880ab3b9712) Importer(2089858483,192608db42251d675da83286b1cce702) (ScriptedImporter) -> (artifact id: 'b256e23b4bfb4dec084a05a622e942dd') in 0.024526 seconds
Number of updated asset objects reloaded before import = 0Number of asset objects unloaded after import = 0

========================================================================
Received Import Request.
  Time since last request: 0.000096 seconds.
  path: Assets/CorgiEngine/ThirdParty/MoreMountains/MMFeedbacks/MMFeedbacksForThirdParty/PostProcessing/Springs/MMSpringChromaticAberrationIntensity.cs
  artifactKey: Guid(05b2a6b602b3ef04c90ed55c3fa03450) Importer(2089858483,192608db42251d675da83286b1cce702)
Start importing Assets/CorgiEngine/ThirdParty/MoreMountains/MMFeedbacks/MMFeedbacksForThirdParty/PostProcessing/Springs/MMSpringChromaticAberrationIntensity.cs using Guid(05b2a6b602b3ef04c90ed55c3fa03450) Importer(2089858483,192608db42251d675da83286b1cce702) (ScriptedImporter) -> (artifact id: '5d3c2b5891e568290c924cd46d1cf401') in 0.0275692 seconds
Number of updated asset objects reloaded before import = 0Number of asset objects unloaded after import = 0

========================================================================
Received Import Request.
  Time since last request: 0.000067 seconds.
  path: Assets/CorgiEngine/ThirdParty/MoreMountains/MMFeedbacks/MMFeedbacksForThirdParty/MMTools/Feedbacks/MMF_MMGameEvent.cs
  artifactKey: Guid(5093ea98124b9ba4f88d699459437e2d) Importer(2089858483,192608db42251d675da83286b1cce702)
Start importing Assets/CorgiEngine/ThirdParty/MoreMountains/MMFeedbacks/MMFeedbacksForThirdParty/MMTools/Feedbacks/MMF_MMGameEvent.cs using Guid(5093ea98124b9ba4f88d699459437e2d) Importer(2089858483,192608db42251d675da83286b1cce702) (ScriptedImporter) -> (artifact id: 'a3a235460bc51e1c03c8c95d012d8431') in 0.0217358 seconds
Number of updated asset objects reloaded before import = 0Number of asset objects unloaded after import = 0

========================================================================
Received Import Request.
  Time since last request: 0.000181 seconds.
  path: Assets/CorgiEngine/ThirdParty/MoreMountains/MMFeedbacks/MMFeedbacksForThirdParty/HDRP/Shakers/MMWhiteBalanceShaker_HDRP.cs
  artifactKey: Guid(fa659f9a4e4d1ac44942408d91a6d90c) Importer(2089858483,192608db42251d675da83286b1cce702)
Start importing Assets/CorgiEngine/ThirdParty/MoreMountains/MMFeedbacks/MMFeedbacksForThirdParty/HDRP/Shakers/MMWhiteBalanceShaker_HDRP.cs using Guid(fa659f9a4e4d1ac44942408d91a6d90c) Importer(2089858483,192608db42251d675da83286b1cce702) (ScriptedImporter) -> (artifact id: '404f8923bada497d95af28e3b5fa45dd') in 0.0234042 seconds
Number of updated asset objects reloaded before import = 0Number of asset objects unloaded after import = 0

========================================================================
Received Import Request.
  Time since last request: 0.000060 seconds.
  path: Assets/CorgiEngine/ThirdParty/MoreMountains/MMFeedbacks/MMFeedbacksForThirdParty/URP/Springs/MMSpringDepthOfFieldFocalLength_URP.cs
  artifactKey: Guid(24c2aeb149cc5a640a406cfe9255b64e) Importer(2089858483,192608db42251d675da83286b1cce702)
Start importing Assets/CorgiEngine/ThirdParty/MoreMountains/MMFeedbacks/MMFeedbacksForThirdParty/URP/Springs/MMSpringDepthOfFieldFocalLength_URP.cs using Guid(24c2aeb149cc5a640a406cfe9255b64e) Importer(2089858483,192608db42251d675da83286b1cce702) (ScriptedImporter) -> (artifact id: 'c297afc3e005bf9052f395acf25a33b8') in 0.0277703 seconds
Number of updated asset objects reloaded before import = 0Number of asset objects unloaded after import = 0

========================================================================
Received Import Request.
  Time since last request: 0.000067 seconds.
  path: Assets/CorgiEngine/ThirdParty/MoreMountains/MMFeedbacks/MMFeedbacksForThirdParty/URP/Feedbacks/MMF_FilmGrain_URP.cs
  artifactKey: Guid(78ba34f29f369984099f450eb0a6777c) Importer(2089858483,192608db42251d675da83286b1cce702)
Start importing Assets/CorgiEngine/ThirdParty/MoreMountains/MMFeedbacks/MMFeedbacksForThirdParty/URP/Feedbacks/MMF_FilmGrain_URP.cs using Guid(78ba34f29f369984099f450eb0a6777c) Importer(2089858483,192608db42251d675da83286b1cce702) (ScriptedImporter) -> (artifact id: '49a8c915b0ffc981a30a82cf6a6a7c4a') in 0.02363 seconds
Number of updated asset objects reloaded before import = 0Number of asset objects unloaded after import = 0

========================================================================
Received Import Request.
  Time since last request: 0.000043 seconds.
  path: Assets/CorgiEngine/ThirdParty/MoreMountains/MMFeedbacks/MMFeedbacksForThirdParty/TextMeshPro/Feedbacks/MMF_TMPColor.cs
  artifactKey: Guid(cb001ad73daba6d49b6183ff4079ebb6) Importer(2089858483,192608db42251d675da83286b1cce702)
Start importing Assets/CorgiEngine/ThirdParty/MoreMountains/MMFeedbacks/MMFeedbacksForThirdParty/TextMeshPro/Feedbacks/MMF_TMPColor.cs using Guid(cb001ad73daba6d49b6183ff4079ebb6) Importer(2089858483,192608db42251d675da83286b1cce702) (ScriptedImporter) -> (artifact id: '925f3627d2d7480b97d251a4577a7c78') in 0.0222855 seconds
Number of updated asset objects reloaded before import = 0Number of asset objects unloaded after import = 0

========================================================================
Received Import Request.
  Time since last request: 0.000173 seconds.
  path: Assets/CorgiEngine/ThirdParty/MoreMountains/MMFeedbacks/MMFeedbacksForThirdParty/UIToolkit/Base/MMF_UIToolkitColorBase.cs
  artifactKey: Guid(f642848870e854947bbbb090be8948d7) Importer(2089858483,192608db42251d675da83286b1cce702)
Start importing Assets/CorgiEngine/ThirdParty/MoreMountains/MMFeedbacks/MMFeedbacksForThirdParty/UIToolkit/Base/MMF_UIToolkitColorBase.cs using Guid(f642848870e854947bbbb090be8948d7) Importer(2089858483,192608db42251d675da83286b1cce702) (ScriptedImporter) -> (artifact id: '0c32e7190161900aff9728c6ce41ec10') in 0.027106 seconds
Number of updated asset objects reloaded before import = 0Number of asset objects unloaded after import = 0

========================================================================
Received Import Request.
  Time since last request: 0.000023 seconds.
  path: Assets/CorgiEngine/ThirdParty/MoreMountains/MMFeedbacks/MMFeedbacksForThirdParty/URP/Shakers/MMDepthOfFieldShaker_URP.cs
  artifactKey: Guid(1f39d038dce44a7428bbe3628ec512d0) Importer(2089858483,192608db42251d675da83286b1cce702)
Start importing Assets/CorgiEngine/ThirdParty/MoreMountains/MMFeedbacks/MMFeedbacksForThirdParty/URP/Shakers/MMDepthOfFieldShaker_URP.cs using Guid(1f39d038dce44a7428bbe3628ec512d0) Importer(2089858483,192608db42251d675da83286b1cce702) (ScriptedImporter) -> (artifact id: '1c914558de0e69d67cfa77aead23dbb5') in 0.0238567 seconds
Number of updated asset objects reloaded before import = 0Number of asset objects unloaded after import = 0

========================================================================
Received Import Request.
  Time since last request: 0.000104 seconds.
  path: Assets/CorgiEngine/ThirdParty/MoreMountains/MMFeedbacks/MMFeedbacksForThirdParty/PostProcessing/Feedbacks/MMF_Bloom.cs
  artifactKey: Guid(30d11dc2faf07c54ea2ca17622dd3728) Importer(2089858483,192608db42251d675da83286b1cce702)
Start importing Assets/CorgiEngine/ThirdParty/MoreMountains/MMFeedbacks/MMFeedbacksForThirdParty/PostProcessing/Feedbacks/MMF_Bloom.cs using Guid(30d11dc2faf07c54ea2ca17622dd3728) Importer(2089858483,192608db42251d675da83286b1cce702) (ScriptedImporter) -> (artifact id: 'e96eadb9e676ee2c99e02922e35e003f') in 0.0231725 seconds
Number of updated asset objects reloaded before import = 0Number of asset objects unloaded after import = 0

========================================================================
Received Import Request.
  Time since last request: 0.000095 seconds.
  path: Assets/CorgiEngine/ThirdParty/MoreMountains/MMFeedbacks/MMFeedbacksForThirdParty/MMTools/Feedbacks/MMF_DebugBreak.cs
  artifactKey: Guid(af342e664060d4e42bd5f6a5753d95e2) Importer(2089858483,192608db42251d675da83286b1cce702)
Start importing Assets/CorgiEngine/ThirdParty/MoreMountains/MMFeedbacks/MMFeedbacksForThirdParty/MMTools/Feedbacks/MMF_DebugBreak.cs using Guid(af342e664060d4e42bd5f6a5753d95e2) Importer(2089858483,192608db42251d675da83286b1cce702) (ScriptedImporter) -> (artifact id: '18d3730fd49983d70c4e4a10eee0319b') in 0.028338 seconds
Number of updated asset objects reloaded before import = 0Number of asset objects unloaded after import = 0

========================================================================
Received Import Request.
  Time since last request: 0.000029 seconds.
  path: Assets/CorgiEngine/ThirdParty/MoreMountains/MMFeedbacks/MMFeedbacksForThirdParty/URP/Feedbacks/MMF_LensDistortion_URP.cs
  artifactKey: Guid(43306c87c2558ad4c960d73c419e65aa) Importer(2089858483,192608db42251d675da83286b1cce702)
Start importing Assets/CorgiEngine/ThirdParty/MoreMountains/MMFeedbacks/MMFeedbacksForThirdParty/URP/Feedbacks/MMF_LensDistortion_URP.cs using Guid(43306c87c2558ad4c960d73c419e65aa) Importer(2089858483,192608db42251d675da83286b1cce702) (ScriptedImporter) -> (artifact id: 'e8412271433e2844db749785f6839af7') in 0.0237479 seconds
Number of updated asset objects reloaded before import = 0Number of asset objects unloaded after import = 0

========================================================================
Received Import Request.
  Time since last request: 0.000069 seconds.
  path: Assets/CorgiEngine/ThirdParty/MoreMountains/MMFeedbacks/MMFeedbacksForThirdParty/HDRP/Springs/MMSpringVignetteIntensity_HDRP.cs
  artifactKey: Guid(c6cf2103244e0c94f993f2f0f281b0c9) Importer(2089858483,192608db42251d675da83286b1cce702)
Start importing Assets/CorgiEngine/ThirdParty/MoreMountains/MMFeedbacks/MMFeedbacksForThirdParty/HDRP/Springs/MMSpringVignetteIntensity_HDRP.cs using Guid(c6cf2103244e0c94f993f2f0f281b0c9) Importer(2089858483,192608db42251d675da83286b1cce702) (ScriptedImporter) -> (artifact id: '28e88216d758d8923cd5fb69dbe58d73') in 0.0228506 seconds
Number of updated asset objects reloaded before import = 0Number of asset objects unloaded after import = 0

========================================================================
Received Import Request.
  Time since last request: 0.000152 seconds.
  path: Assets/CorgiEngine/ThirdParty/MoreMountains/MMFeedbacks/MMFeedbacksForThirdParty/UIToolkit/Feedbacks/MMF_UIToolkitImageTint.cs
  artifactKey: Guid(1c32b4600f4e8964ea69bf0c126763e2) Importer(2089858483,192608db42251d675da83286b1cce702)
Start importing Assets/CorgiEngine/ThirdParty/MoreMountains/MMFeedbacks/MMFeedbacksForThirdParty/UIToolkit/Feedbacks/MMF_UIToolkitImageTint.cs using Guid(1c32b4600f4e8964ea69bf0c126763e2) Importer(2089858483,192608db42251d675da83286b1cce702) (ScriptedImporter) -> (artifact id: '0b566fddabe0281b99343b2f836d5342') in 0.0288768 seconds
Number of updated asset objects reloaded before import = 0Number of asset objects unloaded after import = 0

========================================================================
Received Import Request.
  Time since last request: 0.000063 seconds.
  path: Assets/CorgiEngine/ThirdParty/MoreMountains/MMFeedbacks/MMFeedbacksForThirdParty/MMTools/Feedbacks/MMF_MMSoundManagerSoundControl.cs
  artifactKey: Guid(55d739433fa69b24e9b9e0fc7388da77) Importer(2089858483,192608db42251d675da83286b1cce702)
Start importing Assets/CorgiEngine/ThirdParty/MoreMountains/MMFeedbacks/MMFeedbacksForThirdParty/MMTools/Feedbacks/MMF_MMSoundManagerSoundControl.cs using Guid(55d739433fa69b24e9b9e0fc7388da77) Importer(2089858483,192608db42251d675da83286b1cce702) (ScriptedImporter) -> (artifact id: 'cf63d08db51d0d253946a789e1daeccc') in 0.0231862 seconds
Number of updated asset objects reloaded before import = 0Number of asset objects unloaded after import = 0

========================================================================
Received Import Request.
  Time since last request: 0.000089 seconds.
  path: Assets/CorgiEngine/ThirdParty/MoreMountains/MMFeedbacks/MMFeedbacksForThirdParty/NiceVibrations/Feedbacks/MMF_NVControl.cs
  artifactKey: Guid(6a3a1491160f1b944b35c4ba60eaedb2) Importer(2089858483,192608db42251d675da83286b1cce702)
Start importing Assets/CorgiEngine/ThirdParty/MoreMountains/MMFeedbacks/MMFeedbacksForThirdParty/NiceVibrations/Feedbacks/MMF_NVControl.cs using Guid(6a3a1491160f1b944b35c4ba60eaedb2) Importer(2089858483,192608db42251d675da83286b1cce702) (ScriptedImporter) -> (artifact id: 'fffdc8c8be9a3b47aca85b11f4ab7f52') in 0.0245467 seconds
Number of updated asset objects reloaded before import = 0Number of asset objects unloaded after import = 0

========================================================================
Received Import Request.
  Time since last request: 0.000133 seconds.
  path: Assets/CorgiEngine/ThirdParty/MoreMountains/MMFeedbacks/MMFeedbacksForThirdParty/URP/Feedbacks/MMF_MotionBlur_URP.cs
  artifactKey: Guid(51cd42785d86b984f857efaa3a7e0f28) Importer(2089858483,192608db42251d675da83286b1cce702)
Start importing Assets/CorgiEngine/ThirdParty/MoreMountains/MMFeedbacks/MMFeedbacksForThirdParty/URP/Feedbacks/MMF_MotionBlur_URP.cs using Guid(51cd42785d86b984f857efaa3a7e0f28) Importer(2089858483,192608db42251d675da83286b1cce702) (ScriptedImporter) -> (artifact id: '5e9cfaa4ad6fa5c687c7ada5c37ade35') in 0.0269046 seconds
Number of updated asset objects reloaded before import = 0Number of asset objects unloaded after import = 0

========================================================================
Received Import Request.
  Time since last request: 0.000110 seconds.
  path: Assets/CorgiEngine/ThirdParty/MoreMountains/MMFeedbacks/MMFeedbacksForThirdParty/URP/Springs/MMSpringColorAdjustmentsHueShift_URP.cs
  artifactKey: Guid(01b19754f5c052d4096f67cfce76eb7f) Importer(2089858483,192608db42251d675da83286b1cce702)
Start importing Assets/CorgiEngine/ThirdParty/MoreMountains/MMFeedbacks/MMFeedbacksForThirdParty/URP/Springs/MMSpringColorAdjustmentsHueShift_URP.cs using Guid(01b19754f5c052d4096f67cfce76eb7f) Importer(2089858483,192608db42251d675da83286b1cce702) (ScriptedImporter) -> (artifact id: '584c9fa553ea366d3ec8cf1aa57d3d9e') in 0.0235595 seconds
Number of updated asset objects reloaded before import = 0Number of asset objects unloaded after import = 0

========================================================================
Received Import Request.
  Time since last request: 0.000094 seconds.
  path: Assets/CorgiEngine/ThirdParty/MoreMountains/MMFeedbacks/MMFeedbacksForThirdParty/HDRP/Springs/MMSpringBloomIntensity_HDRP.cs
  artifactKey: Guid(e0056b25dc228574191f188adc74a57a) Importer(2089858483,192608db42251d675da83286b1cce702)
Start importing Assets/CorgiEngine/ThirdParty/MoreMountains/MMFeedbacks/MMFeedbacksForThirdParty/HDRP/Springs/MMSpringBloomIntensity_HDRP.cs using Guid(e0056b25dc228574191f188adc74a57a) Importer(2089858483,192608db42251d675da83286b1cce702) (ScriptedImporter) -> (artifact id: 'e267181c47a8891464356744f9739528') in 0.0217019 seconds
Number of updated asset objects reloaded before import = 0Number of asset objects unloaded after import = 0

========================================================================
Received Import Request.
  Time since last request: 0.000042 seconds.
  path: Assets/CorgiEngine/ThirdParty/MoreMountains/MMFeedbacks/MMFeedbacksForThirdParty/MMTools/Feedbacks/MMF_MMSoundManagerSaveLoad.cs
  artifactKey: Guid(685b5496a166328449da980c010a79f2) Importer(2089858483,192608db42251d675da83286b1cce702)
Start importing Assets/CorgiEngine/ThirdParty/MoreMountains/MMFeedbacks/MMFeedbacksForThirdParty/MMTools/Feedbacks/MMF_MMSoundManagerSaveLoad.cs using Guid(685b5496a166328449da980c010a79f2) Importer(2089858483,192608db42251d675da83286b1cce702) (ScriptedImporter) -> (artifact id: '2d7c8d59d31c755e6198003591f53adc') in 0.02499 seconds
Number of updated asset objects reloaded before import = 0Number of asset objects unloaded after import = 0

========================================================================
Received Import Request.
  Time since last request: 0.000170 seconds.
  path: Assets/CorgiEngine/ThirdParty/MoreMountains/MMFeedbacks/MMFeedbacks/Springs/Core/MMSpringDebug.cs
  artifactKey: Guid(23b3aadda32833144bf093d88a493ca6) Importer(2089858483,192608db42251d675da83286b1cce702)
Start importing Assets/CorgiEngine/ThirdParty/MoreMountains/MMFeedbacks/MMFeedbacks/Springs/Core/MMSpringDebug.cs using Guid(23b3aadda32833144bf093d88a493ca6) Importer(2089858483,192608db42251d675da83286b1cce702) (ScriptedImporter) -> (artifact id: 'ad18e7d40cc043e220e5c435a5495a2d') in 0.0237043 seconds
Number of updated asset objects reloaded before import = 0Number of asset objects unloaded after import = 0

========================================================================
Received Import Request.
  Time since last request: 0.000035 seconds.
  path: Assets/CorgiEngine/ThirdParty/MoreMountains/MMFeedbacks/MMFeedbacks/Core/Legacy/MMFeedbacksEnabler.cs
  artifactKey: Guid(dd5c9de2e9b0d6540b318450df3fb297) Importer(2089858483,192608db42251d675da83286b1cce702)
Start importing Assets/CorgiEngine/ThirdParty/MoreMountains/MMFeedbacks/MMFeedbacks/Core/Legacy/MMFeedbacksEnabler.cs using Guid(dd5c9de2e9b0d6540b318450df3fb297) Importer(2089858483,192608db42251d675da83286b1cce702) (ScriptedImporter) -> (artifact id: '9a0de300faf26e12feda1caf7b9692f2') in 0.0223259 seconds
Number of updated asset objects reloaded before import = 0Number of asset objects unloaded after import = 0

========================================================================
Received Import Request.
  Time since last request: 0.000101 seconds.
  path: Assets/CorgiEngine/ThirdParty/MoreMountains/MMFeedbacks/MMFeedbacksForThirdParty/PostProcessing/Feedbacks/MMF_ColorGrading.cs
  artifactKey: Guid(8a7e8d0ecb9743b489dc9f0ee9627be6) Importer(2089858483,192608db42251d675da83286b1cce702)
Start importing Assets/CorgiEngine/ThirdParty/MoreMountains/MMFeedbacks/MMFeedbacksForThirdParty/PostProcessing/Feedbacks/MMF_ColorGrading.cs using Guid(8a7e8d0ecb9743b489dc9f0ee9627be6) Importer(2089858483,192608db42251d675da83286b1cce702) (ScriptedImporter) -> (artifact id: '3df1f19eabb06e411a80aebb55fd7abc') in 0.0242183 seconds
Number of updated asset objects reloaded before import = 0Number of asset objects unloaded after import = 0

========================================================================
Received Import Request.
  Time since last request: 0.000110 seconds.
  path: Assets/CorgiEngine/ThirdParty/MoreMountains/MMInterface/Styles/Mini/3-StyleguideButtonsAnimations.unity
  artifactKey: Guid(ea89bc72dea980d4abccc06d3614ecc2) Importer(2089858483,192608db42251d675da83286b1cce702)
Start importing Assets/CorgiEngine/ThirdParty/MoreMountains/MMInterface/Styles/Mini/3-StyleguideButtonsAnimations.unity using Guid(ea89bc72dea980d4abccc06d3614ecc2) Importer(2089858483,192608db42251d675da83286b1cce702) (ScriptedImporter) -> (artifact id: 'f4768fa38c7dffac2a8db93e2f2a05e3') in 0.0332159 seconds
Number of updated asset objects reloaded before import = 0Number of asset objects unloaded after import = 1

========================================================================
Received Import Request.
  Time since last request: 0.000026 seconds.
  path: Assets/CorgiEngine/ThirdParty/MoreMountains/MMFeedbacks/MMFeedbacksForThirdParty/VisualEffectGraph/Feedbacks/MMF_VisualEffect.cs
  artifactKey: Guid(086f0a7e77273714b82f2e7d7b310521) Importer(2089858483,192608db42251d675da83286b1cce702)
Start importing Assets/CorgiEngine/ThirdParty/MoreMountains/MMFeedbacks/MMFeedbacksForThirdParty/VisualEffectGraph/Feedbacks/MMF_VisualEffect.cs using Guid(086f0a7e77273714b82f2e7d7b310521) Importer(2089858483,192608db42251d675da83286b1cce702) (ScriptedImporter) -> (artifact id: '7e6f8946ff22de6642f7cbc6359a94db') in 0.0203027 seconds
Number of updated asset objects reloaded before import = 0Number of asset objects unloaded after import = 0

========================================================================
Received Import Request.
  Time since last request: 0.000093 seconds.
  path: Assets/CorgiEngine/ThirdParty/MoreMountains/MMTools/Accessories/MMParticles/MMRendererSortingLayer.cs
  artifactKey: Guid(1b89e406878a092438282239ce29006e) Importer(2089858483,192608db42251d675da83286b1cce702)
Start importing Assets/CorgiEngine/ThirdParty/MoreMountains/MMTools/Accessories/MMParticles/MMRendererSortingLayer.cs using Guid(1b89e406878a092438282239ce29006e) Importer(2089858483,192608db42251d675da83286b1cce702) (ScriptedImporter) -> (artifact id: 'a384b405bddf062c03a8008a0bf39650') in 0.0262631 seconds
Number of updated asset objects reloaded before import = 0Number of asset objects unloaded after import = 0

========================================================================
Received Import Request.
  Time since last request: 0.000140 seconds.
  path: Assets/CorgiEngine/ThirdParty/MoreMountains/MMFeedbacks/MMFeedbacks/Feedbacks/MMF_CameraOrthographicSize.cs
  artifactKey: Guid(5a5c04124f3de9c4c99bc8ccccb85f21) Importer(2089858483,192608db42251d675da83286b1cce702)
Start importing Assets/CorgiEngine/ThirdParty/MoreMountains/MMFeedbacks/MMFeedbacks/Feedbacks/MMF_CameraOrthographicSize.cs using Guid(5a5c04124f3de9c4c99bc8ccccb85f21) Importer(2089858483,192608db42251d675da83286b1cce702) (ScriptedImporter) -> (artifact id: 'aa46b63f967f27b90a796bf0ce6305e7') in 0.0214851 seconds
Number of updated asset objects reloaded before import = 0Number of asset objects unloaded after import = 0

========================================================================
Received Import Request.
  Time since last request: 0.000174 seconds.
  path: Assets/CorgiEngine/ThirdParty/MoreMountains/MMFeedbacks/Demos/MMFeedbacksDemo/Materials/FeedbacksDemoBackgroundCube.mat
  artifactKey: Guid(a2bfccdea313bee4cbe611dfd2194b6c) Importer(2089858483,192608db42251d675da83286b1cce702)
Start importing Assets/CorgiEngine/ThirdParty/MoreMountains/MMFeedbacks/Demos/MMFeedbacksDemo/Materials/FeedbacksDemoBackgroundCube.mat using Guid(a2bfccdea313bee4cbe611dfd2194b6c) Importer(2089858483,192608db42251d675da83286b1cce702) (ScriptedImporter) -> (artifact id: '1e37925f92093f440022fcd141b9513a') in 0.0267408 seconds
Number of updated asset objects reloaded before import = 0Number of asset objects unloaded after import = 1

========================================================================
Received Import Request.
  Time since last request: 0.000044 seconds.
  path: Assets/CorgiEngine/ThirdParty/MoreMountains/MMTools/Accessories/MMMovement/MMSquashAndStretch.cs
  artifactKey: Guid(aade595aee3a1d24c9845361684f77d6) Importer(2089858483,192608db42251d675da83286b1cce702)
Start importing Assets/CorgiEngine/ThirdParty/MoreMountains/MMTools/Accessories/MMMovement/MMSquashAndStretch.cs using Guid(aade595aee3a1d24c9845361684f77d6) Importer(2089858483,192608db42251d675da83286b1cce702) (ScriptedImporter) -> (artifact id: '2adc32620a2875b239ccfeafec9f9ff8') in 0.0259043 seconds
Number of updated asset objects reloaded before import = 0Number of asset objects unloaded after import = 0

========================================================================
Received Import Request.
  Time since last request: 0.000215 seconds.
  path: Assets/CorgiEngine/ThirdParty/MoreMountains/MMTools/Accessories/MMTilemaps/MMTilemapShadow.cs
  artifactKey: Guid(96fdc4f00baddf6498aa5cfe735a2321) Importer(2089858483,192608db42251d675da83286b1cce702)
Start importing Assets/CorgiEngine/ThirdParty/MoreMountains/MMTools/Accessories/MMTilemaps/MMTilemapShadow.cs using Guid(96fdc4f00baddf6498aa5cfe735a2321) Importer(2089858483,192608db42251d675da83286b1cce702) (ScriptedImporter) -> (artifact id: '0a4e344260e163bed8fed81c0cf90ccc') in 0.0275185 seconds
Number of updated asset objects reloaded before import = 0Number of asset objects unloaded after import = 0

========================================================================
Received Import Request.
  Time since last request: 0.000072 seconds.
  path: Assets/CorgiEngine/ThirdParty/MoreMountains/MMFeedbacks/Editor/Core/MMFeedbacksConfiguration.cs
  artifactKey: Guid(00bf1cad26d9e9342b90f463840caf08) Importer(2089858483,192608db42251d675da83286b1cce702)
Start importing Assets/CorgiEngine/ThirdParty/MoreMountains/MMFeedbacks/Editor/Core/MMFeedbacksConfiguration.cs using Guid(00bf1cad26d9e9342b90f463840caf08) Importer(2089858483,192608db42251d675da83286b1cce702) (ScriptedImporter) -> (artifact id: 'c3ed9d231ee3cfa02efffe0f6e81153d') in 0.0289519 seconds
Number of updated asset objects reloaded before import = 0Number of asset objects unloaded after import = 0

========================================================================
Received Import Request.
  Time since last request: 0.000111 seconds.
  path: Assets/CorgiEngine/ThirdParty/MoreMountains/MMFeedbacks/Demos/MMFeedbacksDemo/Scripts/DemoPackageTester.cs
  artifactKey: Guid(1ac950cd485569740affc32a280665ea) Importer(2089858483,192608db42251d675da83286b1cce702)
Start importing Assets/CorgiEngine/ThirdParty/MoreMountains/MMFeedbacks/Demos/MMFeedbacksDemo/Scripts/DemoPackageTester.cs using Guid(1ac950cd485569740affc32a280665ea) Importer(2089858483,192608db42251d675da83286b1cce702) (ScriptedImporter) -> (artifact id: '886055748ea4da183ec47d7cdc21f78c') in 0.0272958 seconds
Number of updated asset objects reloaded before import = 0Number of asset objects unloaded after import = 0

========================================================================
Received Import Request.
  Time since last request: 0.000078 seconds.
  path: Assets/CorgiEngine/ThirdParty/MoreMountains/MMFeedbacks/MMFeedbacksForThirdParty/PostProcessing/Springs/MMSpringColorGradingTint.cs
  artifactKey: Guid(f122798344263f34ea0ec3c27298c57a) Importer(2089858483,192608db42251d675da83286b1cce702)
Start importing Assets/CorgiEngine/ThirdParty/MoreMountains/MMFeedbacks/MMFeedbacksForThirdParty/PostProcessing/Springs/MMSpringColorGradingTint.cs using Guid(f122798344263f34ea0ec3c27298c57a) Importer(2089858483,192608db42251d675da83286b1cce702) (ScriptedImporter) -> (artifact id: '1a768f07692432915b56c2acf45e834a') in 0.0237094 seconds
Number of updated asset objects reloaded before import = 0Number of asset objects unloaded after import = 0

========================================================================
Received Import Request.
  Time since last request: 0.000109 seconds.
  path: Assets/CorgiEngine/ThirdParty/MoreMountains/MMFeedbacks/Editor/Core/UIToolkit/MMF_PlayerEditorUITKStyleSheet_Controls.uss
  artifactKey: Guid(5fff0ec3f88bb6146b69ac5122464d3c) Importer(2089858483,192608db42251d675da83286b1cce702)
Start importing Assets/CorgiEngine/ThirdParty/MoreMountains/MMFeedbacks/Editor/Core/UIToolkit/MMF_PlayerEditorUITKStyleSheet_Controls.uss using Guid(5fff0ec3f88bb6146b69ac5122464d3c) Importer(2089858483,192608db42251d675da83286b1cce702) (ScriptedImporter) -> (artifact id: 'ab87d365101273a5d0acd5bb256b826b') in 0.0244668 seconds
Number of updated asset objects reloaded before import = 0Number of asset objects unloaded after import = 1

========================================================================
Received Import Request.
  Time since last request: 0.000020 seconds.
  path: Assets/CorgiEngine/ThirdParty/MoreMountains/MMFeedbacks/Demos/SequencingDemo/Materials/SequencerTiles60.mat
  artifactKey: Guid(ffe1e33f371ca8a47a6aed4b1b611650) Importer(2089858483,192608db42251d675da83286b1cce702)
Start importing Assets/CorgiEngine/ThirdParty/MoreMountains/MMFeedbacks/Demos/SequencingDemo/Materials/SequencerTiles60.mat using Guid(ffe1e33f371ca8a47a6aed4b1b611650) Importer(2089858483,192608db42251d675da83286b1cce702) (ScriptedImporter) -> (artifact id: 'cf56a6225eb5029d06605380932516c8') in 0.0326628 seconds
Number of updated asset objects reloaded before import = 0Number of asset objects unloaded after import = 4

========================================================================
Received Import Request.
  Time since last request: 0.000024 seconds.
  path: Assets/CorgiEngine/ThirdParty/MoreMountains/MMTools/Core/MMExtensions/MMGameObjectExtensions.cs
  artifactKey: Guid(b2625daa927689341bf30fbd51782d48) Importer(2089858483,192608db42251d675da83286b1cce702)
Start importing Assets/CorgiEngine/ThirdParty/MoreMountains/MMTools/Core/MMExtensions/MMGameObjectExtensions.cs using Guid(b2625daa927689341bf30fbd51782d48) Importer(2089858483,192608db42251d675da83286b1cce702) (ScriptedImporter) -> (artifact id: '6dbb6112513beb9e0272075b93eeebdc') in 0.0217236 seconds
Number of updated asset objects reloaded before import = 0Number of asset objects unloaded after import = 0

========================================================================
Received Import Request.
  Time since last request: 0.000204 seconds.
  path: Assets/CorgiEngine/ThirdParty/MoreMountains/MMFeedbacks/Demos/SequencingDemo/Textures/Carpet10_AO.png
  artifactKey: Guid(47ca88de8fe71724b854236576b6ddee) Importer(2089858483,192608db42251d675da83286b1cce702)
Start importing Assets/CorgiEngine/ThirdParty/MoreMountains/MMFeedbacks/Demos/SequencingDemo/Textures/Carpet10_AO.png using Guid(47ca88de8fe71724b854236576b6ddee) Importer(2089858483,192608db42251d675da83286b1cce702) (ScriptedImporter) -> (artifact id: '649864f6ca1004b1f0ccf9c200a2cb62') in 0.0414316 seconds
Number of updated asset objects reloaded before import = 0Number of asset objects unloaded after import = 1

========================================================================
Received Import Request.
  Time since last request: 0.000026 seconds.
  path: Assets/CorgiEngine/ThirdParty/MoreMountains/MMFeedbacks/MMFeedbacks/Core/ObjectPool/MMMiniPoolableObject.cs
  artifactKey: Guid(b0b3f00a75cc857439b13b8bafb37894) Importer(2089858483,192608db42251d675da83286b1cce702)
Start importing Assets/CorgiEngine/ThirdParty/MoreMountains/MMFeedbacks/MMFeedbacks/Core/ObjectPool/MMMiniPoolableObject.cs using Guid(b0b3f00a75cc857439b13b8bafb37894) Importer(2089858483,192608db42251d675da83286b1cce702) (ScriptedImporter) -> (artifact id: '376377ce2e86b725917b164b46a15306') in 0.0221838 seconds
Number of updated asset objects reloaded before import = 0Number of asset objects unloaded after import = 0

========================================================================
Received Import Request.
  Time since last request: 0.000045 seconds.
  path: Assets/CorgiEngine/ThirdParty/MoreMountains/MMTools/Accessories/MMVision/MMConeOfVision2D.cs
  artifactKey: Guid(ceea5d59c11750f4e8deb2c47ff8bcb4) Importer(2089858483,192608db42251d675da83286b1cce702)
Start importing Assets/CorgiEngine/ThirdParty/MoreMountains/MMTools/Accessories/MMVision/MMConeOfVision2D.cs using Guid(ceea5d59c11750f4e8deb2c47ff8bcb4) Importer(2089858483,192608db42251d675da83286b1cce702) (ScriptedImporter) -> (artifact id: 'bd35146bb698577d40f2c49763adcaa5') in 0.0210666 seconds
Number of updated asset objects reloaded before import = 0Number of asset objects unloaded after import = 0

========================================================================
Received Import Request.
  Time since last request: 0.000107 seconds.
  path: Assets/CorgiEngine/Demos/Corgi2D/Prefabs/Environment/MovingPlatforms/RocketPlatform.prefab
  artifactKey: Guid(d1076a679e8d6864dab8c8174abecdd7) Importer(2089858483,192608db42251d675da83286b1cce702)
Start importing Assets/CorgiEngine/Demos/Corgi2D/Prefabs/Environment/MovingPlatforms/RocketPlatform.prefab using Guid(d1076a679e8d6864dab8c8174abecdd7) Importer(2089858483,192608db42251d675da83286b1cce702) (ScriptedImporter) -> (artifact id: 'a7c7802a1dfcf0364a52d4aa6f3ee426') in 0.0679827 seconds
Number of updated asset objects reloaded before import = 0Number of asset objects unloaded after import = 22

========================================================================
Received Import Request.
  Time since last request: 0.000029 seconds.
  path: Assets/CorgiEngine/Demos/Corgi2D/Prefabs/Environment/Mountains/MtnPlatform18.prefab
  artifactKey: Guid(29724eb6789220c49a9dd811a1bfa37f) Importer(2089858483,192608db42251d675da83286b1cce702)
Start importing Assets/CorgiEngine/Demos/Corgi2D/Prefabs/Environment/Mountains/MtnPlatform18.prefab using Guid(29724eb6789220c49a9dd811a1bfa37f) Importer(2089858483,192608db42251d675da83286b1cce702) (ScriptedImporter) -> (artifact id: '3d73722d97310b18f8587c054f00474f') in 0.0597109 seconds
Number of updated asset objects reloaded before import = 0Number of asset objects unloaded after import = 8

========================================================================
Received Import Request.
  Time since last request: 0.000026 seconds.
  path: Assets/CorgiEngine/ThirdParty/MoreMountains/MMFeedbacks/MMFeedbacks/Shakers/MMScaleShaker.cs
  artifactKey: Guid(0cb29398a27cf104bb97fac0554c9457) Importer(2089858483,192608db42251d675da83286b1cce702)
Start importing Assets/CorgiEngine/ThirdParty/MoreMountains/MMFeedbacks/MMFeedbacks/Shakers/MMScaleShaker.cs using Guid(0cb29398a27cf104bb97fac0554c9457) Importer(2089858483,192608db42251d675da83286b1cce702) (ScriptedImporter) -> (artifact id: '44f437dead57d48317c3e891cc4aeccb') in 0.0215062 seconds
Number of updated asset objects reloaded before import = 0Number of asset objects unloaded after import = 0

========================================================================
Received Import Request.
  Time since last request: 0.000028 seconds.
  path: Assets/CorgiEngine/ThirdParty/MoreMountains/MMFeedbacks/Editor/FeedbackListOutputter/FeedbackListOutputer.cs
  artifactKey: Guid(f832a347ffbe22e478be454dc5dc3cff) Importer(2089858483,192608db42251d675da83286b1cce702)
Start importing Assets/CorgiEngine/ThirdParty/MoreMountains/MMFeedbacks/Editor/FeedbackListOutputter/FeedbackListOutputer.cs using Guid(f832a347ffbe22e478be454dc5dc3cff) Importer(2089858483,192608db42251d675da83286b1cce702) (ScriptedImporter) -> (artifact id: 'e981d49fd7aca91130c65bfc1d19cd69') in 0.0204841 seconds
Number of updated asset objects reloaded before import = 0Number of asset objects unloaded after import = 0

========================================================================
Received Import Request.
  Time since last request: 0.000041 seconds.
  path: Assets/CorgiEngine/Demos/TheHunt/Models/Soldier/Materials/Colors/GreenMaterial1.mat
  artifactKey: Guid(817b44caf746f14428f690f0144a6f2a) Importer(2089858483,192608db42251d675da83286b1cce702)
Start importing Assets/CorgiEngine/Demos/TheHunt/Models/Soldier/Materials/Colors/GreenMaterial1.mat using Guid(817b44caf746f14428f690f0144a6f2a) Importer(2089858483,192608db42251d675da83286b1cce702) (ScriptedImporter) -> (artifact id: '755033c2a27ddfd65cec5268a1d82ae6') in 0.0222409 seconds
Number of updated asset objects reloaded before import = 0Number of asset objects unloaded after import = 1

========================================================================
Received Import Request.
  Time since last request: 0.000033 seconds.
  path: Assets/CorgiEngine/ThirdParty/MoreMountains/MMFeedbacks/MMFeedbacksForThirdParty/VisualEffectGraph/Feedbacks/MMF_VisualEffectSetProperty.cs
  artifactKey: Guid(a4aae7df61e7da94d9c2215e2527012f) Importer(2089858483,192608db42251d675da83286b1cce702)
Start importing Assets/CorgiEngine/ThirdParty/MoreMountains/MMFeedbacks/MMFeedbacksForThirdParty/VisualEffectGraph/Feedbacks/MMF_VisualEffectSetProperty.cs using Guid(a4aae7df61e7da94d9c2215e2527012f) Importer(2089858483,192608db42251d675da83286b1cce702) (ScriptedImporter) -> (artifact id: '7f82571cbb893910b671c87342f3df04') in 0.022478 seconds
Number of updated asset objects reloaded before import = 0Number of asset objects unloaded after import = 0

========================================================================
Received Import Request.
  Time since last request: 0.000225 seconds.
  path: Assets/CorgiEngine/ThirdParty/MoreMountains/MMTools/Accessories/MMDebugMenu/Scripts/MMDebugTouchDisplay.cs
  artifactKey: Guid(e41826a58ab20124eab7cfc4d79a1eaa) Importer(2089858483,192608db42251d675da83286b1cce702)
Start importing Assets/CorgiEngine/ThirdParty/MoreMountains/MMTools/Accessories/MMDebugMenu/Scripts/MMDebugTouchDisplay.cs using Guid(e41826a58ab20124eab7cfc4d79a1eaa) Importer(2089858483,192608db42251d675da83286b1cce702) (ScriptedImporter) -> (artifact id: '98dd7185b784421a1479fa162b5c4bc0') in 0.0221113 seconds
Number of updated asset objects reloaded before import = 0Number of asset objects unloaded after import = 0

========================================================================
Received Import Request.
  Time since last request: 0.000113 seconds.
  path: Assets/CorgiEngine/ThirdParty/MoreMountains/MMTools/Accessories/MMVFX/MMRipple/MMRippleBubble1.mat
  artifactKey: Guid(e0e80ff7156603346bbdc8c121863234) Importer(2089858483,192608db42251d675da83286b1cce702)
Start importing Assets/CorgiEngine/ThirdParty/MoreMountains/MMTools/Accessories/MMVFX/MMRipple/MMRippleBubble1.mat using Guid(e0e80ff7156603346bbdc8c121863234) Importer(2089858483,192608db42251d675da83286b1cce702) (ScriptedImporter) -> (artifact id: 'ac0f7a0c6e5a5f6af8a941d7b0db498d') in 0.045363 seconds
Number of updated asset objects reloaded before import = 0Number of asset objects unloaded after import = 2

========================================================================
Received Import Request.
  Time since last request: 0.000020 seconds.
  path: Assets/CorgiEngine/ThirdParty/MoreMountains/MMTools/Accessories/MMCinemachine/MMCinemachineZone/MMCinemachineZone3D.cs
  artifactKey: Guid(49f0c9a373a7bee44ba595f666d21fc4) Importer(2089858483,192608db42251d675da83286b1cce702)
Start importing Assets/CorgiEngine/ThirdParty/MoreMountains/MMTools/Accessories/MMCinemachine/MMCinemachineZone/MMCinemachineZone3D.cs using Guid(49f0c9a373a7bee44ba595f666d21fc4) Importer(2089858483,192608db42251d675da83286b1cce702) (ScriptedImporter) -> (artifact id: '947df18b2ae2238c275dd67894532a50') in 0.0229854 seconds
Number of updated asset objects reloaded before import = 0Number of asset objects unloaded after import = 0

========================================================================
Received Import Request.
  Time since last request: 0.000028 seconds.
  path: Assets/CorgiEngine/ThirdParty/MoreMountains/MMTools/Accessories/Editor/MMMaintenance/MMCleanEmptyFolders.cs
  artifactKey: Guid(eef8a54b228d3d148b605064c04e66a4) Importer(2089858483,192608db42251d675da83286b1cce702)
Start importing Assets/CorgiEngine/ThirdParty/MoreMountains/MMTools/Accessories/Editor/MMMaintenance/MMCleanEmptyFolders.cs using Guid(eef8a54b228d3d148b605064c04e66a4) Importer(2089858483,192608db42251d675da83286b1cce702) (ScriptedImporter) -> (artifact id: 'fe5ed0d3399e83aa6aaf834a54bfdbbe') in 0.026996 seconds
Number of updated asset objects reloaded before import = 0Number of asset objects unloaded after import = 0

========================================================================
Received Import Request.
  Time since last request: 0.000027 seconds.
  path: Assets/CorgiEngine/ThirdParty/MoreMountains/MMInterface/Styles/Mini/Prefabs/InputText.prefab
  artifactKey: Guid(835df5ff7d37ad147822aacbdd6d1c1b) Importer(2089858483,192608db42251d675da83286b1cce702)
Start importing Assets/CorgiEngine/ThirdParty/MoreMountains/MMInterface/Styles/Mini/Prefabs/InputText.prefab using Guid(835df5ff7d37ad147822aacbdd6d1c1b) Importer(2089858483,192608db42251d675da83286b1cce702) (ScriptedImporter) -> (artifact id: '919029073818f691da379b6d1e06e65e') in 0.0886448 seconds
Number of updated asset objects reloaded before import = 0Number of asset objects unloaded after import = 19

========================================================================
Received Import Request.
  Time since last request: 0.000028 seconds.
  path: Assets/CorgiEngine/ThirdParty/MoreMountains/MMTools/Accessories/MMPrototypeTextures/MMBRP_Materials/MMBPR_RedCrosses.mat
  artifactKey: Guid(816fe783c3103644790f46de0cbeb161) Importer(2089858483,192608db42251d675da83286b1cce702)
Start importing Assets/CorgiEngine/ThirdParty/MoreMountains/MMTools/Accessories/MMPrototypeTextures/MMBRP_Materials/MMBPR_RedCrosses.mat using Guid(816fe783c3103644790f46de0cbeb161) Importer(2089858483,192608db42251d675da83286b1cce702) (ScriptedImporter) -> (artifact id: 'd57da9d714baa017cd1edc6cb711683d') in 0.0787105 seconds
Number of updated asset objects reloaded before import = 0Number of asset objects unloaded after import = 4

========================================================================
Received Import Request.
  Time since last request: 0.000068 seconds.
  path: Assets/CorgiEngine/ThirdParty/MoreMountains/MMTools/Accessories/Editor/MMMaintenance/MMFindMissingScriptsRecursively.cs
  artifactKey: Guid(5c87833dd08a8c842823386dde78cb2a) Importer(2089858483,192608db42251d675da83286b1cce702)
Start importing Assets/CorgiEngine/ThirdParty/MoreMountains/MMTools/Accessories/Editor/MMMaintenance/MMFindMissingScriptsRecursively.cs using Guid(5c87833dd08a8c842823386dde78cb2a) Importer(2089858483,192608db42251d675da83286b1cce702) (ScriptedImporter) -> (artifact id: '82a7685ded17d19c3625e64050e8ea11') in 0.0245603 seconds
Number of updated asset objects reloaded before import = 0Number of asset objects unloaded after import = 0

========================================================================
Received Import Request.
  Time since last request: 0.000020 seconds.
  path: Assets/CorgiEngine/ThirdParty/MoreMountains/MMTools/Accessories/MMPrototypeTextures/MMBRP_Materials/MMBPR_YellowCrosses.mat
  artifactKey: Guid(d642a4ab722ef8a46af4d261e5227b0c) Importer(2089858483,192608db42251d675da83286b1cce702)
Start importing Assets/CorgiEngine/ThirdParty/MoreMountains/MMTools/Accessories/MMPrototypeTextures/MMBRP_Materials/MMBPR_YellowCrosses.mat using Guid(d642a4ab722ef8a46af4d261e5227b0c) Importer(2089858483,192608db42251d675da83286b1cce702) (ScriptedImporter) -> (artifact id: '62cdfc4be12faf30944ad26ecfbb5616') in 0.0414671 seconds
Number of updated asset objects reloaded before import = 0Number of asset objects unloaded after import = 4

========================================================================
Received Import Request.
  Time since last request: 0.000037 seconds.
  path: Assets/CorgiEngine/ThirdParty/MoreMountains/MMTools/Accessories/MMProcedural/MMGridGenerators/MMGridGeneratorRandom.cs
  artifactKey: Guid(c05de6f8b07240b4e87c6219630c251d) Importer(2089858483,192608db42251d675da83286b1cce702)
Start importing Assets/CorgiEngine/ThirdParty/MoreMountains/MMTools/Accessories/MMProcedural/MMGridGenerators/MMGridGeneratorRandom.cs using Guid(c05de6f8b07240b4e87c6219630c251d) Importer(2089858483,192608db42251d675da83286b1cce702) (ScriptedImporter) -> (artifact id: 'e007fe0fc29231ee34b625616c061eaf') in 0.0217181 seconds
Number of updated asset objects reloaded before import = 0Number of asset objects unloaded after import = 0

========================================================================
Received Import Request.
  Time since last request: 0.000031 seconds.
  path: Assets/CorgiEngine/ThirdParty/MoreMountains/MMTools/Accessories/MMVFX/MMParticles/MMParticlesSmoke.png
  artifactKey: Guid(c3e892db83f1adb49a1c18b15f231589) Importer(2089858483,192608db42251d675da83286b1cce702)
Start importing Assets/CorgiEngine/ThirdParty/MoreMountains/MMTools/Accessories/MMVFX/MMParticles/MMParticlesSmoke.png using Guid(c3e892db83f1adb49a1c18b15f231589) Importer(2089858483,192608db42251d675da83286b1cce702) (ScriptedImporter) -> (artifact id: '8e86d1350e45bf9fae96f81184363227') in 0.0574904 seconds
Number of updated asset objects reloaded before import = 0Number of asset objects unloaded after import = 1

========================================================================
Received Import Request.
  Time since last request: 0.000067 seconds.
  path: Assets/CorgiEngine/ThirdParty/MoreMountains/MMTools/Accessories/MMProcedural/MMGridGenerators/MMGridGeneratorRandomWalkGround.cs
  artifactKey: Guid(21e69a8c38f55e84ea754b184697f036) Importer(2089858483,192608db42251d675da83286b1cce702)
Start importing Assets/CorgiEngine/ThirdParty/MoreMountains/MMTools/Accessories/MMProcedural/MMGridGenerators/MMGridGeneratorRandomWalkGround.cs using Guid(21e69a8c38f55e84ea754b184697f036) Importer(2089858483,192608db42251d675da83286b1cce702) (ScriptedImporter) -> (artifact id: 'c7dff6aa70124aa051adf63a48693933') in 0.022036 seconds
Number of updated asset objects reloaded before import = 0Number of asset objects unloaded after import = 0

========================================================================
Received Import Request.
  Time since last request: 0.000114 seconds.
  path: Assets/CorgiEngine/ThirdParty/MoreMountains/MMTools/Accessories/Editor/MMVision/MMConeOfVisionInspector.cs
  artifactKey: Guid(887e928caeb50c74593acce11770f85f) Importer(2089858483,192608db42251d675da83286b1cce702)
Start importing Assets/CorgiEngine/ThirdParty/MoreMountains/MMTools/Accessories/Editor/MMVision/MMConeOfVisionInspector.cs using Guid(887e928caeb50c74593acce11770f85f) Importer(2089858483,192608db42251d675da83286b1cce702) (ScriptedImporter) -> (artifact id: 'a02377d8dd980ef47db3e927fab2ae01') in 0.0274408 seconds
Number of updated asset objects reloaded before import = 0Number of asset objects unloaded after import = 0

========================================================================
Received Import Request.
  Time since last request: 0.000088 seconds.
  path: Assets/CorgiEngine/ThirdParty/MoreMountains/MMTools/Accessories/MMVFX/MMParticles/MMParticlesWhirlwind.png
  artifactKey: Guid(77fbd9fa5542ff04f80886780072ea6c) Importer(2089858483,192608db42251d675da83286b1cce702)
Start importing Assets/CorgiEngine/ThirdParty/MoreMountains/MMTools/Accessories/MMVFX/MMParticles/MMParticlesWhirlwind.png using Guid(77fbd9fa5542ff04f80886780072ea6c) Importer(2089858483,192608db42251d675da83286b1cce702) (ScriptedImporter) -> (artifact id: 'fc19b21e5a1c937119e5f975f14dc3ca') in 0.0516618 seconds
Number of updated asset objects reloaded before import = 0Number of asset objects unloaded after import = 1

========================================================================
Received Import Request.
  Time since last request: 0.000027 seconds.
  path: Assets/CorgiEngine/ThirdParty/MoreMountains/MMTools/Accessories/MMVFX/MMRipple/MMRippleSaw1NM.png
  artifactKey: Guid(c42d019b36d0e95449e2114a78af0458) Importer(2089858483,192608db42251d675da83286b1cce702)
Start importing Assets/CorgiEngine/ThirdParty/MoreMountains/MMTools/Accessories/MMVFX/MMRipple/MMRippleSaw1NM.png using Guid(c42d019b36d0e95449e2114a78af0458) Importer(2089858483,192608db42251d675da83286b1cce702) (ScriptedImporter) -> (artifact id: '5da07b12dd6897b93bca2b6f34e3fccb') in 0.0592537 seconds
Number of updated asset objects reloaded before import = 0Number of asset objects unloaded after import = 1

========================================================================
Received Import Request.
  Time since last request: 0.000028 seconds.
  path: Assets/CorgiEngine/ThirdParty/MoreMountains/MMTools/Accessories/MMCinemachine/MMGyroParallax/MMGyroParallax.cs
  artifactKey: Guid(847621151d634804f820b7c88b89dacc) Importer(2089858483,192608db42251d675da83286b1cce702)
Start importing Assets/CorgiEngine/ThirdParty/MoreMountains/MMTools/Accessories/MMCinemachine/MMGyroParallax/MMGyroParallax.cs using Guid(847621151d634804f820b7c88b89dacc) Importer(2089858483,192608db42251d675da83286b1cce702) (ScriptedImporter) -> (artifact id: 'cc77ba7dd3c7af7f38755149df52fce2') in 0.0222796 seconds
Number of updated asset objects reloaded before import = 0Number of asset objects unloaded after import = 0

========================================================================
Received Import Request.
  Time since last request: 0.000094 seconds.
  path: Assets/CorgiEngine/ThirdParty/MoreMountains/MMTools/Accessories/MMProcedural/MMGridGenerators/MMGridGenerator.cs
  artifactKey: Guid(8a5db094ce3821d44a8a41a4cb7d45cc) Importer(2089858483,192608db42251d675da83286b1cce702)
Start importing Assets/CorgiEngine/ThirdParty/MoreMountains/MMTools/Accessories/MMProcedural/MMGridGenerators/MMGridGenerator.cs using Guid(8a5db094ce3821d44a8a41a4cb7d45cc) Importer(2089858483,192608db42251d675da83286b1cce702) (ScriptedImporter) -> (artifact id: '78420d889ec61e4d74f12af6460af5ad') in 0.0276329 seconds
Number of updated asset objects reloaded before import = 0Number of asset objects unloaded after import = 0

========================================================================
Received Import Request.
  Time since last request: 0.000051 seconds.
  path: Assets/CorgiEngine/ThirdParty/MoreMountains/MMInterface/Styles/Mini/Prefabs/PageDark.prefab
  artifactKey: Guid(3190e00f13bc6484eb4473a039fc7367) Importer(2089858483,192608db42251d675da83286b1cce702)
Start importing Assets/CorgiEngine/ThirdParty/MoreMountains/MMInterface/Styles/Mini/Prefabs/PageDark.prefab using Guid(3190e00f13bc6484eb4473a039fc7367) Importer(2089858483,192608db42251d675da83286b1cce702) (ScriptedImporter) -> (artifact id: '754f0c391d32ba163f1b5aaabc5f153d') in 0.0320566 seconds
Number of updated asset objects reloaded before import = 0Number of asset objects unloaded after import = 7

========================================================================
Received Import Request.
  Time since last request: 0.000025 seconds.
  path: Assets/CorgiEngine/ThirdParty/MoreMountains/MMTools/Accessories/MMDebugMenu/Prefabs/MMDebugMenuTabSpacer.prefab
  artifactKey: Guid(57633cde530d56a48995d0733efa9450) Importer(2089858483,192608db42251d675da83286b1cce702)
Start importing Assets/CorgiEngine/ThirdParty/MoreMountains/MMTools/Accessories/MMDebugMenu/Prefabs/MMDebugMenuTabSpacer.prefab using Guid(57633cde530d56a48995d0733efa9450) Importer(2089858483,192608db42251d675da83286b1cce702) (ScriptedImporter) -> (artifact id: 'd066f922e9288a3cfa6d456d5895969d') in 0.0263888 seconds
Number of updated asset objects reloaded before import = 0Number of asset objects unloaded after import = 5

========================================================================
Received Import Request.
  Time since last request: 0.000050 seconds.
  path: Assets/CorgiEngine/ThirdParty/MoreMountains/MMInterface/Styles/Mini/Prefabs/ScoreStars.prefab
  artifactKey: Guid(0aa929d58aaeacd408906d23ac403151) Importer(2089858483,192608db42251d675da83286b1cce702)
Start importing Assets/CorgiEngine/ThirdParty/MoreMountains/MMInterface/Styles/Mini/Prefabs/ScoreStars.prefab using Guid(0aa929d58aaeacd408906d23ac403151) Importer(2089858483,192608db42251d675da83286b1cce702) (ScriptedImporter) -> (artifact id: 'caf9ff38d8e9b6ce62fa10b8ae05edf9') in 0.0824371 seconds
Number of updated asset objects reloaded before import = 0Number of asset objects unloaded after import = 37

========================================================================
Received Import Request.
  Time since last request: 0.000031 seconds.
  path: Assets/CorgiEngine/ThirdParty/MoreMountains/MMInterface/Styles/Mini/Sprites/RoundedCorners20Filled.png
  artifactKey: Guid(e4b0d1cd80da94a45aa0330e683ec925) Importer(2089858483,192608db42251d675da83286b1cce702)
Start importing Assets/CorgiEngine/ThirdParty/MoreMountains/MMInterface/Styles/Mini/Sprites/RoundedCorners20Filled.png using Guid(e4b0d1cd80da94a45aa0330e683ec925) Importer(2089858483,192608db42251d675da83286b1cce702) (ScriptedImporter) -> (artifact id: '3b6dc6773f071fdc41234dc3b7eb33a1') in 0.0467271 seconds
Number of updated asset objects reloaded before import = 0Number of asset objects unloaded after import = 3

========================================================================
Received Import Request.
  Time since last request: 0.000026 seconds.
  path: Assets/CorgiEngine/ThirdParty/MoreMountains/MMInterface/Styles/Mini/Sprites/RoundedCorners10Filled.png
  artifactKey: Guid(6b5af5f7855e2704ba8dc542d2d3cac0) Importer(2089858483,192608db42251d675da83286b1cce702)
Start importing Assets/CorgiEngine/ThirdParty/MoreMountains/MMInterface/Styles/Mini/Sprites/RoundedCorners10Filled.png using Guid(6b5af5f7855e2704ba8dc542d2d3cac0) Importer(2089858483,192608db42251d675da83286b1cce702) (ScriptedImporter) -> (artifact id: 'f8859af130bf1b5f28b3d184dddfd0ac') in 0.0510005 seconds
Number of updated asset objects reloaded before import = 0Number of asset objects unloaded after import = 3

========================================================================
Received Import Request.
  Time since last request: 0.000043 seconds.
  path: Assets/CorgiEngine/ThirdParty/MoreMountains/MMTools/Accessories/MMPrototypeTextures/MMBRP_Materials/MMBPR_YellowFrame.mat
  artifactKey: Guid(9d99964e7e8afe34b8ee7943eabcd19e) Importer(2089858483,192608db42251d675da83286b1cce702)
Start importing Assets/CorgiEngine/ThirdParty/MoreMountains/MMTools/Accessories/MMPrototypeTextures/MMBRP_Materials/MMBPR_YellowFrame.mat using Guid(9d99964e7e8afe34b8ee7943eabcd19e) Importer(2089858483,192608db42251d675da83286b1cce702) (ScriptedImporter) -> (artifact id: 'aa9802aebcc4a21184dbe682d165e0f1') in 0.0568573 seconds
Number of updated asset objects reloaded before import = 0Number of asset objects unloaded after import = 4

========================================================================
Received Import Request.
  Time since last request: 0.000035 seconds.
  path: Assets/CorgiEngine/ThirdParty/MoreMountains/MMTools/Accessories/MMDebugMenu/Prefabs/MMDebugMenuTitle.prefab
  artifactKey: Guid(80be1ec3d14da9c489fbefa63b82915f) Importer(2089858483,192608db42251d675da83286b1cce702)
Start importing Assets/CorgiEngine/ThirdParty/MoreMountains/MMTools/Accessories/MMDebugMenu/Prefabs/MMDebugMenuTitle.prefab using Guid(80be1ec3d14da9c489fbefa63b82915f) Importer(2089858483,192608db42251d675da83286b1cce702) (ScriptedImporter) -> (artifact id: 'b28cb37a395e758c4e880468c3d0c9a2') in 0.0431135 seconds
Number of updated asset objects reloaded before import = 0Number of asset objects unloaded after import = 16

========================================================================
Received Import Request.
  Time since last request: 0.000028 seconds.
  path: Assets/CorgiEngine/ThirdParty/MoreMountains/MMInterface/Styles/Mini/Materials/HorizontalGradientGreenToBlue.mat
  artifactKey: Guid(db6b72ffd17d8e94889550f5e2d8683f) Importer(2089858483,192608db42251d675da83286b1cce702)
Start importing Assets/CorgiEngine/ThirdParty/MoreMountains/MMInterface/Styles/Mini/Materials/HorizontalGradientGreenToBlue.mat using Guid(db6b72ffd17d8e94889550f5e2d8683f) Importer(2089858483,192608db42251d675da83286b1cce702) (ScriptedImporter) -> (artifact id: '53ae1427380ddbde38454cf76d813450') in 0.0599096 seconds
Number of updated asset objects reloaded before import = 0Number of asset objects unloaded after import = 1

========================================================================
Received Import Request.
  Time since last request: 0.000036 seconds.
  path: Assets/CorgiEngine/ThirdParty/MoreMountains/MMTools/Accessories/MMProcedural/MMGridGenerators/MMGridGeneratorPerlinNoiseGround.cs
  artifactKey: Guid(4829c639bd6729945b0664d15e2f740e) Importer(2089858483,192608db42251d675da83286b1cce702)
Start importing Assets/CorgiEngine/ThirdParty/MoreMountains/MMTools/Accessories/MMProcedural/MMGridGenerators/MMGridGeneratorPerlinNoiseGround.cs using Guid(4829c639bd6729945b0664d15e2f740e) Importer(2089858483,192608db42251d675da83286b1cce702) (ScriptedImporter) -> (artifact id: '11918e671965324419381f593a986331') in 0.0266904 seconds
Number of updated asset objects reloaded before import = 0Number of asset objects unloaded after import = 0

========================================================================
Received Import Request.
  Time since last request: 0.000034 seconds.
  path: Assets/CorgiEngine/ThirdParty/MoreMountains/MMTools/Accessories/Editor/MMGizmos/MMGizmoEditor.cs
  artifactKey: Guid(6b4b64ec300cb6948b1022cd5e3311c0) Importer(2089858483,192608db42251d675da83286b1cce702)
Start importing Assets/CorgiEngine/ThirdParty/MoreMountains/MMTools/Accessories/Editor/MMGizmos/MMGizmoEditor.cs using Guid(6b4b64ec300cb6948b1022cd5e3311c0) Importer(2089858483,192608db42251d675da83286b1cce702) (ScriptedImporter) -> (artifact id: '383e6a9987da742c20ed4c1406c6bb9a') in 0.027078 seconds
Number of updated asset objects reloaded before import = 0Number of asset objects unloaded after import = 0

========================================================================
Received Import Request.
  Time since last request: 0.000229 seconds.
  path: Assets/CorgiEngine/ThirdParty/MoreMountains/MMTools/Accessories/MMVFX/MMBrushes/MMBrush5.png
  artifactKey: Guid(654c5cd449154d94b93dbf2fa93a6737) Importer(2089858483,192608db42251d675da83286b1cce702)
Start importing Assets/CorgiEngine/ThirdParty/MoreMountains/MMTools/Accessories/MMVFX/MMBrushes/MMBrush5.png using Guid(654c5cd449154d94b93dbf2fa93a6737) Importer(2089858483,192608db42251d675da83286b1cce702) (ScriptedImporter) -> (artifact id: '537fe04ea23dc580589b36de611b38f9') in 0.0577895 seconds
Number of updated asset objects reloaded before import = 0Number of asset objects unloaded after import = 1

========================================================================
Received Import Request.
  Time since last request: 0.000065 seconds.
  path: Assets/CorgiEngine/ThirdParty/MoreMountains/MMTools/Accessories/MMVFX/MMBloomDirt/MMBloomDirt1.png
  artifactKey: Guid(cde03156615a31044a8dc5e05ebc3dc9) Importer(2089858483,192608db42251d675da83286b1cce702)
Start importing Assets/CorgiEngine/ThirdParty/MoreMountains/MMTools/Accessories/MMVFX/MMBloomDirt/MMBloomDirt1.png using Guid(cde03156615a31044a8dc5e05ebc3dc9) Importer(2089858483,192608db42251d675da83286b1cce702) (ScriptedImporter) -> (artifact id: 'c3fe5a101748fa2aac4b0d03f31c64d8') in 0.0720349 seconds
Number of updated asset objects reloaded before import = 0Number of asset objects unloaded after import = 1

========================================================================
Received Import Request.
  Time since last request: 0.000019 seconds.
  path: Assets/CorgiEngine/ThirdParty/MoreMountains/MMTools/Accessories/MMVFX/MMRipple/MMRippleSpiral2.mat
  artifactKey: Guid(432948ea802b17943bde6d7614555a06) Importer(2089858483,192608db42251d675da83286b1cce702)
Start importing Assets/CorgiEngine/ThirdParty/MoreMountains/MMTools/Accessories/MMVFX/MMRipple/MMRippleSpiral2.mat using Guid(432948ea802b17943bde6d7614555a06) Importer(2089858483,192608db42251d675da83286b1cce702) (ScriptedImporter) -> (artifact id: '7dea3ff30f7c11a2d74c283f337a9275') in 0.0574524 seconds
Number of updated asset objects reloaded before import = 0Number of asset objects unloaded after import = 2

========================================================================
Received Import Request.
  Time since last request: 0.000030 seconds.
  path: Assets/CorgiEngine/ThirdParty/MoreMountains/MMTools/Accessories/MMVFX/MMParticles/MMParticlesFlash.png
  artifactKey: Guid(9f9e4aca8bab2b74aaed6715f75873ef) Importer(2089858483,192608db42251d675da83286b1cce702)
Start importing Assets/CorgiEngine/ThirdParty/MoreMountains/MMTools/Accessories/MMVFX/MMParticles/MMParticlesFlash.png using Guid(9f9e4aca8bab2b74aaed6715f75873ef) Importer(2089858483,192608db42251d675da83286b1cce702) (ScriptedImporter) -> (artifact id: '9d937d13c8b4a1a4ca505bc3bdc7673d') in 0.0598212 seconds
Number of updated asset objects reloaded before import = 0Number of asset objects unloaded after import = 1

========================================================================
Received Import Request.
  Time since last request: 0.000030 seconds.
  path: Assets/CorgiEngine/ThirdParty/MoreMountains/MMTools/Accessories/MMVFX/MMRipple/MMRippleCircle2NM.png
  artifactKey: Guid(25b0ed6a11cf3824a8b13811a1420451) Importer(2089858483,192608db42251d675da83286b1cce702)
Start importing Assets/CorgiEngine/ThirdParty/MoreMountains/MMTools/Accessories/MMVFX/MMRipple/MMRippleCircle2NM.png using Guid(25b0ed6a11cf3824a8b13811a1420451) Importer(2089858483,192608db42251d675da83286b1cce702) (ScriptedImporter) -> (artifact id: '56e577c02c68bd0dedfc274c705803cf') in 0.0610634 seconds
Number of updated asset objects reloaded before import = 0Number of asset objects unloaded after import = 1

========================================================================
Received Import Request.
  Time since last request: 0.000041 seconds.
  path: Assets/CorgiEngine/ThirdParty/MoreMountains/MMTools/Accessories/MMPrototypeTextures/MMBRP_Materials/MMBPR_LightGreyFrame.mat
  artifactKey: Guid(adc4603b7be471c479ef63c42f19aa72) Importer(2089858483,192608db42251d675da83286b1cce702)
Start importing Assets/CorgiEngine/ThirdParty/MoreMountains/MMTools/Accessories/MMPrototypeTextures/MMBRP_Materials/MMBPR_LightGreyFrame.mat using Guid(adc4603b7be471c479ef63c42f19aa72) Importer(2089858483,192608db42251d675da83286b1cce702) (ScriptedImporter) -> (artifact id: '9c499008272cece3421168e189b030d8') in 0.0560729 seconds
Number of updated asset objects reloaded before import = 0Number of asset objects unloaded after import = 4

========================================================================
Received Import Request.
  Time since last request: 0.000027 seconds.
  path: Assets/CorgiEngine/ThirdParty/MoreMountains/MMTools/Core/Editor/MMRadio/MMPropertyEmitterDrawer.cs
  artifactKey: Guid(bbf5e7decc40e8d4e9a6ad8c5046c26d) Importer(2089858483,192608db42251d675da83286b1cce702)
Start importing Assets/CorgiEngine/ThirdParty/MoreMountains/MMTools/Core/Editor/MMRadio/MMPropertyEmitterDrawer.cs using Guid(bbf5e7decc40e8d4e9a6ad8c5046c26d) Importer(2089858483,192608db42251d675da83286b1cce702) (ScriptedImporter) -> (artifact id: 'e60784015de7df4ffa9024f1e7e0da49') in 0.0251894 seconds
Number of updated asset objects reloaded before import = 0Number of asset objects unloaded after import = 0

========================================================================
Received Import Request.
  Time since last request: 0.000029 seconds.
  path: Assets/CorgiEngine/ThirdParty/MoreMountains/MMTools/Demos/MMTween/Materials/MMPlotterPointMaterial 11.mat
  artifactKey: Guid(079c6b7cc9d52094da2a7281f45fc0b0) Importer(2089858483,192608db42251d675da83286b1cce702)
Start importing Assets/CorgiEngine/ThirdParty/MoreMountains/MMTools/Demos/MMTween/Materials/MMPlotterPointMaterial 11.mat using Guid(079c6b7cc9d52094da2a7281f45fc0b0) Importer(2089858483,192608db42251d675da83286b1cce702) (ScriptedImporter) -> (artifact id: '64b2213da77715658d7d588eb79c37bf') in 0.0275217 seconds
Number of updated asset objects reloaded before import = 0Number of asset objects unloaded after import = 1

========================================================================
Received Import Request.
  Time since last request: 0.000022 seconds.
  path: Assets/CorgiEngine/ThirdParty/MoreMountains/MMTools/Foundation/MMAchievements/Scripts/SerializedMMAchievementManager.cs
  artifactKey: Guid(24f964aa3d55241b591bc1da7903819e) Importer(2089858483,192608db42251d675da83286b1cce702)
Start importing Assets/CorgiEngine/ThirdParty/MoreMountains/MMTools/Foundation/MMAchievements/Scripts/SerializedMMAchievementManager.cs using Guid(24f964aa3d55241b591bc1da7903819e) Importer(2089858483,192608db42251d675da83286b1cce702) (ScriptedImporter) -> (artifact id: '88f101c99042f956e94aabbeb933f36e') in 0.0276968 seconds
Number of updated asset objects reloaded before import = 0Number of asset objects unloaded after import = 0

========================================================================
Received Import Request.
  Time since last request: 0.000084 seconds.
  path: Assets/CorgiEngine/ThirdParty/MoreMountains/MMTools/Core/Editor/MMAttributes/MMInformationDrawer.cs
  artifactKey: Guid(45b7f6ca773ad4e81ad2ed6d93158953) Importer(2089858483,192608db42251d675da83286b1cce702)
Start importing Assets/CorgiEngine/ThirdParty/MoreMountains/MMTools/Core/Editor/MMAttributes/MMInformationDrawer.cs using Guid(45b7f6ca773ad4e81ad2ed6d93158953) Importer(2089858483,192608db42251d675da83286b1cce702) (ScriptedImporter) -> (artifact id: 'e7800cc677fce6daa3ea0d6436e10193') in 0.0236714 seconds
Number of updated asset objects reloaded before import = 0Number of asset objects unloaded after import = 0

========================================================================
Received Import Request.
  Time since last request: 0.000046 seconds.
  path: Assets/CorgiEngine/ThirdParty/MoreMountains/MMTools/Core/MMSceneLoading/LoadingScreens/MMAdditiveLoadingScreenSimple.unity
  artifactKey: Guid(945e5b97212e8e74ebcd35bddde3970c) Importer(2089858483,192608db42251d675da83286b1cce702)
Start importing Assets/CorgiEngine/ThirdParty/MoreMountains/MMTools/Core/MMSceneLoading/LoadingScreens/MMAdditiveLoadingScreenSimple.unity using Guid(945e5b97212e8e74ebcd35bddde3970c) Importer(2089858483,192608db42251d675da83286b1cce702) (ScriptedImporter) -> (artifact id: '65053f9f1ac265f955dd62a8f0dc4e56') in 0.0262128 seconds
Number of updated asset objects reloaded before import = 0Number of asset objects unloaded after import = 1

========================================================================
Received Import Request.
  Time since last request: 0.000051 seconds.
  path: Assets/CorgiEngine/ThirdParty/MoreMountains/MMTools/Demos/MMTween/Materials/MMPlotterPointMaterial 6.mat
  artifactKey: Guid(c8be763e295055541902ebe2b9522d25) Importer(2089858483,192608db42251d675da83286b1cce702)
Start importing Assets/CorgiEngine/ThirdParty/MoreMountains/MMTools/Demos/MMTween/Materials/MMPlotterPointMaterial 6.mat using Guid(c8be763e295055541902ebe2b9522d25) Importer(2089858483,192608db42251d675da83286b1cce702) (ScriptedImporter) -> (artifact id: 'fb5eab91c203f68145d26fd3a1772b37') in 0.0306317 seconds
Number of updated asset objects reloaded before import = 0Number of asset objects unloaded after import = 1

========================================================================
Received Import Request.
  Time since last request: 0.000030 seconds.
  path: Assets/CorgiEngine/ThirdParty/MoreMountains/MMTools/Core/Editor/MMAttributes/MMBackgroundColorAttributeDrawer.cs
  artifactKey: Guid(eab424a6e91496d4c9cc45c31adc7cc6) Importer(2089858483,192608db42251d675da83286b1cce702)
Start importing Assets/CorgiEngine/ThirdParty/MoreMountains/MMTools/Core/Editor/MMAttributes/MMBackgroundColorAttributeDrawer.cs using Guid(eab424a6e91496d4c9cc45c31adc7cc6) Importer(2089858483,192608db42251d675da83286b1cce702) (ScriptedImporter) -> (artifact id: '8341f23aed2da3f04ed07f7e9b165471') in 0.0230931 seconds
Number of updated asset objects reloaded before import = 0Number of asset objects unloaded after import = 0

========================================================================
Received Import Request.
  Time since last request: 0.000083 seconds.
  path: Assets/CorgiEngine/ThirdParty/MoreMountains/MMTools/Demos/MMGhostCamera/PostProcessing/MMGhostCameraPostProcessingProfile.asset
  artifactKey: Guid(ee91928957b9b5b48b0b338bc5fbf32a) Importer(2089858483,192608db42251d675da83286b1cce702)
Start importing Assets/CorgiEngine/ThirdParty/MoreMountains/MMTools/Demos/MMGhostCamera/PostProcessing/MMGhostCameraPostProcessingProfile.asset using Guid(ee91928957b9b5b48b0b338bc5fbf32a) Importer(2089858483,192608db42251d675da83286b1cce702) (ScriptedImporter) -> (artifact id: '3e7455f961e5b936911a63e3ea506c12') in 0.0283325 seconds
Number of updated asset objects reloaded before import = 0Number of asset objects unloaded after import = 6

========================================================================
Received Import Request.
  Time since last request: 0.000032 seconds.
  path: Assets/CorgiEngine/ThirdParty/MoreMountains/MMTools/Core/MMSceneLoading/LoadingScreens/LoadingScreen.unity
  artifactKey: Guid(888394d52616e5e42b3b54c3f2bbd3eb) Importer(2089858483,192608db42251d675da83286b1cce702)
Start importing Assets/CorgiEngine/ThirdParty/MoreMountains/MMTools/Core/MMSceneLoading/LoadingScreens/LoadingScreen.unity using Guid(888394d52616e5e42b3b54c3f2bbd3eb) Importer(2089858483,192608db42251d675da83286b1cce702) (ScriptedImporter) -> (artifact id: '93e9486a78d0ef0e194a157702a8389a') in 0.0283923 seconds
Number of updated asset objects reloaded before import = 0Number of asset objects unloaded after import = 1

========================================================================
Received Import Request.
  Time since last request: 0.000023 seconds.
  path: Assets/CorgiEngine/ThirdParty/MoreMountains/MMTools/Foundation/MMAchievements/Sprites/AchievementIcon.png
  artifactKey: Guid(16a86a7f581fc4dfb953e0df8ad3ecac) Importer(2089858483,192608db42251d675da83286b1cce702)
Start importing Assets/CorgiEngine/ThirdParty/MoreMountains/MMTools/Foundation/MMAchievements/Sprites/AchievementIcon.png using Guid(16a86a7f581fc4dfb953e0df8ad3ecac) Importer(2089858483,192608db42251d675da83286b1cce702) (ScriptedImporter) -> (artifact id: '4a74e4ab2a60ed25a21255f34c506675') in 0.0484961 seconds
Number of updated asset objects reloaded before import = 0Number of asset objects unloaded after import = 3

========================================================================
Received Import Request.
  Time since last request: 0.000036 seconds.
  path: Assets/CorgiEngine/ThirdParty/MoreMountains/MMTools/Core/MMAudio/MMSoundManager/MMSoundManagerPlayOptions.cs
  artifactKey: Guid(123f46c3aae9cbd4bba38e5dcf9cecae) Importer(2089858483,192608db42251d675da83286b1cce702)
Start importing Assets/CorgiEngine/ThirdParty/MoreMountains/MMTools/Core/MMAudio/MMSoundManager/MMSoundManagerPlayOptions.cs using Guid(123f46c3aae9cbd4bba38e5dcf9cecae) Importer(2089858483,192608db42251d675da83286b1cce702) (ScriptedImporter) -> (artifact id: '769562c9da30942b6a22b57011f1ade8') in 0.0306865 seconds
Number of updated asset objects reloaded before import = 0Number of asset objects unloaded after import = 0

========================================================================
Received Import Request.
  Time since last request: 0.000047 seconds.
  path: Assets/CorgiEngine/ThirdParty/MoreMountains/MMTools/Demos/MMGhostCamera/Materials/MMGhostCameraSpheres.mat
  artifactKey: Guid(f16d5230fcc97a542a77ce5f30353b47) Importer(2089858483,192608db42251d675da83286b1cce702)
Start importing Assets/CorgiEngine/ThirdParty/MoreMountains/MMTools/Demos/MMGhostCamera/Materials/MMGhostCameraSpheres.mat using Guid(f16d5230fcc97a542a77ce5f30353b47) Importer(2089858483,192608db42251d675da83286b1cce702) (ScriptedImporter) -> (artifact id: 'c9da44d0685bab0c8bb88b1ed789f02e') in 0.0300308 seconds
Number of updated asset objects reloaded before import = 0Number of asset objects unloaded after import = 1

========================================================================
Received Import Request.
  Time since last request: 0.000022 seconds.
  path: Assets/CorgiEngine/ThirdParty/MoreMountains/MMTools/Demos/MMGhostCamera/Materials/MMGhostCameraGround.mat
  artifactKey: Guid(d3ca152672d96364d9f45f1b41ef9644) Importer(2089858483,192608db42251d675da83286b1cce702)
Start importing Assets/CorgiEngine/ThirdParty/MoreMountains/MMTools/Demos/MMGhostCamera/Materials/MMGhostCameraGround.mat using Guid(d3ca152672d96364d9f45f1b41ef9644) Importer(2089858483,192608db42251d675da83286b1cce702) (ScriptedImporter) -> (artifact id: '95ba26a21a86285908df70d8fd66f75f') in 0.0284383 seconds
Number of updated asset objects reloaded before import = 0Number of asset objects unloaded after import = 1

========================================================================
Received Import Request.
  Time since last request: 0.000032 seconds.
  path: Assets/CorgiEngine/ThirdParty/MoreMountains/MMTools/Foundation/MMAchievements/Resources/AchievementDisplay.prefab
  artifactKey: Guid(445360f52aabb4446be71f24e6576a72) Importer(2089858483,192608db42251d675da83286b1cce702)
Start importing Assets/CorgiEngine/ThirdParty/MoreMountains/MMTools/Foundation/MMAchievements/Resources/AchievementDisplay.prefab using Guid(445360f52aabb4446be71f24e6576a72) Importer(2089858483,192608db42251d675da83286b1cce702) (ScriptedImporter) -> (artifact id: 'f6501d30dd82f945090c4896fb778cf6') in 0.0604966 seconds
Number of updated asset objects reloaded before import = 0Number of asset objects unloaded after import = 40

========================================================================
Received Import Request.
  Time since last request: 0.000035 seconds.
  path: Assets/CorgiEngine/ThirdParty/MoreMountains/MMTools/Core/MMSceneLoading/Sprites/LoadingProgressBar.png
  artifactKey: Guid(553f615332baa0d4a842d5600f824551) Importer(2089858483,192608db42251d675da83286b1cce702)
Start importing Assets/CorgiEngine/ThirdParty/MoreMountains/MMTools/Core/MMSceneLoading/Sprites/LoadingProgressBar.png using Guid(553f615332baa0d4a842d5600f824551) Importer(2089858483,192608db42251d675da83286b1cce702) (ScriptedImporter) -> (artifact id: 'ad6b090c374ea978d8a52fcf1fbd747f') in 0.0634759 seconds
Number of updated asset objects reloaded before import = 0Number of asset objects unloaded after import = 3

========================================================================
Received Import Request.
  Time since last request: 0.000030 seconds.
  path: Assets/CorgiEngine/ThirdParty/MoreMountains/MMTools/Core/MMAudio/MMAudioListener/MMAudioListener.cs
  artifactKey: Guid(0e8aa3525151bb343b66b059b6095946) Importer(2089858483,192608db42251d675da83286b1cce702)
Start importing Assets/CorgiEngine/ThirdParty/MoreMountains/MMTools/Core/MMAudio/MMAudioListener/MMAudioListener.cs using Guid(0e8aa3525151bb343b66b059b6095946) Importer(2089858483,192608db42251d675da83286b1cce702) (ScriptedImporter) -> (artifact id: '1d90b2a105c8c556bc11ff3b9db0802d') in 0.0205092 seconds
Number of updated asset objects reloaded before import = 0Number of asset objects unloaded after import = 0

========================================================================
Received Import Request.
  Time since last request: 0.000137 seconds.
  path: Assets/CorgiEngine/ThirdParty/MoreMountains/MMInterface/Styles/Mini/Sprites/RoundedCorners10Stroke5.png
  artifactKey: Guid(1f16c409a155b4f4794e5edb9bff9364) Importer(2089858483,192608db42251d675da83286b1cce702)
Start importing Assets/CorgiEngine/ThirdParty/MoreMountains/MMInterface/Styles/Mini/Sprites/RoundedCorners10Stroke5.png using Guid(1f16c409a155b4f4794e5edb9bff9364) Importer(2089858483,192608db42251d675da83286b1cce702) (ScriptedImporter) -> (artifact id: 'fac83f4c81c8b002c3fcaf1a04703fc7') in 0.0502558 seconds
Number of updated asset objects reloaded before import = 0Number of asset objects unloaded after import = 3

========================================================================
Received Import Request.
  Time since last request: 0.000024 seconds.
  path: Assets/CorgiEngine/ThirdParty/MoreMountains/MMTools/Accessories/MMVFX/MMParticles/MMParticlesFlare.png
  artifactKey: Guid(9eae953b5ed4b564e8df2a362aa9ebc1) Importer(2089858483,192608db42251d675da83286b1cce702)
Start importing Assets/CorgiEngine/ThirdParty/MoreMountains/MMTools/Accessories/MMVFX/MMParticles/MMParticlesFlare.png using Guid(9eae953b5ed4b564e8df2a362aa9ebc1) Importer(2089858483,192608db42251d675da83286b1cce702) (ScriptedImporter) -> (artifact id: '4981655f150c5dc46fe55b2b52ddfd10') in 0.069307 seconds
Number of updated asset objects reloaded before import = 0Number of asset objects unloaded after import = 1

========================================================================
Received Import Request.
  Time since last request: 0.000056 seconds.
  path: Assets/CorgiEngine/ThirdParty/MoreMountains/MMTools/Demos/MMTween/Materials/MMPlotterPointMaterial 5.mat
  artifactKey: Guid(731794f528315c84cb94474206d7e1fe) Importer(2089858483,192608db42251d675da83286b1cce702)
Start importing Assets/CorgiEngine/ThirdParty/MoreMountains/MMTools/Demos/MMTween/Materials/MMPlotterPointMaterial 5.mat using Guid(731794f528315c84cb94474206d7e1fe) Importer(2089858483,192608db42251d675da83286b1cce702) (ScriptedImporter) -> (artifact id: '669aeadca91deface3431447202c26e5') in 0.0340583 seconds
Number of updated asset objects reloaded before import = 0Number of asset objects unloaded after import = 1

========================================================================
Received Import Request.
  Time since last request: 0.000025 seconds.
  path: Assets/CorgiEngine/ThirdParty/MoreMountains/MMTools/Accessories/MMDebugMenu/Prefabs/MMDebugMenuTab.prefab
  artifactKey: Guid(a8296d633c27f554a99bbbf94958722e) Importer(2089858483,192608db42251d675da83286b1cce702)
Start importing Assets/CorgiEngine/ThirdParty/MoreMountains/MMTools/Accessories/MMDebugMenu/Prefabs/MMDebugMenuTab.prefab using Guid(a8296d633c27f554a99bbbf94958722e) Importer(2089858483,192608db42251d675da83286b1cce702) (ScriptedImporter) -> (artifact id: 'd28a77a17e4518c2f52f33ab9b6dabac') in 0.0849733 seconds
Number of updated asset objects reloaded before import = 0Number of asset objects unloaded after import = 16

========================================================================
Received Import Request.
  Time since last request: 0.000029 seconds.
  path: Assets/CorgiEngine/ThirdParty/MoreMountains/MMTools/Accessories/MMVFX/MMRamps/MMRamp2.png
  artifactKey: Guid(34b4cd3e51e31a0408ff86e5c9f7568a) Importer(2089858483,192608db42251d675da83286b1cce702)
Start importing Assets/CorgiEngine/ThirdParty/MoreMountains/MMTools/Accessories/MMVFX/MMRamps/MMRamp2.png using Guid(34b4cd3e51e31a0408ff86e5c9f7568a) Importer(2089858483,192608db42251d675da83286b1cce702) (ScriptedImporter) -> (artifact id: '3a7c1707a6783915ad2a829fc105a96d') in 0.0596047 seconds
Number of updated asset objects reloaded before import = 0Number of asset objects unloaded after import = 1

========================================================================
Received Import Request.
  Time since last request: 0.000043 seconds.
  path: Assets/CorgiEngine/ThirdParty/MoreMountains/MMTools/Core/MMSceneLoading/Sprites/LoadingAnimation.controller
  artifactKey: Guid(b10fa324c4770c94487f925443368d5c) Importer(2089858483,192608db42251d675da83286b1cce702)
Start importing Assets/CorgiEngine/ThirdParty/MoreMountains/MMTools/Core/MMSceneLoading/Sprites/LoadingAnimation.controller using Guid(b10fa324c4770c94487f925443368d5c) Importer(2089858483,192608db42251d675da83286b1cce702) (ScriptedImporter) -> (artifact id: 'a2083e57ff420e55d01bbc382936ef14') in 0.0273035 seconds
Number of updated asset objects reloaded before import = 0Number of asset objects unloaded after import = 4

========================================================================
Received Import Request.
  Time since last request: 0.000020 seconds.
  path: Assets/CorgiEngine/ThirdParty/MoreMountains/MMTools/Accessories/MMVFX/MMNoise/MMFlowNoise.png
  artifactKey: Guid(5c2ab7cb954a3974c8a19f8c9c6f6fdc) Importer(2089858483,192608db42251d675da83286b1cce702)
Start importing Assets/CorgiEngine/ThirdParty/MoreMountains/MMTools/Accessories/MMVFX/MMNoise/MMFlowNoise.png using Guid(5c2ab7cb954a3974c8a19f8c9c6f6fdc) Importer(2089858483,192608db42251d675da83286b1cce702) (ScriptedImporter) -> (artifact id: 'd2359e9300f0450d0eb993e526896cbd') in 0.0568581 seconds
Number of updated asset objects reloaded before import = 0Number of asset objects unloaded after import = 1

========================================================================
Received Import Request.
  Time since last request: 0.000024 seconds.
  path: Assets/CorgiEngine/ThirdParty/MoreMountains/MMTools/Accessories/MMPrototypeTextures/MMBRP_Materials/MMBPR_RedSquares.mat
  artifactKey: Guid(1a9e66cbf3543a44cb2cf068585f07d4) Importer(2089858483,192608db42251d675da83286b1cce702)
Start importing Assets/CorgiEngine/ThirdParty/MoreMountains/MMTools/Accessories/MMPrototypeTextures/MMBRP_Materials/MMBPR_RedSquares.mat using Guid(1a9e66cbf3543a44cb2cf068585f07d4) Importer(2089858483,192608db42251d675da83286b1cce702) (ScriptedImporter) -> (artifact id: '40ae8262d08978f79fe17fdbe945ca83') in 0.054535 seconds
Number of updated asset objects reloaded before import = 0Number of asset objects unloaded after import = 4

========================================================================
Received Import Request.
  Time since last request: 0.000032 seconds.
  path: Assets/CorgiEngine/ThirdParty/MoreMountains/InventoryEngine/Demos/PixelRogue/Prefabs/ItemsPickers/ArmorGreen.prefab
  artifactKey: Guid(75ead9d9c4f35e348b491055d205f968) Importer(2089858483,192608db42251d675da83286b1cce702)
Start importing Assets/CorgiEngine/ThirdParty/MoreMountains/InventoryEngine/Demos/PixelRogue/Prefabs/ItemsPickers/ArmorGreen.prefab using Guid(75ead9d9c4f35e348b491055d205f968) Importer(2089858483,192608db42251d675da83286b1cce702) (ScriptedImporter) -> (artifact id: 'bcc637b5e97e63f82f9cdc2105dfbf2d') in 0.0442763 seconds
Number of updated asset objects reloaded before import = 0Number of asset objects unloaded after import = 11

========================================================================
Received Import Request.
  Time since last request: 0.000030 seconds.
  path: Assets/CorgiEngine/ThirdParty/MoreMountains/MMInterface/Styles/Mini/Materials/HorizontalGradientOrangeToPink.mat
  artifactKey: Guid(421e1209b37540c43a6562e6bc083172) Importer(2089858483,192608db42251d675da83286b1cce702)
Start importing Assets/CorgiEngine/ThirdParty/MoreMountains/MMInterface/Styles/Mini/Materials/HorizontalGradientOrangeToPink.mat using Guid(421e1209b37540c43a6562e6bc083172) Importer(2089858483,192608db42251d675da83286b1cce702) (ScriptedImporter) -> (artifact id: 'c76b6f50989dcbf166d46f64679660a7') in 0.0261808 seconds
Number of updated asset objects reloaded before import = 0Number of asset objects unloaded after import = 1

========================================================================
Received Import Request.
  Time since last request: 0.000035 seconds.
  path: Assets/CorgiEngine/ThirdParty/MoreMountains/MMInterface/Styles/Mini/Prefabs/Score.prefab
  artifactKey: Guid(2d701acb3a8cd1148b7dabcc40871f9e) Importer(2089858483,192608db42251d675da83286b1cce702)
Start importing Assets/CorgiEngine/ThirdParty/MoreMountains/MMInterface/Styles/Mini/Prefabs/Score.prefab using Guid(2d701acb3a8cd1148b7dabcc40871f9e) Importer(2089858483,192608db42251d675da83286b1cce702) (ScriptedImporter) -> (artifact id: 'ffd4c7be257bc59612200a2d0434d4d0') in 0.0523519 seconds
Number of updated asset objects reloaded before import = 0Number of asset objects unloaded after import = 37

========================================================================
Received Import Request.
  Time since last request: 0.000028 seconds.
  path: Assets/CorgiEngine/ThirdParty/MoreMountains/MMInterface/Styles/Mini/Prefabs/InputTextDark.prefab
  artifactKey: Guid(e73f5d2d438deef439c2596047fd57ae) Importer(2089858483,192608db42251d675da83286b1cce702)
Start importing Assets/CorgiEngine/ThirdParty/MoreMountains/MMInterface/Styles/Mini/Prefabs/InputTextDark.prefab using Guid(e73f5d2d438deef439c2596047fd57ae) Importer(2089858483,192608db42251d675da83286b1cce702) (ScriptedImporter) -> (artifact id: 'de3c763b8884c51a75aaa8dd51668dcc') in 0.0644915 seconds
Number of updated asset objects reloaded before import = 0Number of asset objects unloaded after import = 19

========================================================================
Received Import Request.
  Time since last request: 0.000022 seconds.
  path: Assets/CorgiEngine/ThirdParty/MoreMountains/MMTools/Accessories/MMPrototypeTextures/MMBRP_Materials/MMBPR_GreenSquares.mat
  artifactKey: Guid(eb936a4576d8f9741b8d914d47f3ccce) Importer(2089858483,192608db42251d675da83286b1cce702)
Start importing Assets/CorgiEngine/ThirdParty/MoreMountains/MMTools/Accessories/MMPrototypeTextures/MMBRP_Materials/MMBPR_GreenSquares.mat using Guid(eb936a4576d8f9741b8d914d47f3ccce) Importer(2089858483,192608db42251d675da83286b1cce702) (ScriptedImporter) -> (artifact id: '23ef43f344e95275698745b72ecd4cba') in 0.0537378 seconds
Number of updated asset objects reloaded before import = 0Number of asset objects unloaded after import = 4

========================================================================
Received Import Request.
  Time since last request: 0.000053 seconds.
  path: Assets/CorgiEngine/ThirdParty/MoreMountains/MMTools/Accessories/MMVFX/MMRipple/MMRippleCircle1NM.png
  artifactKey: Guid(9b9515ca837f18848a8b11d0d9d1a0c7) Importer(2089858483,192608db42251d675da83286b1cce702)
Start importing Assets/CorgiEngine/ThirdParty/MoreMountains/MMTools/Accessories/MMVFX/MMRipple/MMRippleCircle1NM.png using Guid(9b9515ca837f18848a8b11d0d9d1a0c7) Importer(2089858483,192608db42251d675da83286b1cce702) (ScriptedImporter) -> (artifact id: 'a877bf68eca61f2b4b1e24ab34396838') in 0.0603047 seconds
Number of updated asset objects reloaded before import = 0Number of asset objects unloaded after import = 1

========================================================================
Received Import Request.
  Time since last request: 0.000031 seconds.
  path: Assets/CorgiEngine/ThirdParty/MoreMountains/MMInterface/Styles/Mini/Sprites/SwitchBackground.png
  artifactKey: Guid(d34a108822d1ab84697e8a4da3b5f7e3) Importer(2089858483,192608db42251d675da83286b1cce702)
Start importing Assets/CorgiEngine/ThirdParty/MoreMountains/MMInterface/Styles/Mini/Sprites/SwitchBackground.png using Guid(d34a108822d1ab84697e8a4da3b5f7e3) Importer(2089858483,192608db42251d675da83286b1cce702) (ScriptedImporter) -> (artifact id: 'dc2df225ae976b74eee568871863c9f6') in 0.0417224 seconds
Number of updated asset objects reloaded before import = 0Number of asset objects unloaded after import = 3

========================================================================
Received Import Request.
  Time since last request: 0.000020 seconds.
  path: Assets/CorgiEngine/ThirdParty/MoreMountains/MMFeedbacks/Demos/SequencingDemo/Sounds/Kit/MMSequencingHat1.wav
  artifactKey: Guid(4f695319e626b31488c89d7236767b38) Importer(2089858483,192608db42251d675da83286b1cce702)
Start importing Assets/CorgiEngine/ThirdParty/MoreMountains/MMFeedbacks/Demos/SequencingDemo/Sounds/Kit/MMSequencingHat1.wav using Guid(4f695319e626b31488c89d7236767b38) Importer(2089858483,192608db42251d675da83286b1cce702) (ScriptedImporter) -> (artifact id: 'd2ed15d0a53a408cb92742d94fd42a48') in 0.059844 seconds
Number of updated asset objects reloaded before import = 0Number of asset objects unloaded after import = 1

========================================================================
Received Import Request.
  Time since last request: 0.000029 seconds.
  path: Assets/CorgiEngine/ThirdParty/MoreMountains/MMInterface/Common/Animations/Buttons/Animators/ButtonAnimatorOneTimeFlipHorizontal.overrideController
  artifactKey: Guid(5b120056f11b5ac4da11c3ce3f67612c) Importer(2089858483,192608db42251d675da83286b1cce702)
Start importing Assets/CorgiEngine/ThirdParty/MoreMountains/MMInterface/Common/Animations/Buttons/Animators/ButtonAnimatorOneTimeFlipHorizontal.overrideController using Guid(5b120056f11b5ac4da11c3ce3f67612c) Importer(2089858483,192608db42251d675da83286b1cce702) (ScriptedImporter) -> (artifact id: '121b4608b5619eddb29488611c182640') in 0.0337224 seconds
Number of updated asset objects reloaded before import = 0Number of asset objects unloaded after import = 20

========================================================================
Received Import Request.
  Time since last request: 0.000019 seconds.
  path: Assets/CorgiEngine/ThirdParty/MoreMountains/InventoryEngine/Demos/PixelRogue/Resources/Items/Revolver.asset
  artifactKey: Guid(e4d2e43314ce85a48a06a6e2cd914d40) Importer(2089858483,192608db42251d675da83286b1cce702)
Start importing Assets/CorgiEngine/ThirdParty/MoreMountains/InventoryEngine/Demos/PixelRogue/Resources/Items/Revolver.asset using Guid(e4d2e43314ce85a48a06a6e2cd914d40) Importer(2089858483,192608db42251d675da83286b1cce702) (ScriptedImporter) -> (artifact id: 'fab8507cb15a2c6fb51006044468498d') in 0.0407165 seconds
Number of updated asset objects reloaded before import = 0Number of asset objects unloaded after import = 10

========================================================================
Received Import Request.
  Time since last request: 0.000024 seconds.
  path: Assets/CorgiEngine/ThirdParty/MoreMountains/MMFeedbacks/Demos/SequencingDemo/Sounds/Kit/MMSequencingTom1.wav
  artifactKey: Guid(4b685326475200245ba5a32fc9fb1c1b) Importer(2089858483,192608db42251d675da83286b1cce702)
Start importing Assets/CorgiEngine/ThirdParty/MoreMountains/MMFeedbacks/Demos/SequencingDemo/Sounds/Kit/MMSequencingTom1.wav using Guid(4b685326475200245ba5a32fc9fb1c1b) Importer(2089858483,192608db42251d675da83286b1cce702) (ScriptedImporter) -> (artifact id: 'de9f20c54c1e9b7c2490131960891dfb') in 0.0540617 seconds
Number of updated asset objects reloaded before import = 0Number of asset objects unloaded after import = 1

========================================================================
Received Import Request.
  Time since last request: 0.000022 seconds.
  path: Assets/CorgiEngine/ThirdParty/MoreMountains/MMInterface/Styles/Mini/Sprites/Icons/MMIconMusic.png
  artifactKey: Guid(13f07b2ca454f914ca1a4e7043fd8e38) Importer(2089858483,192608db42251d675da83286b1cce702)
Start importing Assets/CorgiEngine/ThirdParty/MoreMountains/MMInterface/Styles/Mini/Sprites/Icons/MMIconMusic.png using Guid(13f07b2ca454f914ca1a4e7043fd8e38) Importer(2089858483,192608db42251d675da83286b1cce702) (ScriptedImporter) -> (artifact id: '410d77287ed9bdc967e6c41d5771973a') in 0.0520653 seconds
Number of updated asset objects reloaded before import = 0Number of asset objects unloaded after import = 3

========================================================================
Received Import Request.
  Time since last request: 0.000033 seconds.
  path: Assets/CorgiEngine/ThirdParty/MoreMountains/MMTools/Accessories/MMDebugMenu/Scripts/Events/MMDebugMenuButtonEvent.cs
  artifactKey: Guid(7fb7575f8c305d244ba40b4b661d997c) Importer(2089858483,192608db42251d675da83286b1cce702)
Start importing Assets/CorgiEngine/ThirdParty/MoreMountains/MMTools/Accessories/MMDebugMenu/Scripts/Events/MMDebugMenuButtonEvent.cs using Guid(7fb7575f8c305d244ba40b4b661d997c) Importer(2089858483,192608db42251d675da83286b1cce702) (ScriptedImporter) -> (artifact id: 'fde8985779c4b34e8e0b53bf65fa176d') in 0.0202348 seconds
Number of updated asset objects reloaded before import = 0Number of asset objects unloaded after import = 0

========================================================================
Received Import Request.
  Time since last request: 0.000035 seconds.
  path: Assets/CorgiEngine/ThirdParty/MoreMountains/MMInterface/Common/Animations/Buttons/Animators/ButtonAnimatorOneTimeTwoStep.overrideController
  artifactKey: Guid(57a9d08806ba6c14eb4bd2c0dc9683b2) Importer(2089858483,192608db42251d675da83286b1cce702)
Start importing Assets/CorgiEngine/ThirdParty/MoreMountains/MMInterface/Common/Animations/Buttons/Animators/ButtonAnimatorOneTimeTwoStep.overrideController using Guid(57a9d08806ba6c14eb4bd2c0dc9683b2) Importer(2089858483,192608db42251d675da83286b1cce702) (ScriptedImporter) -> (artifact id: '43cc01a75833d24185e17b66bfde25e6') in 0.0309057 seconds
Number of updated asset objects reloaded before import = 0Number of asset objects unloaded after import = 20

========================================================================
Received Import Request.
  Time since last request: 0.000034 seconds.
  path: Assets/CorgiEngine/ThirdParty/MoreMountains/MMInterface/Styles/Mini/Fonts/Lato/Lato-BoldItalic.ttf
  artifactKey: Guid(b3f5977fecea16e4dabc6a31e8c2a065) Importer(2089858483,192608db42251d675da83286b1cce702)
Start importing Assets/CorgiEngine/ThirdParty/MoreMountains/MMInterface/Styles/Mini/Fonts/Lato/Lato-BoldItalic.ttf using Guid(b3f5977fecea16e4dabc6a31e8c2a065) Importer(2089858483,192608db42251d675da83286b1cce702) (ScriptedImporter) -> (artifact id: 'df84562da4f40eb142f95f0aae58e302') in 0.0429725 seconds
Number of updated asset objects reloaded before import = 0Number of asset objects unloaded after import = 3

========================================================================
Received Import Request.
  Time since last request: 0.000021 seconds.
  path: Assets/CorgiEngine/ThirdParty/MoreMountains/MMFeedbacks/Demos/SequencingDemo/Sounds/Kit/MMSequencingNote2.wav
  artifactKey: Guid(8c507f67546a1f341b5028478e54fab1) Importer(2089858483,192608db42251d675da83286b1cce702)
Start importing Assets/CorgiEngine/ThirdParty/MoreMountains/MMFeedbacks/Demos/SequencingDemo/Sounds/Kit/MMSequencingNote2.wav using Guid(8c507f67546a1f341b5028478e54fab1) Importer(2089858483,192608db42251d675da83286b1cce702) (ScriptedImporter) -> (artifact id: '1d043be79caf4a94486cbe5f8434bc47') in 0.0652102 seconds
Number of updated asset objects reloaded before import = 0Number of asset objects unloaded after import = 1

========================================================================
Received Import Request.
  Time since last request: 0.000046 seconds.
  path: Assets/CorgiEngine/ThirdParty/MoreMountains/MMInterface/Styles/Mini/Fonts/Lato/Lato-Italic.ttf
  artifactKey: Guid(ab9f8458e621c034ab9459a93494c25b) Importer(2089858483,192608db42251d675da83286b1cce702)
Start importing Assets/CorgiEngine/ThirdParty/MoreMountains/MMInterface/Styles/Mini/Fonts/Lato/Lato-Italic.ttf using Guid(ab9f8458e621c034ab9459a93494c25b) Importer(2089858483,192608db42251d675da83286b1cce702) (ScriptedImporter) -> (artifact id: '7533c6bdad59b2d7082892927082ec02') in 0.0415337 seconds
Number of updated asset objects reloaded before import = 0Number of asset objects unloaded after import = 3

========================================================================
Received Import Request.
  Time since last request: 0.001085 seconds.
  path: Assets/CorgiEngine/ThirdParty/MoreMountains/MMInterface/Common/Animations/Buttons/Animations/MMI_ButtonPushDownSimple.anim
  artifactKey: Guid(6cb9067fc61bab64d96bbe754ffb0689) Importer(2089858483,192608db42251d675da83286b1cce702)
Start importing Assets/CorgiEngine/ThirdParty/MoreMountains/MMInterface/Common/Animations/Buttons/Animations/MMI_ButtonPushDownSimple.anim using Guid(6cb9067fc61bab64d96bbe754ffb0689) Importer(2089858483,192608db42251d675da83286b1cce702) (ScriptedImporter) -> (artifact id: '3b4cb7feff537645be3bd21794052edd') in 0.0305862 seconds
Number of updated asset objects reloaded before import = 0Number of asset objects unloaded after import = 1

========================================================================
Received Import Request.
  Time since last request: 0.000035 seconds.
  path: Assets/CorgiEngine/ThirdParty/MoreMountains/MMFeedbacks/Demos/SequencingDemo/Sounds/Kit/MMSequencingTom4.wav
  artifactKey: Guid(f875bba495f73804582057f1fa52419e) Importer(2089858483,192608db42251d675da83286b1cce702)
Start importing Assets/CorgiEngine/ThirdParty/MoreMountains/MMFeedbacks/Demos/SequencingDemo/Sounds/Kit/MMSequencingTom4.wav using Guid(f875bba495f73804582057f1fa52419e) Importer(2089858483,192608db42251d675da83286b1cce702) (ScriptedImporter) -> (artifact id: 'ec2941da08f8eca9deb61bb40e7adeb7') in 0.0663923 seconds
Number of updated asset objects reloaded before import = 0Number of asset objects unloaded after import = 1

========================================================================
Received Import Request.
  Time since last request: 0.000044 seconds.
  path: Assets/CorgiEngine/ThirdParty/MoreMountains/MMInterface/Common/Animations/Buttons/Animators/ButtonAnimatorMasterOneTime.controller
  artifactKey: Guid(e4237da90a40d994e8fa238bf20be3bb) Importer(2089858483,192608db42251d675da83286b1cce702)
Start importing Assets/CorgiEngine/ThirdParty/MoreMountains/MMInterface/Common/Animations/Buttons/Animators/ButtonAnimatorMasterOneTime.controller using Guid(e4237da90a40d994e8fa238bf20be3bb) Importer(2089858483,192608db42251d675da83286b1cce702) (ScriptedImporter) -> (artifact id: '29e01fc894c257904ca2876cafcc267e') in 0.0279037 seconds
Number of updated asset objects reloaded before import = 0Number of asset objects unloaded after import = 18

========================================================================
Received Import Request.
  Time since last request: 0.000025 seconds.
  path: Assets/CorgiEngine/ThirdParty/MoreMountains/MMInterface/Styles/Mini/Fonts/Lato/Lato-LightItalic.ttf
  artifactKey: Guid(53d01262beef8f3478829f40c54b17a6) Importer(2089858483,192608db42251d675da83286b1cce702)
Start importing Assets/CorgiEngine/ThirdParty/MoreMountains/MMInterface/Styles/Mini/Fonts/Lato/Lato-LightItalic.ttf using Guid(53d01262beef8f3478829f40c54b17a6) Importer(2089858483,192608db42251d675da83286b1cce702) (ScriptedImporter) -> (artifact id: 'd7930f898b840a5349fc710d466db2bb') in 0.0337208 seconds
Number of updated asset objects reloaded before import = 0Number of asset objects unloaded after import = 3

========================================================================
Received Import Request.
  Time since last request: 0.000036 seconds.
  path: Assets/CorgiEngine/ThirdParty/MoreMountains/InventoryEngine/Demos/PixelRogue/Resources/Items/Bomb.asset
  artifactKey: Guid(73d7843da02c41646b5d0e016d55d908) Importer(2089858483,192608db42251d675da83286b1cce702)
Start importing Assets/CorgiEngine/ThirdParty/MoreMountains/InventoryEngine/Demos/PixelRogue/Resources/Items/Bomb.asset using Guid(73d7843da02c41646b5d0e016d55d908) Importer(2089858483,192608db42251d675da83286b1cce702) (ScriptedImporter) -> (artifact id: '8960c9c31eea6631f4f29b42d44fb16f') in 0.048116 seconds
Number of updated asset objects reloaded before import = 0Number of asset objects unloaded after import = 10

========================================================================
Received Import Request.
  Time since last request: 0.000027 seconds.
  path: Assets/CorgiEngine/ThirdParty/MoreMountains/MMFeedbacks/Demos/SequencingDemo/Textures/wip/Rocks21_col.png
  artifactKey: Guid(f92424af8a6fa354d83079c4bf43b782) Importer(2089858483,192608db42251d675da83286b1cce702)
Start importing Assets/CorgiEngine/ThirdParty/MoreMountains/MMFeedbacks/Demos/SequencingDemo/Textures/wip/Rocks21_col.png using Guid(f92424af8a6fa354d83079c4bf43b782) Importer(2089858483,192608db42251d675da83286b1cce702) (ScriptedImporter) -> (artifact id: '19b3e5b0d8ac8b7fd2e6a5a34b486ace') in 0.0674846 seconds
Number of updated asset objects reloaded before import = 0Number of asset objects unloaded after import = 1

========================================================================
Received Import Request.
  Time since last request: 0.000021 seconds.
  path: Assets/CorgiEngine/ThirdParty/MoreMountains/InventoryEngine/Demos/PixelRogue/Prefabs/ItemsPickers/Minigun.prefab
  artifactKey: Guid(f6a811d401907a94a8f74cd42bc185c2) Importer(2089858483,192608db42251d675da83286b1cce702)
Start importing Assets/CorgiEngine/ThirdParty/MoreMountains/InventoryEngine/Demos/PixelRogue/Prefabs/ItemsPickers/Minigun.prefab using Guid(f6a811d401907a94a8f74cd42bc185c2) Importer(2089858483,192608db42251d675da83286b1cce702) (ScriptedImporter) -> (artifact id: 'ddb810dbb043309bd9595176c83c759a') in 0.0499313 seconds
Number of updated asset objects reloaded before import = 0Number of asset objects unloaded after import = 11

========================================================================
Received Import Request.
  Time since last request: 0.000030 seconds.
  path: Assets/CorgiEngine/ThirdParty/MoreMountains/InventoryEngine/Demos/PixelRogue/Resources/Items/Minigun.asset
  artifactKey: Guid(23f15b9bad261b545acbe8659a1d279a) Importer(2089858483,192608db42251d675da83286b1cce702)
Start importing Assets/CorgiEngine/ThirdParty/MoreMountains/InventoryEngine/Demos/PixelRogue/Resources/Items/Minigun.asset using Guid(23f15b9bad261b545acbe8659a1d279a) Importer(2089858483,192608db42251d675da83286b1cce702) (ScriptedImporter) -> (artifact id: 'd1bbf8d50ce3927524c9f89bfcd2c797') in 0.0461098 seconds
Number of updated asset objects reloaded before import = 0Number of asset objects unloaded after import = 10

========================================================================
Received Import Request.
  Time since last request: 0.000031 seconds.
  path: Assets/CorgiEngine/ThirdParty/MoreMountains/MMFeedbacks/Demos/MMFeedbacksDemo/Textures/Paper/PaperCol.png
  artifactKey: Guid(92ea895d681c10a4d9d9c279d63a9c87) Importer(2089858483,192608db42251d675da83286b1cce702)
Start importing Assets/CorgiEngine/ThirdParty/MoreMountains/MMFeedbacks/Demos/MMFeedbacksDemo/Textures/Paper/PaperCol.png using Guid(92ea895d681c10a4d9d9c279d63a9c87) Importer(2089858483,192608db42251d675da83286b1cce702) (ScriptedImporter) -> (artifact id: 'a4c7480c5751e2851d8563fa9a2f83f1') in 0.0418048 seconds
Number of updated asset objects reloaded before import = 0Number of asset objects unloaded after import = 1

========================================================================
Received Import Request.
  Time since last request: 0.000026 seconds.
  path: Assets/CorgiEngine/ThirdParty/MoreMountains/MMInterface/Styles/Mini/Sprites/Icons/MMIconSoundOn.png
  artifactKey: Guid(21d9f3ee932343240bec2d4eb6f34968) Importer(2089858483,192608db42251d675da83286b1cce702)
Start importing Assets/CorgiEngine/ThirdParty/MoreMountains/MMInterface/Styles/Mini/Sprites/Icons/MMIconSoundOn.png using Guid(21d9f3ee932343240bec2d4eb6f34968) Importer(2089858483,192608db42251d675da83286b1cce702) (ScriptedImporter) -> (artifact id: '249920bcfa19ce22c9b7fa979a32ef4c') in 0.0451671 seconds
Number of updated asset objects reloaded before import = 0Number of asset objects unloaded after import = 3

========================================================================
Received Import Request.
  Time since last request: 0.000022 seconds.
  path: Assets/CorgiEngine/ThirdParty/MoreMountains/MMFeedbacks/MMFeedbacks/Springs/Core/Components/MMSpringFloatComponent.cs
  artifactKey: Guid(350a2c9fae5188346b6494925847d4e0) Importer(2089858483,192608db42251d675da83286b1cce702)
Start importing Assets/CorgiEngine/ThirdParty/MoreMountains/MMFeedbacks/MMFeedbacks/Springs/Core/Components/MMSpringFloatComponent.cs using Guid(350a2c9fae5188346b6494925847d4e0) Importer(2089858483,192608db42251d675da83286b1cce702) (ScriptedImporter) -> (artifact id: '1275738ae7216e96b12843a06096931f') in 0.0177965 seconds
Number of updated asset objects reloaded before import = 0Number of asset objects unloaded after import = 0

========================================================================
Received Import Request.
  Time since last request: 0.000024 seconds.
  path: Assets/CorgiEngine/ThirdParty/MoreMountains/MMTools/Accessories/MMDebugMenu/Scripts/MMDebugMenuItems/MMDebugMenuItemText.cs
  artifactKey: Guid(26996c3ee681f254592c7bbaf459447a) Importer(2089858483,192608db42251d675da83286b1cce702)
Start importing Assets/CorgiEngine/ThirdParty/MoreMountains/MMTools/Accessories/MMDebugMenu/Scripts/MMDebugMenuItems/MMDebugMenuItemText.cs using Guid(26996c3ee681f254592c7bbaf459447a) Importer(2089858483,192608db42251d675da83286b1cce702) (ScriptedImporter) -> (artifact id: 'aeb37df9fc3f1201f0cf7dc7f252f184') in 0.0247748 seconds
Number of updated asset objects reloaded before import = 0Number of asset objects unloaded after import = 0

========================================================================
Received Import Request.
  Time since last request: 0.000070 seconds.
  path: Assets/CorgiEngine/ThirdParty/MoreMountains/MMFeedbacks/Demos/SequencingDemo/Sounds/Kit/MMSequencingCymbal3.wav
  artifactKey: Guid(c2e2c977f649c3140947b36e07ee9347) Importer(2089858483,192608db42251d675da83286b1cce702)
Start importing Assets/CorgiEngine/ThirdParty/MoreMountains/MMFeedbacks/Demos/SequencingDemo/Sounds/Kit/MMSequencingCymbal3.wav using Guid(c2e2c977f649c3140947b36e07ee9347) Importer(2089858483,192608db42251d675da83286b1cce702) (ScriptedImporter) -> (artifact id: '15ec35a89dfc7ad492453a52de18da05') in 0.0659707 seconds
Number of updated asset objects reloaded before import = 0Number of asset objects unloaded after import = 1

========================================================================
Received Import Request.
  Time since last request: 0.000039 seconds.
  path: Assets/CorgiEngine/ThirdParty/MoreMountains/MMTools/Accessories/MMDebugMenu/Scripts/MMDebugMenuItems/MMDebugMenuItemButton.cs
  artifactKey: Guid(4111d7e29da39ee46b807daa22dd3af9) Importer(2089858483,192608db42251d675da83286b1cce702)
Start importing Assets/CorgiEngine/ThirdParty/MoreMountains/MMTools/Accessories/MMDebugMenu/Scripts/MMDebugMenuItems/MMDebugMenuItemButton.cs using Guid(4111d7e29da39ee46b807daa22dd3af9) Importer(2089858483,192608db42251d675da83286b1cce702) (ScriptedImporter) -> (artifact id: 'b13f41896adc12cabbdbd609edd6d44c') in 0.0283688 seconds
Number of updated asset objects reloaded before import = 0Number of asset objects unloaded after import = 0

========================================================================
Received Import Request.
  Time since last request: 0.000065 seconds.
  path: Assets/CorgiEngine/ThirdParty/MoreMountains/InventoryEngine/Demos/PixelRogue/Scripts/Items/HealthBonusItem.cs
  artifactKey: Guid(48417c356aa393b48a91d187acc3198e) Importer(2089858483,192608db42251d675da83286b1cce702)
Start importing Assets/CorgiEngine/ThirdParty/MoreMountains/InventoryEngine/Demos/PixelRogue/Scripts/Items/HealthBonusItem.cs using Guid(48417c356aa393b48a91d187acc3198e) Importer(2089858483,192608db42251d675da83286b1cce702) (ScriptedImporter) -> (artifact id: 'ce879d3b0794453c5783f00599842166') in 0.0199744 seconds
Number of updated asset objects reloaded before import = 0Number of asset objects unloaded after import = 0

========================================================================
Received Import Request.
  Time since last request: 0.000086 seconds.
  path: Assets/CorgiEngine/ThirdParty/MoreMountains/MMFeedbacks/Demos/SequencingDemo/Sounds/Kit/MMSequencingNote1.wav
  artifactKey: Guid(d6252c9736dd3514dae1fc4563f27d43) Importer(2089858483,192608db42251d675da83286b1cce702)
Start importing Assets/CorgiEngine/ThirdParty/MoreMountains/MMFeedbacks/Demos/SequencingDemo/Sounds/Kit/MMSequencingNote1.wav using Guid(d6252c9736dd3514dae1fc4563f27d43) Importer(2089858483,192608db42251d675da83286b1cce702) (ScriptedImporter) -> (artifact id: '26d7c1aaeb472c2c8769f69ba64aa86d') in 0.0565059 seconds
Number of updated asset objects reloaded before import = 0Number of asset objects unloaded after import = 1

========================================================================
Received Import Request.
  Time since last request: 0.000058 seconds.
  path: Assets/CorgiEngine/ThirdParty/MoreMountains/MMTools/Foundation/MMAchievements/Scripts/MMAchievementList.cs
  artifactKey: Guid(6f8f916bd4c5a444fa42e298d90f488d) Importer(2089858483,192608db42251d675da83286b1cce702)
Start importing Assets/CorgiEngine/ThirdParty/MoreMountains/MMTools/Foundation/MMAchievements/Scripts/MMAchievementList.cs using Guid(6f8f916bd4c5a444fa42e298d90f488d) Importer(2089858483,192608db42251d675da83286b1cce702) (ScriptedImporter) -> (artifact id: '02c22a4649ec88b1a04b0772d40357b8') in 0.0234629 seconds
Number of updated asset objects reloaded before import = 0Number of asset objects unloaded after import = 0

========================================================================
Received Import Request.
  Time since last request: 0.000049 seconds.
  path: Assets/CorgiEngine/ThirdParty/MoreMountains/MMTools/Accessories/MMVFX/MMNoise/MMBrushNoise.png
  artifactKey: Guid(f1d51ed493a42ad4789ff2be401e8b43) Importer(2089858483,192608db42251d675da83286b1cce702)
Start importing Assets/CorgiEngine/ThirdParty/MoreMountains/MMTools/Accessories/MMVFX/MMNoise/MMBrushNoise.png using Guid(f1d51ed493a42ad4789ff2be401e8b43) Importer(2089858483,192608db42251d675da83286b1cce702) (ScriptedImporter) -> (artifact id: '70396c624c8cc9c0f4c0b7c1a8690bf1') in 0.0601963 seconds
Number of updated asset objects reloaded before import = 0Number of asset objects unloaded after import = 1

========================================================================
Received Import Request.
  Time since last request: 0.000022 seconds.
  path: Assets/CorgiEngine/ThirdParty/MoreMountains/MMTools/Accessories/MMPrototypeTextures/Textures/MMProtoTextures/MMProtoTextures_DarkGreyDots.png
  artifactKey: Guid(8274e1a60f17f4e4890fc0814db5e357) Importer(2089858483,192608db42251d675da83286b1cce702)
Start importing Assets/CorgiEngine/ThirdParty/MoreMountains/MMTools/Accessories/MMPrototypeTextures/Textures/MMProtoTextures/MMProtoTextures_DarkGreyDots.png using Guid(8274e1a60f17f4e4890fc0814db5e357) Importer(2089858483,192608db42251d675da83286b1cce702) (ScriptedImporter) -> (artifact id: '29a282d3898c255f455f99017ddb2a25') in 0.0405338 seconds
Number of updated asset objects reloaded before import = 0Number of asset objects unloaded after import = 1

========================================================================
Received Import Request.
  Time since last request: 0.000025 seconds.
  path: Assets/CorgiEngine/ThirdParty/MoreMountains/MMInterface/Styles/Mini/Prefabs/Buttons/Blue/ButtonCircleHome.prefab
  artifactKey: Guid(f3f870640bdc2974b8fe803dd23f9c6a) Importer(2089858483,192608db42251d675da83286b1cce702)
Start importing Assets/CorgiEngine/ThirdParty/MoreMountains/MMInterface/Styles/Mini/Prefabs/Buttons/Blue/ButtonCircleHome.prefab using Guid(f3f870640bdc2974b8fe803dd23f9c6a) Importer(2089858483,192608db42251d675da83286b1cce702) (ScriptedImporter) -> (artifact id: '8fa9c548883bfcbdbd61173ea9619556') in 0.0443581 seconds
Number of updated asset objects reloaded before import = 0Number of asset objects unloaded after import = 41

========================================================================
Received Import Request.
  Time since last request: 0.000036 seconds.
  path: Assets/CorgiEngine/ThirdParty/MoreMountains/MMTools/Accessories/MMDebugMenu/Scripts/Tabs/MMDebugMenuTabContents.cs
  artifactKey: Guid(d72d65b4a360e184da7662f4f4c6acc0) Importer(2089858483,192608db42251d675da83286b1cce702)
Start importing Assets/CorgiEngine/ThirdParty/MoreMountains/MMTools/Accessories/MMDebugMenu/Scripts/Tabs/MMDebugMenuTabContents.cs using Guid(d72d65b4a360e184da7662f4f4c6acc0) Importer(2089858483,192608db42251d675da83286b1cce702) (ScriptedImporter) -> (artifact id: '5c91ece4a53b04a65f36be092b15cd65') in 0.0229348 seconds
Number of updated asset objects reloaded before import = 0Number of asset objects unloaded after import = 0

========================================================================
Received Import Request.
  Time since last request: 0.000089 seconds.
  path: Assets/CorgiEngine/ThirdParty/MoreMountains/MMInterface/Styles/Mini/Prefabs/Buttons/Cyan/ButtonCircleCoin.prefab
  artifactKey: Guid(26fd90bf91812e54e91544db8597d358) Importer(2089858483,192608db42251d675da83286b1cce702)
Start importing Assets/CorgiEngine/ThirdParty/MoreMountains/MMInterface/Styles/Mini/Prefabs/Buttons/Cyan/ButtonCircleCoin.prefab using Guid(26fd90bf91812e54e91544db8597d358) Importer(2089858483,192608db42251d675da83286b1cce702) (ScriptedImporter) -> (artifact id: '4e4878b73fe17059ea9ce2aa119fe538') in 0.0417952 seconds
Number of updated asset objects reloaded before import = 0Number of asset objects unloaded after import = 41

========================================================================
Received Import Request.
  Time since last request: 0.000041 seconds.
  path: Assets/CorgiEngine/ThirdParty/MoreMountains/MMInterface/Styles/Mini/Prefabs/Buttons/Cyan/ButtonCircleArrow.prefab
  artifactKey: Guid(3f34fe177f360ee4ba74ed6cf271890e) Importer(2089858483,192608db42251d675da83286b1cce702)
Start importing Assets/CorgiEngine/ThirdParty/MoreMountains/MMInterface/Styles/Mini/Prefabs/Buttons/Cyan/ButtonCircleArrow.prefab using Guid(3f34fe177f360ee4ba74ed6cf271890e) Importer(2089858483,192608db42251d675da83286b1cce702) (ScriptedImporter) -> (artifact id: '9d6d17b1e249fed7461699204524356d') in 0.0368508 seconds
Number of updated asset objects reloaded before import = 0Number of asset objects unloaded after import = 41

========================================================================
Received Import Request.
  Time since last request: 0.000027 seconds.
  path: Assets/CorgiEngine/ThirdParty/MoreMountains/MMTools/Accessories/MMPrototypeTextures/Textures/MMProtoTextures/MMProtoTextures_LightGreySquares.png
  artifactKey: Guid(9cf882a8a1f69ff43b2216f75cddd54d) Importer(2089858483,192608db42251d675da83286b1cce702)
Start importing Assets/CorgiEngine/ThirdParty/MoreMountains/MMTools/Accessories/MMPrototypeTextures/Textures/MMProtoTextures/MMProtoTextures_LightGreySquares.png using Guid(9cf882a8a1f69ff43b2216f75cddd54d) Importer(2089858483,192608db42251d675da83286b1cce702) (ScriptedImporter) -> (artifact id: '12ca2a020261428b147e1ce9cade11d1') in 0.0440206 seconds
Number of updated asset objects reloaded before import = 0Number of asset objects unloaded after import = 1

========================================================================
Received Import Request.
  Time since last request: 0.000019 seconds.
  path: Assets/CorgiEngine/ThirdParty/MoreMountains/MMInterface/Styles/Mini/Prefabs/Buttons/Blue/ButtonCircleArrow.prefab
  artifactKey: Guid(af0d96fbcd81d7c47945c917c5d3041f) Importer(2089858483,192608db42251d675da83286b1cce702)
Start importing Assets/CorgiEngine/ThirdParty/MoreMountains/MMInterface/Styles/Mini/Prefabs/Buttons/Blue/ButtonCircleArrow.prefab using Guid(af0d96fbcd81d7c47945c917c5d3041f) Importer(2089858483,192608db42251d675da83286b1cce702) (ScriptedImporter) -> (artifact id: '535adcfdaa9fc92c091d5258a33cbb14') in 0.0406297 seconds
Number of updated asset objects reloaded before import = 0Number of asset objects unloaded after import = 41

========================================================================
Received Import Request.
  Time since last request: 0.000022 seconds.
  path: Assets/CorgiEngine/ThirdParty/MoreMountains/MMInterface/Styles/Mini/Prefabs/Buttons/Blue/ButtonSquareStar.prefab
  artifactKey: Guid(f04b5b14b90e44a4fa0170063d7c8212) Importer(2089858483,192608db42251d675da83286b1cce702)
Start importing Assets/CorgiEngine/ThirdParty/MoreMountains/MMInterface/Styles/Mini/Prefabs/Buttons/Blue/ButtonSquareStar.prefab using Guid(f04b5b14b90e44a4fa0170063d7c8212) Importer(2089858483,192608db42251d675da83286b1cce702) (ScriptedImporter) -> (artifact id: '0f2042acb8e71b5058e94481fd64b8f1') in 0.0418345 seconds
Number of updated asset objects reloaded before import = 0Number of asset objects unloaded after import = 41

========================================================================
Received Import Request.
  Time since last request: 0.000024 seconds.
  path: Assets/CorgiEngine/ThirdParty/MoreMountains/MMInterface/Common/Animations/Buttons/Animations/DefaultPlaceholders/MMI_ButtonPressed.anim
  artifactKey: Guid(d5126ce3b387d9d4eab10d5b41582e78) Importer(2089858483,192608db42251d675da83286b1cce702)
Start importing Assets/CorgiEngine/ThirdParty/MoreMountains/MMInterface/Common/Animations/Buttons/Animations/DefaultPlaceholders/MMI_ButtonPressed.anim using Guid(d5126ce3b387d9d4eab10d5b41582e78) Importer(2089858483,192608db42251d675da83286b1cce702) (ScriptedImporter) -> (artifact id: '2e25a94651e9b451434d708b970d9696') in 0.0249338 seconds
Number of updated asset objects reloaded before import = 0Number of asset objects unloaded after import = 1

========================================================================
Received Import Request.
  Time since last request: 0.000032 seconds.
  path: Assets/CorgiEngine/ThirdParty/MoreMountains/MMTools/Core/MMRadio/MMProperty/MMPropertyLink/MMPropertyLinkFloat.cs
  artifactKey: Guid(2efa1b899c8751046b9617c7268d54f8) Importer(2089858483,192608db42251d675da83286b1cce702)
Start importing Assets/CorgiEngine/ThirdParty/MoreMountains/MMTools/Core/MMRadio/MMProperty/MMPropertyLink/MMPropertyLinkFloat.cs using Guid(2efa1b899c8751046b9617c7268d54f8) Importer(2089858483,192608db42251d675da83286b1cce702) (ScriptedImporter) -> (artifact id: 'c2a2d4f74ced33f648feacc5d28dc0b2') in 0.0281436 seconds
Number of updated asset objects reloaded before import = 0Number of asset objects unloaded after import = 0

========================================================================
Received Import Request.
  Time since last request: 0.000126 seconds.
  path: Assets/CorgiEngine/ThirdParty/MoreMountains/MMInterface/Styles/Mini/Prefabs/Buttons/Blue/ButtonSquareChevron.prefab
  artifactKey: Guid(19e4c9af5a7b6f74a826fcd22aa68416) Importer(2089858483,192608db42251d675da83286b1cce702)
Start importing Assets/CorgiEngine/ThirdParty/MoreMountains/MMInterface/Styles/Mini/Prefabs/Buttons/Blue/ButtonSquareChevron.prefab using Guid(19e4c9af5a7b6f74a826fcd22aa68416) Importer(2089858483,192608db42251d675da83286b1cce702) (ScriptedImporter) -> (artifact id: 'b8ae4387b58950e242911cdb5af9cc89') in 0.0421645 seconds
Number of updated asset objects reloaded before import = 0Number of asset objects unloaded after import = 41

========================================================================
Received Import Request.
  Time since last request: 0.000023 seconds.
  path: Assets/CorgiEngine/ThirdParty/MoreMountains/MMTools/Core/MMRadio/MMProperty/MMPropertyLink/MMPropertyLinkString.cs
  artifactKey: Guid(ac8f4e19669836447b70ca22e908a10c) Importer(2089858483,192608db42251d675da83286b1cce702)
Start importing Assets/CorgiEngine/ThirdParty/MoreMountains/MMTools/Core/MMRadio/MMProperty/MMPropertyLink/MMPropertyLinkString.cs using Guid(ac8f4e19669836447b70ca22e908a10c) Importer(2089858483,192608db42251d675da83286b1cce702) (ScriptedImporter) -> (artifact id: '13c730b8ab678de46fe4de7e89cdef4a') in 0.0279738 seconds
Number of updated asset objects reloaded before import = 0Number of asset objects unloaded after import = 0

========================================================================
Received Import Request.
  Time since last request: 0.000052 seconds.
  path: Assets/CorgiEngine/ThirdParty/MoreMountains/MMInterface/Styles/Mini/Prefabs/Buttons/Blue/ButtonMain.prefab
  artifactKey: Guid(f300d4b2a4c138140abccbe355ad94ac) Importer(2089858483,192608db42251d675da83286b1cce702)
Start importing Assets/CorgiEngine/ThirdParty/MoreMountains/MMInterface/Styles/Mini/Prefabs/Buttons/Blue/ButtonMain.prefab using Guid(f300d4b2a4c138140abccbe355ad94ac) Importer(2089858483,192608db42251d675da83286b1cce702) (ScriptedImporter) -> (artifact id: '42ff0123a7eb17fc9fcb7a0487c6bcdd') in 0.0551084 seconds
Number of updated asset objects reloaded before import = 0Number of asset objects unloaded after import = 43

========================================================================
Received Import Request.
  Time since last request: 0.000041 seconds.
  path: Assets/CorgiEngine/ThirdParty/MoreMountains/MMTools/Core/MMSceneLoading/Scripts/Helpers/MMSceneLoadingImageProgress.cs
  artifactKey: Guid(32002db2f9b16ed45ac2cfd0f37f96e4) Importer(2089858483,192608db42251d675da83286b1cce702)
Start importing Assets/CorgiEngine/ThirdParty/MoreMountains/MMTools/Core/MMSceneLoading/Scripts/Helpers/MMSceneLoadingImageProgress.cs using Guid(32002db2f9b16ed45ac2cfd0f37f96e4) Importer(2089858483,192608db42251d675da83286b1cce702) (ScriptedImporter) -> (artifact id: '9b1b8a04656480cd3d94049695d925e3') in 0.0236898 seconds
Number of updated asset objects reloaded before import = 0Number of asset objects unloaded after import = 0

========================================================================
Received Import Request.
  Time since last request: 0.000028 seconds.
  path: Assets/CorgiEngine/ThirdParty/MoreMountains/MMInterface/Styles/Mini/Prefabs/Buttons/Blue/ButtonSquareGear.prefab
  artifactKey: Guid(ef03ac0cdeafea443a46ec495dbfff21) Importer(2089858483,192608db42251d675da83286b1cce702)
Start importing Assets/CorgiEngine/ThirdParty/MoreMountains/MMInterface/Styles/Mini/Prefabs/Buttons/Blue/ButtonSquareGear.prefab using Guid(ef03ac0cdeafea443a46ec495dbfff21) Importer(2089858483,192608db42251d675da83286b1cce702) (ScriptedImporter) -> (artifact id: '587a14440c6a065ea9eb63ee46035f63') in 0.0453253 seconds
Number of updated asset objects reloaded before import = 0Number of asset objects unloaded after import = 41

========================================================================
Received Import Request.
  Time since last request: 0.000025 seconds.
  path: Assets/CorgiEngine/ThirdParty/MoreMountains/MMTools/Core/MMAudio/MMSoundManager/Events/MMSoundManagerAllSoundsControlEvent.cs
  artifactKey: Guid(934c751bdc1eca14bb13d3c6b311c60c) Importer(2089858483,192608db42251d675da83286b1cce702)
Start importing Assets/CorgiEngine/ThirdParty/MoreMountains/MMTools/Core/MMAudio/MMSoundManager/Events/MMSoundManagerAllSoundsControlEvent.cs using Guid(934c751bdc1eca14bb13d3c6b311c60c) Importer(2089858483,192608db42251d675da83286b1cce702) (ScriptedImporter) -> (artifact id: '63135f7266043a976094e2759ebcaf5b') in 0.0283885 seconds
Number of updated asset objects reloaded before import = 0Number of asset objects unloaded after import = 0

========================================================================
Received Import Request.
  Time since last request: 0.000068 seconds.
  path: Assets/CorgiEngine/ThirdParty/MoreMountains/MMTools/Core/MMRadio/MMProperty/MMPropertyLink/MMPropertyLink.cs
  artifactKey: Guid(f1ca607d01430f9419336e2d59ee639b) Importer(2089858483,192608db42251d675da83286b1cce702)
Start importing Assets/CorgiEngine/ThirdParty/MoreMountains/MMTools/Core/MMRadio/MMProperty/MMPropertyLink/MMPropertyLink.cs using Guid(f1ca607d01430f9419336e2d59ee639b) Importer(2089858483,192608db42251d675da83286b1cce702) (ScriptedImporter) -> (artifact id: '6cf3f72b3ab82ff7c2207e30a3c5fcff') in 0.0324013 seconds
Number of updated asset objects reloaded before import = 0Number of asset objects unloaded after import = 0

========================================================================
Received Import Request.
  Time since last request: 0.000022 seconds.
  path: Assets/CorgiEngine/ThirdParty/MoreMountains/MMInterface/Styles/Mini/Prefabs/Buttons/Blue/ButtonCircleCross.prefab
  artifactKey: Guid(6726284d346ea9d4cb7105f98299a452) Importer(2089858483,192608db42251d675da83286b1cce702)
Start importing Assets/CorgiEngine/ThirdParty/MoreMountains/MMInterface/Styles/Mini/Prefabs/Buttons/Blue/ButtonCircleCross.prefab using Guid(6726284d346ea9d4cb7105f98299a452) Importer(2089858483,192608db42251d675da83286b1cce702) (ScriptedImporter) -> (artifact id: 'd5a3a8e135d1c3202b84cc021ae9be05') in 0.0386651 seconds
Number of updated asset objects reloaded before import = 0Number of asset objects unloaded after import = 41

========================================================================
Received Import Request.
  Time since last request: 0.000028 seconds.
  path: Assets/CorgiEngine/ThirdParty/MoreMountains/MMTools/Accessories/MMPrototypeTextures/Textures/MMProtoTextures/MMProtoTextures_LightGreyDots.png
  artifactKey: Guid(04edc4cbd72331c43b3ac89c21f37980) Importer(2089858483,192608db42251d675da83286b1cce702)
Start importing Assets/CorgiEngine/ThirdParty/MoreMountains/MMTools/Accessories/MMPrototypeTextures/Textures/MMProtoTextures/MMProtoTextures_LightGreyDots.png using Guid(04edc4cbd72331c43b3ac89c21f37980) Importer(2089858483,192608db42251d675da83286b1cce702) (ScriptedImporter) -> (artifact id: 'de390b4f37441954ddc5b25508595d9b') in 0.0436025 seconds
Number of updated asset objects reloaded before import = 0Number of asset objects unloaded after import = 1

========================================================================
Received Import Request.
  Time since last request: 0.000035 seconds.
  path: Assets/CorgiEngine/ThirdParty/MoreMountains/MMTools/Accessories/MMPrototypeTextures/Textures/MMProtoTextures/MMProtoTextures_GreenCrosses.png
  artifactKey: Guid(a6f79153eaeaf214e9259d50f28e637f) Importer(2089858483,192608db42251d675da83286b1cce702)
Start importing Assets/CorgiEngine/ThirdParty/MoreMountains/MMTools/Accessories/MMPrototypeTextures/Textures/MMProtoTextures/MMProtoTextures_GreenCrosses.png using Guid(a6f79153eaeaf214e9259d50f28e637f) Importer(2089858483,192608db42251d675da83286b1cce702) (ScriptedImporter) -> (artifact id: '06d93f90745163473be9a4f640021c6a') in 0.0470146 seconds
Number of updated asset objects reloaded before import = 0Number of asset objects unloaded after import = 1

========================================================================
Received Import Request.
  Time since last request: 0.000020 seconds.
  path: Assets/CorgiEngine/ThirdParty/MoreMountains/MMInterface/Styles/Mini/Prefabs/Buttons/Blue/ButtonAlt.prefab
  artifactKey: Guid(b1245229341c634418562bc057c17cfc) Importer(2089858483,192608db42251d675da83286b1cce702)
Start importing Assets/CorgiEngine/ThirdParty/MoreMountains/MMInterface/Styles/Mini/Prefabs/Buttons/Blue/ButtonAlt.prefab using Guid(b1245229341c634418562bc057c17cfc) Importer(2089858483,192608db42251d675da83286b1cce702) (ScriptedImporter) -> (artifact id: 'cd017a4bb219c05108b02203cf367c44') in 0.0474036 seconds
Number of updated asset objects reloaded before import = 0Number of asset objects unloaded after import = 43

========================================================================
Received Import Request.
  Time since last request: 0.000047 seconds.
  path: Assets/CorgiEngine/ThirdParty/MoreMountains/MMInterface/Styles/Mini/Prefabs/Buttons/Blue/ButtonSquareCross.prefab
  artifactKey: Guid(8f51926dc2b0fe44fa8e07c958d684d1) Importer(2089858483,192608db42251d675da83286b1cce702)
Start importing Assets/CorgiEngine/ThirdParty/MoreMountains/MMInterface/Styles/Mini/Prefabs/Buttons/Blue/ButtonSquareCross.prefab using Guid(8f51926dc2b0fe44fa8e07c958d684d1) Importer(2089858483,192608db42251d675da83286b1cce702) (ScriptedImporter) -> (artifact id: '3f20340c94e3477cea94e3183aec08c9') in 0.0481223 seconds
Number of updated asset objects reloaded before import = 0Number of asset objects unloaded after import = 41

========================================================================
Received Import Request.
  Time since last request: 0.000048 seconds.
  path: Assets/CorgiEngine/ThirdParty/MoreMountains/MMInterface/Styles/Mini/Prefabs/Buttons/Blue/ButtonSquareSoundOff.prefab
  artifactKey: Guid(b58310d9b23557f4f8fd15fa9033d62c) Importer(2089858483,192608db42251d675da83286b1cce702)
Start importing Assets/CorgiEngine/ThirdParty/MoreMountains/MMInterface/Styles/Mini/Prefabs/Buttons/Blue/ButtonSquareSoundOff.prefab using Guid(b58310d9b23557f4f8fd15fa9033d62c) Importer(2089858483,192608db42251d675da83286b1cce702) (ScriptedImporter) -> (artifact id: '997fe94a6c981da825356492992e1d80') in 0.0495974 seconds
Number of updated asset objects reloaded before import = 0Number of asset objects unloaded after import = 41

========================================================================
Received Import Request.
  Time since last request: 0.000025 seconds.
  path: Assets/CorgiEngine/ThirdParty/MoreMountains/MMTools/Demos/MMGhostCamera/Materials/MMGhostCameraSkybox.mat
  artifactKey: Guid(6e8efd13e78c7504f9e73f2d50b6c6f0) Importer(2089858483,192608db42251d675da83286b1cce702)
Start importing Assets/CorgiEngine/ThirdParty/MoreMountains/MMTools/Demos/MMGhostCamera/Materials/MMGhostCameraSkybox.mat using Guid(6e8efd13e78c7504f9e73f2d50b6c6f0) Importer(2089858483,192608db42251d675da83286b1cce702) (ScriptedImporter) -> (artifact id: '753c049e1618bfd5b97128ba8a3d81b5') in 0.0272181 seconds
Number of updated asset objects reloaded before import = 0Number of asset objects unloaded after import = 1

========================================================================
Received Import Request.
  Time since last request: 0.000037 seconds.
  path: Assets/CorgiEngine/ThirdParty/MoreMountains/MMInterface/Styles/Mini/Fonts/Lato/Lato-Hairline.ttf
  artifactKey: Guid(b0f9470cad411c841a9ac4fd118ad233) Importer(2089858483,192608db42251d675da83286b1cce702)
Start importing Assets/CorgiEngine/ThirdParty/MoreMountains/MMInterface/Styles/Mini/Fonts/Lato/Lato-Hairline.ttf using Guid(b0f9470cad411c841a9ac4fd118ad233) Importer(2089858483,192608db42251d675da83286b1cce702) (ScriptedImporter) -> (artifact id: '4bbfe67485c2d529dc81ab3b8225c562') in 0.035388 seconds
Number of updated asset objects reloaded before import = 0Number of asset objects unloaded after import = 3

========================================================================
Received Import Request.
  Time since last request: 0.000032 seconds.
  path: Assets/CorgiEngine/ThirdParty/MoreMountains/MMInterface/Styles/Mini/Fonts/Lato/Lato-HairlineItalic.ttf
  artifactKey: Guid(75be130d915c2a7489ade8079a7512c9) Importer(2089858483,192608db42251d675da83286b1cce702)
Start importing Assets/CorgiEngine/ThirdParty/MoreMountains/MMInterface/Styles/Mini/Fonts/Lato/Lato-HairlineItalic.ttf using Guid(75be130d915c2a7489ade8079a7512c9) Importer(2089858483,192608db42251d675da83286b1cce702) (ScriptedImporter) -> (artifact id: 'bab1ffdeefda96acd731902bb2e0f82b') in 0.038129 seconds
Number of updated asset objects reloaded before import = 0Number of asset objects unloaded after import = 3

========================================================================
Received Import Request.
  Time since last request: 0.000018 seconds.
  path: Assets/CorgiEngine/ThirdParty/MoreMountains/MMFeedbacks/MMFeedbacksForThirdParty/TextMeshPro/Feedbacks/MMF_TMPText.cs
  artifactKey: Guid(c3085c8741c1bb84ca7a609f2989b7e0) Importer(2089858483,192608db42251d675da83286b1cce702)
Start importing Assets/CorgiEngine/ThirdParty/MoreMountains/MMFeedbacks/MMFeedbacksForThirdParty/TextMeshPro/Feedbacks/MMF_TMPText.cs using Guid(c3085c8741c1bb84ca7a609f2989b7e0) Importer(2089858483,192608db42251d675da83286b1cce702) (ScriptedImporter) -> (artifact id: 'e398c58fe1a32a86d46e50928bb45756') in 0.0221884 seconds
Number of updated asset objects reloaded before import = 0Number of asset objects unloaded after import = 0

========================================================================
Received Import Request.
  Time since last request: 0.000065 seconds.
  path: Assets/CorgiEngine/ThirdParty/MoreMountains/MMInterface/Styles/Mini/Prefabs/Buttons/Green/ButtonSquareHeart.prefab
  artifactKey: Guid(e66eb113506581845940ff45b243eb64) Importer(2089858483,192608db42251d675da83286b1cce702)
Start importing Assets/CorgiEngine/ThirdParty/MoreMountains/MMInterface/Styles/Mini/Prefabs/Buttons/Green/ButtonSquareHeart.prefab using Guid(e66eb113506581845940ff45b243eb64) Importer(2089858483,192608db42251d675da83286b1cce702) (ScriptedImporter) -> (artifact id: '30b7c2199e2d322a762ecbbbeb2e5e0e') in 0.0392723 seconds
Number of updated asset objects reloaded before import = 0Number of asset objects unloaded after import = 42

========================================================================
Received Import Request.
  Time since last request: 0.000029 seconds.
  path: Assets/CorgiEngine/ThirdParty/MoreMountains/MMInterface/Styles/Mini/Prefabs/Buttons/DarkGrey/ButtonSquareCoin.prefab
  artifactKey: Guid(acece37ba7025f84280ebbcef9600859) Importer(2089858483,192608db42251d675da83286b1cce702)
Start importing Assets/CorgiEngine/ThirdParty/MoreMountains/MMInterface/Styles/Mini/Prefabs/Buttons/DarkGrey/ButtonSquareCoin.prefab using Guid(acece37ba7025f84280ebbcef9600859) Importer(2089858483,192608db42251d675da83286b1cce702) (ScriptedImporter) -> (artifact id: '99099e95f5d35d3e6b590f336aacb8fb') in 0.0535613 seconds
Number of updated asset objects reloaded before import = 0Number of asset objects unloaded after import = 42

========================================================================
Received Import Request.
  Time since last request: 0.000179 seconds.
  path: Assets/CorgiEngine/ThirdParty/MoreMountains/MMInterface/Styles/Mini/Prefabs/Buttons/Green/ButtonSquareCoin.prefab
  artifactKey: Guid(e210eb66044d43c498c57911e654e473) Importer(2089858483,192608db42251d675da83286b1cce702)
Start importing Assets/CorgiEngine/ThirdParty/MoreMountains/MMInterface/Styles/Mini/Prefabs/Buttons/Green/ButtonSquareCoin.prefab using Guid(e210eb66044d43c498c57911e654e473) Importer(2089858483,192608db42251d675da83286b1cce702) (ScriptedImporter) -> (artifact id: '72113decc4da8d1390235013f63dfc64') in 0.0544439 seconds
Number of updated asset objects reloaded before import = 0Number of asset objects unloaded after import = 42

========================================================================
Received Import Request.
  Time since last request: 0.000032 seconds.
  path: Assets/CorgiEngine/ThirdParty/MoreMountains/MMInterface/Styles/Mini/Prefabs/Buttons/Cyan/ButtonCircleHeart.prefab
  artifactKey: Guid(1ee165427044b4b4c91516c4bc3e96dd) Importer(2089858483,192608db42251d675da83286b1cce702)
Start importing Assets/CorgiEngine/ThirdParty/MoreMountains/MMInterface/Styles/Mini/Prefabs/Buttons/Cyan/ButtonCircleHeart.prefab using Guid(1ee165427044b4b4c91516c4bc3e96dd) Importer(2089858483,192608db42251d675da83286b1cce702) (ScriptedImporter) -> (artifact id: '7aa6437a7c8c022b74eb0af7758370c7') in 0.0500489 seconds
Number of updated asset objects reloaded before import = 0Number of asset objects unloaded after import = 41

========================================================================
Received Import Request.
  Time since last request: 0.000029 seconds.
  path: Assets/CorgiEngine/ThirdParty/MoreMountains/MMInterface/Styles/Mini/Prefabs/Buttons/Green/ButtonCircleCoin.prefab
  artifactKey: Guid(c0c71cb5bcc992d409aa3702a9d17dda) Importer(2089858483,192608db42251d675da83286b1cce702)
Start importing Assets/CorgiEngine/ThirdParty/MoreMountains/MMInterface/Styles/Mini/Prefabs/Buttons/Green/ButtonCircleCoin.prefab using Guid(c0c71cb5bcc992d409aa3702a9d17dda) Importer(2089858483,192608db42251d675da83286b1cce702) (ScriptedImporter) -> (artifact id: '8c3c70afb773d41e017c77565ef351da') in 0.0488231 seconds
Number of updated asset objects reloaded before import = 0Number of asset objects unloaded after import = 42

========================================================================
Received Import Request.
  Time since last request: 0.000017 seconds.
  path: Assets/CorgiEngine/ThirdParty/MoreMountains/MMInterface/Styles/Mini/Prefabs/Buttons/Green/ButtonMain.prefab
  artifactKey: Guid(343ad519daee6a84d9b0f4c366b014f7) Importer(2089858483,192608db42251d675da83286b1cce702)
Start importing Assets/CorgiEngine/ThirdParty/MoreMountains/MMInterface/Styles/Mini/Prefabs/Buttons/Green/ButtonMain.prefab using Guid(343ad519daee6a84d9b0f4c366b014f7) Importer(2089858483,192608db42251d675da83286b1cce702) (ScriptedImporter) -> (artifact id: '1f212504648c3798a7c2126752f23e96') in 0.0468072 seconds
Number of updated asset objects reloaded before import = 0Number of asset objects unloaded after import = 44

========================================================================
Received Import Request.
  Time since last request: 0.000054 seconds.
  path: Assets/CorgiEngine/ThirdParty/MoreMountains/MMInterface/Styles/Mini/Prefabs/Buttons/DarkerGrey/ButtonCircleHome.prefab
  artifactKey: Guid(73316641f6c6da64dad0222eee4eb507) Importer(2089858483,192608db42251d675da83286b1cce702)
Start importing Assets/CorgiEngine/ThirdParty/MoreMountains/MMInterface/Styles/Mini/Prefabs/Buttons/DarkerGrey/ButtonCircleHome.prefab using Guid(73316641f6c6da64dad0222eee4eb507) Importer(2089858483,192608db42251d675da83286b1cce702) (ScriptedImporter) -> (artifact id: 'fe78ec6621f22fd377d712a087cd78b6') in 0.0416415 seconds
Number of updated asset objects reloaded before import = 0Number of asset objects unloaded after import = 41

========================================================================
Received Import Request.
  Time since last request: 0.000035 seconds.
  path: Assets/CorgiEngine/ThirdParty/MoreMountains/MMInterface/Styles/Mini/Prefabs/Buttons/DarkerGrey/ButtonMain.prefab
  artifactKey: Guid(6b1034679a57a1149920253ffdc58797) Importer(2089858483,192608db42251d675da83286b1cce702)
Start importing Assets/CorgiEngine/ThirdParty/MoreMountains/MMInterface/Styles/Mini/Prefabs/Buttons/DarkerGrey/ButtonMain.prefab using Guid(6b1034679a57a1149920253ffdc58797) Importer(2089858483,192608db42251d675da83286b1cce702) (ScriptedImporter) -> (artifact id: '5b53e863db42ebe7e4a477242da69622') in 0.046257 seconds
Number of updated asset objects reloaded before import = 0Number of asset objects unloaded after import = 43

========================================================================
Received Import Request.
  Time since last request: 0.000027 seconds.
  path: Assets/CorgiEngine/ThirdParty/MoreMountains/MMInterface/Styles/Mini/Prefabs/Buttons/DarkGrey/ButtonSquareSoundOff.prefab
  artifactKey: Guid(3fefc200004135c419eac91f8f46a988) Importer(2089858483,192608db42251d675da83286b1cce702)
Start importing Assets/CorgiEngine/ThirdParty/MoreMountains/MMInterface/Styles/Mini/Prefabs/Buttons/DarkGrey/ButtonSquareSoundOff.prefab using Guid(3fefc200004135c419eac91f8f46a988) Importer(2089858483,192608db42251d675da83286b1cce702) (ScriptedImporter) -> (artifact id: 'c5e34064c25e34ffa32101d34259b277') in 0.0420802 seconds
Number of updated asset objects reloaded before import = 0Number of asset objects unloaded after import = 42

========================================================================
Received Import Request.
  Time since last request: 0.000026 seconds.
  path: Assets/CorgiEngine/ThirdParty/MoreMountains/MMInterface/Styles/Mini/Prefabs/Buttons/DarkGrey/ButtonSquareHome.prefab
  artifactKey: Guid(4599d18dc8bfeca4297a42ba9370437f) Importer(2089858483,192608db42251d675da83286b1cce702)
Start importing Assets/CorgiEngine/ThirdParty/MoreMountains/MMInterface/Styles/Mini/Prefabs/Buttons/DarkGrey/ButtonSquareHome.prefab using Guid(4599d18dc8bfeca4297a42ba9370437f) Importer(2089858483,192608db42251d675da83286b1cce702) (ScriptedImporter) -> (artifact id: 'f846f3bf42cd3e7788c6ae097bfe9a1a') in 0.0459459 seconds
Number of updated asset objects reloaded before import = 0Number of asset objects unloaded after import = 42

========================================================================
Received Import Request.
  Time since last request: 0.000028 seconds.
  path: Assets/CorgiEngine/ThirdParty/MoreMountains/MMInterface/Styles/Mini/Prefabs/Buttons/Green/ButtonCircleGear.prefab
  artifactKey: Guid(1f5ce5c518529a846866ae435e06893c) Importer(2089858483,192608db42251d675da83286b1cce702)
Start importing Assets/CorgiEngine/ThirdParty/MoreMountains/MMInterface/Styles/Mini/Prefabs/Buttons/Green/ButtonCircleGear.prefab using Guid(1f5ce5c518529a846866ae435e06893c) Importer(2089858483,192608db42251d675da83286b1cce702) (ScriptedImporter) -> (artifact id: '5405d15e524b73c4e1092d0ded5f9f5a') in 0.0400851 seconds
Number of updated asset objects reloaded before import = 0Number of asset objects unloaded after import = 42

========================================================================
Received Import Request.
  Time since last request: 0.000018 seconds.
  path: Assets/CorgiEngine/ThirdParty/MoreMountains/MMInterface/Styles/Mini/Prefabs/Buttons/Green/ButtonCircleMusic.prefab
  artifactKey: Guid(00469ed41edac584c8bb60e6d7f9bac3) Importer(2089858483,192608db42251d675da83286b1cce702)
Start importing Assets/CorgiEngine/ThirdParty/MoreMountains/MMInterface/Styles/Mini/Prefabs/Buttons/Green/ButtonCircleMusic.prefab using Guid(00469ed41edac584c8bb60e6d7f9bac3) Importer(2089858483,192608db42251d675da83286b1cce702) (ScriptedImporter) -> (artifact id: '6550b551cd424448168b87b6b1da63e1') in 0.0437579 seconds
Number of updated asset objects reloaded before import = 0Number of asset objects unloaded after import = 42

========================================================================
Received Import Request.
  Time since last request: 0.000030 seconds.
  path: Assets/CorgiEngine/ThirdParty/MoreMountains/MMInterface/Styles/Mini/Prefabs/Buttons/DarkerGrey/ButtonSquareArrow.prefab
  artifactKey: Guid(b2180b7b98538c549b9d2c91beb04925) Importer(2089858483,192608db42251d675da83286b1cce702)
Start importing Assets/CorgiEngine/ThirdParty/MoreMountains/MMInterface/Styles/Mini/Prefabs/Buttons/DarkerGrey/ButtonSquareArrow.prefab using Guid(b2180b7b98538c549b9d2c91beb04925) Importer(2089858483,192608db42251d675da83286b1cce702) (ScriptedImporter) -> (artifact id: '90becbb547f61228b54e87d0eb9b4ca2') in 0.0394997 seconds
Number of updated asset objects reloaded before import = 0Number of asset objects unloaded after import = 41

========================================================================
Received Import Request.
  Time since last request: 0.000039 seconds.
  path: Assets/CorgiEngine/ThirdParty/MoreMountains/MMInterface/Styles/Mini/Prefabs/Buttons/DarkerGrey/ButtonCircleCross.prefab
  artifactKey: Guid(f41c9471de1a50a4589a358636780e34) Importer(2089858483,192608db42251d675da83286b1cce702)
Start importing Assets/CorgiEngine/ThirdParty/MoreMountains/MMInterface/Styles/Mini/Prefabs/Buttons/DarkerGrey/ButtonCircleCross.prefab using Guid(f41c9471de1a50a4589a358636780e34) Importer(2089858483,192608db42251d675da83286b1cce702) (ScriptedImporter) -> (artifact id: 'fafa6ed2e5f00dd28c23fa4fe966b10d') in 0.0420197 seconds
Number of updated asset objects reloaded before import = 0Number of asset objects unloaded after import = 41

========================================================================
Received Import Request.
  Time since last request: 0.000021 seconds.
  path: Assets/CorgiEngine/ThirdParty/MoreMountains/MMInterface/Styles/Mini/Prefabs/Buttons/Cyan/ButtonSquareHome.prefab
  artifactKey: Guid(fb949f46dbfbeaa4f830147be82b43ba) Importer(2089858483,192608db42251d675da83286b1cce702)
Start importing Assets/CorgiEngine/ThirdParty/MoreMountains/MMInterface/Styles/Mini/Prefabs/Buttons/Cyan/ButtonSquareHome.prefab using Guid(fb949f46dbfbeaa4f830147be82b43ba) Importer(2089858483,192608db42251d675da83286b1cce702) (ScriptedImporter) -> (artifact id: 'b247e022889b0cafae6d85390cc42a12') in 0.0439916 seconds
Number of updated asset objects reloaded before import = 0Number of asset objects unloaded after import = 41

========================================================================
Received Import Request.
  Time since last request: 0.000023 seconds.
  path: Assets/CorgiEngine/ThirdParty/MoreMountains/MMInterface/Styles/Mini/Prefabs/Buttons/DarkGrey/ButtonCircleSoundOn.prefab
  artifactKey: Guid(293dc89ec5070fe43b651f6511f341bb) Importer(2089858483,192608db42251d675da83286b1cce702)
Start importing Assets/CorgiEngine/ThirdParty/MoreMountains/MMInterface/Styles/Mini/Prefabs/Buttons/DarkGrey/ButtonCircleSoundOn.prefab using Guid(293dc89ec5070fe43b651f6511f341bb) Importer(2089858483,192608db42251d675da83286b1cce702) (ScriptedImporter) -> (artifact id: '8023e1b657e0843663d517826c3fb4e2') in 0.0428291 seconds
Number of updated asset objects reloaded before import = 0Number of asset objects unloaded after import = 42

========================================================================
Received Import Request.
  Time since last request: 0.000025 seconds.
  path: Assets/CorgiEngine/ThirdParty/MoreMountains/MMInterface/Styles/Mini/Prefabs/Buttons/Cyan/ButtonMain.prefab
  artifactKey: Guid(72cfe9100bc0fb44f896e531b3530e6b) Importer(2089858483,192608db42251d675da83286b1cce702)
Start importing Assets/CorgiEngine/ThirdParty/MoreMountains/MMInterface/Styles/Mini/Prefabs/Buttons/Cyan/ButtonMain.prefab using Guid(72cfe9100bc0fb44f896e531b3530e6b) Importer(2089858483,192608db42251d675da83286b1cce702) (ScriptedImporter) -> (artifact id: '33990c7530165e12a85d9bf3a668dba3') in 0.0455406 seconds
Number of updated asset objects reloaded before import = 0Number of asset objects unloaded after import = 43

========================================================================
Received Import Request.
  Time since last request: 0.000029 seconds.
  path: Assets/CorgiEngine/ThirdParty/MoreMountains/MMInterface/Styles/Mini/Prefabs/Buttons/Cyan/ButtonCircleSoundOff.prefab
  artifactKey: Guid(f482994a92957384a953972ceacc8e01) Importer(2089858483,192608db42251d675da83286b1cce702)
Start importing Assets/CorgiEngine/ThirdParty/MoreMountains/MMInterface/Styles/Mini/Prefabs/Buttons/Cyan/ButtonCircleSoundOff.prefab using Guid(f482994a92957384a953972ceacc8e01) Importer(2089858483,192608db42251d675da83286b1cce702) (ScriptedImporter) -> (artifact id: '0015f249672b0e76bf198c79502c5220') in 0.0396566 seconds
Number of updated asset objects reloaded before import = 0Number of asset objects unloaded after import = 41

========================================================================
Received Import Request.
  Time since last request: 0.000025 seconds.
  path: Assets/CorgiEngine/ThirdParty/MoreMountains/MMInterface/Styles/Mini/Prefabs/Buttons/Cyan/ButtonSquareHeart.prefab
  artifactKey: Guid(ef1e6a94834068e408b09f2c3d75a15e) Importer(2089858483,192608db42251d675da83286b1cce702)
Start importing Assets/CorgiEngine/ThirdParty/MoreMountains/MMInterface/Styles/Mini/Prefabs/Buttons/Cyan/ButtonSquareHeart.prefab using Guid(ef1e6a94834068e408b09f2c3d75a15e) Importer(2089858483,192608db42251d675da83286b1cce702) (ScriptedImporter) -> (artifact id: '568cbd6e2465441465c72c8d58843e58') in 0.0439745 seconds
Number of updated asset objects reloaded before import = 0Number of asset objects unloaded after import = 41

========================================================================
Received Import Request.
  Time since last request: 0.000032 seconds.
  path: Assets/CorgiEngine/ThirdParty/MoreMountains/MMInterface/Styles/Mini/Prefabs/Buttons/DarkGrey/ButtonCircleMusic.prefab
  artifactKey: Guid(1d2a66db4614a854883a46e98f71b1c3) Importer(2089858483,192608db42251d675da83286b1cce702)
Start importing Assets/CorgiEngine/ThirdParty/MoreMountains/MMInterface/Styles/Mini/Prefabs/Buttons/DarkGrey/ButtonCircleMusic.prefab using Guid(1d2a66db4614a854883a46e98f71b1c3) Importer(2089858483,192608db42251d675da83286b1cce702) (ScriptedImporter) -> (artifact id: '7704f3e20360dd0372c119dac93e2815') in 0.0388488 seconds
Number of updated asset objects reloaded before import = 0Number of asset objects unloaded after import = 42

========================================================================
Received Import Request.
  Time since last request: 0.000028 seconds.
  path: Assets/CorgiEngine/ThirdParty/MoreMountains/MMInterface/Styles/Mini/Prefabs/Buttons/DarkerGrey/ButtonCircleSoundOn.prefab
  artifactKey: Guid(8c1150c24a5faa443939452031eaefdf) Importer(2089858483,192608db42251d675da83286b1cce702)
Start importing Assets/CorgiEngine/ThirdParty/MoreMountains/MMInterface/Styles/Mini/Prefabs/Buttons/DarkerGrey/ButtonCircleSoundOn.prefab using Guid(8c1150c24a5faa443939452031eaefdf) Importer(2089858483,192608db42251d675da83286b1cce702) (ScriptedImporter) -> (artifact id: '51c1592f48cb9cdd5e8d97e6fb37eb0d') in 0.0466558 seconds
Number of updated asset objects reloaded before import = 0Number of asset objects unloaded after import = 41

========================================================================
Received Import Request.
  Time since last request: 0.000029 seconds.
  path: Assets/CorgiEngine/ThirdParty/MoreMountains/MMInterface/Styles/Mini/Prefabs/Buttons/HorizontalGradientOrangeToPink/ButtonSquareCheck.prefab
  artifactKey: Guid(2e99b1b816d96bb4490dd26f76f864a2) Importer(2089858483,192608db42251d675da83286b1cce702)
Start importing Assets/CorgiEngine/ThirdParty/MoreMountains/MMInterface/Styles/Mini/Prefabs/Buttons/HorizontalGradientOrangeToPink/ButtonSquareCheck.prefab using Guid(2e99b1b816d96bb4490dd26f76f864a2) Importer(2089858483,192608db42251d675da83286b1cce702) (ScriptedImporter) -> (artifact id: '8f439e055cfe68692057479522817e81') in 0.0413301 seconds
Number of updated asset objects reloaded before import = 0Number of asset objects unloaded after import = 43

========================================================================
Received Import Request.
  Time since last request: 0.000038 seconds.
  path: Assets/CorgiEngine/ThirdParty/MoreMountains/MMInterface/Styles/Mini/Prefabs/Buttons/HorizontalGradientOrangeToPink/ButtonCircleCross.prefab
  artifactKey: Guid(019ddedc483d9824eb786418601dacd4) Importer(2089858483,192608db42251d675da83286b1cce702)
Start importing Assets/CorgiEngine/ThirdParty/MoreMountains/MMInterface/Styles/Mini/Prefabs/Buttons/HorizontalGradientOrangeToPink/ButtonCircleCross.prefab using Guid(019ddedc483d9824eb786418601dacd4) Importer(2089858483,192608db42251d675da83286b1cce702) (ScriptedImporter) -> (artifact id: 'f53549fdcf9905e64fb72a2af14c5088') in 0.0472208 seconds
Number of updated asset objects reloaded before import = 0Number of asset objects unloaded after import = 43

========================================================================
Received Import Request.
  Time since last request: 0.000025 seconds.
  path: Assets/CorgiEngine/ThirdParty/MoreMountains/MMInterface/Styles/Mini/Prefabs/Buttons/Grey/ButtonCircleHome.prefab
  artifactKey: Guid(69f6b5584c2b484449cee11b6a2da7e8) Importer(2089858483,192608db42251d675da83286b1cce702)
Start importing Assets/CorgiEngine/ThirdParty/MoreMountains/MMInterface/Styles/Mini/Prefabs/Buttons/Grey/ButtonCircleHome.prefab using Guid(69f6b5584c2b484449cee11b6a2da7e8) Importer(2089858483,192608db42251d675da83286b1cce702) (ScriptedImporter) -> (artifact id: '2a7229cd46e76cee9f574107ab5c7537') in 0.0408106 seconds
Number of updated asset objects reloaded before import = 0Number of asset objects unloaded after import = 42

========================================================================
Received Import Request.
  Time since last request: 0.000030 seconds.
  path: Assets/CorgiEngine/ThirdParty/MoreMountains/MMInterface/Styles/Mini/Prefabs/Buttons/HorizontalGradientGreenToBlue/ButtonSquareHeart.prefab
  artifactKey: Guid(a31a01350ba6cf446aeda71ec6b57f8a) Importer(2089858483,192608db42251d675da83286b1cce702)
Start importing Assets/CorgiEngine/ThirdParty/MoreMountains/MMInterface/Styles/Mini/Prefabs/Buttons/HorizontalGradientGreenToBlue/ButtonSquareHeart.prefab using Guid(a31a01350ba6cf446aeda71ec6b57f8a) Importer(2089858483,192608db42251d675da83286b1cce702) (ScriptedImporter) -> (artifact id: '29f80a5a4261e6e001848e33bdd44bd5') in 0.0437664 seconds
Number of updated asset objects reloaded before import = 0Number of asset objects unloaded after import = 43

========================================================================
Received Import Request.
  Time since last request: 0.000031 seconds.
  path: Assets/CorgiEngine/ThirdParty/MoreMountains/MMInterface/Styles/Mini/Prefabs/Buttons/HorizontalGradientGreenToBlue/ButtonSquareArrow.prefab
  artifactKey: Guid(728205716f13424408349f5f0b402891) Importer(2089858483,192608db42251d675da83286b1cce702)
Start importing Assets/CorgiEngine/ThirdParty/MoreMountains/MMInterface/Styles/Mini/Prefabs/Buttons/HorizontalGradientGreenToBlue/ButtonSquareArrow.prefab using Guid(728205716f13424408349f5f0b402891) Importer(2089858483,192608db42251d675da83286b1cce702) (ScriptedImporter) -> (artifact id: '2de0eaaaf79fcac16ef13f8738ae560d') in 0.0448787 seconds
Number of updated asset objects reloaded before import = 0Number of asset objects unloaded after import = 42

========================================================================
Received Import Request.
  Time since last request: 0.000036 seconds.
  path: Assets/CorgiEngine/ThirdParty/MoreMountains/MMInterface/Styles/Mini/Prefabs/Buttons/Grey/ButtonSquareCross.prefab
  artifactKey: Guid(b2fc64e77d029f946b636c0398673805) Importer(2089858483,192608db42251d675da83286b1cce702)
Start importing Assets/CorgiEngine/ThirdParty/MoreMountains/MMInterface/Styles/Mini/Prefabs/Buttons/Grey/ButtonSquareCross.prefab using Guid(b2fc64e77d029f946b636c0398673805) Importer(2089858483,192608db42251d675da83286b1cce702) (ScriptedImporter) -> (artifact id: 'ed50b0646107616e02b599405a80d806') in 0.0398763 seconds
Number of updated asset objects reloaded before import = 0Number of asset objects unloaded after import = 42

========================================================================
Received Import Request.
  Time since last request: 0.000024 seconds.
  path: Assets/CorgiEngine/ThirdParty/MoreMountains/MMInterface/Styles/Mini/Prefabs/Buttons/Grey/ButtonCircleHeart.prefab
  artifactKey: Guid(816661110d700334089ac20ddc3914ac) Importer(2089858483,192608db42251d675da83286b1cce702)
Start importing Assets/CorgiEngine/ThirdParty/MoreMountains/MMInterface/Styles/Mini/Prefabs/Buttons/Grey/ButtonCircleHeart.prefab using Guid(816661110d700334089ac20ddc3914ac) Importer(2089858483,192608db42251d675da83286b1cce702) (ScriptedImporter) -> (artifact id: 'dcdca7eb35dee87bee12051696c46025') in 0.0443181 seconds
Number of updated asset objects reloaded before import = 0Number of asset objects unloaded after import = 42

========================================================================
Received Import Request.
  Time since last request: 0.000057 seconds.
  path: Assets/CorgiEngine/ThirdParty/MoreMountains/MMInterface/Styles/Mini/Prefabs/Buttons/HorizontalGradientOrangeToPink/ButtonCircleChevron.prefab
  artifactKey: Guid(10d508bc18d72ec41a327956308aea2a) Importer(2089858483,192608db42251d675da83286b1cce702)
Start importing Assets/CorgiEngine/ThirdParty/MoreMountains/MMInterface/Styles/Mini/Prefabs/Buttons/HorizontalGradientOrangeToPink/ButtonCircleChevron.prefab using Guid(10d508bc18d72ec41a327956308aea2a) Importer(2089858483,192608db42251d675da83286b1cce702) (ScriptedImporter) -> (artifact id: '26ef121bd57448518e61717c289ad46c') in 0.0402152 seconds
Number of updated asset objects reloaded before import = 0Number of asset objects unloaded after import = 43

========================================================================
Received Import Request.
  Time since last request: 0.000022 seconds.
  path: Assets/CorgiEngine/ThirdParty/MoreMountains/MMInterface/Styles/Mini/Prefabs/Buttons/HorizontalGradientGreenToBlue/ButtonCircleCoin.prefab
  artifactKey: Guid(9387e8c4171c56f40a87973d502d2e10) Importer(2089858483,192608db42251d675da83286b1cce702)
Start importing Assets/CorgiEngine/ThirdParty/MoreMountains/MMInterface/Styles/Mini/Prefabs/Buttons/HorizontalGradientGreenToBlue/ButtonCircleCoin.prefab using Guid(9387e8c4171c56f40a87973d502d2e10) Importer(2089858483,192608db42251d675da83286b1cce702) (ScriptedImporter) -> (artifact id: 'ff6f6d1bf00fc3eb06692aff5cf99c6f') in 0.045578 seconds
Number of updated asset objects reloaded before import = 0Number of asset objects unloaded after import = 43

========================================================================
Received Import Request.
  Time since last request: 0.000039 seconds.
  path: Assets/CorgiEngine/ThirdParty/MoreMountains/MMInterface/Styles/Mini/Prefabs/Buttons/Grey/ButtonSquareCheck.prefab
  artifactKey: Guid(62e502608eb798444a96079705cb7cb3) Importer(2089858483,192608db42251d675da83286b1cce702)
Start importing Assets/CorgiEngine/ThirdParty/MoreMountains/MMInterface/Styles/Mini/Prefabs/Buttons/Grey/ButtonSquareCheck.prefab using Guid(62e502608eb798444a96079705cb7cb3) Importer(2089858483,192608db42251d675da83286b1cce702) (ScriptedImporter) -> (artifact id: '76ba950e4d3d9e9b5671acf6958e6ad3') in 0.0406076 seconds
Number of updated asset objects reloaded before import = 0Number of asset objects unloaded after import = 42

========================================================================
Received Import Request.
  Time since last request: 0.000033 seconds.
  path: Assets/CorgiEngine/ThirdParty/MoreMountains/MMInterface/Styles/Mini/Prefabs/Buttons/Grey/ButtonSquareSoundOff.prefab
  artifactKey: Guid(15eb071e60f3ce64895b1149d35c8c40) Importer(2089858483,192608db42251d675da83286b1cce702)
Start importing Assets/CorgiEngine/ThirdParty/MoreMountains/MMInterface/Styles/Mini/Prefabs/Buttons/Grey/ButtonSquareSoundOff.prefab using Guid(15eb071e60f3ce64895b1149d35c8c40) Importer(2089858483,192608db42251d675da83286b1cce702) (ScriptedImporter) -> (artifact id: 'c1902564b20edecdc362da2b013849a9') in 0.046167 seconds
Number of updated asset objects reloaded before import = 0Number of asset objects unloaded after import = 42

========================================================================
Received Import Request.
  Time since last request: 0.000027 seconds.
  path: Assets/CorgiEngine/ThirdParty/MoreMountains/MMInterface/Styles/Mini/Prefabs/Buttons/HorizontalGradientGreenToBlue/ButtonCircleCross.prefab
  artifactKey: Guid(aefabb3c18f1c5c47a5f7fdb0e87769e) Importer(2089858483,192608db42251d675da83286b1cce702)
Start importing Assets/CorgiEngine/ThirdParty/MoreMountains/MMInterface/Styles/Mini/Prefabs/Buttons/HorizontalGradientGreenToBlue/ButtonCircleCross.prefab using Guid(aefabb3c18f1c5c47a5f7fdb0e87769e) Importer(2089858483,192608db42251d675da83286b1cce702) (ScriptedImporter) -> (artifact id: '09e67630af5045ae87c5efeab090f412') in 0.0394095 seconds
Number of updated asset objects reloaded before import = 0Number of asset objects unloaded after import = 43

========================================================================
Received Import Request.
  Time since last request: 0.000028 seconds.
  path: Assets/CorgiEngine/ThirdParty/MoreMountains/MMInterface/Styles/Mini/Prefabs/Buttons/HorizontalGradientOrangeToPink/ButtonSquareArrow.prefab
  artifactKey: Guid(ebe15a7da8af4e84c8046e6c89c2297e) Importer(2089858483,192608db42251d675da83286b1cce702)
Start importing Assets/CorgiEngine/ThirdParty/MoreMountains/MMInterface/Styles/Mini/Prefabs/Buttons/HorizontalGradientOrangeToPink/ButtonSquareArrow.prefab using Guid(ebe15a7da8af4e84c8046e6c89c2297e) Importer(2089858483,192608db42251d675da83286b1cce702) (ScriptedImporter) -> (artifact id: '5c2c3bf7c7efdb469cdf8f92c413a149') in 0.040329 seconds
Number of updated asset objects reloaded before import = 0Number of asset objects unloaded after import = 42

========================================================================
Received Import Request.
  Time since last request: 0.000021 seconds.
  path: Assets/CorgiEngine/ThirdParty/MoreMountains/MMInterface/Styles/Mini/Prefabs/Buttons/Grey/ButtonRound.prefab
  artifactKey: Guid(13b6cad3de0b44140b5595d8f0912b0c) Importer(2089858483,192608db42251d675da83286b1cce702)
Start importing Assets/CorgiEngine/ThirdParty/MoreMountains/MMInterface/Styles/Mini/Prefabs/Buttons/Grey/ButtonRound.prefab using Guid(13b6cad3de0b44140b5595d8f0912b0c) Importer(2089858483,192608db42251d675da83286b1cce702) (ScriptedImporter) -> (artifact id: 'fb78e654f71e4f3ec742e7f27714e975') in 0.0466845 seconds
Number of updated asset objects reloaded before import = 0Number of asset objects unloaded after import = 44

========================================================================
Received Import Request.
  Time since last request: 0.000026 seconds.
  path: Assets/CorgiEngine/ThirdParty/MoreMountains/MMInterface/Styles/Mini/Prefabs/Buttons/Grey/ButtonCircleSoundOff.prefab
  artifactKey: Guid(585d158554bff714dbb02183680fcfa8) Importer(2089858483,192608db42251d675da83286b1cce702)
Start importing Assets/CorgiEngine/ThirdParty/MoreMountains/MMInterface/Styles/Mini/Prefabs/Buttons/Grey/ButtonCircleSoundOff.prefab using Guid(585d158554bff714dbb02183680fcfa8) Importer(2089858483,192608db42251d675da83286b1cce702) (ScriptedImporter) -> (artifact id: 'c3277c973871707922af7f6cb419b4e0') in 0.0416738 seconds
Number of updated asset objects reloaded before import = 0Number of asset objects unloaded after import = 42

========================================================================
Received Import Request.
  Time since last request: 0.000026 seconds.
  path: Assets/CorgiEngine/ThirdParty/MoreMountains/MMInterface/Styles/Mini/Prefabs/Buttons/HorizontalGradientOrangeToPink/ButtonCircleHeart.prefab
  artifactKey: Guid(ab228887d179ebd429ef602c86ec40a9) Importer(2089858483,192608db42251d675da83286b1cce702)
Start importing Assets/CorgiEngine/ThirdParty/MoreMountains/MMInterface/Styles/Mini/Prefabs/Buttons/HorizontalGradientOrangeToPink/ButtonCircleHeart.prefab using Guid(ab228887d179ebd429ef602c86ec40a9) Importer(2089858483,192608db42251d675da83286b1cce702) (ScriptedImporter) -> (artifact id: 'e93050fd58af1f7a0ecabd7c8a77169d') in 0.0450239 seconds
Number of updated asset objects reloaded before import = 0Number of asset objects unloaded after import = 43

========================================================================
Received Import Request.
  Time since last request: 0.000051 seconds.
  path: Assets/CorgiEngine/ThirdParty/MoreMountains/MMInterface/Styles/Mini/Prefabs/Buttons/HorizontalGradientGreenToBlue/ButtonCircleStar.prefab
  artifactKey: Guid(349601b028e51fe45900db980050ffd2) Importer(2089858483,192608db42251d675da83286b1cce702)
Start importing Assets/CorgiEngine/ThirdParty/MoreMountains/MMInterface/Styles/Mini/Prefabs/Buttons/HorizontalGradientGreenToBlue/ButtonCircleStar.prefab using Guid(349601b028e51fe45900db980050ffd2) Importer(2089858483,192608db42251d675da83286b1cce702) (ScriptedImporter) -> (artifact id: 'c05bed128ecf847f170c8f84671753d1') in 0.0406305 seconds
Number of updated asset objects reloaded before import = 0Number of asset objects unloaded after import = 43

========================================================================
Received Import Request.
  Time since last request: 0.000025 seconds.
  path: Assets/CorgiEngine/ThirdParty/MoreMountains/MMInterface/Styles/Mini/Prefabs/Buttons/Green/ButtonSquareCheck.prefab
  artifactKey: Guid(1a982beac70bd0644908b62676ff1866) Importer(2089858483,192608db42251d675da83286b1cce702)
Start importing Assets/CorgiEngine/ThirdParty/MoreMountains/MMInterface/Styles/Mini/Prefabs/Buttons/Green/ButtonSquareCheck.prefab using Guid(1a982beac70bd0644908b62676ff1866) Importer(2089858483,192608db42251d675da83286b1cce702) (ScriptedImporter) -> (artifact id: 'b29e349707fe00fd23fce0981b243dff') in 0.0403224 seconds
Number of updated asset objects reloaded before import = 0Number of asset objects unloaded after import = 42

========================================================================
Received Import Request.
  Time since last request: 0.000020 seconds.
  path: Assets/CorgiEngine/ThirdParty/MoreMountains/MMInterface/Styles/Mini/Prefabs/Buttons/HorizontalGradientGreenToBlue/ButtonRound.prefab
  artifactKey: Guid(b4afd76734e73604fb11d786b1438f34) Importer(2089858483,192608db42251d675da83286b1cce702)
Start importing Assets/CorgiEngine/ThirdParty/MoreMountains/MMInterface/Styles/Mini/Prefabs/Buttons/HorizontalGradientGreenToBlue/ButtonRound.prefab using Guid(b4afd76734e73604fb11d786b1438f34) Importer(2089858483,192608db42251d675da83286b1cce702) (ScriptedImporter) -> (artifact id: '3883016923d4c9ae9263df8fce8b8910') in 0.0402103 seconds
Number of updated asset objects reloaded before import = 0Number of asset objects unloaded after import = 45

========================================================================
Received Import Request.
  Time since last request: 0.000026 seconds.
  path: Assets/CorgiEngine/ThirdParty/MoreMountains/MMInterface/Styles/Mini/Prefabs/Buttons/LightGreen/ButtonCircleCross.prefab
  artifactKey: Guid(0cf2c1dcb48d38a48be58db1a1275229) Importer(2089858483,192608db42251d675da83286b1cce702)
Start importing Assets/CorgiEngine/ThirdParty/MoreMountains/MMInterface/Styles/Mini/Prefabs/Buttons/LightGreen/ButtonCircleCross.prefab using Guid(0cf2c1dcb48d38a48be58db1a1275229) Importer(2089858483,192608db42251d675da83286b1cce702) (ScriptedImporter) -> (artifact id: 'c4c5bb80aacc58a6189861b1a3cd6b32') in 0.0440547 seconds
Number of updated asset objects reloaded before import = 0Number of asset objects unloaded after import = 42

========================================================================
Received Import Request.
  Time since last request: 0.000024 seconds.
  path: Assets/CorgiEngine/ThirdParty/MoreMountains/MMInterface/Styles/Mini/Prefabs/Buttons/Orange/ButtonCircleHome.prefab
  artifactKey: Guid(8a8755ff910838346ac390993c8e61fb) Importer(2089858483,192608db42251d675da83286b1cce702)
Start importing Assets/CorgiEngine/ThirdParty/MoreMountains/MMInterface/Styles/Mini/Prefabs/Buttons/Orange/ButtonCircleHome.prefab using Guid(8a8755ff910838346ac390993c8e61fb) Importer(2089858483,192608db42251d675da83286b1cce702) (ScriptedImporter) -> (artifact id: 'd746fd044468fb300d99bf50c2d1d869') in 0.0475585 seconds
Number of updated asset objects reloaded before import = 0Number of asset objects unloaded after import = 42

========================================================================
Received Import Request.
  Time since last request: 0.000037 seconds.
  path: Assets/CorgiEngine/ThirdParty/MoreMountains/MMInterface/Styles/Mini/Prefabs/Buttons/LightGreen/ButtonSquareSoundOn.prefab
  artifactKey: Guid(04599f9b68068ef42a89b3a25e2943b5) Importer(2089858483,192608db42251d675da83286b1cce702)
Start importing Assets/CorgiEngine/ThirdParty/MoreMountains/MMInterface/Styles/Mini/Prefabs/Buttons/LightGreen/ButtonSquareSoundOn.prefab using Guid(04599f9b68068ef42a89b3a25e2943b5) Importer(2089858483,192608db42251d675da83286b1cce702) (ScriptedImporter) -> (artifact id: '321d6e582c5c06f1a7e95823ffe43158') in 0.0518471 seconds
Number of updated asset objects reloaded before import = 0Number of asset objects unloaded after import = 42

========================================================================
Received Import Request.
  Time since last request: 0.000047 seconds.
  path: Assets/CorgiEngine/ThirdParty/MoreMountains/MMInterface/Styles/Mini/Prefabs/Buttons/LightGrey/ButtonCircleSoundOff.prefab
  artifactKey: Guid(6cd362c591f8a3c4cba3eb61dcbe26a5) Importer(2089858483,192608db42251d675da83286b1cce702)
Start importing Assets/CorgiEngine/ThirdParty/MoreMountains/MMInterface/Styles/Mini/Prefabs/Buttons/LightGrey/ButtonCircleSoundOff.prefab using Guid(6cd362c591f8a3c4cba3eb61dcbe26a5) Importer(2089858483,192608db42251d675da83286b1cce702) (ScriptedImporter) -> (artifact id: '4149490a33b7c3dc085c94c2dab25a49') in 0.0404013 seconds
Number of updated asset objects reloaded before import = 0Number of asset objects unloaded after import = 42

========================================================================
Received Import Request.
  Time since last request: 0.000044 seconds.
  path: Assets/CorgiEngine/ThirdParty/MoreMountains/MMInterface/Styles/Mini/Prefabs/Buttons/LightGreen/ButtonSquareArrow.prefab
  artifactKey: Guid(8d242015bd7ff2a4f9063126626c5716) Importer(2089858483,192608db42251d675da83286b1cce702)
Start importing Assets/CorgiEngine/ThirdParty/MoreMountains/MMInterface/Styles/Mini/Prefabs/Buttons/LightGreen/ButtonSquareArrow.prefab using Guid(8d242015bd7ff2a4f9063126626c5716) Importer(2089858483,192608db42251d675da83286b1cce702) (ScriptedImporter) -> (artifact id: '0b57a4eef89764b4e73bd570a6f513e6') in 0.0446517 seconds
Number of updated asset objects reloaded before import = 0Number of asset objects unloaded after import = 41

========================================================================
Received Import Request.
  Time since last request: 0.000029 seconds.
  path: Assets/CorgiEngine/ThirdParty/MoreMountains/MMInterface/Styles/Mini/Prefabs/Buttons/LightGrey/ButtonCircleCoin.prefab
  artifactKey: Guid(ced0a3e1a3df0dc4180e6182da117a5d) Importer(2089858483,192608db42251d675da83286b1cce702)
Start importing Assets/CorgiEngine/ThirdParty/MoreMountains/MMInterface/Styles/Mini/Prefabs/Buttons/LightGrey/ButtonCircleCoin.prefab using Guid(ced0a3e1a3df0dc4180e6182da117a5d) Importer(2089858483,192608db42251d675da83286b1cce702) (ScriptedImporter) -> (artifact id: 'b31c299dca5812536c12eb7907e079ee') in 0.0499257 seconds
Number of updated asset objects reloaded before import = 0Number of asset objects unloaded after import = 42

========================================================================
Received Import Request.
  Time since last request: 0.000043 seconds.
  path: Assets/CorgiEngine/ThirdParty/MoreMountains/MMInterface/Styles/Mini/Prefabs/Buttons/LightGrey/ButtonRound.prefab
  artifactKey: Guid(a0da906e7f03d3d418edb9b2239102ab) Importer(2089858483,192608db42251d675da83286b1cce702)
Start importing Assets/CorgiEngine/ThirdParty/MoreMountains/MMInterface/Styles/Mini/Prefabs/Buttons/LightGrey/ButtonRound.prefab using Guid(a0da906e7f03d3d418edb9b2239102ab) Importer(2089858483,192608db42251d675da83286b1cce702) (ScriptedImporter) -> (artifact id: '30a650826ea5a0703fba8539af8a2e53') in 0.0476816 seconds
Number of updated asset objects reloaded before import = 0Number of asset objects unloaded after import = 44

========================================================================
Received Import Request.
  Time since last request: 0.000029 seconds.
  path: Assets/CorgiEngine/ThirdParty/MoreMountains/MMInterface/Styles/Mini/Prefabs/Buttons/LightGrey/ButtonCircleHeart.prefab
  artifactKey: Guid(1dea881aef5dd3b4abfc10f24daa994d) Importer(2089858483,192608db42251d675da83286b1cce702)
Start importing Assets/CorgiEngine/ThirdParty/MoreMountains/MMInterface/Styles/Mini/Prefabs/Buttons/LightGrey/ButtonCircleHeart.prefab using Guid(1dea881aef5dd3b4abfc10f24daa994d) Importer(2089858483,192608db42251d675da83286b1cce702) (ScriptedImporter) -> (artifact id: 'c035410be8a8b1d0018f53e2b28af234') in 0.0454993 seconds
Number of updated asset objects reloaded before import = 0Number of asset objects unloaded after import = 42

========================================================================
Received Import Request.
  Time since last request: 0.000028 seconds.
  path: Assets/CorgiEngine/ThirdParty/MoreMountains/MMInterface/Styles/Mini/Prefabs/Buttons/LightGreen/ButtonCircleCheck.prefab
  artifactKey: Guid(cd6df123547644c449f69870bbe2432f) Importer(2089858483,192608db42251d675da83286b1cce702)
Start importing Assets/CorgiEngine/ThirdParty/MoreMountains/MMInterface/Styles/Mini/Prefabs/Buttons/LightGreen/ButtonCircleCheck.prefab using Guid(cd6df123547644c449f69870bbe2432f) Importer(2089858483,192608db42251d675da83286b1cce702) (ScriptedImporter) -> (artifact id: 'cd45644157881335076d29b29fb6857b') in 0.0394746 seconds
Number of updated asset objects reloaded before import = 0Number of asset objects unloaded after import = 42

========================================================================
Received Import Request.
  Time since last request: 0.000029 seconds.
  path: Assets/CorgiEngine/ThirdParty/MoreMountains/MMInterface/Styles/Mini/Prefabs/Buttons/LightGreen/ButtonCircleChevron.prefab
  artifactKey: Guid(b4455fd8fa1fa794783d01db507787a4) Importer(2089858483,192608db42251d675da83286b1cce702)
Start importing Assets/CorgiEngine/ThirdParty/MoreMountains/MMInterface/Styles/Mini/Prefabs/Buttons/LightGreen/ButtonCircleChevron.prefab using Guid(b4455fd8fa1fa794783d01db507787a4) Importer(2089858483,192608db42251d675da83286b1cce702) (ScriptedImporter) -> (artifact id: 'c0635ff59397e5b1dc4e9776735e63a0') in 0.044722 seconds
Number of updated asset objects reloaded before import = 0Number of asset objects unloaded after import = 42

========================================================================
Received Import Request.
  Time since last request: 0.000025 seconds.
  path: Assets/CorgiEngine/ThirdParty/MoreMountains/MMInterface/Styles/Mini/Prefabs/Buttons/LightGreen/ButtonCircleDoubleChevron.prefab
  artifactKey: Guid(4ccd53387d965e04cadfdae9aa2d03c9) Importer(2089858483,192608db42251d675da83286b1cce702)
Start importing Assets/CorgiEngine/ThirdParty/MoreMountains/MMInterface/Styles/Mini/Prefabs/Buttons/LightGreen/ButtonCircleDoubleChevron.prefab using Guid(4ccd53387d965e04cadfdae9aa2d03c9) Importer(2089858483,192608db42251d675da83286b1cce702) (ScriptedImporter) -> (artifact id: 'dd1bfc0880b2eb71e02206e1910e3544') in 0.0419395 seconds
Number of updated asset objects reloaded before import = 0Number of asset objects unloaded after import = 42

========================================================================
Received Import Request.
  Time since last request: 0.000024 seconds.
  path: Assets/CorgiEngine/ThirdParty/MoreMountains/MMInterface/Styles/Mini/Prefabs/Buttons/LightGreen/ButtonRound.prefab
  artifactKey: Guid(3a70e07c8d1ade74cae1e4898d32bc93) Importer(2089858483,192608db42251d675da83286b1cce702)
Start importing Assets/CorgiEngine/ThirdParty/MoreMountains/MMInterface/Styles/Mini/Prefabs/Buttons/LightGreen/ButtonRound.prefab using Guid(3a70e07c8d1ade74cae1e4898d32bc93) Importer(2089858483,192608db42251d675da83286b1cce702) (ScriptedImporter) -> (artifact id: 'e5d0f2bb96017846b8da486861ff609d') in 0.0445416 seconds
Number of updated asset objects reloaded before import = 0Number of asset objects unloaded after import = 44

========================================================================
Received Import Request.
  Time since last request: 0.000037 seconds.
  path: Assets/CorgiEngine/ThirdParty/MoreMountains/MMInterface/Styles/Mini/Prefabs/Buttons/LightGreen/ButtonCircleGear.prefab
  artifactKey: Guid(4261a671c043cf243814ea36dc0275ac) Importer(2089858483,192608db42251d675da83286b1cce702)
Start importing Assets/CorgiEngine/ThirdParty/MoreMountains/MMInterface/Styles/Mini/Prefabs/Buttons/LightGreen/ButtonCircleGear.prefab using Guid(4261a671c043cf243814ea36dc0275ac) Importer(2089858483,192608db42251d675da83286b1cce702) (ScriptedImporter) -> (artifact id: 'cc29b5c5e80356d9199d28d98cb725b3') in 0.0412 seconds
Number of updated asset objects reloaded before import = 0Number of asset objects unloaded after import = 42

========================================================================
Received Import Request.
  Time since last request: 0.000032 seconds.
  path: Assets/CorgiEngine/ThirdParty/MoreMountains/MMInterface/Styles/Mini/Prefabs/Buttons/HorizontalGradientOrangeToPink/ButtonSquareMusic.prefab
  artifactKey: Guid(63f73b4e9be72254987f9cb24572d470) Importer(2089858483,192608db42251d675da83286b1cce702)
Start importing Assets/CorgiEngine/ThirdParty/MoreMountains/MMInterface/Styles/Mini/Prefabs/Buttons/HorizontalGradientOrangeToPink/ButtonSquareMusic.prefab using Guid(63f73b4e9be72254987f9cb24572d470) Importer(2089858483,192608db42251d675da83286b1cce702) (ScriptedImporter) -> (artifact id: '781500da026095875efecaaa920614a4') in 0.0497114 seconds
Number of updated asset objects reloaded before import = 0Number of asset objects unloaded after import = 43

========================================================================
Received Import Request.
  Time since last request: 0.000033 seconds.
  path: Assets/CorgiEngine/ThirdParty/MoreMountains/MMInterface/Styles/Mini/Prefabs/Buttons/HorizontalGradientOrangeToPink/ButtonSquareStar.prefab
  artifactKey: Guid(44d8298d395d7fa4894529f3791da983) Importer(2089858483,192608db42251d675da83286b1cce702)
Start importing Assets/CorgiEngine/ThirdParty/MoreMountains/MMInterface/Styles/Mini/Prefabs/Buttons/HorizontalGradientOrangeToPink/ButtonSquareStar.prefab using Guid(44d8298d395d7fa4894529f3791da983) Importer(2089858483,192608db42251d675da83286b1cce702) (ScriptedImporter) -> (artifact id: '48464b5024b9c1e130e351520f12eddc') in 0.0568442 seconds
Number of updated asset objects reloaded before import = 0Number of asset objects unloaded after import = 43

========================================================================
Received Import Request.
  Time since last request: 0.000043 seconds.
  path: Assets/CorgiEngine/ThirdParty/MoreMountains/MMInterface/Styles/Mini/Prefabs/Buttons/LightGreen/ButtonCircleCoin.prefab
  artifactKey: Guid(1aaf3512401c7f441aca768b587e46cd) Importer(2089858483,192608db42251d675da83286b1cce702)
Start importing Assets/CorgiEngine/ThirdParty/MoreMountains/MMInterface/Styles/Mini/Prefabs/Buttons/LightGreen/ButtonCircleCoin.prefab using Guid(1aaf3512401c7f441aca768b587e46cd) Importer(2089858483,192608db42251d675da83286b1cce702) (ScriptedImporter) -> (artifact id: 'a673e20a52f9cab3f30972894002a26c') in 0.0361357 seconds
Number of updated asset objects reloaded before import = 0Number of asset objects unloaded after import = 42

========================================================================
Received Import Request.
  Time since last request: 0.000034 seconds.
  path: Assets/CorgiEngine/ThirdParty/MoreMountains/MMInterface/Styles/Mini/Prefabs/Buttons/HorizontalGradientOrangeToPink/ButtonSquareSoundOn.prefab
  artifactKey: Guid(ed20c3be6122945488bda39276ec494c) Importer(2089858483,192608db42251d675da83286b1cce702)
Start importing Assets/CorgiEngine/ThirdParty/MoreMountains/MMInterface/Styles/Mini/Prefabs/Buttons/HorizontalGradientOrangeToPink/ButtonSquareSoundOn.prefab using Guid(ed20c3be6122945488bda39276ec494c) Importer(2089858483,192608db42251d675da83286b1cce702) (ScriptedImporter) -> (artifact id: '1f0fd3a3e0b2b18173842afa233d027c') in 0.0411143 seconds
Number of updated asset objects reloaded before import = 0Number of asset objects unloaded after import = 43

========================================================================
Received Import Request.
  Time since last request: 0.000027 seconds.
  path: Assets/CorgiEngine/ThirdParty/MoreMountains/MMInterface/Styles/Mini/Prefabs/Buttons/Pink/ButtonSquareArrow.prefab
  artifactKey: Guid(7d604a1813ff3274c96442857fdb0b31) Importer(2089858483,192608db42251d675da83286b1cce702)
Start importing Assets/CorgiEngine/ThirdParty/MoreMountains/MMInterface/Styles/Mini/Prefabs/Buttons/Pink/ButtonSquareArrow.prefab using Guid(7d604a1813ff3274c96442857fdb0b31) Importer(2089858483,192608db42251d675da83286b1cce702) (ScriptedImporter) -> (artifact id: '8f8749d14cb9a35e371ebaf1cc7f7fb9') in 0.0424141 seconds
Number of updated asset objects reloaded before import = 0Number of asset objects unloaded after import = 41

========================================================================
Received Import Request.
  Time since last request: 0.000022 seconds.
  path: Assets/CorgiEngine/ThirdParty/MoreMountains/MMInterface/Styles/Mini/Prefabs/Buttons/Purple/ButtonCircleStar.prefab
  artifactKey: Guid(1778d8420536507429b87abf2004c851) Importer(2089858483,192608db42251d675da83286b1cce702)
Start importing Assets/CorgiEngine/ThirdParty/MoreMountains/MMInterface/Styles/Mini/Prefabs/Buttons/Purple/ButtonCircleStar.prefab using Guid(1778d8420536507429b87abf2004c851) Importer(2089858483,192608db42251d675da83286b1cce702) (ScriptedImporter) -> (artifact id: '2d283b9d3d7468574da9a126a074249f') in 0.0458226 seconds
Number of updated asset objects reloaded before import = 0Number of asset objects unloaded after import = 42

========================================================================
Received Import Request.
  Time since last request: 0.000038 seconds.
  path: Assets/CorgiEngine/ThirdParty/MoreMountains/MMInterface/Styles/Mini/Prefabs/Buttons/Pink/ButtonCircleChevron.prefab
  artifactKey: Guid(48a9e89403fa8624b98a375adef226cb) Importer(2089858483,192608db42251d675da83286b1cce702)
Start importing Assets/CorgiEngine/ThirdParty/MoreMountains/MMInterface/Styles/Mini/Prefabs/Buttons/Pink/ButtonCircleChevron.prefab using Guid(48a9e89403fa8624b98a375adef226cb) Importer(2089858483,192608db42251d675da83286b1cce702) (ScriptedImporter) -> (artifact id: 'aa68393260fdd9622fa4b6fc0701ab7a') in 0.0426416 seconds
Number of updated asset objects reloaded before import = 0Number of asset objects unloaded after import = 42

========================================================================
Received Import Request.
  Time since last request: 0.000040 seconds.
  path: Assets/CorgiEngine/ThirdParty/MoreMountains/MMInterface/Styles/Mini/Prefabs/Buttons/Pink/ButtonSquareSoundOn.prefab
  artifactKey: Guid(62bbbc21344ec824f8a0868d5f69862b) Importer(2089858483,192608db42251d675da83286b1cce702)
Start importing Assets/CorgiEngine/ThirdParty/MoreMountains/MMInterface/Styles/Mini/Prefabs/Buttons/Pink/ButtonSquareSoundOn.prefab using Guid(62bbbc21344ec824f8a0868d5f69862b) Importer(2089858483,192608db42251d675da83286b1cce702) (ScriptedImporter) -> (artifact id: '61bfe05e357ba64a96ddd0c79b66fc33') in 0.0425433 seconds
Number of updated asset objects reloaded before import = 0Number of asset objects unloaded after import = 42

========================================================================
Received Import Request.
  Time since last request: 0.000031 seconds.
  path: Assets/CorgiEngine/ThirdParty/MoreMountains/MMInterface/Styles/Mini/Prefabs/Buttons/Purple/ButtonCircleSoundOn.prefab
  artifactKey: Guid(397ee010ea56c7a428a413d627d2eb07) Importer(2089858483,192608db42251d675da83286b1cce702)
Start importing Assets/CorgiEngine/ThirdParty/MoreMountains/MMInterface/Styles/Mini/Prefabs/Buttons/Purple/ButtonCircleSoundOn.prefab using Guid(397ee010ea56c7a428a413d627d2eb07) Importer(2089858483,192608db42251d675da83286b1cce702) (ScriptedImporter) -> (artifact id: '8e23fa37a1168726f19f002c0dc1cea9') in 0.0385845 seconds
Number of updated asset objects reloaded before import = 0Number of asset objects unloaded after import = 42

========================================================================
Received Import Request.
  Time since last request: 0.000032 seconds.
  path: Assets/CorgiEngine/ThirdParty/MoreMountains/MMInterface/Styles/Mini/Prefabs/Buttons/Pink/ButtonRound.prefab
  artifactKey: Guid(84f44f95eaf0bef4c8186bd2e77d9973) Importer(2089858483,192608db42251d675da83286b1cce702)
Start importing Assets/CorgiEngine/ThirdParty/MoreMountains/MMInterface/Styles/Mini/Prefabs/Buttons/Pink/ButtonRound.prefab using Guid(84f44f95eaf0bef4c8186bd2e77d9973) Importer(2089858483,192608db42251d675da83286b1cce702) (ScriptedImporter) -> (artifact id: 'e23a873f1632b5b9ef0ac851a1810bf9') in 0.0496704 seconds
Number of updated asset objects reloaded before import = 0Number of asset objects unloaded after import = 44

========================================================================
Received Import Request.
  Time since last request: 0.000024 seconds.
  path: Assets/CorgiEngine/ThirdParty/MoreMountains/MMInterface/Styles/Mini/Prefabs/Buttons/Pink/ButtonSquareCross.prefab
  artifactKey: Guid(61c178f77b217cf4fbeecedc931247e4) Importer(2089858483,192608db42251d675da83286b1cce702)
Start importing Assets/CorgiEngine/ThirdParty/MoreMountains/MMInterface/Styles/Mini/Prefabs/Buttons/Pink/ButtonSquareCross.prefab using Guid(61c178f77b217cf4fbeecedc931247e4) Importer(2089858483,192608db42251d675da83286b1cce702) (ScriptedImporter) -> (artifact id: '81b9d2eee30c840febea436b078cf8f1') in 0.0401836 seconds
Number of updated asset objects reloaded before import = 0Number of asset objects unloaded after import = 42

========================================================================
Received Import Request.
  Time since last request: 0.000024 seconds.
  path: Assets/CorgiEngine/ThirdParty/MoreMountains/MMInterface/Styles/Mini/Prefabs/Buttons/Pink/ButtonSquareCheck.prefab
  artifactKey: Guid(a5441b43a09134b45b790cf9584fad31) Importer(2089858483,192608db42251d675da83286b1cce702)
Start importing Assets/CorgiEngine/ThirdParty/MoreMountains/MMInterface/Styles/Mini/Prefabs/Buttons/Pink/ButtonSquareCheck.prefab using Guid(a5441b43a09134b45b790cf9584fad31) Importer(2089858483,192608db42251d675da83286b1cce702) (ScriptedImporter) -> (artifact id: '101bfa72d7b8cb68bcf66fb322a725bd') in 0.0414103 seconds
Number of updated asset objects reloaded before import = 0Number of asset objects unloaded after import = 42

========================================================================
Received Import Request.
  Time since last request: 0.000034 seconds.
  path: Assets/CorgiEngine/ThirdParty/MoreMountains/MMInterface/Styles/Mini/Prefabs/Buttons/Purple/ButtonCircleDoubleChevron.prefab
  artifactKey: Guid(f4527d79b53ec074bbbe25695135b227) Importer(2089858483,192608db42251d675da83286b1cce702)
Start importing Assets/CorgiEngine/ThirdParty/MoreMountains/MMInterface/Styles/Mini/Prefabs/Buttons/Purple/ButtonCircleDoubleChevron.prefab using Guid(f4527d79b53ec074bbbe25695135b227) Importer(2089858483,192608db42251d675da83286b1cce702) (ScriptedImporter) -> (artifact id: 'a0074aefee8b56f3f88b0f08775f7cdc') in 0.0458081 seconds
Number of updated asset objects reloaded before import = 0Number of asset objects unloaded after import = 42

========================================================================
Received Import Request.
  Time since last request: 0.000076 seconds.
  path: Assets/CorgiEngine/ThirdParty/MoreMountains/MMInterface/Styles/Mini/Prefabs/Buttons/Pink/ButtonCircleStar.prefab
  artifactKey: Guid(a0462917959da3e47ba6e9fba9591041) Importer(2089858483,192608db42251d675da83286b1cce702)
Start importing Assets/CorgiEngine/ThirdParty/MoreMountains/MMInterface/Styles/Mini/Prefabs/Buttons/Pink/ButtonCircleStar.prefab using Guid(a0462917959da3e47ba6e9fba9591041) Importer(2089858483,192608db42251d675da83286b1cce702) (ScriptedImporter) -> (artifact id: '34e9ec4ed8d69dc440a0a89b621776de') in 0.043249 seconds
Number of updated asset objects reloaded before import = 0Number of asset objects unloaded after import = 42

========================================================================
Received Import Request.
  Time since last request: 0.000040 seconds.
  path: Assets/CorgiEngine/ThirdParty/MoreMountains/MMInterface/Styles/Mini/Prefabs/Buttons/Pink/ButtonCircleCoin.prefab
  artifactKey: Guid(ba38f4d7f0e0b4f4d993ebd76b15b10f) Importer(2089858483,192608db42251d675da83286b1cce702)
Start importing Assets/CorgiEngine/ThirdParty/MoreMountains/MMInterface/Styles/Mini/Prefabs/Buttons/Pink/ButtonCircleCoin.prefab using Guid(ba38f4d7f0e0b4f4d993ebd76b15b10f) Importer(2089858483,192608db42251d675da83286b1cce702) (ScriptedImporter) -> (artifact id: 'e4a28d6b5a44a13b52cca93f0a5ab715') in 0.0450295 seconds
Number of updated asset objects reloaded before import = 0Number of asset objects unloaded after import = 42

========================================================================
Received Import Request.
  Time since last request: 0.000036 seconds.
  path: Assets/CorgiEngine/ThirdParty/MoreMountains/MMInterface/Styles/Mini/Prefabs/Buttons/Pink/ButtonCircleMusic.prefab
  artifactKey: Guid(737e139b1b58a0e4a8fc95cbde471ea3) Importer(2089858483,192608db42251d675da83286b1cce702)
Start importing Assets/CorgiEngine/ThirdParty/MoreMountains/MMInterface/Styles/Mini/Prefabs/Buttons/Pink/ButtonCircleMusic.prefab using Guid(737e139b1b58a0e4a8fc95cbde471ea3) Importer(2089858483,192608db42251d675da83286b1cce702) (ScriptedImporter) -> (artifact id: '4fe47d7c8e809bfba53d25cd648def1c') in 0.0405785 seconds
Number of updated asset objects reloaded before import = 0Number of asset objects unloaded after import = 42

========================================================================
Received Import Request.
  Time since last request: 0.000023 seconds.
  path: Assets/CorgiEngine/ThirdParty/MoreMountains/MMInterface/Styles/Mini/Prefabs/Buttons/Pink/ButtonSquareGear.prefab
  artifactKey: Guid(00d615655cb003b4bbe769a21145f3db) Importer(2089858483,192608db42251d675da83286b1cce702)
Start importing Assets/CorgiEngine/ThirdParty/MoreMountains/MMInterface/Styles/Mini/Prefabs/Buttons/Pink/ButtonSquareGear.prefab using Guid(00d615655cb003b4bbe769a21145f3db) Importer(2089858483,192608db42251d675da83286b1cce702) (ScriptedImporter) -> (artifact id: '3c23e484c3cac848a3ac97f7cb307ed0') in 0.0471523 seconds
Number of updated asset objects reloaded before import = 0Number of asset objects unloaded after import = 42

========================================================================
Received Import Request.
  Time since last request: 0.000023 seconds.
  path: Assets/CorgiEngine/ThirdParty/MoreMountains/MMInterface/Styles/Mini/Prefabs/Buttons/Purple/ButtonCircleCoin.prefab
  artifactKey: Guid(78a6b14280525ed4e99e0ad40bdc5e72) Importer(2089858483,192608db42251d675da83286b1cce702)
Start importing Assets/CorgiEngine/ThirdParty/MoreMountains/MMInterface/Styles/Mini/Prefabs/Buttons/Purple/ButtonCircleCoin.prefab using Guid(78a6b14280525ed4e99e0ad40bdc5e72) Importer(2089858483,192608db42251d675da83286b1cce702) (ScriptedImporter) -> (artifact id: 'a317f2c7cc7c4df1bcf85827395ff06c') in 0.0452901 seconds
Number of updated asset objects reloaded before import = 0Number of asset objects unloaded after import = 42

========================================================================
Received Import Request.
  Time since last request: 0.000050 seconds.
  path: Assets/CorgiEngine/ThirdParty/MoreMountains/MMInterface/Styles/Mini/Prefabs/Buttons/Pink/ButtonSquareSoundOff.prefab
  artifactKey: Guid(6a61d9fb13c0ffb45a9006c118bbba7a) Importer(2089858483,192608db42251d675da83286b1cce702)
Start importing Assets/CorgiEngine/ThirdParty/MoreMountains/MMInterface/Styles/Mini/Prefabs/Buttons/Pink/ButtonSquareSoundOff.prefab using Guid(6a61d9fb13c0ffb45a9006c118bbba7a) Importer(2089858483,192608db42251d675da83286b1cce702) (ScriptedImporter) -> (artifact id: '344c9e6ece7a47fad9d3b9197eb54af1') in 0.0461483 seconds
Number of updated asset objects reloaded before import = 0Number of asset objects unloaded after import = 42

========================================================================
Received Import Request.
  Time since last request: 0.000030 seconds.
  path: Assets/CorgiEngine/ThirdParty/MoreMountains/MMInterface/Styles/Mini/Prefabs/Buttons/LightGreen/ButtonCircleStar.prefab
  artifactKey: Guid(2779600d93a92ae4788d4712d201f4bb) Importer(2089858483,192608db42251d675da83286b1cce702)
Start importing Assets/CorgiEngine/ThirdParty/MoreMountains/MMInterface/Styles/Mini/Prefabs/Buttons/LightGreen/ButtonCircleStar.prefab using Guid(2779600d93a92ae4788d4712d201f4bb) Importer(2089858483,192608db42251d675da83286b1cce702) (ScriptedImporter) -> (artifact id: '7d8d212e2ffb119882bcecb611b3f395') in 0.0388667 seconds
Number of updated asset objects reloaded before import = 0Number of asset objects unloaded after import = 42

========================================================================
Received Import Request.
  Time since last request: 0.000038 seconds.
  path: Assets/CorgiEngine/ThirdParty/MoreMountains/MMTools/Core/MMAudio/MMSMPlaylist/MMSMPlaylistManager.cs
  artifactKey: Guid(8f2b35cd0da71894d92b885cf5e55c51) Importer(2089858483,192608db42251d675da83286b1cce702)
Start importing Assets/CorgiEngine/ThirdParty/MoreMountains/MMTools/Core/MMAudio/MMSMPlaylist/MMSMPlaylistManager.cs using Guid(8f2b35cd0da71894d92b885cf5e55c51) Importer(2089858483,192608db42251d675da83286b1cce702) (ScriptedImporter) -> (artifact id: '20b36ffcf9f44e20a8364b8f407f170f') in 0.0207765 seconds
Number of updated asset objects reloaded before import = 0Number of asset objects unloaded after import = 0

========================================================================
Received Import Request.
  Time since last request: 0.000056 seconds.
  path: Assets/CorgiEngine/ThirdParty/MoreMountains/MMInterface/Styles/Mini/Prefabs/Buttons/Purple/ButtonSquareMusic.prefab
  artifactKey: Guid(ab8d4e47e0814d34ba98ea9ffabca6aa) Importer(2089858483,192608db42251d675da83286b1cce702)
Start importing Assets/CorgiEngine/ThirdParty/MoreMountains/MMInterface/Styles/Mini/Prefabs/Buttons/Purple/ButtonSquareMusic.prefab using Guid(ab8d4e47e0814d34ba98ea9ffabca6aa) Importer(2089858483,192608db42251d675da83286b1cce702) (ScriptedImporter) -> (artifact id: '168f930fc7a6eb9e65c3c7463bcc50c6') in 0.0436549 seconds
Number of updated asset objects reloaded before import = 0Number of asset objects unloaded after import = 42

========================================================================
Received Import Request.
  Time since last request: 0.000027 seconds.
  path: Assets/CorgiEngine/ThirdParty/MoreMountains/MMInterface/Styles/Mini/Prefabs/Buttons/VerticalGradientBlueToPurple/ButtonSquareHome.prefab
  artifactKey: Guid(897f4bc73006f4247b6d112d4055d78d) Importer(2089858483,192608db42251d675da83286b1cce702)
Start importing Assets/CorgiEngine/ThirdParty/MoreMountains/MMInterface/Styles/Mini/Prefabs/Buttons/VerticalGradientBlueToPurple/ButtonSquareHome.prefab using Guid(897f4bc73006f4247b6d112d4055d78d) Importer(2089858483,192608db42251d675da83286b1cce702) (ScriptedImporter) -> (artifact id: '52085e68a65eeac62662ef2a79fcf085') in 0.037609 seconds
Number of updated asset objects reloaded before import = 0Number of asset objects unloaded after import = 43

========================================================================
Received Import Request.
  Time since last request: 0.000021 seconds.
  path: Assets/CorgiEngine/ThirdParty/MoreMountains/MMInterface/Styles/Mini/Prefabs/Buttons/VerticalGradientBlueToPurple/ButtonSquareSoundOn.prefab
  artifactKey: Guid(379e5574e24236f44a3d3c4a4fa9ba6b) Importer(2089858483,192608db42251d675da83286b1cce702)
Start importing Assets/CorgiEngine/ThirdParty/MoreMountains/MMInterface/Styles/Mini/Prefabs/Buttons/VerticalGradientBlueToPurple/ButtonSquareSoundOn.prefab using Guid(379e5574e24236f44a3d3c4a4fa9ba6b) Importer(2089858483,192608db42251d675da83286b1cce702) (ScriptedImporter) -> (artifact id: 'dc41da6f3c16ec93538ec685f85b9381') in 0.0469683 seconds
Number of updated asset objects reloaded before import = 0Number of asset objects unloaded after import = 43

========================================================================
Received Import Request.
  Time since last request: 0.000028 seconds.
  path: Assets/CorgiEngine/ThirdParty/MoreMountains/MMInterface/Styles/Mini/Prefabs/Buttons/VerticalGradientBlueToPurple/ButtonCircleCross.prefab
  artifactKey: Guid(f92520bd73812ea449b263bd0140505c) Importer(2089858483,192608db42251d675da83286b1cce702)
Start importing Assets/CorgiEngine/ThirdParty/MoreMountains/MMInterface/Styles/Mini/Prefabs/Buttons/VerticalGradientBlueToPurple/ButtonCircleCross.prefab using Guid(f92520bd73812ea449b263bd0140505c) Importer(2089858483,192608db42251d675da83286b1cce702) (ScriptedImporter) -> (artifact id: 'cdbb272cd317893830928988e1587ca6') in 0.043632 seconds
Number of updated asset objects reloaded before import = 0Number of asset objects unloaded after import = 43

========================================================================
Received Import Request.
  Time since last request: 0.000028 seconds.
  path: Assets/CorgiEngine/ThirdParty/MoreMountains/MMInterface/Styles/Mini/Prefabs/Buttons/VerticalGradientBlueToPurple/ButtonSquareCross.prefab
  artifactKey: Guid(b112beb36a243504895cf4738c0c3906) Importer(2089858483,192608db42251d675da83286b1cce702)
Start importing Assets/CorgiEngine/ThirdParty/MoreMountains/MMInterface/Styles/Mini/Prefabs/Buttons/VerticalGradientBlueToPurple/ButtonSquareCross.prefab using Guid(b112beb36a243504895cf4738c0c3906) Importer(2089858483,192608db42251d675da83286b1cce702) (ScriptedImporter) -> (artifact id: 'ce495494b6d7421fe4fd7455f911888e') in 0.0427373 seconds
Number of updated asset objects reloaded before import = 0Number of asset objects unloaded after import = 43

========================================================================
Received Import Request.
  Time since last request: 0.000026 seconds.
  path: Assets/CorgiEngine/ThirdParty/MoreMountains/MMInterface/Styles/Mini/Prefabs/Buttons/VerticalGradientBlueToCyan/ButtonSquareStar.prefab
  artifactKey: Guid(a994d8b6f9959b3498d9bbafd9542a4f) Importer(2089858483,192608db42251d675da83286b1cce702)
Start importing Assets/CorgiEngine/ThirdParty/MoreMountains/MMInterface/Styles/Mini/Prefabs/Buttons/VerticalGradientBlueToCyan/ButtonSquareStar.prefab using Guid(a994d8b6f9959b3498d9bbafd9542a4f) Importer(2089858483,192608db42251d675da83286b1cce702) (ScriptedImporter) -> (artifact id: '9fc4db3f93474e40dea1a784143d9a2b') in 0.0401558 seconds
Number of updated asset objects reloaded before import = 0Number of asset objects unloaded after import = 43

========================================================================
Received Import Request.
  Time since last request: 0.000051 seconds.
  path: Assets/CorgiEngine/ThirdParty/MoreMountains/MMInterface/Styles/Mini/Prefabs/Buttons/Purple/ButtonSquareHeart.prefab
  artifactKey: Guid(6e386bda610ec9e48bda70213f3b6aaa) Importer(2089858483,192608db42251d675da83286b1cce702)
Start importing Assets/CorgiEngine/ThirdParty/MoreMountains/MMInterface/Styles/Mini/Prefabs/Buttons/Purple/ButtonSquareHeart.prefab using Guid(6e386bda610ec9e48bda70213f3b6aaa) Importer(2089858483,192608db42251d675da83286b1cce702) (ScriptedImporter) -> (artifact id: 'e190c9d7beb224f81c3617a4628c74ba') in 0.0387973 seconds
Number of updated asset objects reloaded before import = 0Number of asset objects unloaded after import = 42

========================================================================
Received Import Request.
  Time since last request: 0.000030 seconds.
  path: Assets/CorgiEngine/ThirdParty/MoreMountains/MMInterface/Styles/Mini/Prefabs/Buttons/VerticalGradientBlueToPurple/ButtonRound.prefab
  artifactKey: Guid(06cf81bcd4c0caa4c903b7e90e60847b) Importer(2089858483,192608db42251d675da83286b1cce702)
Start importing Assets/CorgiEngine/ThirdParty/MoreMountains/MMInterface/Styles/Mini/Prefabs/Buttons/VerticalGradientBlueToPurple/ButtonRound.prefab using Guid(06cf81bcd4c0caa4c903b7e90e60847b) Importer(2089858483,192608db42251d675da83286b1cce702) (ScriptedImporter) -> (artifact id: '5e9d8f66faf8db8006721cefca676c1d') in 0.048873 seconds
Number of updated asset objects reloaded before import = 0Number of asset objects unloaded after import = 45

========================================================================
Received Import Request.
  Time since last request: 0.000023 seconds.
  path: Assets/CorgiEngine/ThirdParty/MoreMountains/MMInterface/Styles/Mini/Prefabs/Buttons/VerticalGradientBlueToPurple/ButtonCircleSoundOn.prefab
  artifactKey: Guid(2af0fadd06b660c4a82fbca47837ed88) Importer(2089858483,192608db42251d675da83286b1cce702)
Start importing Assets/CorgiEngine/ThirdParty/MoreMountains/MMInterface/Styles/Mini/Prefabs/Buttons/VerticalGradientBlueToPurple/ButtonCircleSoundOn.prefab using Guid(2af0fadd06b660c4a82fbca47837ed88) Importer(2089858483,192608db42251d675da83286b1cce702) (ScriptedImporter) -> (artifact id: '93217776de6afaf7edc00d2853500a30') in 0.0373585 seconds
Number of updated asset objects reloaded before import = 0Number of asset objects unloaded after import = 43

========================================================================
Received Import Request.
  Time since last request: 0.000026 seconds.
  path: Assets/CorgiEngine/ThirdParty/MoreMountains/MMInterface/Styles/Mini/Prefabs/Buttons/VerticalGradientBlueToCyan/ButtonCircleArrow.prefab
  artifactKey: Guid(8f7390ec353d5dd448c87d0b1ccac529) Importer(2089858483,192608db42251d675da83286b1cce702)
Start importing Assets/CorgiEngine/ThirdParty/MoreMountains/MMInterface/Styles/Mini/Prefabs/Buttons/VerticalGradientBlueToCyan/ButtonCircleArrow.prefab using Guid(8f7390ec353d5dd448c87d0b1ccac529) Importer(2089858483,192608db42251d675da83286b1cce702) (ScriptedImporter) -> (artifact id: 'a6b0a8f70a8a6297f2b2a35d0ee15e24') in 0.0416397 seconds
Number of updated asset objects reloaded before import = 0Number of asset objects unloaded after import = 43

========================================================================
Received Import Request.
  Time since last request: 0.000028 seconds.
  path: Assets/CorgiEngine/ThirdParty/MoreMountains/MMInterface/Styles/Mini/Prefabs/Buttons/VerticalGradientBlueToCyan/ButtonSquareGear.prefab
  artifactKey: Guid(e88b12c587d4dad4b9470c2b1168dcb9) Importer(2089858483,192608db42251d675da83286b1cce702)
Start importing Assets/CorgiEngine/ThirdParty/MoreMountains/MMInterface/Styles/Mini/Prefabs/Buttons/VerticalGradientBlueToCyan/ButtonSquareGear.prefab using Guid(e88b12c587d4dad4b9470c2b1168dcb9) Importer(2089858483,192608db42251d675da83286b1cce702) (ScriptedImporter) -> (artifact id: 'e09329b0096f8d6f9d0657b27fa19b7f') in 0.0413903 seconds
Number of updated asset objects reloaded before import = 0Number of asset objects unloaded after import = 43

========================================================================
Received Import Request.
  Time since last request: 0.000028 seconds.
  path: Assets/CorgiEngine/ThirdParty/MoreMountains/MMInterface/Styles/Mini/Prefabs/Buttons/VerticalGradientBlueToPurple/ButtonCircleGear.prefab
  artifactKey: Guid(9140364deab423e47a12c9822c86e0bc) Importer(2089858483,192608db42251d675da83286b1cce702)
Start importing Assets/CorgiEngine/ThirdParty/MoreMountains/MMInterface/Styles/Mini/Prefabs/Buttons/VerticalGradientBlueToPurple/ButtonCircleGear.prefab using Guid(9140364deab423e47a12c9822c86e0bc) Importer(2089858483,192608db42251d675da83286b1cce702) (ScriptedImporter) -> (artifact id: '5ac4440f3ee8ac030049d96c14eca4fa') in 0.0422506 seconds
Number of updated asset objects reloaded before import = 0Number of asset objects unloaded after import = 43

========================================================================
Received Import Request.
  Time since last request: 0.000041 seconds.
  path: Assets/CorgiEngine/ThirdParty/MoreMountains/MMInterface/Styles/Mini/Prefabs/Buttons/VerticalGradientBlueToCyan/ButtonCircleDoubleChevron.prefab
  artifactKey: Guid(2399ac733e6e9b946af8def7c3223599) Importer(2089858483,192608db42251d675da83286b1cce702)
Start importing Assets/CorgiEngine/ThirdParty/MoreMountains/MMInterface/Styles/Mini/Prefabs/Buttons/VerticalGradientBlueToCyan/ButtonCircleDoubleChevron.prefab using Guid(2399ac733e6e9b946af8def7c3223599) Importer(2089858483,192608db42251d675da83286b1cce702) (ScriptedImporter) -> (artifact id: '2a4c044040b94a0ee6841063d4a40e96') in 0.0443461 seconds
Number of updated asset objects reloaded before import = 0Number of asset objects unloaded after import = 43

========================================================================
Received Import Request.
  Time since last request: 0.000029 seconds.
  path: Assets/CorgiEngine/ThirdParty/MoreMountains/MMInterface/Styles/Mini/Prefabs/Buttons/VerticalGradientGreenToCyan/ButtonCircleArrow.prefab
  artifactKey: Guid(a698df1bbe2082b459e0928c2fe710bc) Importer(2089858483,192608db42251d675da83286b1cce702)
Start importing Assets/CorgiEngine/ThirdParty/MoreMountains/MMInterface/Styles/Mini/Prefabs/Buttons/VerticalGradientGreenToCyan/ButtonCircleArrow.prefab using Guid(a698df1bbe2082b459e0928c2fe710bc) Importer(2089858483,192608db42251d675da83286b1cce702) (ScriptedImporter) -> (artifact id: 'fde22f15b2f63dde84abe6184f02cbd3') in 0.0426087 seconds
Number of updated asset objects reloaded before import = 0Number of asset objects unloaded after import = 43

========================================================================
Received Import Request.
  Time since last request: 0.000029 seconds.
  path: Assets/CorgiEngine/ThirdParty/MoreMountains/MMInterface/Styles/Mini/Prefabs/Buttons/VerticalGradientGreenToCyan/ButtonAlt.prefab
  artifactKey: Guid(608f0d0c3e47a3746bc91232c7b44dc5) Importer(2089858483,192608db42251d675da83286b1cce702)
Start importing Assets/CorgiEngine/ThirdParty/MoreMountains/MMInterface/Styles/Mini/Prefabs/Buttons/VerticalGradientGreenToCyan/ButtonAlt.prefab using Guid(608f0d0c3e47a3746bc91232c7b44dc5) Importer(2089858483,192608db42251d675da83286b1cce702) (ScriptedImporter) -> (artifact id: '094c3b2139a7b60ff603dbc897ad5f42') in 0.0404783 seconds
Number of updated asset objects reloaded before import = 0Number of asset objects unloaded after import = 45

========================================================================
Received Import Request.
  Time since last request: 0.000021 seconds.
  path: Assets/CorgiEngine/ThirdParty/MoreMountains/MMInterface/Styles/Mini/Prefabs/Buttons/Yellow/ButtonCircleArrow.prefab
  artifactKey: Guid(b2deaea7f6bf172448acfced28ac56b5) Importer(2089858483,192608db42251d675da83286b1cce702)
Start importing Assets/CorgiEngine/ThirdParty/MoreMountains/MMInterface/Styles/Mini/Prefabs/Buttons/Yellow/ButtonCircleArrow.prefab using Guid(b2deaea7f6bf172448acfced28ac56b5) Importer(2089858483,192608db42251d675da83286b1cce702) (ScriptedImporter) -> (artifact id: '75dcc0ce436951f1c0ed8e9f2dc7072e') in 0.0419144 seconds
Number of updated asset objects reloaded before import = 0Number of asset objects unloaded after import = 42

========================================================================
Received Import Request.
  Time since last request: 0.000023 seconds.
  path: Assets/CorgiEngine/ThirdParty/MoreMountains/MMInterface/Styles/Mini/Prefabs/Buttons/VerticalGradientGreenToCyan/ButtonCircleStar.prefab
  artifactKey: Guid(a37613164ee48bf41b554a24142e79c4) Importer(2089858483,192608db42251d675da83286b1cce702)
Start importing Assets/CorgiEngine/ThirdParty/MoreMountains/MMInterface/Styles/Mini/Prefabs/Buttons/VerticalGradientGreenToCyan/ButtonCircleStar.prefab using Guid(a37613164ee48bf41b554a24142e79c4) Importer(2089858483,192608db42251d675da83286b1cce702) (ScriptedImporter) -> (artifact id: '66e81acb13d763bf243479dcbd997acb') in 0.0364303 seconds
Number of updated asset objects reloaded before import = 0Number of asset objects unloaded after import = 43

========================================================================
Received Import Request.
  Time since last request: 0.000033 seconds.
  path: Assets/CorgiEngine/ThirdParty/MoreMountains/MMInterface/Styles/Mini/Prefabs/Buttons/VerticalGradientGreenToCyan/ButtonSquareGear.prefab
  artifactKey: Guid(4196cc0f86ee9f540a99f3dd059520a7) Importer(2089858483,192608db42251d675da83286b1cce702)
Start importing Assets/CorgiEngine/ThirdParty/MoreMountains/MMInterface/Styles/Mini/Prefabs/Buttons/VerticalGradientGreenToCyan/ButtonSquareGear.prefab using Guid(4196cc0f86ee9f540a99f3dd059520a7) Importer(2089858483,192608db42251d675da83286b1cce702) (ScriptedImporter) -> (artifact id: '77a1c65f065103061adb97b373ba1d0e') in 0.0506603 seconds
Number of updated asset objects reloaded before import = 0Number of asset objects unloaded after import = 43

========================================================================
Received Import Request.
  Time since last request: 0.000028 seconds.
  path: Assets/CorgiEngine/ThirdParty/MoreMountains/MMInterface/Styles/Mini/Prefabs/Buttons/VerticalGradientGreenToCyan/ButtonSquareHome.prefab
  artifactKey: Guid(965ad05c8b7da2f4599802acbb51cc5e) Importer(2089858483,192608db42251d675da83286b1cce702)
Start importing Assets/CorgiEngine/ThirdParty/MoreMountains/MMInterface/Styles/Mini/Prefabs/Buttons/VerticalGradientGreenToCyan/ButtonSquareHome.prefab using Guid(965ad05c8b7da2f4599802acbb51cc5e) Importer(2089858483,192608db42251d675da83286b1cce702) (ScriptedImporter) -> (artifact id: '629370dd5df7583addb038a5f2c012bf') in 0.0427761 seconds
Number of updated asset objects reloaded before import = 0Number of asset objects unloaded after import = 43

========================================================================
Received Import Request.
  Time since last request: 0.000044 seconds.
  path: Assets/CorgiEngine/ThirdParty/MoreMountains/MMInterface/Styles/Mini/Prefabs/Buttons/VerticalGradientGreenToCyan/ButtonCircleSoundOff.prefab
  artifactKey: Guid(54619b2f4ec622b43adc54b8b64321fb) Importer(2089858483,192608db42251d675da83286b1cce702)
Start importing Assets/CorgiEngine/ThirdParty/MoreMountains/MMInterface/Styles/Mini/Prefabs/Buttons/VerticalGradientGreenToCyan/ButtonCircleSoundOff.prefab using Guid(54619b2f4ec622b43adc54b8b64321fb) Importer(2089858483,192608db42251d675da83286b1cce702) (ScriptedImporter) -> (artifact id: '2026ce82ade1c83250f4d906e36b93ee') in 0.0377384 seconds
Number of updated asset objects reloaded before import = 0Number of asset objects unloaded after import = 43

========================================================================
Received Import Request.
  Time since last request: 0.000019 seconds.
  path: Assets/CorgiEngine/ThirdParty/MoreMountains/MMInterface/Styles/Mini/Prefabs/Buttons/VerticalGradientGreenToCyan/ButtonSquareCoin.prefab
  artifactKey: Guid(cc86b09a933403c4b9809f9bfd386ad1) Importer(2089858483,192608db42251d675da83286b1cce702)
Start importing Assets/CorgiEngine/ThirdParty/MoreMountains/MMInterface/Styles/Mini/Prefabs/Buttons/VerticalGradientGreenToCyan/ButtonSquareCoin.prefab using Guid(cc86b09a933403c4b9809f9bfd386ad1) Importer(2089858483,192608db42251d675da83286b1cce702) (ScriptedImporter) -> (artifact id: '1db191850fcf2ffe411c814ce352096b') in 0.0434276 seconds
Number of updated asset objects reloaded before import = 0Number of asset objects unloaded after import = 43

========================================================================
Received Import Request.
  Time since last request: 0.000021 seconds.
  path: Assets/CorgiEngine/ThirdParty/MoreMountains/MMInterface/Styles/Mini/Prefabs/Buttons/VerticalGradientGreenToCyan/ButtonSquareHeart.prefab
  artifactKey: Guid(1da7af1fb8507bb4cadbc4a1d26bef01) Importer(2089858483,192608db42251d675da83286b1cce702)
Start importing Assets/CorgiEngine/ThirdParty/MoreMountains/MMInterface/Styles/Mini/Prefabs/Buttons/VerticalGradientGreenToCyan/ButtonSquareHeart.prefab using Guid(1da7af1fb8507bb4cadbc4a1d26bef01) Importer(2089858483,192608db42251d675da83286b1cce702) (ScriptedImporter) -> (artifact id: '65dcbeb1cb6d6949cf7270db50c03331') in 0.0385803 seconds
Number of updated asset objects reloaded before import = 0Number of asset objects unloaded after import = 43

========================================================================
Received Import Request.
  Time since last request: 0.000019 seconds.
  path: Assets/CorgiEngine/ThirdParty/MoreMountains/MMInterface/Styles/Mini/Prefabs/Buttons/VerticalGradientOrangeToViolet/ButtonCircleStar.prefab
  artifactKey: Guid(7b818545114c6254cac9a8ca2a67d2f1) Importer(2089858483,192608db42251d675da83286b1cce702)
Start importing Assets/CorgiEngine/ThirdParty/MoreMountains/MMInterface/Styles/Mini/Prefabs/Buttons/VerticalGradientOrangeToViolet/ButtonCircleStar.prefab using Guid(7b818545114c6254cac9a8ca2a67d2f1) Importer(2089858483,192608db42251d675da83286b1cce702) (ScriptedImporter) -> (artifact id: 'dee08d34acb1759557515acbfb574fc3') in 0.0482009 seconds
Number of updated asset objects reloaded before import = 0Number of asset objects unloaded after import = 43

========================================================================
Received Import Request.
  Time since last request: 0.000031 seconds.
  path: Assets/CorgiEngine/ThirdParty/MoreMountains/MMInterface/Styles/Mini/Prefabs/Buttons/VerticalGradientGreenToCyan/ButtonCircleMusic.prefab
  artifactKey: Guid(98c050e51519e9740a33d8dd38591a4c) Importer(2089858483,192608db42251d675da83286b1cce702)
Start importing Assets/CorgiEngine/ThirdParty/MoreMountains/MMInterface/Styles/Mini/Prefabs/Buttons/VerticalGradientGreenToCyan/ButtonCircleMusic.prefab using Guid(98c050e51519e9740a33d8dd38591a4c) Importer(2089858483,192608db42251d675da83286b1cce702) (ScriptedImporter) -> (artifact id: '8b69a56169450613f8b5da940a736be2') in 0.0385674 seconds
Number of updated asset objects reloaded before import = 0Number of asset objects unloaded after import = 43

========================================================================
Received Import Request.
  Time since last request: 0.000044 seconds.
  path: Assets/CorgiEngine/ThirdParty/MoreMountains/MMInterface/Styles/Mini/Prefabs/Buttons/VerticalGradientGreenToCyan/ButtonRound.prefab
  artifactKey: Guid(a29993af8639bd14ea283045cec248dd) Importer(2089858483,192608db42251d675da83286b1cce702)
Start importing Assets/CorgiEngine/ThirdParty/MoreMountains/MMInterface/Styles/Mini/Prefabs/Buttons/VerticalGradientGreenToCyan/ButtonRound.prefab using Guid(a29993af8639bd14ea283045cec248dd) Importer(2089858483,192608db42251d675da83286b1cce702) (ScriptedImporter) -> (artifact id: 'd2e03cf2224876d9b6c07bf60de19dc8') in 0.0432493 seconds
Number of updated asset objects reloaded before import = 0Number of asset objects unloaded after import = 45

========================================================================
Received Import Request.
  Time since last request: 0.000025 seconds.
  path: Assets/CorgiEngine/ThirdParty/MoreMountains/MMInterface/Styles/Mini/Prefabs/Buttons/VerticalGradientOrangeToViolet/ButtonAlt.prefab
  artifactKey: Guid(ee323d6d37cd7be4a80da2e4cf8faf1c) Importer(2089858483,192608db42251d675da83286b1cce702)
Start importing Assets/CorgiEngine/ThirdParty/MoreMountains/MMInterface/Styles/Mini/Prefabs/Buttons/VerticalGradientOrangeToViolet/ButtonAlt.prefab using Guid(ee323d6d37cd7be4a80da2e4cf8faf1c) Importer(2089858483,192608db42251d675da83286b1cce702) (ScriptedImporter) -> (artifact id: '5c8ab02a7976cd9ba7ee4c9a629bd484') in 0.0407693 seconds
Number of updated asset objects reloaded before import = 0Number of asset objects unloaded after import = 45

========================================================================
Received Import Request.
  Time since last request: 0.000046 seconds.
  path: Assets/CorgiEngine/ThirdParty/MoreMountains/MMInterface/Styles/Mini/Prefabs/Buttons/Yellow/ButtonCircleCross.prefab
  artifactKey: Guid(f7629f67c07b65a499c5f90942d11f43) Importer(2089858483,192608db42251d675da83286b1cce702)
Start importing Assets/CorgiEngine/ThirdParty/MoreMountains/MMInterface/Styles/Mini/Prefabs/Buttons/Yellow/ButtonCircleCross.prefab using Guid(f7629f67c07b65a499c5f90942d11f43) Importer(2089858483,192608db42251d675da83286b1cce702) (ScriptedImporter) -> (artifact id: '8eac11eb3b41b4ae5efd5324889f20a3') in 0.0404111 seconds
Number of updated asset objects reloaded before import = 0Number of asset objects unloaded after import = 42

========================================================================
Received Import Request.
  Time since last request: 0.000030 seconds.
  path: Assets/CorgiEngine/ThirdParty/MoreMountains/MMInterface/Styles/Mini/Prefabs/Buttons/VerticalGradientOrangeToViolet/ButtonSquareSoundOn.prefab
  artifactKey: Guid(05f502c52892ec244b5eba897a1fe050) Importer(2089858483,192608db42251d675da83286b1cce702)
Start importing Assets/CorgiEngine/ThirdParty/MoreMountains/MMInterface/Styles/Mini/Prefabs/Buttons/VerticalGradientOrangeToViolet/ButtonSquareSoundOn.prefab using Guid(05f502c52892ec244b5eba897a1fe050) Importer(2089858483,192608db42251d675da83286b1cce702) (ScriptedImporter) -> (artifact id: '107c4f8eba8aaf4b765fbf5fe351dbe0') in 0.0458626 seconds
Number of updated asset objects reloaded before import = 0Number of asset objects unloaded after import = 43

========================================================================
Received Import Request.
  Time since last request: 0.000064 seconds.
  path: Assets/CorgiEngine/ThirdParty/MoreMountains/MMInterface/Styles/Mini/Prefabs/Buttons/VerticalGradientGreenToCyan/ButtonSquareChevron.prefab
  artifactKey: Guid(5a6482ce66d0ca74692ef96bd331b4b7) Importer(2089858483,192608db42251d675da83286b1cce702)
Start importing Assets/CorgiEngine/ThirdParty/MoreMountains/MMInterface/Styles/Mini/Prefabs/Buttons/VerticalGradientGreenToCyan/ButtonSquareChevron.prefab using Guid(5a6482ce66d0ca74692ef96bd331b4b7) Importer(2089858483,192608db42251d675da83286b1cce702) (ScriptedImporter) -> (artifact id: 'f33a92990275ade6cf654cd399539dd8') in 0.0432443 seconds
Number of updated asset objects reloaded before import = 0Number of asset objects unloaded after import = 43

========================================================================
Received Import Request.
  Time since last request: 0.000038 seconds.
  path: Assets/CorgiEngine/ThirdParty/MoreMountains/MMInterface/Styles/Mini/Prefabs/Buttons/VerticalGradientOrangeToViolet/ButtonCircleSoundOn.prefab
  artifactKey: Guid(5785cfb547e3f0e41bd806213daba528) Importer(2089858483,192608db42251d675da83286b1cce702)
Start importing Assets/CorgiEngine/ThirdParty/MoreMountains/MMInterface/Styles/Mini/Prefabs/Buttons/VerticalGradientOrangeToViolet/ButtonCircleSoundOn.prefab using Guid(5785cfb547e3f0e41bd806213daba528) Importer(2089858483,192608db42251d675da83286b1cce702) (ScriptedImporter) -> (artifact id: '1ebecd843fcd85487e75bad33aeaac1d') in 0.0468455 seconds
Number of updated asset objects reloaded before import = 0Number of asset objects unloaded after import = 43

========================================================================
Received Import Request.
  Time since last request: 0.000069 seconds.
  path: Assets/CorgiEngine/ThirdParty/MoreMountains/MMInterface/Styles/Mini/Prefabs/Buttons/Yellow/ButtonCircleHeart.prefab
  artifactKey: Guid(b5ed1bb602ebd5d4799aff0859642a34) Importer(2089858483,192608db42251d675da83286b1cce702)
Start importing Assets/CorgiEngine/ThirdParty/MoreMountains/MMInterface/Styles/Mini/Prefabs/Buttons/Yellow/ButtonCircleHeart.prefab using Guid(b5ed1bb602ebd5d4799aff0859642a34) Importer(2089858483,192608db42251d675da83286b1cce702) (ScriptedImporter) -> (artifact id: '27a47a4c2d15fcb887ab8aa55e9c0af2') in 0.0460402 seconds
Number of updated asset objects reloaded before import = 0Number of asset objects unloaded after import = 42

========================================================================
Received Import Request.
  Time since last request: 0.000024 seconds.
  path: Assets/CorgiEngine/ThirdParty/MoreMountains/MMInterface/Styles/Mini/Prefabs/Buttons/Yellow/ButtonSquareCheck.prefab
  artifactKey: Guid(8f43adbb34c406d41b71ec81f9752ff6) Importer(2089858483,192608db42251d675da83286b1cce702)
Start importing Assets/CorgiEngine/ThirdParty/MoreMountains/MMInterface/Styles/Mini/Prefabs/Buttons/Yellow/ButtonSquareCheck.prefab using Guid(8f43adbb34c406d41b71ec81f9752ff6) Importer(2089858483,192608db42251d675da83286b1cce702) (ScriptedImporter) -> (artifact id: '4a74d91f37586781391cd8aa8caecacd') in 0.0468716 seconds
Number of updated asset objects reloaded before import = 0Number of asset objects unloaded after import = 42

========================================================================
Received Import Request.
  Time since last request: 0.000024 seconds.
  path: Assets/CorgiEngine/ThirdParty/MoreMountains/MMTools/Demos/MMTween/Fonts/Lato/TTF/Lato-BoldItalic.ttf
  artifactKey: Guid(b5b9db77b259a12469a05063c52d1d11) Importer(2089858483,192608db42251d675da83286b1cce702)
Start importing Assets/CorgiEngine/ThirdParty/MoreMountains/MMTools/Demos/MMTween/Fonts/Lato/TTF/Lato-BoldItalic.ttf using Guid(b5b9db77b259a12469a05063c52d1d11) Importer(2089858483,192608db42251d675da83286b1cce702) (ScriptedImporter) -> (artifact id: '95d49570703b0c1863622214dfb4ccb2') in 0.0351258 seconds
Number of updated asset objects reloaded before import = 0Number of asset objects unloaded after import = 3

========================================================================
Received Import Request.
  Time since last request: 0.000021 seconds.
  path: Assets/CorgiEngine/ThirdParty/MoreMountains/MMTools/Demos/MMTween/Fonts/Lato/SDF/Lato-BlackItalic SDF.asset
  artifactKey: Guid(0f830b4b35476a64095c922deaa35b72) Importer(2089858483,192608db42251d675da83286b1cce702)
Start importing Assets/CorgiEngine/ThirdParty/MoreMountains/MMTools/Demos/MMTween/Fonts/Lato/SDF/Lato-BlackItalic SDF.asset using Guid(0f830b4b35476a64095c922deaa35b72) Importer(2089858483,192608db42251d675da83286b1cce702) (ScriptedImporter) -> (artifact id: '826658bb69b77fad92c6eebcff718ca8') in 0.1135716 seconds
Number of updated asset objects reloaded before import = 0Number of asset objects unloaded after import = 3

========================================================================
Received Import Request.
  Time since last request: 0.000026 seconds.
  path: Assets/CorgiEngine/ThirdParty/MoreMountains/MMInterface/Styles/Mini/Prefabs/Buttons/Yellow/ButtonCircleMusic.prefab
  artifactKey: Guid(605f66181d5c2944795d39659a7968fb) Importer(2089858483,192608db42251d675da83286b1cce702)
Start importing Assets/CorgiEngine/ThirdParty/MoreMountains/MMInterface/Styles/Mini/Prefabs/Buttons/Yellow/ButtonCircleMusic.prefab using Guid(605f66181d5c2944795d39659a7968fb) Importer(2089858483,192608db42251d675da83286b1cce702) (ScriptedImporter) -> (artifact id: '077d5cb48fe2053dca2c860e4d680c4d') in 0.0395291 seconds
Number of updated asset objects reloaded before import = 0Number of asset objects unloaded after import = 42

========================================================================
Received Import Request.
  Time since last request: 0.000036 seconds.
  path: Assets/CorgiEngine/ThirdParty/MoreMountains/MMTools/Demos/MMTween/Fonts/Lato/SDF/Lato-BoldItalic SDF.asset
  artifactKey: Guid(cfef7c6d601b6c047999b7e4c6a76a31) Importer(2089858483,192608db42251d675da83286b1cce702)
Start importing Assets/CorgiEngine/ThirdParty/MoreMountains/MMTools/Demos/MMTween/Fonts/Lato/SDF/Lato-BoldItalic SDF.asset using Guid(cfef7c6d601b6c047999b7e4c6a76a31) Importer(2089858483,192608db42251d675da83286b1cce702) (ScriptedImporter) -> (artifact id: '263a945fbdde4a57420a16e329a33942') in 0.0546301 seconds
Number of updated asset objects reloaded before import = 0Number of asset objects unloaded after import = 3

========================================================================
Received Import Request.
  Time since last request: 0.000028 seconds.
  path: Assets/CorgiEngine/ThirdParty/MoreMountains/MMTools/Demos/MMTween/Fonts/Lato/SDF/Lato-Bold SDF.asset
  artifactKey: Guid(693430919429cff4d9e10f1225ca56c8) Importer(2089858483,192608db42251d675da83286b1cce702)
Start importing Assets/CorgiEngine/ThirdParty/MoreMountains/MMTools/Demos/MMTween/Fonts/Lato/SDF/Lato-Bold SDF.asset using Guid(693430919429cff4d9e10f1225ca56c8) Importer(2089858483,192608db42251d675da83286b1cce702) (ScriptedImporter) -> (artifact id: 'd54e29e14ab5031b2c40f8eb077fa3b1') in 0.0535978 seconds
Number of updated asset objects reloaded before import = 0Number of asset objects unloaded after import = 3

========================================================================
Received Import Request.
  Time since last request: 0.000038 seconds.
  path: Assets/CorgiEngine/ThirdParty/MoreMountains/MMTools/Demos/MMTween/Fonts/Lato/TTF/Lato-HeavyItalic.ttf
  artifactKey: Guid(1f7095e4df627d446a114125f9882224) Importer(2089858483,192608db42251d675da83286b1cce702)
Start importing Assets/CorgiEngine/ThirdParty/MoreMountains/MMTools/Demos/MMTween/Fonts/Lato/TTF/Lato-HeavyItalic.ttf using Guid(1f7095e4df627d446a114125f9882224) Importer(2089858483,192608db42251d675da83286b1cce702) (ScriptedImporter) -> (artifact id: 'ed10e019d3ae4d2e5525e0b140c776f7') in 0.0407401 seconds
Number of updated asset objects reloaded before import = 0Number of asset objects unloaded after import = 3

========================================================================
Received Import Request.
  Time since last request: 0.000022 seconds.
  path: Assets/CorgiEngine/ThirdParty/MoreMountains/MMTools/Demos/MMTween/Fonts/Lato/SDF/Lato-SemiboldItalic SDF.asset
  artifactKey: Guid(7c954dac1de116b478a8154de93b2b6c) Importer(2089858483,192608db42251d675da83286b1cce702)
Start importing Assets/CorgiEngine/ThirdParty/MoreMountains/MMTools/Demos/MMTween/Fonts/Lato/SDF/Lato-SemiboldItalic SDF.asset using Guid(7c954dac1de116b478a8154de93b2b6c) Importer(2089858483,192608db42251d675da83286b1cce702) (ScriptedImporter) -> (artifact id: '41972831789994a057d35813bbb5f0d1') in 0.0546915 seconds
Number of updated asset objects reloaded before import = 0Number of asset objects unloaded after import = 3

========================================================================
Received Import Request.
  Time since last request: 0.000031 seconds.
  path: Assets/CorgiEngine/ThirdParty/MoreMountains/MMInterface/Styles/Mini/Prefabs/Buttons/Yellow/ButtonCircleDoubleChevron.prefab
  artifactKey: Guid(3470a7489a65b6a40b4ca88d575748cc) Importer(2089858483,192608db42251d675da83286b1cce702)
Start importing Assets/CorgiEngine/ThirdParty/MoreMountains/MMInterface/Styles/Mini/Prefabs/Buttons/Yellow/ButtonCircleDoubleChevron.prefab using Guid(3470a7489a65b6a40b4ca88d575748cc) Importer(2089858483,192608db42251d675da83286b1cce702) (ScriptedImporter) -> (artifact id: '7b1e206899b0a6d4fd131bba4e41042e') in 0.0400709 seconds
Number of updated asset objects reloaded before import = 0Number of asset objects unloaded after import = 42

========================================================================
Received Import Request.
  Time since last request: 0.000039 seconds.
  path: Assets/CorgiEngine/ThirdParty/MoreMountains/MMInterface/Styles/Mini/Prefabs/Buttons/Yellow/ButtonSquareStar.prefab
  artifactKey: Guid(a6479818e29938e42af89c702caf5d9b) Importer(2089858483,192608db42251d675da83286b1cce702)
Start importing Assets/CorgiEngine/ThirdParty/MoreMountains/MMInterface/Styles/Mini/Prefabs/Buttons/Yellow/ButtonSquareStar.prefab using Guid(a6479818e29938e42af89c702caf5d9b) Importer(2089858483,192608db42251d675da83286b1cce702) (ScriptedImporter) -> (artifact id: 'd93f5d7b868530732e3aad749073e6f5') in 0.0423688 seconds
Number of updated asset objects reloaded before import = 0Number of asset objects unloaded after import = 42

========================================================================
Received Import Request.
  Time since last request: 0.000020 seconds.
  path: Assets/CorgiEngine/ThirdParty/MoreMountains/MMTools/Demos/MMTween/Fonts/Lato/TTF/Lato-BlackItalic.ttf
  artifactKey: Guid(d05787702efa92742a8128bf4f72413c) Importer(2089858483,192608db42251d675da83286b1cce702)
Start importing Assets/CorgiEngine/ThirdParty/MoreMountains/MMTools/Demos/MMTween/Fonts/Lato/TTF/Lato-BlackItalic.ttf using Guid(d05787702efa92742a8128bf4f72413c) Importer(2089858483,192608db42251d675da83286b1cce702) (ScriptedImporter) -> (artifact id: 'ee3e732b96c48c8f3e267503b25806f2') in 0.0475899 seconds
Number of updated asset objects reloaded before import = 0Number of asset objects unloaded after import = 3

========================================================================
Received Import Request.
  Time since last request: 0.000060 seconds.
  path: Assets/CorgiEngine/ThirdParty/MoreMountains/MMInterface/Styles/Mini/Prefabs/Buttons/Yellow/ButtonSquareChevron.prefab
  artifactKey: Guid(a33346911cb7a5445bf4314c49f11393) Importer(2089858483,192608db42251d675da83286b1cce702)
Start importing Assets/CorgiEngine/ThirdParty/MoreMountains/MMInterface/Styles/Mini/Prefabs/Buttons/Yellow/ButtonSquareChevron.prefab using Guid(a33346911cb7a5445bf4314c49f11393) Importer(2089858483,192608db42251d675da83286b1cce702) (ScriptedImporter) -> (artifact id: 'fc61ae274a3d39dcf425b29825504582') in 0.0461284 seconds
Number of updated asset objects reloaded before import = 0Number of asset objects unloaded after import = 42

========================================================================
Received Import Request.
  Time since last request: 0.000028 seconds.
  path: Assets/CorgiEngine/ThirdParty/MoreMountains/MMTools/Demos/MMTween/Fonts/Lato/SDF/Lato-Thin SDF.asset
  artifactKey: Guid(3ca4d2f306ccea545b06ae7c31441886) Importer(2089858483,192608db42251d675da83286b1cce702)
Start importing Assets/CorgiEngine/ThirdParty/MoreMountains/MMTools/Demos/MMTween/Fonts/Lato/SDF/Lato-Thin SDF.asset using Guid(3ca4d2f306ccea545b06ae7c31441886) Importer(2089858483,192608db42251d675da83286b1cce702) (ScriptedImporter) -> (artifact id: 'b3aad1f77e3bc08dda36aea126df6b74') in 0.0653256 seconds
Number of updated asset objects reloaded before import = 0Number of asset objects unloaded after import = 3

========================================================================
Received Import Request.
  Time since last request: 0.000025 seconds.
  path: Assets/CorgiEngine/ThirdParty/MoreMountains/MMTools/Accessories/MMCinemachine/MMCinemachineZone/MMCinemachineZone.cs
  artifactKey: Guid(cbe74d0e479b10244b0368e807488b5d) Importer(2089858483,192608db42251d675da83286b1cce702)
Start importing Assets/CorgiEngine/ThirdParty/MoreMountains/MMTools/Accessories/MMCinemachine/MMCinemachineZone/MMCinemachineZone.cs using Guid(cbe74d0e479b10244b0368e807488b5d) Importer(2089858483,192608db42251d675da83286b1cce702) (ScriptedImporter) -> (artifact id: '2558ced4639caa08f20f17fb918f3726') in 0.0218026 seconds
Number of updated asset objects reloaded before import = 0Number of asset objects unloaded after import = 0

========================================================================
Received Import Request.
  Time since last request: 0.000084 seconds.
  path: Assets/CorgiEngine/ThirdParty/MoreMountains/MMTools/Accessories/MMProcedural/MMGridGenerators/MMGridGeneratorRandomWalk.cs
  artifactKey: Guid(bcddb04b7bb50904182da35f2b38777c) Importer(2089858483,192608db42251d675da83286b1cce702)
Start importing Assets/CorgiEngine/ThirdParty/MoreMountains/MMTools/Accessories/MMProcedural/MMGridGenerators/MMGridGeneratorRandomWalk.cs using Guid(bcddb04b7bb50904182da35f2b38777c) Importer(2089858483,192608db42251d675da83286b1cce702) (ScriptedImporter) -> (artifact id: '2aa055ccb95d3efa2b20808e3e69a77d') in 0.0298476 seconds
Number of updated asset objects reloaded before import = 0Number of asset objects unloaded after import = 0

========================================================================
Received Import Request.
  Time since last request: 0.000037 seconds.
  path: Assets/CorgiEngine/ThirdParty/MoreMountains/MMInterface/Styles/Mini/Prefabs/Buttons/DarkerGrey/ButtonCircleMusic.prefab
  artifactKey: Guid(fec20fce53616284ca3f1c2c6fcc2b8c) Importer(2089858483,192608db42251d675da83286b1cce702)
Start importing Assets/CorgiEngine/ThirdParty/MoreMountains/MMInterface/Styles/Mini/Prefabs/Buttons/DarkerGrey/ButtonCircleMusic.prefab using Guid(fec20fce53616284ca3f1c2c6fcc2b8c) Importer(2089858483,192608db42251d675da83286b1cce702) (ScriptedImporter) -> (artifact id: '55fd51070cd27d05dae1173656fb908e') in 0.0493171 seconds
Number of updated asset objects reloaded before import = 0Number of asset objects unloaded after import = 41

========================================================================
Received Import Request.
  Time since last request: 0.000039 seconds.
  path: Assets/CorgiEngine/ThirdParty/MoreMountains/MMInterface/Styles/Mini/Prefabs/Buttons/VerticalGradientGreenToCyan/ButtonCircleSoundOn.prefab
  artifactKey: Guid(c07be2145823ffe45a423ec2a872c94f) Importer(2089858483,192608db42251d675da83286b1cce702)
Start importing Assets/CorgiEngine/ThirdParty/MoreMountains/MMInterface/Styles/Mini/Prefabs/Buttons/VerticalGradientGreenToCyan/ButtonCircleSoundOn.prefab using Guid(c07be2145823ffe45a423ec2a872c94f) Importer(2089858483,192608db42251d675da83286b1cce702) (ScriptedImporter) -> (artifact id: '6ca08777035264a69539a00a65da2c40') in 0.0688161 seconds
Number of updated asset objects reloaded before import = 0Number of asset objects unloaded after import = 43

========================================================================
Received Import Request.
  Time since last request: 0.000035 seconds.
  path: Assets/CorgiEngine/ThirdParty/MoreMountains/MMInterface/Styles/Mini/Prefabs/Buttons/VerticalGradientOrangeToViolet/ButtonSquareGear.prefab
  artifactKey: Guid(7b37c0a278c04254c8d91aff18b289b7) Importer(2089858483,192608db42251d675da83286b1cce702)
Start importing Assets/CorgiEngine/ThirdParty/MoreMountains/MMInterface/Styles/Mini/Prefabs/Buttons/VerticalGradientOrangeToViolet/ButtonSquareGear.prefab using Guid(7b37c0a278c04254c8d91aff18b289b7) Importer(2089858483,192608db42251d675da83286b1cce702) (ScriptedImporter) -> (artifact id: '51c0a30552a95bacfa2e45354771d507') in 0.0534142 seconds
Number of updated asset objects reloaded before import = 0Number of asset objects unloaded after import = 43

========================================================================
Received Import Request.
  Time since last request: 0.000034 seconds.
  path: Assets/CorgiEngine/ThirdParty/MoreMountains/MMTools/Demos/MMTween/Fonts/Lato/SDF/Lato-LightItalic SDF.asset
  artifactKey: Guid(4c9581b0f074374498fe2166d24a660b) Importer(2089858483,192608db42251d675da83286b1cce702)
Start importing Assets/CorgiEngine/ThirdParty/MoreMountains/MMTools/Demos/MMTween/Fonts/Lato/SDF/Lato-LightItalic SDF.asset using Guid(4c9581b0f074374498fe2166d24a660b) Importer(2089858483,192608db42251d675da83286b1cce702) (ScriptedImporter) -> (artifact id: 'ddc5fa44c3057c86cf235bd859ef6e7e') in 0.0627813 seconds
Number of updated asset objects reloaded before import = 0Number of asset objects unloaded after import = 3

========================================================================
Received Import Request.
  Time since last request: 0.000034 seconds.
  path: Assets/CorgiEngine/ThirdParty/MoreMountains/MMTools/Accessories/MMDebugMenu/Scripts/UIClasses/MMDebugMenuSpriteReplace.cs
  artifactKey: Guid(67c3b5deddd7fd5438aebce3a8ea178e) Importer(2089858483,192608db42251d675da83286b1cce702)
Start importing Assets/CorgiEngine/ThirdParty/MoreMountains/MMTools/Accessories/MMDebugMenu/Scripts/UIClasses/MMDebugMenuSpriteReplace.cs using Guid(67c3b5deddd7fd5438aebce3a8ea178e) Importer(2089858483,192608db42251d675da83286b1cce702) (ScriptedImporter) -> (artifact id: 'f20c62c08d4bfb33d0b501cfd7507352') in 0.0261278 seconds
Number of updated asset objects reloaded before import = 0Number of asset objects unloaded after import = 0

========================================================================
Received Import Request.
  Time since last request: 0.000064 seconds.
  path: Assets/CorgiEngine/ThirdParty/MoreMountains/MMInterface/Styles/Mini/Prefabs/Buttons/Pink/ButtonCircleHome.prefab
  artifactKey: Guid(ab1dbb43bae739a4da0a2a5d6e87f28d) Importer(2089858483,192608db42251d675da83286b1cce702)
Start importing Assets/CorgiEngine/ThirdParty/MoreMountains/MMInterface/Styles/Mini/Prefabs/Buttons/Pink/ButtonCircleHome.prefab using Guid(ab1dbb43bae739a4da0a2a5d6e87f28d) Importer(2089858483,192608db42251d675da83286b1cce702) (ScriptedImporter) -> (artifact id: 'ee8c288f5a3da91fcdd89a9cfbb690e3') in 0.0482414 seconds
Number of updated asset objects reloaded before import = 0Number of asset objects unloaded after import = 42

========================================================================
Received Import Request.
  Time since last request: 0.000023 seconds.
  path: Assets/CorgiEngine/ThirdParty/MoreMountains/MMTools/Accessories/MMVFX/MMRipple/MMRippleSaw2.mat
  artifactKey: Guid(0d8a387a51a2b414b8160677b26c9d1a) Importer(2089858483,192608db42251d675da83286b1cce702)
Start importing Assets/CorgiEngine/ThirdParty/MoreMountains/MMTools/Accessories/MMVFX/MMRipple/MMRippleSaw2.mat using Guid(0d8a387a51a2b414b8160677b26c9d1a) Importer(2089858483,192608db42251d675da83286b1cce702) (ScriptedImporter) -> (artifact id: 'e23edf5b2a712a5b58e5f86f6906eefa') in 0.0331088 seconds
Number of updated asset objects reloaded before import = 0Number of asset objects unloaded after import = 2

========================================================================
Received Import Request.
  Time since last request: 0.000038 seconds.
  path: Assets/CorgiEngine/ThirdParty/MoreMountains/MMTools/Accessories/MMPrototypeTextures/Textures/MMProtoTextures/MMProtoTextures_GreenDots.png
  artifactKey: Guid(72c581fb2cdf1344f9da353c3f78ccd0) Importer(2089858483,192608db42251d675da83286b1cce702)
Start importing Assets/CorgiEngine/ThirdParty/MoreMountains/MMTools/Accessories/MMPrototypeTextures/Textures/MMProtoTextures/MMProtoTextures_GreenDots.png using Guid(72c581fb2cdf1344f9da353c3f78ccd0) Importer(2089858483,192608db42251d675da83286b1cce702) (ScriptedImporter) -> (artifact id: '545cc6623f221b5ea049e3b904cdd857') in 0.0668011 seconds
Number of updated asset objects reloaded before import = 0Number of asset objects unloaded after import = 1

========================================================================
Received Import Request.
  Time since last request: 0.000023 seconds.
  path: Assets/CorgiEngine/ThirdParty/MoreMountains/MMInterface/Styles/Mini/Prefabs/Buttons/DarkerGrey/ButtonSquareGear.prefab
  artifactKey: Guid(270900a79d361824e81f0d34747b54d1) Importer(2089858483,192608db42251d675da83286b1cce702)
Start importing Assets/CorgiEngine/ThirdParty/MoreMountains/MMInterface/Styles/Mini/Prefabs/Buttons/DarkerGrey/ButtonSquareGear.prefab using Guid(270900a79d361824e81f0d34747b54d1) Importer(2089858483,192608db42251d675da83286b1cce702) (ScriptedImporter) -> (artifact id: '2b6d0d549c7864bb2772c61f374c851e') in 0.0416542 seconds
Number of updated asset objects reloaded before import = 0Number of asset objects unloaded after import = 41

========================================================================
Received Import Request.
  Time since last request: 0.000036 seconds.
  path: Assets/CorgiEngine/ThirdParty/MoreMountains/MMInterface/Styles/Mini/Prefabs/Buttons/VerticalGradientBlueToCyan/ButtonCircleCheck.prefab
  artifactKey: Guid(26b91d692e49d304383f0c93846d0cb5) Importer(2089858483,192608db42251d675da83286b1cce702)
Start importing Assets/CorgiEngine/ThirdParty/MoreMountains/MMInterface/Styles/Mini/Prefabs/Buttons/VerticalGradientBlueToCyan/ButtonCircleCheck.prefab using Guid(26b91d692e49d304383f0c93846d0cb5) Importer(2089858483,192608db42251d675da83286b1cce702) (ScriptedImporter) -> (artifact id: '2528c16182a745deac50c52a2387ce23') in 0.0483291 seconds
Number of updated asset objects reloaded before import = 0Number of asset objects unloaded after import = 43

========================================================================
Received Import Request.
  Time since last request: 0.000039 seconds.
  path: Assets/CorgiEngine/ThirdParty/MoreMountains/MMInterface/Styles/Mini/Prefabs/Buttons/Green/ButtonSquareSoundOn.prefab
  artifactKey: Guid(dd3d0f543a52c4844aba2e2b0a05ed06) Importer(2089858483,192608db42251d675da83286b1cce702)
Start importing Assets/CorgiEngine/ThirdParty/MoreMountains/MMInterface/Styles/Mini/Prefabs/Buttons/Green/ButtonSquareSoundOn.prefab using Guid(dd3d0f543a52c4844aba2e2b0a05ed06) Importer(2089858483,192608db42251d675da83286b1cce702) (ScriptedImporter) -> (artifact id: '645a41fcf15d4c5a4fc5dc44d5002d81') in 0.0478862 seconds
Number of updated asset objects reloaded before import = 0Number of asset objects unloaded after import = 42

========================================================================
Received Import Request.
  Time since last request: 0.000047 seconds.
  path: Assets/CorgiEngine/ThirdParty/MoreMountains/MMFeedbacks/MMFeedbacksForThirdParty/HDRP/Springs/MMSpringChromaticAberrationIntensity_HDRP.cs
  artifactKey: Guid(bba9508cc683bc449975959a80f4ac6d) Importer(2089858483,192608db42251d675da83286b1cce702)
Start importing Assets/CorgiEngine/ThirdParty/MoreMountains/MMFeedbacks/MMFeedbacksForThirdParty/HDRP/Springs/MMSpringChromaticAberrationIntensity_HDRP.cs using Guid(bba9508cc683bc449975959a80f4ac6d) Importer(2089858483,192608db42251d675da83286b1cce702) (ScriptedImporter) -> (artifact id: '1be4379e5395d82bd85ccb477f78a148') in 0.0249747 seconds
Number of updated asset objects reloaded before import = 0Number of asset objects unloaded after import = 0

========================================================================
Received Import Request.
  Time since last request: 0.000067 seconds.
  path: Assets/CorgiEngine/ThirdParty/MoreMountains/MMFeedbacks/MMFeedbacksForThirdParty/PostProcessing/Springs/MMSpringLensDistortionIntensity.cs
  artifactKey: Guid(3ede055534d39df4bad9ee11f7ab2a13) Importer(2089858483,192608db42251d675da83286b1cce702)
Start importing Assets/CorgiEngine/ThirdParty/MoreMountains/MMFeedbacks/MMFeedbacksForThirdParty/PostProcessing/Springs/MMSpringLensDistortionIntensity.cs using Guid(3ede055534d39df4bad9ee11f7ab2a13) Importer(2089858483,192608db42251d675da83286b1cce702) (ScriptedImporter) -> (artifact id: '96e5d5dd055a79d8ff538b676178ce7d') in 0.0262768 seconds
Number of updated asset objects reloaded before import = 0Number of asset objects unloaded after import = 0

========================================================================
Received Import Request.
  Time since last request: 0.000060 seconds.
  path: Assets/CorgiEngine/ThirdParty/MoreMountains/MMFeedbacks/MMFeedbacks/Feedbacks/MMF_Animation.cs
  artifactKey: Guid(88367c53ef5132e4c9df08d23e92c06d) Importer(2089858483,192608db42251d675da83286b1cce702)
Start importing Assets/CorgiEngine/ThirdParty/MoreMountains/MMFeedbacks/MMFeedbacks/Feedbacks/MMF_Animation.cs using Guid(88367c53ef5132e4c9df08d23e92c06d) Importer(2089858483,192608db42251d675da83286b1cce702) (ScriptedImporter) -> (artifact id: 'a0c3970e5e214c9eb3c1616b68cdc98a') in 0.0290936 seconds
Number of updated asset objects reloaded before import = 0Number of asset objects unloaded after import = 0

========================================================================
Received Import Request.
  Time since last request: 0.000048 seconds.
  path: Assets/CorgiEngine/ThirdParty/MoreMountains/MMFeedbacks/Editor/Sequencing/MMInputSequenceRecorderEditor.cs
  artifactKey: Guid(356e077c6b0c8614fa08b93f8099bedf) Importer(2089858483,192608db42251d675da83286b1cce702)
Start importing Assets/CorgiEngine/ThirdParty/MoreMountains/MMFeedbacks/Editor/Sequencing/MMInputSequenceRecorderEditor.cs using Guid(356e077c6b0c8614fa08b93f8099bedf) Importer(2089858483,192608db42251d675da83286b1cce702) (ScriptedImporter) -> (artifact id: '13b34174fbaeff6f449543d7bfe71cd6') in 0.0337175 seconds
Number of updated asset objects reloaded before import = 0Number of asset objects unloaded after import = 0

========================================================================
Received Import Request.
  Time since last request: 0.000066 seconds.
  path: Assets/CorgiEngine/ThirdParty/MoreMountains/MMInterface/Styles/Mini/Prefabs/Buttons/Grey/ButtonSquareSoundOn.prefab
  artifactKey: Guid(7c76ce4b1d71eb34e8cd1efd1861248c) Importer(2089858483,192608db42251d675da83286b1cce702)
Start importing Assets/CorgiEngine/ThirdParty/MoreMountains/MMInterface/Styles/Mini/Prefabs/Buttons/Grey/ButtonSquareSoundOn.prefab using Guid(7c76ce4b1d71eb34e8cd1efd1861248c) Importer(2089858483,192608db42251d675da83286b1cce702) (ScriptedImporter) -> (artifact id: '4ca1d9fdd77416dddda437b07ec15414') in 0.0498684 seconds
Number of updated asset objects reloaded before import = 0Number of asset objects unloaded after import = 42

========================================================================
Received Import Request.
  Time since last request: 0.000030 seconds.
  path: Assets/CorgiEngine/ThirdParty/MoreMountains/MMTools/Core/MMSceneLoading/Sprites/LoadingAnimation.png
  artifactKey: Guid(9bd9265533309304db171aa9f916554a) Importer(2089858483,192608db42251d675da83286b1cce702)
Start importing Assets/CorgiEngine/ThirdParty/MoreMountains/MMTools/Core/MMSceneLoading/Sprites/LoadingAnimation.png using Guid(9bd9265533309304db171aa9f916554a) Importer(2089858483,192608db42251d675da83286b1cce702) (ScriptedImporter) -> (artifact id: 'fa9d457969fbf81133905876ec1762d1') in 0.5239128 seconds
Number of updated asset objects reloaded before import = 0Number of asset objects unloaded after import = 96

========================================================================
Received Import Request.
  Time since last request: 0.000080 seconds.
  path: Assets/CorgiEngine/ThirdParty/MoreMountains/MMInterface/Styles/Mini/Prefabs/Buttons/VerticalGradientOrangeToViolet/ButtonSquareMusic.prefab
  artifactKey: Guid(a60206928b9191740b366e2127f16676) Importer(2089858483,192608db42251d675da83286b1cce702)
Start importing Assets/CorgiEngine/ThirdParty/MoreMountains/MMInterface/Styles/Mini/Prefabs/Buttons/VerticalGradientOrangeToViolet/ButtonSquareMusic.prefab using Guid(a60206928b9191740b366e2127f16676) Importer(2089858483,192608db42251d675da83286b1cce702) (ScriptedImporter) -> (artifact id: '09a013812442987a5b775133b61d9102') in 0.0443411 seconds
Number of updated asset objects reloaded before import = 0Number of asset objects unloaded after import = 43

========================================================================
Received Import Request.
  Time since last request: 0.000022 seconds.
  path: Assets/CorgiEngine/ThirdParty/MoreMountains/MMInterface/Styles/Mini/Prefabs/Buttons/Grey/ButtonCircleArrow.prefab
  artifactKey: Guid(901340fe037b0894d8e4ed287361d6f6) Importer(2089858483,192608db42251d675da83286b1cce702)
Start importing Assets/CorgiEngine/ThirdParty/MoreMountains/MMInterface/Styles/Mini/Prefabs/Buttons/Grey/ButtonCircleArrow.prefab using Guid(901340fe037b0894d8e4ed287361d6f6) Importer(2089858483,192608db42251d675da83286b1cce702) (ScriptedImporter) -> (artifact id: '2ab417392f0d982a88dc2239476c9a4c') in 0.042588 seconds
Number of updated asset objects reloaded before import = 0Number of asset objects unloaded after import = 42

========================================================================
Received Import Request.
  Time since last request: 0.000050 seconds.
  path: Assets/CorgiEngine/ThirdParty/MoreMountains/MMFeedbacks/MMFeedbacks/Shakers/MMFlash.cs
  artifactKey: Guid(5463d50a0cd9b2449a50f538278303d2) Importer(2089858483,192608db42251d675da83286b1cce702)
Start importing Assets/CorgiEngine/ThirdParty/MoreMountains/MMFeedbacks/MMFeedbacks/Shakers/MMFlash.cs using Guid(5463d50a0cd9b2449a50f538278303d2) Importer(2089858483,192608db42251d675da83286b1cce702) (ScriptedImporter) -> (artifact id: 'b30c2dee29724b601938be83c4a27106') in 0.0233763 seconds
Number of updated asset objects reloaded before import = 0Number of asset objects unloaded after import = 0

========================================================================
Received Import Request.
  Time since last request: 0.000026 seconds.
  path: Assets/CorgiEngine/Demos/Corgi2D/Spine/SpaceCorgi/Baked/spine-space-chicken.prefab
  artifactKey: Guid(c28d11fc6e8dffb42a451628f09a57ae) Importer(2089858483,192608db42251d675da83286b1cce702)
Start importing Assets/CorgiEngine/Demos/Corgi2D/Spine/SpaceCorgi/Baked/spine-space-chicken.prefab using Guid(c28d11fc6e8dffb42a451628f09a57ae) Importer(2089858483,192608db42251d675da83286b1cce702) (ScriptedImporter) -> (artifact id: '71a59cc3c18184f924a71a38ebf83077') in 0.0769174 seconds
Number of updated asset objects reloaded before import = 0Number of asset objects unloaded after import = 152

========================================================================
Received Import Request.
  Time since last request: 0.000023 seconds.
  path: Assets/CorgiEngine/ThirdParty/MoreMountains/MMInterface/Styles/Mini/Prefabs/Buttons/HorizontalGradientGreenToBlue/ButtonCircleDoubleChevron.prefab
  artifactKey: Guid(8f4ec802819cec14aba2a8b28ce9db07) Importer(2089858483,192608db42251d675da83286b1cce702)
Start importing Assets/CorgiEngine/ThirdParty/MoreMountains/MMInterface/Styles/Mini/Prefabs/Buttons/HorizontalGradientGreenToBlue/ButtonCircleDoubleChevron.prefab using Guid(8f4ec802819cec14aba2a8b28ce9db07) Importer(2089858483,192608db42251d675da83286b1cce702) (ScriptedImporter) -> (artifact id: '8443037cdc686cc347ec97dbb50ccb14') in 0.0441885 seconds
Number of updated asset objects reloaded before import = 0Number of asset objects unloaded after import = 43

========================================================================
Received Import Request.
  Time since last request: 0.000030 seconds.
  path: Assets/CorgiEngine/ThirdParty/MoreMountains/MMFeedbacks/MMFeedbacksForThirdParty/URP/Shakers/MMVignetteShaker_URP.cs
  artifactKey: Guid(94df1ffae0c2c7d4ba695b68267eea10) Importer(2089858483,192608db42251d675da83286b1cce702)
Start importing Assets/CorgiEngine/ThirdParty/MoreMountains/MMFeedbacks/MMFeedbacksForThirdParty/URP/Shakers/MMVignetteShaker_URP.cs using Guid(94df1ffae0c2c7d4ba695b68267eea10) Importer(2089858483,192608db42251d675da83286b1cce702) (ScriptedImporter) -> (artifact id: '6b613f1f76ede42b931d6c3b081a81e4') in 0.0293183 seconds
Number of updated asset objects reloaded before import = 0Number of asset objects unloaded after import = 0

========================================================================
Received Import Request.
  Time since last request: 0.000067 seconds.
  path: Assets/CorgiEngine/ThirdParty/MoreMountains/MMTools/Accessories/MMVFX/MMRipple/MMRippleCircle3NM.png
  artifactKey: Guid(9f32f9f1779317340b6f9788fb5f5c25) Importer(2089858483,192608db42251d675da83286b1cce702)
Start importing Assets/CorgiEngine/ThirdParty/MoreMountains/MMTools/Accessories/MMVFX/MMRipple/MMRippleCircle3NM.png using Guid(9f32f9f1779317340b6f9788fb5f5c25) Importer(2089858483,192608db42251d675da83286b1cce702) (ScriptedImporter) -> (artifact id: 'd12ffeba861b6e4f5896791a9634160f') in 0.0487057 seconds
Number of updated asset objects reloaded before import = 0Number of asset objects unloaded after import = 1

========================================================================
Received Import Request.
  Time since last request: 0.000024 seconds.
  path: Assets/CorgiEngine/ThirdParty/MoreMountains/MMInterface/Styles/Mini/Prefabs/Buttons/VerticalGradientBlueToCyan/ButtonCircleGear.prefab
  artifactKey: Guid(9d5a912efa183824e96372a320d88a81) Importer(2089858483,192608db42251d675da83286b1cce702)
Start importing Assets/CorgiEngine/ThirdParty/MoreMountains/MMInterface/Styles/Mini/Prefabs/Buttons/VerticalGradientBlueToCyan/ButtonCircleGear.prefab using Guid(9d5a912efa183824e96372a320d88a81) Importer(2089858483,192608db42251d675da83286b1cce702) (ScriptedImporter) -> (artifact id: 'bd75361c519b2806b54284a51be905ae') in 0.0498686 seconds
Number of updated asset objects reloaded before import = 0Number of asset objects unloaded after import = 43

========================================================================
Received Import Request.
  Time since last request: 0.000032 seconds.
  path: Assets/CorgiEngine/ThirdParty/MoreMountains/MMInterface/Styles/Mini/Prefabs/Buttons/Grey/ButtonCircleMusic.prefab
  artifactKey: Guid(99749591e416af84682c86c910e5753d) Importer(2089858483,192608db42251d675da83286b1cce702)
Start importing Assets/CorgiEngine/ThirdParty/MoreMountains/MMInterface/Styles/Mini/Prefabs/Buttons/Grey/ButtonCircleMusic.prefab using Guid(99749591e416af84682c86c910e5753d) Importer(2089858483,192608db42251d675da83286b1cce702) (ScriptedImporter) -> (artifact id: '4b38425a330da27f0e4661e5166d22fc') in 0.0481665 seconds
Number of updated asset objects reloaded before import = 0Number of asset objects unloaded after import = 42

========================================================================
Received Import Request.
  Time since last request: 0.000030 seconds.
  path: Assets/CorgiEngine/ThirdParty/MoreMountains/MMFeedbacks/MMFeedbacksForThirdParty/URP/Shakers/MMFilmGrainShaker_URP.cs
  artifactKey: Guid(c5efb216979c3fd489936ad2e22d7e94) Importer(2089858483,192608db42251d675da83286b1cce702)
Start importing Assets/CorgiEngine/ThirdParty/MoreMountains/MMFeedbacks/MMFeedbacksForThirdParty/URP/Shakers/MMFilmGrainShaker_URP.cs using Guid(c5efb216979c3fd489936ad2e22d7e94) Importer(2089858483,192608db42251d675da83286b1cce702) (ScriptedImporter) -> (artifact id: 'cf9a021b8a4d632e1dfabff811a076ab') in 0.0362914 seconds
Number of updated asset objects reloaded before import = 0Number of asset objects unloaded after import = 0

========================================================================
Received Import Request.
  Time since last request: 0.000056 seconds.
  path: Assets/CorgiEngine/ThirdParty/MoreMountains/MMFeedbacks/MMFeedbacks/Sequencing/Scripts/MMInputSequenceRecorder.cs
  artifactKey: Guid(06ab5e1bf51197d47a2b3cb81ac38c37) Importer(2089858483,192608db42251d675da83286b1cce702)
Start importing Assets/CorgiEngine/ThirdParty/MoreMountains/MMFeedbacks/MMFeedbacks/Sequencing/Scripts/MMInputSequenceRecorder.cs using Guid(06ab5e1bf51197d47a2b3cb81ac38c37) Importer(2089858483,192608db42251d675da83286b1cce702) (ScriptedImporter) -> (artifact id: 'd0867e416cd0ca32b2115710ad214975') in 0.0232803 seconds
Number of updated asset objects reloaded before import = 0Number of asset objects unloaded after import = 0

========================================================================
Received Import Request.
  Time since last request: 0.000081 seconds.
  path: Assets/CorgiEngine/ThirdParty/MoreMountains/MMFeedbacks/MMFeedbacks/Feedbacks/MMF_LookAt.cs
  artifactKey: Guid(4c4357fb44dc45247923329e5534f898) Importer(2089858483,192608db42251d675da83286b1cce702)
Start importing Assets/CorgiEngine/ThirdParty/MoreMountains/MMFeedbacks/MMFeedbacks/Feedbacks/MMF_LookAt.cs using Guid(4c4357fb44dc45247923329e5534f898) Importer(2089858483,192608db42251d675da83286b1cce702) (ScriptedImporter) -> (artifact id: 'a5db0b05e7730fa1626ef82785273a38') in 0.02137 seconds
Number of updated asset objects reloaded before import = 0Number of asset objects unloaded after import = 0

========================================================================
Received Import Request.
  Time since last request: 0.000065 seconds.
  path: Assets/CorgiEngine/ThirdParty/MoreMountains/MMInterface/Common/Scripts/MMRadioButton.cs
  artifactKey: Guid(d63a110b931435341954143eb8da3cc0) Importer(2089858483,192608db42251d675da83286b1cce702)
Start importing Assets/CorgiEngine/ThirdParty/MoreMountains/MMInterface/Common/Scripts/MMRadioButton.cs using Guid(d63a110b931435341954143eb8da3cc0) Importer(2089858483,192608db42251d675da83286b1cce702) (ScriptedImporter) -> (artifact id: 'b59f82ffb9e6155584ba7fa120ca14bb') in 0.0257708 seconds
Number of updated asset objects reloaded before import = 0Number of asset objects unloaded after import = 0

========================================================================
Received Import Request.
  Time since last request: 0.000028 seconds.
  path: Assets/CorgiEngine/ThirdParty/MoreMountains/MMFeedbacks/Demos/MMFeedbacksDemo/Models/Dude/DudeEyes.anim
  artifactKey: Guid(ade14d335fafb01448aae9fd8172457f) Importer(2089858483,192608db42251d675da83286b1cce702)
Start importing Assets/CorgiEngine/ThirdParty/MoreMountains/MMFeedbacks/Demos/MMFeedbacksDemo/Models/Dude/DudeEyes.anim using Guid(ade14d335fafb01448aae9fd8172457f) Importer(2089858483,192608db42251d675da83286b1cce702) (ScriptedImporter) -> (artifact id: '2ea7108e0e04d092a0c10dbeface3956') in 0.0287869 seconds
Number of updated asset objects reloaded before import = 0Number of asset objects unloaded after import = 1

========================================================================
Received Import Request.
  Time since last request: 0.000022 seconds.
  path: Assets/CorgiEngine/ThirdParty/MoreMountains/MMFeedbacks/Demos/MMFeedbacksDemo/Materials/FeedbacksDemoGroundDust.mat
  artifactKey: Guid(05fa953830786f34fa5fd7523273f72c) Importer(2089858483,192608db42251d675da83286b1cce702)
Start importing Assets/CorgiEngine/ThirdParty/MoreMountains/MMFeedbacks/Demos/MMFeedbacksDemo/Materials/FeedbacksDemoGroundDust.mat using Guid(05fa953830786f34fa5fd7523273f72c) Importer(2089858483,192608db42251d675da83286b1cce702) (ScriptedImporter) -> (artifact id: '5fac13f168939d89c26908a35a499698') in 0.0279841 seconds
Number of updated asset objects reloaded before import = 0Number of asset objects unloaded after import = 1

========================================================================
Received Import Request.
  Time since last request: 0.000032 seconds.
  path: Assets/CorgiEngine/ThirdParty/MoreMountains/MMFeedbacks/MMFeedbacks/Shakers/MMCameraShakerRotation.cs
  artifactKey: Guid(531894cbc68d4bf49a71825ad87c3305) Importer(2089858483,192608db42251d675da83286b1cce702)
Start importing Assets/CorgiEngine/ThirdParty/MoreMountains/MMFeedbacks/MMFeedbacks/Shakers/MMCameraShakerRotation.cs using Guid(531894cbc68d4bf49a71825ad87c3305) Importer(2089858483,192608db42251d675da83286b1cce702) (ScriptedImporter) -> (artifact id: 'f29270394013c81bce5e9d45c4c84a19') in 0.0275687 seconds
Number of updated asset objects reloaded before import = 0Number of asset objects unloaded after import = 0

========================================================================
Received Import Request.
  Time since last request: 0.000083 seconds.
  path: Assets/CorgiEngine/ThirdParty/MoreMountains/MMFeedbacks/Demos/SequencingDemo/Textures/Carpet10_rgh.png
  artifactKey: Guid(1d7e87b93dabcd74fae662c411444686) Importer(2089858483,192608db42251d675da83286b1cce702)
Start importing Assets/CorgiEngine/ThirdParty/MoreMountains/MMFeedbacks/Demos/SequencingDemo/Textures/Carpet10_rgh.png using Guid(1d7e87b93dabcd74fae662c411444686) Importer(2089858483,192608db42251d675da83286b1cce702) (ScriptedImporter) -> (artifact id: 'a50a6ea47f96cda6f7d69411888f1dfa') in 0.0413083 seconds
Number of updated asset objects reloaded before import = 0Number of asset objects unloaded after import = 1

========================================================================
Received Import Request.
  Time since last request: 0.000040 seconds.
  path: Assets/CorgiEngine/ThirdParty/MoreMountains/MMTools/Accessories/MMDebugMenu/Prefabs/MMDebugMenuChoicesThree.prefab
  artifactKey: Guid(804c003da46ec914e80badaf93e6d2da) Importer(2089858483,192608db42251d675da83286b1cce702)
Start importing Assets/CorgiEngine/ThirdParty/MoreMountains/MMTools/Accessories/MMDebugMenu/Prefabs/MMDebugMenuChoicesThree.prefab using Guid(804c003da46ec914e80badaf93e6d2da) Importer(2089858483,192608db42251d675da83286b1cce702) (ScriptedImporter) -> (artifact id: 'd609c9bc62a0aaa6fc08b8d581764265') in 0.0529713 seconds
Number of updated asset objects reloaded before import = 0Number of asset objects unloaded after import = 40

========================================================================
Received Import Request.
  Time since last request: 0.000051 seconds.
  path: Assets/CorgiEngine/ThirdParty/MoreMountains/MMFeedbacks/Demos/MMFeedbacksDemo/Materials/FeedbacksDemoSkybox2.mat
  artifactKey: Guid(0a1985bb2529e5e42b326b7b7c80b2d8) Importer(2089858483,192608db42251d675da83286b1cce702)
Start importing Assets/CorgiEngine/ThirdParty/MoreMountains/MMFeedbacks/Demos/MMFeedbacksDemo/Materials/FeedbacksDemoSkybox2.mat using Guid(0a1985bb2529e5e42b326b7b7c80b2d8) Importer(2089858483,192608db42251d675da83286b1cce702) (ScriptedImporter) -> (artifact id: 'e3eacb6c508928e20b5d518ef1107e30') in 0.0292513 seconds
Number of updated asset objects reloaded before import = 0Number of asset objects unloaded after import = 1

========================================================================
Received Import Request.
  Time since last request: 0.000038 seconds.
  path: Assets/CorgiEngine/ThirdParty/MoreMountains/MMTools/Demos/MMTween/Materials/MMPlotterPointMaterial 10.mat
  artifactKey: Guid(04d198feac2c8154ba5ce7f03711ddad) Importer(2089858483,192608db42251d675da83286b1cce702)
Start importing Assets/CorgiEngine/ThirdParty/MoreMountains/MMTools/Demos/MMTween/Materials/MMPlotterPointMaterial 10.mat using Guid(04d198feac2c8154ba5ce7f03711ddad) Importer(2089858483,192608db42251d675da83286b1cce702) (ScriptedImporter) -> (artifact id: '0782b060c42311a9d82d67600b9b200f') in 0.0221214 seconds
Number of updated asset objects reloaded before import = 0Number of asset objects unloaded after import = 1

========================================================================
Received Import Request.
  Time since last request: 0.000053 seconds.
  path: Assets/CorgiEngine/ThirdParty/MoreMountains/MMInterface/Styles/Mini/Prefabs/Buttons/DarkerGrey/ButtonCircleCheck.prefab
  artifactKey: Guid(ce6c8de225ad9814c8b4c204f279e5af) Importer(2089858483,192608db42251d675da83286b1cce702)
Start importing Assets/CorgiEngine/ThirdParty/MoreMountains/MMInterface/Styles/Mini/Prefabs/Buttons/DarkerGrey/ButtonCircleCheck.prefab using Guid(ce6c8de225ad9814c8b4c204f279e5af) Importer(2089858483,192608db42251d675da83286b1cce702) (ScriptedImporter) -> (artifact id: '140392209aba2f7a407ae2af061f1cff') in 0.0470522 seconds
Number of updated asset objects reloaded before import = 0Number of asset objects unloaded after import = 41

========================================================================
Received Import Request.
  Time since last request: 0.000022 seconds.
  path: Assets/CorgiEngine/ThirdParty/MoreMountains/MMFeedbacks/MMFeedbacks/Feedbacks/MMF_TextColor.cs
  artifactKey: Guid(9d7191dea72ef72449889a6e04ba83a9) Importer(2089858483,192608db42251d675da83286b1cce702)
Start importing Assets/CorgiEngine/ThirdParty/MoreMountains/MMFeedbacks/MMFeedbacks/Feedbacks/MMF_TextColor.cs using Guid(9d7191dea72ef72449889a6e04ba83a9) Importer(2089858483,192608db42251d675da83286b1cce702) (ScriptedImporter) -> (artifact id: 'a60c93c683a03f31dd86a7679647c1f7') in 0.0209753 seconds
Number of updated asset objects reloaded before import = 0Number of asset objects unloaded after import = 0

========================================================================
Received Import Request.
  Time since last request: 0.000055 seconds.
  path: Assets/CorgiEngine/ThirdParty/MoreMountains/MMFeedbacks/Demos/SequencingDemo/Sounds/Kit/MMSequencingTom5.wav
  artifactKey: Guid(0a251865d11f91842a19cdee7af66120) Importer(2089858483,192608db42251d675da83286b1cce702)
Start importing Assets/CorgiEngine/ThirdParty/MoreMountains/MMFeedbacks/Demos/SequencingDemo/Sounds/Kit/MMSequencingTom5.wav using Guid(0a251865d11f91842a19cdee7af66120) Importer(2089858483,192608db42251d675da83286b1cce702) (ScriptedImporter) -> (artifact id: '131cd628a22a4ea891a13fe3020988bb') in 0.0603818 seconds
Number of updated asset objects reloaded before import = 0Number of asset objects unloaded after import = 1

========================================================================
Received Import Request.
  Time since last request: 0.000027 seconds.
  path: Assets/CorgiEngine/Demos/Corgi2D/Sprites/Environment/Lava/lava-bridge.png
  artifactKey: Guid(0fb8eee1b833aef4fa485771d20114a0) Importer(2089858483,192608db42251d675da83286b1cce702)
Start importing Assets/CorgiEngine/Demos/Corgi2D/Sprites/Environment/Lava/lava-bridge.png using Guid(0fb8eee1b833aef4fa485771d20114a0) Importer(2089858483,192608db42251d675da83286b1cce702) (ScriptedImporter) -> (artifact id: '178c94bbcb9d2f431c54000749a07a7d') in 0.0510582 seconds
Number of updated asset objects reloaded before import = 0Number of asset objects unloaded after import = 3

========================================================================
Received Import Request.
  Time since last request: 0.000034 seconds.
  path: Assets/CorgiEngine/ThirdParty/MoreMountains/MMInterface/Common/Sounds/Click3.wav
  artifactKey: Guid(c50c5d1f319c8a44bb2c49c454fd0d13) Importer(2089858483,192608db42251d675da83286b1cce702)
Start importing Assets/CorgiEngine/ThirdParty/MoreMountains/MMInterface/Common/Sounds/Click3.wav using Guid(c50c5d1f319c8a44bb2c49c454fd0d13) Importer(2089858483,192608db42251d675da83286b1cce702) (ScriptedImporter) -> (artifact id: '23bfbd3780d97a8dacf3bb535c75a77f') in 0.0915392 seconds
Number of updated asset objects reloaded before import = 0Number of asset objects unloaded after import = 1

========================================================================
Received Import Request.
  Time since last request: 0.000040 seconds.
  path: Assets/CorgiEngine/Demos/Corgi2D/Animations/SpaceCorgi/SpaceCorgiJump/spaceCorgiJump9.anim
  artifactKey: Guid(fc1e4f2f7341ca34c9c1ddae83aeefdb) Importer(2089858483,192608db42251d675da83286b1cce702)
Start importing Assets/CorgiEngine/Demos/Corgi2D/Animations/SpaceCorgi/SpaceCorgiJump/spaceCorgiJump9.anim using Guid(fc1e4f2f7341ca34c9c1ddae83aeefdb) Importer(2089858483,192608db42251d675da83286b1cce702) (ScriptedImporter) -> (artifact id: 'cedacb6b941537f36ffb71488a926f3b') in 0.0275992 seconds
Number of updated asset objects reloaded before import = 0Number of asset objects unloaded after import = 1

========================================================================
Received Import Request.
  Time since last request: 0.000040 seconds.
  path: Assets/CorgiEngine/ThirdParty/MoreMountains/MMFeedbacks/MMFeedbacks/Springs/Springs/MMSpringLightIntensity.cs
  artifactKey: Guid(74afe8fa850212e4cb811213ee9ae400) Importer(2089858483,192608db42251d675da83286b1cce702)
Start importing Assets/CorgiEngine/ThirdParty/MoreMountains/MMFeedbacks/MMFeedbacks/Springs/Springs/MMSpringLightIntensity.cs using Guid(74afe8fa850212e4cb811213ee9ae400) Importer(2089858483,192608db42251d675da83286b1cce702) (ScriptedImporter) -> (artifact id: 'd760d90c3558212f76b143308da70ef8') in 0.0212732 seconds
Number of updated asset objects reloaded before import = 0Number of asset objects unloaded after import = 0

========================================================================
Received Import Request.
  Time since last request: 0.000021 seconds.
  path: Assets/CorgiEngine/ThirdParty/MoreMountains/MMTools/Demos/MMTween/Materials/MMPlotterPointMaterial 2.mat
  artifactKey: Guid(fb4caa80ff96ef14aad27e394d9874b3) Importer(2089858483,192608db42251d675da83286b1cce702)
Start importing Assets/CorgiEngine/ThirdParty/MoreMountains/MMTools/Demos/MMTween/Materials/MMPlotterPointMaterial 2.mat using Guid(fb4caa80ff96ef14aad27e394d9874b3) Importer(2089858483,192608db42251d675da83286b1cce702) (ScriptedImporter) -> (artifact id: '448e47d8bfa0a7656e1226c625ae597a') in 0.0232798 seconds
Number of updated asset objects reloaded before import = 0Number of asset objects unloaded after import = 1

========================================================================
Received Import Request.
  Time since last request: 0.000029 seconds.
  path: Assets/CorgiEngine/ThirdParty/MoreMountains/InventoryEngine/Demos/PixelRogue/PixelRogueRoom1.unity
  artifactKey: Guid(bbd1671f1789c734ebafbab88956dd66) Importer(2089858483,192608db42251d675da83286b1cce702)
Start importing Assets/CorgiEngine/ThirdParty/MoreMountains/InventoryEngine/Demos/PixelRogue/PixelRogueRoom1.unity using Guid(bbd1671f1789c734ebafbab88956dd66) Importer(2089858483,192608db42251d675da83286b1cce702) (ScriptedImporter) -> (artifact id: 'e3317e40a2d0cbb06a90894942af4a3b') in 0.0299014 seconds
Number of updated asset objects reloaded before import = 0Number of asset objects unloaded after import = 1

========================================================================
Received Import Request.
  Time since last request: 0.000074 seconds.
  path: Assets/CorgiEngine/ThirdParty/MoreMountains/MMInterface/Common/Sounds/Error.wav
  artifactKey: Guid(fed950e884d43d843992462e14189973) Importer(2089858483,192608db42251d675da83286b1cce702)
Start importing Assets/CorgiEngine/ThirdParty/MoreMountains/MMInterface/Common/Sounds/Error.wav using Guid(fed950e884d43d843992462e14189973) Importer(2089858483,192608db42251d675da83286b1cce702) (ScriptedImporter) -> (artifact id: 'b19550d75fe1d892c77a6f2e46beb011') in 0.1102694 seconds
Number of updated asset objects reloaded before import = 0Number of asset objects unloaded after import = 1

========================================================================
Received Import Request.
  Time since last request: 0.000030 seconds.
  path: Assets/CorgiEngine/ThirdParty/MoreMountains/MMInterface/Styles/Mini/Prefabs/Buttons/Cyan/ButtonCircleGear.prefab
  artifactKey: Guid(a71452fb1c519a940ba91d600adecf77) Importer(2089858483,192608db42251d675da83286b1cce702)
Start importing Assets/CorgiEngine/ThirdParty/MoreMountains/MMInterface/Styles/Mini/Prefabs/Buttons/Cyan/ButtonCircleGear.prefab using Guid(a71452fb1c519a940ba91d600adecf77) Importer(2089858483,192608db42251d675da83286b1cce702) (ScriptedImporter) -> (artifact id: '644c10d0f69e0459405cee517bde3a37') in 0.0438503 seconds
Number of updated asset objects reloaded before import = 0Number of asset objects unloaded after import = 41

========================================================================
Received Import Request.
  Time since last request: 0.000040 seconds.
  path: Assets/CorgiEngine/ThirdParty/MoreMountains/MMTools/Core/MMExtensions/MMFloatExtensions.cs
  artifactKey: Guid(368b8371d6c95b34fae5ced0725180b1) Importer(2089858483,192608db42251d675da83286b1cce702)
Start importing Assets/CorgiEngine/ThirdParty/MoreMountains/MMTools/Core/MMExtensions/MMFloatExtensions.cs using Guid(368b8371d6c95b34fae5ced0725180b1) Importer(2089858483,192608db42251d675da83286b1cce702) (ScriptedImporter) -> (artifact id: 'cb745b05277d29ad1398b5f4e9a5424a') in 0.0305126 seconds
Number of updated asset objects reloaded before import = 0Number of asset objects unloaded after import = 0

========================================================================
Received Import Request.
  Time since last request: 0.000032 seconds.
  path: Assets/CorgiEngine/ThirdParty/MoreMountains/InventoryEngine/InventoryEngine/Sounds/DefaultSounds/EquipWav.wav
  artifactKey: Guid(e7ddd7fb9df7f3f488699f744ad29ba1) Importer(2089858483,192608db42251d675da83286b1cce702)
Start importing Assets/CorgiEngine/ThirdParty/MoreMountains/InventoryEngine/InventoryEngine/Sounds/DefaultSounds/EquipWav.wav using Guid(e7ddd7fb9df7f3f488699f744ad29ba1) Importer(2089858483,192608db42251d675da83286b1cce702) (ScriptedImporter) -> (artifact id: 'a0217f63c8b21a01cded86107863f9fb') in 0.0938425 seconds
Number of updated asset objects reloaded before import = 0Number of asset objects unloaded after import = 1

========================================================================
Received Import Request.
  Time since last request: 0.000050 seconds.
  path: Assets/CorgiEngine/ThirdParty/MoreMountains/MMFeedbacks/MMFeedbacksForThirdParty/PostProcessing/Shakers/MMChromaticAberrationShaker.cs
  artifactKey: Guid(1297b688774526f418895a2f09176619) Importer(2089858483,192608db42251d675da83286b1cce702)
Start importing Assets/CorgiEngine/ThirdParty/MoreMountains/MMFeedbacks/MMFeedbacksForThirdParty/PostProcessing/Shakers/MMChromaticAberrationShaker.cs using Guid(1297b688774526f418895a2f09176619) Importer(2089858483,192608db42251d675da83286b1cce702) (ScriptedImporter) -> (artifact id: 'ee9cf312a63acc5694b28476f24c9504') in 0.025247 seconds
Number of updated asset objects reloaded before import = 0Number of asset objects unloaded after import = 0

========================================================================
Received Import Request.
  Time since last request: 0.000105 seconds.
  path: Assets/CorgiEngine/Demos/SuperHipsterBros/Prefabs/Environment/HipsterCloud1.prefab
  artifactKey: Guid(7892b1f1f904d534198a376b5b68666a) Importer(2089858483,192608db42251d675da83286b1cce702)
Start importing Assets/CorgiEngine/Demos/SuperHipsterBros/Prefabs/Environment/HipsterCloud1.prefab using Guid(7892b1f1f904d534198a376b5b68666a) Importer(2089858483,192608db42251d675da83286b1cce702) (ScriptedImporter) -> (artifact id: '0d0b1a09c6d64798a19b53c936d6e6d5') in 0.0506892 seconds
Number of updated asset objects reloaded before import = 0Number of asset objects unloaded after import = 8

========================================================================
Received Import Request.
  Time since last request: 0.000056 seconds.
  path: Assets/CorgiEngine/Demos/TheHunt/Models/Soldier/Materials/Colors/RedMaterial1.mat
  artifactKey: Guid(252f18d0bce9f12438c9d15b565061c0) Importer(2089858483,192608db42251d675da83286b1cce702)
Start importing Assets/CorgiEngine/Demos/TheHunt/Models/Soldier/Materials/Colors/RedMaterial1.mat using Guid(252f18d0bce9f12438c9d15b565061c0) Importer(2089858483,192608db42251d675da83286b1cce702) (ScriptedImporter) -> (artifact id: '495fa28768c5de8cb9b7948ca1e993fe') in 0.0243764 seconds
Number of updated asset objects reloaded before import = 0Number of asset objects unloaded after import = 1

========================================================================
Received Import Request.
  Time since last request: 0.000045 seconds.
  path: Assets/CorgiEngine/ThirdParty/MoreMountains/MMTools/Foundation/MMAchievements/Fonts/orange kid.ttf
  artifactKey: Guid(0f03458534bea45e4bba9ab3411321b2) Importer(2089858483,192608db42251d675da83286b1cce702)
Start importing Assets/CorgiEngine/ThirdParty/MoreMountains/MMTools/Foundation/MMAchievements/Fonts/orange kid.ttf using Guid(0f03458534bea45e4bba9ab3411321b2) Importer(2089858483,192608db42251d675da83286b1cce702) (ScriptedImporter) -> (artifact id: 'bdd20949604f23006c0aa0100860bd9f') in 0.0393333 seconds
Number of updated asset objects reloaded before import = 0Number of asset objects unloaded after import = 3

========================================================================
Received Import Request.
  Time since last request: 0.000048 seconds.
  path: Assets/CorgiEngine/ThirdParty/MoreMountains/MMTools/Demos/MMDebugMenu/MMDebugMenuSettings.lighting
  artifactKey: Guid(8547c1a0cd0ea294ea9f2068a4b0ff93) Importer(2089858483,192608db42251d675da83286b1cce702)
Start importing Assets/CorgiEngine/ThirdParty/MoreMountains/MMTools/Demos/MMDebugMenu/MMDebugMenuSettings.lighting using Guid(8547c1a0cd0ea294ea9f2068a4b0ff93) Importer(2089858483,192608db42251d675da83286b1cce702) (ScriptedImporter) -> (artifact id: 'b3eec073caefedeffd311d30a40605cf') in 0.0294474 seconds
Number of updated asset objects reloaded before import = 0Number of asset objects unloaded after import = 1

========================================================================
Received Import Request.
  Time since last request: 0.000024 seconds.
  path: Assets/CorgiEngine/ThirdParty/MoreMountains/MMFeedbacks/MMFeedbacks/MoreMountains.Feedbacks.asmref
  artifactKey: Guid(2a7f62b6c20f8fa459a2d976d9bc2fcf) Importer(2089858483,192608db42251d675da83286b1cce702)
Start importing Assets/CorgiEngine/ThirdParty/MoreMountains/MMFeedbacks/MMFeedbacks/MoreMountains.Feedbacks.asmref using Guid(2a7f62b6c20f8fa459a2d976d9bc2fcf) Importer(2089858483,192608db42251d675da83286b1cce702) (ScriptedImporter) -> (artifact id: '18abb3bbb1d4abdd9d2921904a4d019b') in 0.043145 seconds
Number of updated asset objects reloaded before import = 0Number of asset objects unloaded after import = 1

========================================================================
Received Import Request.
  Time since last request: 0.000034 seconds.
  path: Assets/CorgiEngine/ThirdParty/MoreMountains/MMInterface/Styles/Mini/1-StyleguideIntro.unity
  artifactKey: Guid(b67d0d2664281d04899a99f80395448a) Importer(2089858483,192608db42251d675da83286b1cce702)
Start importing Assets/CorgiEngine/ThirdParty/MoreMountains/MMInterface/Styles/Mini/1-StyleguideIntro.unity using Guid(b67d0d2664281d04899a99f80395448a) Importer(2089858483,192608db42251d675da83286b1cce702) (ScriptedImporter) -> (artifact id: 'bae114b2cffaaa828b1c18e19ed1f274') in 0.0360943 seconds
Number of updated asset objects reloaded before import = 0Number of asset objects unloaded after import = 1

========================================================================
Received Import Request.
  Time since last request: 0.000074 seconds.
  path: Assets/CorgiEngine/ThirdParty/MoreMountains/MMInterface/Styles/Mini/Prefabs/Checkbox.prefab
  artifactKey: Guid(22b9712fb56535c4baa75705ef09cb76) Importer(2089858483,192608db42251d675da83286b1cce702)
Start importing Assets/CorgiEngine/ThirdParty/MoreMountains/MMInterface/Styles/Mini/Prefabs/Checkbox.prefab using Guid(22b9712fb56535c4baa75705ef09cb76) Importer(2089858483,192608db42251d675da83286b1cce702) (ScriptedImporter) -> (artifact id: 'd9d08d9a4f2767cf11725cd84c4e0312') in 0.0468237 seconds
Number of updated asset objects reloaded before import = 0Number of asset objects unloaded after import = 38

========================================================================
Received Import Request.
  Time since last request: 0.000049 seconds.
  path: Assets/CorgiEngine/ThirdParty/MoreMountains/MMFeedbacks/MMFeedbacksForThirdParty/TextMeshPro/Feedbacks/MMF_TMPOutlineColor.cs
  artifactKey: Guid(e39702c3d8077294887f6c1ddec28589) Importer(2089858483,192608db42251d675da83286b1cce702)
Start importing Assets/CorgiEngine/ThirdParty/MoreMountains/MMFeedbacks/MMFeedbacksForThirdParty/TextMeshPro/Feedbacks/MMF_TMPOutlineColor.cs using Guid(e39702c3d8077294887f6c1ddec28589) Importer(2089858483,192608db42251d675da83286b1cce702) (ScriptedImporter) -> (artifact id: 'daf1e09279693cb16c763809be93b866') in 0.0255668 seconds
Number of updated asset objects reloaded before import = 0Number of asset objects unloaded after import = 0

========================================================================
Received Import Request.
  Time since last request: 0.000088 seconds.
  path: Assets/CorgiEngine/ThirdParty/MoreMountains/MMTools/Accessories/MMVFX/MMBloomDirt/MMBloomDirt3.png
  artifactKey: Guid(0448ffbb2d259c74496e9252af0411b6) Importer(2089858483,192608db42251d675da83286b1cce702)
Start importing Assets/CorgiEngine/ThirdParty/MoreMountains/MMTools/Accessories/MMVFX/MMBloomDirt/MMBloomDirt3.png using Guid(0448ffbb2d259c74496e9252af0411b6) Importer(2089858483,192608db42251d675da83286b1cce702) (ScriptedImporter) -> (artifact id: 'e13dc0798f5dbae3dee45796352e33a0') in 0.0639825 seconds
Number of updated asset objects reloaded before import = 0Number of asset objects unloaded after import = 1

========================================================================
Received Import Request.
  Time since last request: 0.000024 seconds.
  path: Assets/CorgiEngine/Demos/Corgi2D/Prefabs/Environment/Mountains/MtnPlatform5.prefab
  artifactKey: Guid(a2e41fddcbf2e9d42b6f26343f68c933) Importer(2089858483,192608db42251d675da83286b1cce702)
Start importing Assets/CorgiEngine/Demos/Corgi2D/Prefabs/Environment/Mountains/MtnPlatform5.prefab using Guid(a2e41fddcbf2e9d42b6f26343f68c933) Importer(2089858483,192608db42251d675da83286b1cce702) (ScriptedImporter) -> (artifact id: '908c1ec9dc8adfaf73c9a9b7bfe9bbe2') in 0.0699676 seconds
Number of updated asset objects reloaded before import = 0Number of asset objects unloaded after import = 8

========================================================================
Received Import Request.
  Time since last request: 0.000042 seconds.
  path: Assets/CorgiEngine/Demos/Retro/Tilemaps/RetroRocks/RetroRocks_23.asset
  artifactKey: Guid(c033567d6830655c6c22eda46df0d7d8) Importer(2089858483,192608db42251d675da83286b1cce702)
Start importing Assets/CorgiEngine/Demos/Retro/Tilemaps/RetroRocks/RetroRocks_23.asset using Guid(c033567d6830655c6c22eda46df0d7d8) Importer(2089858483,192608db42251d675da83286b1cce702) (ScriptedImporter) -> (artifact id: '9fdd68e1ab7b7de1df9f0023aa23d65c') in 0.0355981 seconds
Number of updated asset objects reloaded before import = 0Number of asset objects unloaded after import = 2

========================================================================
Received Import Request.
  Time since last request: 0.000029 seconds.
  path: Assets/CorgiEngine/Demos/Retro/Tilemaps/RetroCave/RetroCave_46.asset
  artifactKey: Guid(972d088bff41ec4a2b0eda00ca4bc66c) Importer(2089858483,192608db42251d675da83286b1cce702)
Start importing Assets/CorgiEngine/Demos/Retro/Tilemaps/RetroCave/RetroCave_46.asset using Guid(972d088bff41ec4a2b0eda00ca4bc66c) Importer(2089858483,192608db42251d675da83286b1cce702) (ScriptedImporter) -> (artifact id: '35e940c0f2c705b8c6e0fc062980abf5') in 0.0329745 seconds
Number of updated asset objects reloaded before import = 0Number of asset objects unloaded after import = 2

========================================================================
Received Import Request.
  Time since last request: 0.000026 seconds.
  path: Assets/CorgiEngine/ThirdParty/MoreMountains/MMInterface/Common/Scripts/MMPopup.cs
  artifactKey: Guid(27921fe899d134b458a272a973440231) Importer(2089858483,192608db42251d675da83286b1cce702)
Start importing Assets/CorgiEngine/ThirdParty/MoreMountains/MMInterface/Common/Scripts/MMPopup.cs using Guid(27921fe899d134b458a272a973440231) Importer(2089858483,192608db42251d675da83286b1cce702) (ScriptedImporter) -> (artifact id: '659163de4316a97d625b7cb0da74fd79') in 0.0285476 seconds
Number of updated asset objects reloaded before import = 0Number of asset objects unloaded after import = 0

========================================================================
Received Import Request.
  Time since last request: 0.000168 seconds.
  path: Assets/CorgiEngine/Demos/Retro/Tilemaps/RetroCave/RetroCave_16.asset
  artifactKey: Guid(ca5e733f49843064ad0e590cd0409daa) Importer(2089858483,192608db42251d675da83286b1cce702)
Start importing Assets/CorgiEngine/Demos/Retro/Tilemaps/RetroCave/RetroCave_16.asset using Guid(ca5e733f49843064ad0e590cd0409daa) Importer(2089858483,192608db42251d675da83286b1cce702) (ScriptedImporter) -> (artifact id: '0622c212300cfd56f1b05233f12ec928') in 0.0314183 seconds
Number of updated asset objects reloaded before import = 0Number of asset objects unloaded after import = 2

========================================================================
Received Import Request.
  Time since last request: 0.000030 seconds.
  path: Assets/CorgiEngine/Demos/TheHunt/Models/MachineGun/Materials/MachineGunMat2.mat
  artifactKey: Guid(b34b11400eba29240aa32fd5a20382c9) Importer(2089858483,192608db42251d675da83286b1cce702)
Start importing Assets/CorgiEngine/Demos/TheHunt/Models/MachineGun/Materials/MachineGunMat2.mat using Guid(b34b11400eba29240aa32fd5a20382c9) Importer(2089858483,192608db42251d675da83286b1cce702) (ScriptedImporter) -> (artifact id: 'e9dc52c0666d7ca732edaa2880f8473e') in 0.0338961 seconds
Number of updated asset objects reloaded before import = 0Number of asset objects unloaded after import = 1

========================================================================
Received Import Request.
  Time since last request: 0.000079 seconds.
  path: Assets/CorgiEngine/ThirdParty/MoreMountains/MMTools/Core/MMHelpers/MMInput.cs
  artifactKey: Guid(a0874b2291d387847be139a6824cc576) Importer(2089858483,192608db42251d675da83286b1cce702)
Start importing Assets/CorgiEngine/ThirdParty/MoreMountains/MMTools/Core/MMHelpers/MMInput.cs using Guid(a0874b2291d387847be139a6824cc576) Importer(2089858483,192608db42251d675da83286b1cce702) (ScriptedImporter) -> (artifact id: 'e5559fe62421d7d3f8b59658c6a231d4') in 0.0279117 seconds
Number of updated asset objects reloaded before import = 0Number of asset objects unloaded after import = 0

========================================================================
Received Import Request.
  Time since last request: 0.000160 seconds.
  path: Assets/CorgiEngine/Demos/Corgi2D/Prefabs/Environment/Trees/Tree6.prefab
  artifactKey: Guid(6ab461447b7d69840b9ac9546e671f8a) Importer(2089858483,192608db42251d675da83286b1cce702)
Start importing Assets/CorgiEngine/Demos/Corgi2D/Prefabs/Environment/Trees/Tree6.prefab using Guid(6ab461447b7d69840b9ac9546e671f8a) Importer(2089858483,192608db42251d675da83286b1cce702) (ScriptedImporter) -> (artifact id: '68b9fda0d3ce83a52db68267e5646abd') in 0.0442156 seconds
Number of updated asset objects reloaded before import = 0Number of asset objects unloaded after import = 8

========================================================================
Received Import Request.
  Time since last request: 0.000032 seconds.
  path: Assets/CorgiEngine/ThirdParty/MoreMountains/MMFeedbacks/MMFeedbacksForThirdParty/MMTools/Feedbacks/MMF_MMSoundManagerTrackFade.cs
  artifactKey: Guid(266e8e08f7762ff488684f17ba9da511) Importer(2089858483,192608db42251d675da83286b1cce702)
Start importing Assets/CorgiEngine/ThirdParty/MoreMountains/MMFeedbacks/MMFeedbacksForThirdParty/MMTools/Feedbacks/MMF_MMSoundManagerTrackFade.cs using Guid(266e8e08f7762ff488684f17ba9da511) Importer(2089858483,192608db42251d675da83286b1cce702) (ScriptedImporter) -> (artifact id: '7b8ae4fe45555d414ddea2401fea0f50') in 0.0251442 seconds
Number of updated asset objects reloaded before import = 0Number of asset objects unloaded after import = 0

========================================================================
Received Import Request.
  Time since last request: 0.000028 seconds.
  path: Assets/CorgiEngine/ThirdParty/MoreMountains/MMInterface/Styles/Mini/Prefabs/Buttons/Blue/ButtonCircleSoundOn.prefab
  artifactKey: Guid(5b0569e8c59a4984489740036b898d8e) Importer(2089858483,192608db42251d675da83286b1cce702)
Start importing Assets/CorgiEngine/ThirdParty/MoreMountains/MMInterface/Styles/Mini/Prefabs/Buttons/Blue/ButtonCircleSoundOn.prefab using Guid(5b0569e8c59a4984489740036b898d8e) Importer(2089858483,192608db42251d675da83286b1cce702) (ScriptedImporter) -> (artifact id: '97eb3b1b41c4f7b34fa04bd97b2e3687') in 0.0467042 seconds
Number of updated asset objects reloaded before import = 0Number of asset objects unloaded after import = 41

========================================================================
Received Import Request.
  Time since last request: 0.000026 seconds.
  path: Assets/CorgiEngine/ThirdParty/MoreMountains/MMInterface/Common/Sounds/BeepLong3.wav
  artifactKey: Guid(5f939c300c2ce60468116844be057d34) Importer(2089858483,192608db42251d675da83286b1cce702)
Start importing Assets/CorgiEngine/ThirdParty/MoreMountains/MMInterface/Common/Sounds/BeepLong3.wav using Guid(5f939c300c2ce60468116844be057d34) Importer(2089858483,192608db42251d675da83286b1cce702) (ScriptedImporter) -> (artifact id: '460859a16cd0c9110c7f40aada42e67f') in 0.093034 seconds
Number of updated asset objects reloaded before import = 0Number of asset objects unloaded after import = 1

========================================================================
Received Import Request.
  Time since last request: 0.000032 seconds.
  path: Assets/CorgiEngine/ThirdParty/MoreMountains/MMTools/Core/MMRadio/MMProperty/MMPropertyLink/MMPropertyLinkBool.cs
  artifactKey: Guid(d260fd7dcadc0284a8d734805d374223) Importer(2089858483,192608db42251d675da83286b1cce702)
Start importing Assets/CorgiEngine/ThirdParty/MoreMountains/MMTools/Core/MMRadio/MMProperty/MMPropertyLink/MMPropertyLinkBool.cs using Guid(d260fd7dcadc0284a8d734805d374223) Importer(2089858483,192608db42251d675da83286b1cce702) (ScriptedImporter) -> (artifact id: '9623f35e0d4479d3110c086b8ab8d903') in 0.0240551 seconds
Number of updated asset objects reloaded before import = 0Number of asset objects unloaded after import = 0

========================================================================
Received Import Request.
  Time since last request: 0.000163 seconds.
  path: Assets/CorgiEngine/ThirdParty/MoreMountains/MMInterface/Styles/Mini/Prefabs/Buttons/DarkerGrey/ButtonCircleHeart.prefab
  artifactKey: Guid(ca925b6c7ed60e544a0af9d51a6c50cf) Importer(2089858483,192608db42251d675da83286b1cce702)
Start importing Assets/CorgiEngine/ThirdParty/MoreMountains/MMInterface/Styles/Mini/Prefabs/Buttons/DarkerGrey/ButtonCircleHeart.prefab using Guid(ca925b6c7ed60e544a0af9d51a6c50cf) Importer(2089858483,192608db42251d675da83286b1cce702) (ScriptedImporter) -> (artifact id: '9247f755f9fdc0700b4a9d98ff71c31a') in 0.0428048 seconds
Number of updated asset objects reloaded before import = 0Number of asset objects unloaded after import = 41

========================================================================
Received Import Request.
  Time since last request: 0.000023 seconds.
  path: Assets/CorgiEngine/ThirdParty/MoreMountains/MMInterface/Styles/Mini/Prefabs/Buttons/DarkerGrey/ButtonCircleDoubleChevron.prefab
  artifactKey: Guid(af9f770f1675d7943b0976a648ba6860) Importer(2089858483,192608db42251d675da83286b1cce702)
Start importing Assets/CorgiEngine/ThirdParty/MoreMountains/MMInterface/Styles/Mini/Prefabs/Buttons/DarkerGrey/ButtonCircleDoubleChevron.prefab using Guid(af9f770f1675d7943b0976a648ba6860) Importer(2089858483,192608db42251d675da83286b1cce702) (ScriptedImporter) -> (artifact id: '6a1f7e744db76c1b767879342c42d936') in 0.0410594 seconds
Number of updated asset objects reloaded before import = 0Number of asset objects unloaded after import = 41

========================================================================
Received Import Request.
  Time since last request: 0.000033 seconds.
  path: Assets/CorgiEngine/Demos/SuperHipsterBros/Prefabs/Environment/HipsterGround3.prefab
  artifactKey: Guid(7f6d482ad03b0d649b6080b59c3f0501) Importer(2089858483,192608db42251d675da83286b1cce702)
Start importing Assets/CorgiEngine/Demos/SuperHipsterBros/Prefabs/Environment/HipsterGround3.prefab using Guid(7f6d482ad03b0d649b6080b59c3f0501) Importer(2089858483,192608db42251d675da83286b1cce702) (ScriptedImporter) -> (artifact id: '75e483e58e8a3e2e391e515e4ce7622b') in 0.0480999 seconds
Number of updated asset objects reloaded before import = 0Number of asset objects unloaded after import = 8

========================================================================
Received Import Request.
  Time since last request: 0.000028 seconds.
  path: Assets/CorgiEngine/ThirdParty/MoreMountains/MMInterface/Styles/Mini/Prefabs/Buttons/DarkerGrey/ButtonCircleSoundOff.prefab
  artifactKey: Guid(6bde8f7d62b201e4691026b0352179a7) Importer(2089858483,192608db42251d675da83286b1cce702)
Start importing Assets/CorgiEngine/ThirdParty/MoreMountains/MMInterface/Styles/Mini/Prefabs/Buttons/DarkerGrey/ButtonCircleSoundOff.prefab using Guid(6bde8f7d62b201e4691026b0352179a7) Importer(2089858483,192608db42251d675da83286b1cce702) (ScriptedImporter) -> (artifact id: '4d9c7735ae2d999bc0d4913d0d5ac1aa') in 0.0442807 seconds
Number of updated asset objects reloaded before import = 0Number of asset objects unloaded after import = 41

========================================================================
Received Import Request.
  Time since last request: 0.000039 seconds.
  path: Assets/CorgiEngine/ThirdParty/MoreMountains/MMFeedbacks/MMFeedbacks/Feedbacks/MMF_SquashAndStretchSpring.cs
  artifactKey: Guid(fb2e3394a85703748ad01e196cf50ee1) Importer(2089858483,192608db42251d675da83286b1cce702)
Start importing Assets/CorgiEngine/ThirdParty/MoreMountains/MMFeedbacks/MMFeedbacks/Feedbacks/MMF_SquashAndStretchSpring.cs using Guid(fb2e3394a85703748ad01e196cf50ee1) Importer(2089858483,192608db42251d675da83286b1cce702) (ScriptedImporter) -> (artifact id: '20e7bcb4ba1bae0f4cfb4d6387392898') in 0.024216 seconds
Number of updated asset objects reloaded before import = 0Number of asset objects unloaded after import = 0

========================================================================
Received Import Request.
  Time since last request: 0.000055 seconds.
  path: Assets/CorgiEngine/Demos/Corgi2D/Sprites/Environment/Props/destructibleBlock.png
  artifactKey: Guid(2bbf0bc36ca1d8e44a7bd8f003812838) Importer(2089858483,192608db42251d675da83286b1cce702)
Start importing Assets/CorgiEngine/Demos/Corgi2D/Sprites/Environment/Props/destructibleBlock.png using Guid(2bbf0bc36ca1d8e44a7bd8f003812838) Importer(2089858483,192608db42251d675da83286b1cce702) (ScriptedImporter) -> (artifact id: '80b39696c585a157518bd4ef7c40f1f9') in 0.051932 seconds
Number of updated asset objects reloaded before import = 0Number of asset objects unloaded after import = 3

========================================================================
Received Import Request.
  Time since last request: 0.000025 seconds.
  path: Assets/CorgiEngine/ThirdParty/MoreMountains/MMTools/Core/MMTween/MMFollowTarget.cs
  artifactKey: Guid(bd8ab284de1a65c49870e4b81e46134a) Importer(2089858483,192608db42251d675da83286b1cce702)
Start importing Assets/CorgiEngine/ThirdParty/MoreMountains/MMTools/Core/MMTween/MMFollowTarget.cs using Guid(bd8ab284de1a65c49870e4b81e46134a) Importer(2089858483,192608db42251d675da83286b1cce702) (ScriptedImporter) -> (artifact id: '8d562924a97f8c30bc9f7a2c1f2aff16') in 0.026296 seconds
Number of updated asset objects reloaded before import = 0Number of asset objects unloaded after import = 0

========================================================================
Received Import Request.
  Time since last request: 0.000118 seconds.
  path: Assets/CorgiEngine/ThirdParty/MoreMountains/MMTools/Accessories/Editor/MMUtilities/MMDebugEditor.cs
  artifactKey: Guid(75f9cc4cf2ef4324d99f4dc9d5709b63) Importer(2089858483,192608db42251d675da83286b1cce702)
Start importing Assets/CorgiEngine/ThirdParty/MoreMountains/MMTools/Accessories/Editor/MMUtilities/MMDebugEditor.cs using Guid(75f9cc4cf2ef4324d99f4dc9d5709b63) Importer(2089858483,192608db42251d675da83286b1cce702) (ScriptedImporter) -> (artifact id: '82291d5202955322e89dca5e45f0ffa7') in 0.028061 seconds
Number of updated asset objects reloaded before import = 0Number of asset objects unloaded after import = 0

========================================================================
Received Import Request.
  Time since last request: 0.000103 seconds.
  path: Assets/CorgiEngine/ThirdParty/MoreMountains/MMFeedbacks/MMFeedbacks/MMFloatingText/Prefabs/MMFloatingText.prefab
  artifactKey: Guid(e3bc05dce75bc334eac3d6b4cc83f92f) Importer(2089858483,192608db42251d675da83286b1cce702)
Start importing Assets/CorgiEngine/ThirdParty/MoreMountains/MMFeedbacks/MMFeedbacks/MMFloatingText/Prefabs/MMFloatingText.prefab using Guid(e3bc05dce75bc334eac3d6b4cc83f92f) Importer(2089858483,192608db42251d675da83286b1cce702) (ScriptedImporter) -> (artifact id: 'bf108bcc41c3eb31ee0977741087e644') in 0.0495105 seconds
Number of updated asset objects reloaded before import = 0Number of asset objects unloaded after import = 18

========================================================================
Received Import Request.
  Time since last request: 0.000034 seconds.
  path: Assets/CorgiEngine/ThirdParty/MoreMountains/MMTools/Core/MMHelpers/MMDebug.cs
  artifactKey: Guid(d584bb96f63ba3848ab128ed5686f2f7) Importer(2089858483,192608db42251d675da83286b1cce702)
Start importing Assets/CorgiEngine/ThirdParty/MoreMountains/MMTools/Core/MMHelpers/MMDebug.cs using Guid(d584bb96f63ba3848ab128ed5686f2f7) Importer(2089858483,192608db42251d675da83286b1cce702) (ScriptedImporter) -> (artifact id: '5023eb01afdcc7c416193d555eb3a08c') in 0.0353587 seconds
Number of updated asset objects reloaded before import = 0Number of asset objects unloaded after import = 0

========================================================================
Received Import Request.
  Time since last request: 0.000091 seconds.
  path: Assets/CorgiEngine/ThirdParty/MoreMountains/MMTools/Foundation/MMAnimation/MMRagdollerIgnore.cs
  artifactKey: Guid(38f5f99a403324842b72d7bb5d781405) Importer(2089858483,192608db42251d675da83286b1cce702)
Start importing Assets/CorgiEngine/ThirdParty/MoreMountains/MMTools/Foundation/MMAnimation/MMRagdollerIgnore.cs using Guid(38f5f99a403324842b72d7bb5d781405) Importer(2089858483,192608db42251d675da83286b1cce702) (ScriptedImporter) -> (artifact id: 'cd2b9b262f8bc687e2c6f44ae4aa1264') in 0.0265281 seconds
Number of updated asset objects reloaded before import = 0Number of asset objects unloaded after import = 0

========================================================================
Received Import Request.
  Time since last request: 0.000344 seconds.
  path: Assets/CorgiEngine/Demos/Retro/Tilemaps/RetroCave/RetroCave_37.asset
  artifactKey: Guid(983ebcedcba28396674b47673fcceafd) Importer(2089858483,192608db42251d675da83286b1cce702)
Start importing Assets/CorgiEngine/Demos/Retro/Tilemaps/RetroCave/RetroCave_37.asset using Guid(983ebcedcba28396674b47673fcceafd) Importer(2089858483,192608db42251d675da83286b1cce702) (ScriptedImporter) -> (artifact id: '25693b178d97c1809f2f59f56816799c') in 0.0402014 seconds
Number of updated asset objects reloaded before import = 0Number of asset objects unloaded after import = 2

========================================================================
Received Import Request.
  Time since last request: 0.000036 seconds.
  path: Assets/CorgiEngine/Demos/Retro/Tilemaps/RetroRocks/RetroRocks_6.asset
  artifactKey: Guid(cd8ca7a8211a706714f2eef5bd8f77c0) Importer(2089858483,192608db42251d675da83286b1cce702)
Start importing Assets/CorgiEngine/Demos/Retro/Tilemaps/RetroRocks/RetroRocks_6.asset using Guid(cd8ca7a8211a706714f2eef5bd8f77c0) Importer(2089858483,192608db42251d675da83286b1cce702) (ScriptedImporter) -> (artifact id: 'bac3ca52446f2954646a23ba7dd8ff31') in 0.0343273 seconds
Number of updated asset objects reloaded before import = 0Number of asset objects unloaded after import = 2

========================================================================
Received Import Request.
  Time since last request: 0.000018 seconds.
  path: Assets/CorgiEngine/ThirdParty/MoreMountains/MMTools/Accessories/MMGUI/Materials/MMFaderRoundMaterialMasked.mat
  artifactKey: Guid(1297af1e1808f5a48b35411d71934370) Importer(2089858483,192608db42251d675da83286b1cce702)
Start importing Assets/CorgiEngine/ThirdParty/MoreMountains/MMTools/Accessories/MMGUI/Materials/MMFaderRoundMaterialMasked.mat using Guid(1297af1e1808f5a48b35411d71934370) Importer(2089858483,192608db42251d675da83286b1cce702) (ScriptedImporter) -> (artifact id: '41eddcd0c1943e1ba015445e1108e959') in 0.0256389 seconds
Number of updated asset objects reloaded before import = 0Number of asset objects unloaded after import = 1

========================================================================
Received Import Request.
  Time since last request: 0.000020 seconds.
  path: Assets/CorgiEngine/ThirdParty/MoreMountains/MMTools/Accessories/MMProcedural/MMGridGenerators/MMGridGeneratorRandomWalkAvoider.cs
  artifactKey: Guid(3c349afb15421f141ae3ba659175c815) Importer(2089858483,192608db42251d675da83286b1cce702)
Start importing Assets/CorgiEngine/ThirdParty/MoreMountains/MMTools/Accessories/MMProcedural/MMGridGenerators/MMGridGeneratorRandomWalkAvoider.cs using Guid(3c349afb15421f141ae3ba659175c815) Importer(2089858483,192608db42251d675da83286b1cce702) (ScriptedImporter) -> (artifact id: '58720e2f3cafbeeec3cb06f027ef7256') in 0.0294705 seconds
Number of updated asset objects reloaded before import = 0Number of asset objects unloaded after import = 0

========================================================================
Received Import Request.
  Time since last request: 0.000077 seconds.
  path: Assets/CorgiEngine/ThirdParty/MoreMountains/MMTools/Core/MMHelpers/MMInterval.cs
  artifactKey: Guid(5aca560c844841f4797889b903dced26) Importer(2089858483,192608db42251d675da83286b1cce702)
Start importing Assets/CorgiEngine/ThirdParty/MoreMountains/MMTools/Core/MMHelpers/MMInterval.cs using Guid(5aca560c844841f4797889b903dced26) Importer(2089858483,192608db42251d675da83286b1cce702) (ScriptedImporter) -> (artifact id: 'b66f98cd3f2689af3d8053e26fb4331e') in 0.0211324 seconds
Number of updated asset objects reloaded before import = 0Number of asset objects unloaded after import = 0

========================================================================
Received Import Request.
  Time since last request: 0.000144 seconds.
  path: Assets/CorgiEngine/ThirdParty/MoreMountains/MMFeedbacks/MMFeedbacks/Springs/Springs/MMSpringTMPCharacterSpacing.cs
  artifactKey: Guid(7d786b9e198e820439b64c5406322429) Importer(2089858483,192608db42251d675da83286b1cce702)
Start importing Assets/CorgiEngine/ThirdParty/MoreMountains/MMFeedbacks/MMFeedbacks/Springs/Springs/MMSpringTMPCharacterSpacing.cs using Guid(7d786b9e198e820439b64c5406322429) Importer(2089858483,192608db42251d675da83286b1cce702) (ScriptedImporter) -> (artifact id: '731e8f41036a1631b6d1fff9a4fda295') in 0.0245772 seconds
Number of updated asset objects reloaded before import = 0Number of asset objects unloaded after import = 0

========================================================================
Received Import Request.
  Time since last request: 0.000146 seconds.
  path: Assets/CorgiEngine/ThirdParty/MoreMountains/MMInterface/Styles/Mini/Prefabs/TextSubtitle.prefab
  artifactKey: Guid(35356a1f53910d84797498682fef7f63) Importer(2089858483,192608db42251d675da83286b1cce702)
Start importing Assets/CorgiEngine/ThirdParty/MoreMountains/MMInterface/Styles/Mini/Prefabs/TextSubtitle.prefab using Guid(35356a1f53910d84797498682fef7f63) Importer(2089858483,192608db42251d675da83286b1cce702) (ScriptedImporter) -> (artifact id: '59f8234f0749fa76e6df28e5c58317ea') in 0.0516346 seconds
Number of updated asset objects reloaded before import = 0Number of asset objects unloaded after import = 9

========================================================================
Received Import Request.
  Time since last request: 0.000028 seconds.
  path: Assets/CorgiEngine/Common/Scripts/Agents/AI/Advanced/AIDecisionRandom.cs
  artifactKey: Guid(3413760df3ff83144aa52249e1d7f346) Importer(2089858483,192608db42251d675da83286b1cce702)
Start importing Assets/CorgiEngine/Common/Scripts/Agents/AI/Advanced/AIDecisionRandom.cs using Guid(3413760df3ff83144aa52249e1d7f346) Importer(2089858483,192608db42251d675da83286b1cce702) (ScriptedImporter) -> (artifact id: '31011367deee11785ea89aad6692b559') in 0.0266581 seconds
Number of updated asset objects reloaded before import = 0Number of asset objects unloaded after import = 0

========================================================================
Received Import Request.
  Time since last request: 0.000082 seconds.
  path: Assets/CorgiEngine/ThirdParty/MoreMountains/MMTools/Foundation/MMTime/MMCooldown.cs
  artifactKey: Guid(0cd67bde1f024644d937e76c898ff1c0) Importer(2089858483,192608db42251d675da83286b1cce702)
Start importing Assets/CorgiEngine/ThirdParty/MoreMountains/MMTools/Foundation/MMTime/MMCooldown.cs using Guid(0cd67bde1f024644d937e76c898ff1c0) Importer(2089858483,192608db42251d675da83286b1cce702) (ScriptedImporter) -> (artifact id: '7d07d215c9e9dbc9c88f0c035f2bd9e3') in 0.0266778 seconds
Number of updated asset objects reloaded before import = 0Number of asset objects unloaded after import = 0

========================================================================
Received Import Request.
  Time since last request: 0.000101 seconds.
  path: Assets/CorgiEngine/Demos/TheHunt/Models/MachineGun/Materials/MachineGunMat1.mat
  artifactKey: Guid(f1fab7418f82c55438e2079afbd1a2ac) Importer(2089858483,192608db42251d675da83286b1cce702)
Start importing Assets/CorgiEngine/Demos/TheHunt/Models/MachineGun/Materials/MachineGunMat1.mat using Guid(f1fab7418f82c55438e2079afbd1a2ac) Importer(2089858483,192608db42251d675da83286b1cce702) (ScriptedImporter) -> (artifact id: 'd12fd7b66f0da3c24134234a6a2f4468') in 0.0223952 seconds
Number of updated asset objects reloaded before import = 0Number of asset objects unloaded after import = 1

========================================================================
Received Import Request.
  Time since last request: 0.000030 seconds.
  path: Assets/CorgiEngine/Demos/Corgi2D/Animations/SpaceCorgi/SpaceCorgiJump/spaceCorgiJump11.anim
  artifactKey: Guid(88eefbc91ac9a904c9a78d776d8f7f35) Importer(2089858483,192608db42251d675da83286b1cce702)
Start importing Assets/CorgiEngine/Demos/Corgi2D/Animations/SpaceCorgi/SpaceCorgiJump/spaceCorgiJump11.anim using Guid(88eefbc91ac9a904c9a78d776d8f7f35) Importer(2089858483,192608db42251d675da83286b1cce702) (ScriptedImporter) -> (artifact id: '1e4bc1410a628d32f0db65eddaee1eae') in 0.0259923 seconds
Number of updated asset objects reloaded before import = 0Number of asset objects unloaded after import = 1

========================================================================
Received Import Request.
  Time since last request: 0.000060 seconds.
  path: Assets/CorgiEngine/Demos/Corgi2D/Spine/SpaceCorgi/Baked/spine-space-corgi.prefab
  artifactKey: Guid(f98b690bf44f15a4aa4947a98489dc49) Importer(2089858483,192608db42251d675da83286b1cce702)
Start importing Assets/CorgiEngine/Demos/Corgi2D/Spine/SpaceCorgi/Baked/spine-space-corgi.prefab using Guid(f98b690bf44f15a4aa4947a98489dc49) Importer(2089858483,192608db42251d675da83286b1cce702) (ScriptedImporter) -> (artifact id: '9b6efe5d093a28b1182f5708b8982676') in 0.0901997 seconds
Number of updated asset objects reloaded before import = 0Number of asset objects unloaded after import = 152

========================================================================
Received Import Request.
  Time since last request: 0.000040 seconds.
  path: Assets/CorgiEngine/ThirdParty/MoreMountains/MMFeedbacks/Demos/SequencingDemo/Textures/PaintedMetal02_nrm.png
  artifactKey: Guid(8e983a233b16b3a42ae42643b835e7e0) Importer(2089858483,192608db42251d675da83286b1cce702)
Start importing Assets/CorgiEngine/ThirdParty/MoreMountains/MMFeedbacks/Demos/SequencingDemo/Textures/PaintedMetal02_nrm.png using Guid(8e983a233b16b3a42ae42643b835e7e0) Importer(2089858483,192608db42251d675da83286b1cce702) (ScriptedImporter) -> (artifact id: '6fa7a1dbf40ba8b8f7c06c8913cf99b4') in 0.0403903 seconds
Number of updated asset objects reloaded before import = 0Number of asset objects unloaded after import = 1

========================================================================
Received Import Request.
  Time since last request: 0.000027 seconds.
  path: Assets/CorgiEngine/Demos/Retro/Sprites/RetroVFX/RetroSmoke3.png
  artifactKey: Guid(4171e861d620b45499c30d97ebdbd03e) Importer(2089858483,192608db42251d675da83286b1cce702)
Start importing Assets/CorgiEngine/Demos/Retro/Sprites/RetroVFX/RetroSmoke3.png using Guid(4171e861d620b45499c30d97ebdbd03e) Importer(2089858483,192608db42251d675da83286b1cce702) (ScriptedImporter) -> (artifact id: '11a77ad843914f334b9bd2f3d4ba9bb5') in 0.0489606 seconds
Number of updated asset objects reloaded before import = 0Number of asset objects unloaded after import = 3

========================================================================
Received Import Request.
  Time since last request: 0.000083 seconds.
  path: Assets/CorgiEngine/ThirdParty/MoreMountains/MMFeedbacks/MMFeedbacks/Feedbacks/MMF_SetParent.cs
  artifactKey: Guid(8eb29863876e355408fe5429a4948fe5) Importer(2089858483,192608db42251d675da83286b1cce702)
Start importing Assets/CorgiEngine/ThirdParty/MoreMountains/MMFeedbacks/MMFeedbacks/Feedbacks/MMF_SetParent.cs using Guid(8eb29863876e355408fe5429a4948fe5) Importer(2089858483,192608db42251d675da83286b1cce702) (ScriptedImporter) -> (artifact id: '2d87ce0489b6484097c69f229b723838') in 0.0255607 seconds
Number of updated asset objects reloaded before import = 0Number of asset objects unloaded after import = 0

========================================================================
Received Import Request.
  Time since last request: 0.000120 seconds.
  path: Assets/CorgiEngine/ThirdParty/MoreMountains/MMFeedbacks/Demos/SequencingDemo/Materials/SequencerTiles31.mat
  artifactKey: Guid(ef35891a12f2deb49acd5cffa698c910) Importer(2089858483,192608db42251d675da83286b1cce702)
Start importing Assets/CorgiEngine/ThirdParty/MoreMountains/MMFeedbacks/Demos/SequencingDemo/Materials/SequencerTiles31.mat using Guid(ef35891a12f2deb49acd5cffa698c910) Importer(2089858483,192608db42251d675da83286b1cce702) (ScriptedImporter) -> (artifact id: '663231a98a9ce2f89e177b004f4c7450') in 0.0309377 seconds
Number of updated asset objects reloaded before import = 0Number of asset objects unloaded after import = 4

========================================================================
Received Import Request.
  Time since last request: 0.000027 seconds.
  path: Assets/CorgiEngine/ThirdParty/MoreMountains/InventoryEngine/Demos/PixelRogue/Scripts/Items/WeaponItem.cs
  artifactKey: Guid(d4829572fcd2f98479c803ffaf809268) Importer(2089858483,192608db42251d675da83286b1cce702)
Start importing Assets/CorgiEngine/ThirdParty/MoreMountains/InventoryEngine/Demos/PixelRogue/Scripts/Items/WeaponItem.cs using Guid(d4829572fcd2f98479c803ffaf809268) Importer(2089858483,192608db42251d675da83286b1cce702) (ScriptedImporter) -> (artifact id: '3e017385b6060249541af13241b5a94c') in 0.0289041 seconds
Number of updated asset objects reloaded before import = 0Number of asset objects unloaded after import = 0

========================================================================
Received Import Request.
  Time since last request: 0.000077 seconds.
  path: Assets/CorgiEngine/ThirdParty/MoreMountains/MMTools/Accessories/MMActivation/MMDontDestroyOnLoad.cs
  artifactKey: Guid(c6dc6bc8e4bb2834e80531c648886d13) Importer(2089858483,192608db42251d675da83286b1cce702)
Start importing Assets/CorgiEngine/ThirdParty/MoreMountains/MMTools/Accessories/MMActivation/MMDontDestroyOnLoad.cs using Guid(c6dc6bc8e4bb2834e80531c648886d13) Importer(2089858483,192608db42251d675da83286b1cce702) (ScriptedImporter) -> (artifact id: 'c1ea403cadfff157ae97cc3c45f6e971') in 0.0257688 seconds
Number of updated asset objects reloaded before import = 0Number of asset objects unloaded after import = 0

========================================================================
Received Import Request.
  Time since last request: 0.000052 seconds.
  path: Assets/CorgiEngine/Common/Scripts/Agents/AI/Advanced/AIActionSetPlayerAsTarget.cs
  artifactKey: Guid(ee527d38bff61bf41bc40507f7d4342a) Importer(2089858483,192608db42251d675da83286b1cce702)
Start importing Assets/CorgiEngine/Common/Scripts/Agents/AI/Advanced/AIActionSetPlayerAsTarget.cs using Guid(ee527d38bff61bf41bc40507f7d4342a) Importer(2089858483,192608db42251d675da83286b1cce702) (ScriptedImporter) -> (artifact id: 'c967a76dba90d2db1a37b370a6574dc6') in 0.0245589 seconds
Number of updated asset objects reloaded before import = 0Number of asset objects unloaded after import = 0

========================================================================
Received Import Request.
  Time since last request: 0.000081 seconds.
  path: Assets/CorgiEngine/Common/Scripts/Agents/AI/Advanced/AIDecisionTargetIsNull.cs
  artifactKey: Guid(fd5f1c61350543f4088c60d6762b8829) Importer(2089858483,192608db42251d675da83286b1cce702)
Start importing Assets/CorgiEngine/Common/Scripts/Agents/AI/Advanced/AIDecisionTargetIsNull.cs using Guid(fd5f1c61350543f4088c60d6762b8829) Importer(2089858483,192608db42251d675da83286b1cce702) (ScriptedImporter) -> (artifact id: 'c6aa8d12c247e31fc505864477aa7064') in 0.0243577 seconds
Number of updated asset objects reloaded before import = 0Number of asset objects unloaded after import = 0

========================================================================
Received Import Request.
  Time since last request: 0.000231 seconds.
  path: Assets/CorgiEngine/ThirdParty/MoreMountains/MMFeedbacks/MMFeedbacks/Springs/Springs/MMSpringImageAlpha.cs
  artifactKey: Guid(7bf3b8d115b7a0d42a8f0289c3c6e0cc) Importer(2089858483,192608db42251d675da83286b1cce702)
Start importing Assets/CorgiEngine/ThirdParty/MoreMountains/MMFeedbacks/MMFeedbacks/Springs/Springs/MMSpringImageAlpha.cs using Guid(7bf3b8d115b7a0d42a8f0289c3c6e0cc) Importer(2089858483,192608db42251d675da83286b1cce702) (ScriptedImporter) -> (artifact id: 'a532155725e5792b057133257fec1dcb') in 0.0289379 seconds
Number of updated asset objects reloaded before import = 0Number of asset objects unloaded after import = 0

========================================================================
Received Import Request.
  Time since last request: 0.000073 seconds.
  path: Assets/CorgiEngine/Demos/Retro/Prefabs/Weapons/Ammo/RetroCannonPoisonBullet.prefab
  artifactKey: Guid(d8cdae3b0c188f4439095a7f34026e12) Importer(2089858483,192608db42251d675da83286b1cce702)
Start importing Assets/CorgiEngine/Demos/Retro/Prefabs/Weapons/Ammo/RetroCannonPoisonBullet.prefab using Guid(d8cdae3b0c188f4439095a7f34026e12) Importer(2089858483,192608db42251d675da83286b1cce702) (ScriptedImporter) -> (artifact id: 'dad0e34abcc76aa8356144fe23735a2d') in 0.0673258 seconds
Number of updated asset objects reloaded before import = 0Number of asset objects unloaded after import = 33

========================================================================
Received Import Request.
  Time since last request: 0.000034 seconds.
  path: Assets/CorgiEngine/ThirdParty/MoreMountains/MMTools/Core/MMRadio/MMProperty/MMProperty.cs
  artifactKey: Guid(6e5da26383e93e941be7bdbcd7b5d940) Importer(2089858483,192608db42251d675da83286b1cce702)
Start importing Assets/CorgiEngine/ThirdParty/MoreMountains/MMTools/Core/MMRadio/MMProperty/MMProperty.cs using Guid(6e5da26383e93e941be7bdbcd7b5d940) Importer(2089858483,192608db42251d675da83286b1cce702) (ScriptedImporter) -> (artifact id: '17a0e0f8a355a69a3640dae852701624') in 0.0197141 seconds
Number of updated asset objects reloaded before import = 0Number of asset objects unloaded after import = 0

========================================================================
Received Import Request.
  Time since last request: 0.000082 seconds.
  path: Assets/CorgiEngine/ThirdParty/MoreMountains/MMTools/Accessories/MMVFX/MMBrushes/MMBrush4.png
  artifactKey: Guid(58d4ed86ac16c7e4eb26fd09e09f3d27) Importer(2089858483,192608db42251d675da83286b1cce702)
Start importing Assets/CorgiEngine/ThirdParty/MoreMountains/MMTools/Accessories/MMVFX/MMBrushes/MMBrush4.png using Guid(58d4ed86ac16c7e4eb26fd09e09f3d27) Importer(2089858483,192608db42251d675da83286b1cce702) (ScriptedImporter) -> (artifact id: 'a61b5216a5b33ddd9f5a5144bc45315b') in 0.0523882 seconds
Number of updated asset objects reloaded before import = 0Number of asset objects unloaded after import = 1

