[Licensing::Module] Trying to connect to existing licensing client channel...
Built from '6000.2/respin/6000.2.6f2-cc51a95c03' branch; Version is '6000.2.6f2 (4a4dcaec6541) revision 4869578'; Using compiler version '194234433'; Build Type 'Release'
[Licensing::IpcConnector] Successfully connected to: "LicenseClient-djwls" at "2025-11-03T03:29:17.49183Z"
OS: 'Windows 10  (10.0.19045) 64bit Core' Language: 'ko' Physical Memory: 15790 MB
BatchMode: 1, IsHumanControllingUs: 0, StartBugReporterOnCrash: 0, Is64bit: 1
Date: 2025-11-03T03:29:17Z

COMMAND LINE ARGUMENTS:
C:\Program Files\Unity\Hub\Editor\6000.2.6f2\Editor\Unity.exe
-adb2
-batchMode
-noUpm
-name
AssetImportWorker4
-projectPath
C:/GitUnity/GitUnityTeamProj/TeamProj/Corgi Engine - 2D + 2.5D Platformer
-logFile
Logs/AssetImportWorker4.log
-srvPort
60594
-job-worker-count
7
-background-job-worker-count
8
-gc-helper-count
1
-name
AssetImport
Successfully changed project path to: C:/GitUnity/GitUnityTeamProj/TeamProj/Corgi Engine - 2D + 2.5D Platformer
C:/GitUnity/GitUnityTeamProj/TeamProj/Corgi Engine - 2D + 2.5D Platformer
[UnityMemory] Configuration Parameters - Can be set up in boot.config
    "memorysetup-allocator-temp-initial-block-size-main=262144"
    "memorysetup-allocator-temp-initial-block-size-worker=262144"
    "memorysetup-bucket-allocator-granularity=16"
    "memorysetup-bucket-allocator-bucket-count=8"
    "memorysetup-bucket-allocator-block-size=33554432"
    "memorysetup-bucket-allocator-block-count=8"
    "memorysetup-main-allocator-block-size=16777216"
    "memorysetup-thread-allocator-block-size=16777216"
    "memorysetup-gfx-main-allocator-block-size=16777216"
    "memorysetup-gfx-thread-allocator-block-size=16777216"
    "memorysetup-cache-allocator-block-size=4194304"
    "memorysetup-typetree-allocator-block-size=2097152"
    "memorysetup-profiler-bucket-allocator-granularity=16"
    "memorysetup-profiler-bucket-allocator-bucket-count=8"
    "memorysetup-profiler-bucket-allocator-block-size=33554432"
    "memorysetup-profiler-bucket-allocator-block-count=8"
    "memorysetup-profiler-allocator-block-size=16777216"
    "memorysetup-profiler-editor-allocator-block-size=1048576"
    "memorysetup-temp-allocator-size-main=16777216"
    "memorysetup-job-temp-allocator-block-size=2097152"
    "memorysetup-job-temp-allocator-block-size-background=1048576"
    "memorysetup-job-temp-allocator-reduction-small-platforms=262144"
    "memorysetup-temp-allocator-size-background-worker=32768"
    "memorysetup-temp-allocator-size-job-worker=262144"
    "memorysetup-temp-allocator-size-preload-manager=33554432"
    "memorysetup-temp-allocator-size-nav-mesh-worker=65536"
    "memorysetup-temp-allocator-size-audio-worker=65536"
    "memorysetup-temp-allocator-size-cloud-worker=32768"
    "memorysetup-temp-allocator-size-gi-baking-worker=262144"
    "memorysetup-temp-allocator-size-gi-baking-worker=262144"
    "memorysetup-temp-allocator-size-gi-baking-worker=262144"
    "memorysetup-temp-allocator-size-gi-baking-worker=262144"
    "memorysetup-temp-allocator-size-gi-baking-worker=262144"
    "memorysetup-temp-allocator-size-gfx=262144"
Player connection [23424]  Target information:

Player connection [23424]  * "[IP] 202.31.251.92 [Port] 0 [Flags] 2 [Guid] 817558498 [EditorId] 817558498 [Version] 1048832 [Id] WindowsEditor(7,DESKTOP-O1C3CTK) [Debug] 1 [PackageName] WindowsEditor [ProjectName] Editor" 

Player connection [23424] Host joined multi-casting on [225.0.0.222:54997]...
Player connection [23424] Host joined alternative multi-casting on [225.0.0.222:34997]...
JobSystem: Creating JobQueue using job-worker-count value 7
Input System module state changed to: Initialized.
[Physics::Module] Initialized fallback backend.
[Physics::Module] Id: 0xdecafbad
[Licensing::Client] Code 10 while verifying Licensing Client signature (process Id: 22388, path: "C:/Program Files/Unity Hub/UnityLicensingClient_V1/Unity.Licensing.Client.exe")
[Licensing::Module] LicensingClient has failed validation; ignoring
[Licensing::Client] Handshaking with LicensingClient:
  Version:                 1.17.3+a4e98f1
  Session Id:              88f6c4917188416ba9b5d29aebcc50e2
  Correlation Id:          120374f1b459645e489b471ea95c7c3f
  External correlation Id: 7597493396796959565
  Machine Id:              5zzcFIlcbwWW5Xys4YCZ7MpAWW8=
[Licensing::Module] Successfully connected to LicensingClient on channel: "LicenseClient-djwls" (connect: 0.00s, validation: 0.00s, handshake: 0.07s)
[Licensing::IpcConnector] Successfully connected to: "LicenseClient-djwls-notifications" at "2025-11-03T03:29:17.5640626Z"
[Licensing::Module] Licensing Background thread has ended after 0.07s
Library Redirect Path: Library/
[Physics::Module] Selected backend.
[Physics::Module] Name: PhysX
[Physics::Module] Id: 0xf2b8ea05
[Physics::Module] SDK Version: 4.1.2
[Physics::Module] Integration Version: 1.0.0
[Physics::Module] Threading Mode: Multi-Threaded
ETC Legacy compression has been deprecated and will be removed in a future release. You can review compressors in "Project Settings > Editor > Texture Compressors".
Refreshing native plugins compatible for Editor in 6.53 ms, found 2 plugins.
Preloading 0 native plugins for Editor in 0.00 ms.
Initialize engine version: 6000.2.6f2 (4a4dcaec6541)
[Subsystems] Discovering subsystems at path C:/Program Files/Unity/Hub/Editor/6000.2.6f2/Editor/Data/Resources/UnitySubsystems
[Subsystems] Discovering subsystems at path C:/GitUnity/GitUnityTeamProj/TeamProj/Corgi Engine - 2D + 2.5D Platformer/Assets
GfxDevice: creating device client; kGfxThreadingModeNonThreaded
d3d12: failed to query info queue interface (0x80004002).
Direct3D:
    Version:         Direct3D 12 [level 12.1]
    Renderer:        AMD Radeon(TM) Graphics (ID=0x1636)
    Vendor:          ATI
    VRAM:            7895 MB
    App VRAM Budget: 7715 MB
    Driver:          31.0.21921.1000
    Unified Memory Architecture
Shader 'MoreMountains/MMRipple': fallback shader 'Particle/AlphaBlended' not found
Initialize mono
Mono path[0] = 'C:/Program Files/Unity/Hub/Editor/6000.2.6f2/Editor/Data/Managed'
Mono path[1] = 'C:/Program Files/Unity/Hub/Editor/6000.2.6f2/Editor/Data/MonoBleedingEdge/lib/mono/unityjit-win32'
Mono config path = 'C:/Program Files/Unity/Hub/Editor/6000.2.6f2/Editor/Data/MonoBleedingEdge/etc'
Using monoOptions --debugger-agent=transport=dt_socket,embedding=1,server=y,suspend=n,address=127.0.0.1:56784
Begin MonoManager ReloadAssembly
Registering precompiled unity dll's ...
Register platform support module: C:/Program Files/Unity/Hub/Editor/6000.2.6f2/Editor/Data/PlaybackEngines/WindowsStandaloneSupport/UnityEditor.WindowsStandalone.Extensions.dll
Registered in 0.003526 seconds.
- Loaded All Assemblies, in  0.528 seconds
Native extension for WindowsStandalone target not found
Mono: successfully reloaded assembly
- Finished resetting the current domain, in  0.427 seconds
Domain Reload Profiling: 951ms
	BeginReloadAssembly (221ms)
		ExecutionOrderSort (0ms)
		DisableScriptedObjects (0ms)
		BackupInstance (0ms)
		ReleaseScriptingObjects (0ms)
		CreateAndSetChildDomain (1ms)
	RebuildCommonClasses (44ms)
	RebuildNativeTypeToScriptingClass (14ms)
	initialDomainReloadingComplete (57ms)
	LoadAllAssembliesAndSetupDomain (188ms)
		LoadAssemblies (217ms)
		RebuildTransferFunctionScriptingTraits (0ms)
		AnalyzeDomain (185ms)
			TypeCache.Refresh (183ms)
				TypeCache.ScanAssembly (169ms)
			BuildScriptInfoCaches (0ms)
			ResolveRequiredComponents (1ms)
	FinalizeReload (428ms)
		ReleaseScriptCaches (0ms)
		RebuildScriptCaches (0ms)
		SetupLoadedEditorAssemblies (373ms)
			LogAssemblyErrors (0ms)
			InitializePlatformSupportModulesInManaged (54ms)
			SetLoadedEditorAssemblies (7ms)
			BeforeProcessingInitializeOnLoad (87ms)
			ProcessInitializeOnLoadAttributes (159ms)
			ProcessInitializeOnLoadMethodAttributes (66ms)
			AfterProcessingInitializeOnLoad (0ms)
			EditorAssembliesLoaded (0ms)
		ExecutionOrderSort2 (0ms)
		AwakeInstancesAfterBackupRestoration (0ms)
Assembly reference Packages/com.unity.cinemachine/Editor/Samples/ExposeHDRPInternals/HDRP-Editor-ref.asmref has no target assembly definition
========================================================================
Worker process is ready to serve import requests
Import Worker Mode flag is 0x00
Assembly reference Packages/com.unity.cinemachine/Editor/Samples/ExposeHDRPInternals/HDRP-Editor-ref.asmref has no target assembly definition
Assembly reference Packages/com.unity.cinemachine/Editor/Samples/ExposeHDRPInternals/HDRP-Editor-ref.asmref has no target assembly definition
Begin MonoManager ReloadAssembly
[Licensing::Client] Successfully resolved entitlement details
[Licensing::Module] License group:
  Id: F4-G4PU-B9V2-DTW5-EJE8-XXXX
  Product: Unity Personal
  Type: ULF
  Expiration: 2025-12-10T03:44:46Z
- Loaded All Assemblies, in  0.963 seconds
Assembly reference Packages/com.unity.cinemachine/Editor/Samples/ExposeHDRPInternals/HDRP-Editor-ref.asmref has no target assembly definition
'Packages/com.unity.cinemachine/Editor/Obsolete/CinemachineVirtualCameraBaseEditor.cs' contains partial class of Unity.Object, exactly 1 of the partial classes needs to be in a file with the same filename. This is to know the one that can be referenced from ie. GameObjects
'Packages/com.unity.cinemachine/Editor/Editors/CinemachineVirtualCameraBaseEditor.cs' contains partial class of Unity.Object, exactly 1 of the partial classes needs to be in a file with the same filename. This is to know the one that can be referenced from ie. GameObjects
Refreshing native plugins compatible for Editor in 6.27 ms, found 2 plugins.
Native extension for WindowsStandalone target not found
Assembly reference Packages/com.unity.cinemachine/Editor/Samples/ExposeHDRPInternals/HDRP-Editor-ref.asmref has no target assembly definition
Package Manager log level set to [2]
[Package Manager] Failed to launch server process. Reason: Unity was launched with the -noUpm command-line argument
[Package Manager] Unable to send message (not connected to server process).
[Package Manager] Cannot connect to Unity Package Manager local server
[Package Manager] Failed to launch server process. Reason: Unity was launched with the -noUpm command-line argument
[Package Manager] Unable to send message (not connected to server process).
[Package Manager] Cannot connect to Unity Package Manager local server
Refreshing native plugins compatible for Editor in 5.71 ms, found 2 plugins.
Mono: successfully reloaded assembly
- Finished resetting the current domain, in  1.281 seconds
Domain Reload Profiling: 2235ms
	BeginReloadAssembly (238ms)
		ExecutionOrderSort (0ms)
		DisableScriptedObjects (7ms)
		BackupInstance (0ms)
		ReleaseScriptingObjects (0ms)
		CreateAndSetChildDomain (34ms)
	RebuildCommonClasses (43ms)
	RebuildNativeTypeToScriptingClass (13ms)
	initialDomainReloadingComplete (44ms)
	LoadAllAssembliesAndSetupDomain (614ms)
		LoadAssemblies (513ms)
		RebuildTransferFunctionScriptingTraits (0ms)
		AnalyzeDomain (242ms)
			TypeCache.Refresh (173ms)
				TypeCache.ScanAssembly (152ms)
			BuildScriptInfoCaches (50ms)
			ResolveRequiredComponents (16ms)
	FinalizeReload (1282ms)
		ReleaseScriptCaches (0ms)
		RebuildScriptCaches (0ms)
		SetupLoadedEditorAssemblies (1106ms)
			LogAssemblyErrors (0ms)
			InitializePlatformSupportModulesInManaged (2ms)
			SetLoadedEditorAssemblies (9ms)
			BeforeProcessingInitializeOnLoad (251ms)
			ProcessInitializeOnLoadAttributes (615ms)
			ProcessInitializeOnLoadMethodAttributes (222ms)
			AfterProcessingInitializeOnLoad (7ms)
			EditorAssembliesLoaded (1ms)
		ExecutionOrderSort2 (0ms)
		AwakeInstancesAfterBackupRestoration (16ms)
ETC Legacy compression has been deprecated and will be removed in a future release. You can review compressors in "Project Settings > Editor > Texture Compressors".
Shader 'MoreMountains/MMRipple': fallback shader 'Particle/AlphaBlended' not found
Launched and connected shader compiler UnityShaderCompiler.exe after 0.02 seconds
Refreshing native plugins compatible for Editor in 6.47 ms, found 2 plugins.
Preloading 0 native plugins for Editor in 0.00 ms.
Unloading 13 Unused Serialized files (Serialized files now loaded: 0)
Unloading 4733 unused Assets / (3.9 MB). Loaded Objects now: 5242.
Memory consumption went from 185.6 MB to 181.8 MB.
Total: 13.447700 ms (FindLiveObjects: 0.644200 ms CreateObjectMapping: 0.640200 ms MarkObjects: 9.751100 ms  DeleteObjects: 2.409500 ms)

========================================================================
Received Import Request.
  Time since last request: 7375.286530 seconds.
  path: Assets/CorgiEngine/Common/Editor/Welcome/DependencyInstaller.cs
  artifactKey: Guid(ec71a4fdedb5c884a9453ccaf6e9cbc1) Importer(2089858483,192608db42251d675da83286b1cce702)
Start importing Assets/CorgiEngine/Common/Editor/Welcome/DependencyInstaller.cs using Guid(ec71a4fdedb5c884a9453ccaf6e9cbc1) Importer(2089858483,192608db42251d675da83286b1cce702) (ScriptedImporter) -> (artifact id: '1435a2097a2dc5882ccb5d85299e0e91') in 0.1322375 seconds
Number of updated asset objects reloaded before import = 0Number of asset objects unloaded after import = 0

========================================================================
Received Import Request.
  Time since last request: 2.882312 seconds.
  path: Assets/CorgiEngine/Common/Prefabs/Camera/Main Camera.prefab
  artifactKey: Guid(e21a05b91e88ead4eaa250bbc9063756) Importer(2089858483,192608db42251d675da83286b1cce702)
Start importing Assets/CorgiEngine/Common/Prefabs/Camera/Main Camera.prefab using Guid(e21a05b91e88ead4eaa250bbc9063756) Importer(2089858483,192608db42251d675da83286b1cce702) (ScriptedImporter) -> (artifact id: '2c6a923205a17863d9cadb26de048007') in 0.188305 seconds
Number of updated asset objects reloaded before import = 0Number of asset objects unloaded after import = 97

========================================================================
Received Import Request.
  Time since last request: 2.842778 seconds.
  path: Assets/CorgiEngine/readme.txt
  artifactKey: Guid(3618244c3f9ac354da89d68684681b42) Importer(2089858483,192608db42251d675da83286b1cce702)
Start importing Assets/CorgiEngine/readme.txt using Guid(3618244c3f9ac354da89d68684681b42) Importer(2089858483,192608db42251d675da83286b1cce702) (ScriptedImporter) -> (artifact id: '82880803d45f134f202905eff2cd20b8') in 0.0205369 seconds
Number of updated asset objects reloaded before import = 0Number of asset objects unloaded after import = 1

========================================================================
Received Import Request.
  Time since last request: 0.000023 seconds.
  path: Assets/CorgiEngine/Common/Animations/GUI/button-a_0.controller
  artifactKey: Guid(4c2fb4eea1c677a4497cace84061a376) Importer(2089858483,192608db42251d675da83286b1cce702)
Start importing Assets/CorgiEngine/Common/Animations/GUI/button-a_0.controller using Guid(4c2fb4eea1c677a4497cace84061a376) Importer(2089858483,192608db42251d675da83286b1cce702) (ScriptedImporter) -> (artifact id: 'c6eb54ded52c20f342c0461fc0c63d3a') in 0.0234534 seconds
Number of updated asset objects reloaded before import = 0Number of asset objects unloaded after import = 4

========================================================================
Received Import Request.
  Time since last request: 0.000023 seconds.
  path: Assets/CorgiEngine/Demos/Retro/RetroForest.unity
  artifactKey: Guid(651fe2312d8cc4f5587ce3e96e9609b0) Importer(2089858483,192608db42251d675da83286b1cce702)
Start importing Assets/CorgiEngine/Demos/Retro/RetroForest.unity using Guid(651fe2312d8cc4f5587ce3e96e9609b0) Importer(2089858483,192608db42251d675da83286b1cce702) (ScriptedImporter) -> (artifact id: '07693ae04541d143ba33b61a6641fde5') in 0.0408631 seconds
Number of updated asset objects reloaded before import = 0Number of asset objects unloaded after import = 1

========================================================================
Received Import Request.
  Time since last request: 0.000083 seconds.
  path: Assets/CorgiEngine/Common/Fonts/Bizon.otf
  artifactKey: Guid(8148e9febcd71694a8a18085f2ed966d) Importer(2089858483,192608db42251d675da83286b1cce702)
Start importing Assets/CorgiEngine/Common/Fonts/Bizon.otf using Guid(8148e9febcd71694a8a18085f2ed966d) Importer(2089858483,192608db42251d675da83286b1cce702) (ScriptedImporter) -> (artifact id: 'feb7ebb6f312348adbadffe9d9d55542') in 0.0546209 seconds
Number of updated asset objects reloaded before import = 0Number of asset objects unloaded after import = 3

========================================================================
Received Import Request.
  Time since last request: 0.000022 seconds.
  path: Assets/CorgiEngine/Common/PhysicsMaterials/Bouncy.physicsMaterial2D
  artifactKey: Guid(dbc84264839913f4fb4600556fca296c) Importer(2089858483,192608db42251d675da83286b1cce702)
Start importing Assets/CorgiEngine/Common/PhysicsMaterials/Bouncy.physicsMaterial2D using Guid(dbc84264839913f4fb4600556fca296c) Importer(2089858483,192608db42251d675da83286b1cce702) (ScriptedImporter) -> (artifact id: '04a35470ed201595e55ae2a418629b16') in 0.0277394 seconds
Number of updated asset objects reloaded before import = 0Number of asset objects unloaded after import = 1

========================================================================
Received Import Request.
  Time since last request: 0.000044 seconds.
  path: Assets/CorgiEngine/Demos/Pixel/PixelLevel.unity
  artifactKey: Guid(2380b3a9640179c4791abe8cdec4ea5c) Importer(2089858483,192608db42251d675da83286b1cce702)
Start importing Assets/CorgiEngine/Demos/Pixel/PixelLevel.unity using Guid(2380b3a9640179c4791abe8cdec4ea5c) Importer(2089858483,192608db42251d675da83286b1cce702) (ScriptedImporter) -> (artifact id: 'f2346366d230611810daf145ded67c88') in 0.0310077 seconds
Number of updated asset objects reloaded before import = 0Number of asset objects unloaded after import = 1

========================================================================
Received Import Request.
  Time since last request: 0.000021 seconds.
  path: Assets/CorgiEngine/Demos/Minimal/MinimalSpawners.unity
  artifactKey: Guid(4c2aaf8a2f44b4dd8bcabba19d475c87) Importer(2089858483,192608db42251d675da83286b1cce702)
Start importing Assets/CorgiEngine/Demos/Minimal/MinimalSpawners.unity using Guid(4c2aaf8a2f44b4dd8bcabba19d475c87) Importer(2089858483,192608db42251d675da83286b1cce702) (ScriptedImporter) -> (artifact id: 'dc95a52a78fab458eacf7d0a3878dfe2') in 0.0286416 seconds
Number of updated asset objects reloaded before import = 0Number of asset objects unloaded after import = 1

========================================================================
Received Import Request.
  Time since last request: 0.000043 seconds.
  path: Assets/CorgiEngine/Common/Materials/sprite_lit.mat
  artifactKey: Guid(272ba847f100d4251bb8260575189042) Importer(2089858483,192608db42251d675da83286b1cce702)
Start importing Assets/CorgiEngine/Common/Materials/sprite_lit.mat using Guid(272ba847f100d4251bb8260575189042) Importer(2089858483,192608db42251d675da83286b1cce702) (ScriptedImporter) -> (artifact id: '2ccb5f0b9d88743b7f536650d24da194') in 0.0706594 seconds
Number of updated asset objects reloaded before import = 0Number of asset objects unloaded after import = 1

========================================================================
Received Import Request.
  Time since last request: 0.000023 seconds.
  path: Assets/CorgiEngine/Demos/SuperHipsterBros/HipsterLevel.unity
  artifactKey: Guid(67d7231ca91f47a43932691bedc7be2a) Importer(2089858483,192608db42251d675da83286b1cce702)
Start importing Assets/CorgiEngine/Demos/SuperHipsterBros/HipsterLevel.unity using Guid(67d7231ca91f47a43932691bedc7be2a) Importer(2089858483,192608db42251d675da83286b1cce702) (ScriptedImporter) -> (artifact id: '6db967a4e07e5737b9c57b2026df9a8a') in 0.0426859 seconds
Number of updated asset objects reloaded before import = 0Number of asset objects unloaded after import = 1

========================================================================
Received Import Request.
  Time since last request: 0.000019 seconds.
  path: Assets/CorgiEngine/Common/Fonts/bigjohn.otf
  artifactKey: Guid(a56147b2c49b1424ea427ae90a1b8ba4) Importer(2089858483,192608db42251d675da83286b1cce702)
Start importing Assets/CorgiEngine/Common/Fonts/bigjohn.otf using Guid(a56147b2c49b1424ea427ae90a1b8ba4) Importer(2089858483,192608db42251d675da83286b1cce702) (ScriptedImporter) -> (artifact id: '7bf83fc3a55bf8a343d292faa747666e') in 0.0305788 seconds
Number of updated asset objects reloaded before import = 0Number of asset objects unloaded after import = 3

========================================================================
Received Import Request.
  Time since last request: 0.000036 seconds.
  path: Assets/CorgiEngine/Demos/Minimal/MinimalStairs.unity
  artifactKey: Guid(9494d759434f80b4381b1da2a0fa14a0) Importer(2089858483,192608db42251d675da83286b1cce702)
Start importing Assets/CorgiEngine/Demos/Minimal/MinimalStairs.unity using Guid(9494d759434f80b4381b1da2a0fa14a0) Importer(2089858483,192608db42251d675da83286b1cce702) (ScriptedImporter) -> (artifact id: 'dd1ce49e3ac1225c67f97e0ffc4cc648') in 0.0326923 seconds
Number of updated asset objects reloaded before import = 0Number of asset objects unloaded after import = 1

========================================================================
Received Import Request.
  Time since last request: 0.000021 seconds.
  path: Assets/CorgiEngine/Demos/Minimal/MinimalLevel.unity
  artifactKey: Guid(b5dafbb7f5956d94ba41cd169cc39435) Importer(2089858483,192608db42251d675da83286b1cce702)
Start importing Assets/CorgiEngine/Demos/Minimal/MinimalLevel.unity using Guid(b5dafbb7f5956d94ba41cd169cc39435) Importer(2089858483,192608db42251d675da83286b1cce702) (ScriptedImporter) -> (artifact id: 'e59e4e57cd1a7f5f0d9f45f62b4f988a') in 0.0211008 seconds
Number of updated asset objects reloaded before import = 0Number of asset objects unloaded after import = 1

========================================================================
Received Import Request.
  Time since last request: 0.000023 seconds.
  path: Assets/CorgiEngine/Demos/RetroAdventure/RetroAdventure1.unity
  artifactKey: Guid(2004874d46ed82941a677f3ee2b78d64) Importer(2089858483,192608db42251d675da83286b1cce702)
Start importing Assets/CorgiEngine/Demos/RetroAdventure/RetroAdventure1.unity using Guid(2004874d46ed82941a677f3ee2b78d64) Importer(2089858483,192608db42251d675da83286b1cce702) (ScriptedImporter) -> (artifact id: '014d3db195641b15930622b288eb5d9e') in 0.0473863 seconds
Number of updated asset objects reloaded before import = 0Number of asset objects unloaded after import = 1

========================================================================
Received Import Request.
  Time since last request: 0.000087 seconds.
  path: Assets/CorgiEngine/Demos/Minimal/MinimalOneWayLevelAutoScrolling.unity
  artifactKey: Guid(cec1726c18982b84b8cf78b0b33025c7) Importer(2089858483,192608db42251d675da83286b1cce702)
Start importing Assets/CorgiEngine/Demos/Minimal/MinimalOneWayLevelAutoScrolling.unity using Guid(cec1726c18982b84b8cf78b0b33025c7) Importer(2089858483,192608db42251d675da83286b1cce702) (ScriptedImporter) -> (artifact id: 'b7596030e6415f02cf64f5b3031e7bfd') in 0.0366195 seconds
Number of updated asset objects reloaded before import = 0Number of asset objects unloaded after import = 1

========================================================================
Received Import Request.
  Time since last request: 0.000047 seconds.
  path: Assets/CorgiEngine/Demos/Corgi2D/Mountains.unity
  artifactKey: Guid(95d196af875ba35478432a81627a3084) Importer(2089858483,192608db42251d675da83286b1cce702)
Start importing Assets/CorgiEngine/Demos/Corgi2D/Mountains.unity using Guid(95d196af875ba35478432a81627a3084) Importer(2089858483,192608db42251d675da83286b1cce702) (ScriptedImporter) -> (artifact id: '9d7f4fa5c2b086d2d6d8eb9ae7970dde') in 0.0431743 seconds
Number of updated asset objects reloaded before import = 0Number of asset objects unloaded after import = 1

========================================================================
Received Import Request.
  Time since last request: 0.000051 seconds.
  path: Assets/CorgiEngine/Common/Fonts/8-BIT WONDER.TTF
  artifactKey: Guid(61165c170c0b97c48a9bf5be5ee0f5b6) Importer(2089858483,192608db42251d675da83286b1cce702)
Start importing Assets/CorgiEngine/Common/Fonts/8-BIT WONDER.TTF using Guid(61165c170c0b97c48a9bf5be5ee0f5b6) Importer(2089858483,192608db42251d675da83286b1cce702) (ScriptedImporter) -> (artifact id: 'b623d211055cf8098800de331dd766ae') in 0.0293478 seconds
Number of updated asset objects reloaded before import = 0Number of asset objects unloaded after import = 3

========================================================================
Received Import Request.
  Time since last request: 0.000018 seconds.
  path: Assets/CorgiEngine/Demos/Corgi2D/Mesa2.unity
  artifactKey: Guid(808661879b505b84ca4f4d679b486cd5) Importer(2089858483,192608db42251d675da83286b1cce702)
Start importing Assets/CorgiEngine/Demos/Corgi2D/Mesa2.unity using Guid(808661879b505b84ca4f4d679b486cd5) Importer(2089858483,192608db42251d675da83286b1cce702) (ScriptedImporter) -> (artifact id: '6b0eb68b2b89ed78dd9a582070aa1022') in 0.0470951 seconds
Number of updated asset objects reloaded before import = 0Number of asset objects unloaded after import = 1

========================================================================
Received Import Request.
  Time since last request: 0.000022 seconds.
  path: Assets/CorgiEngine/Demos/LevelSelection/LevelSelectionMap.unity
  artifactKey: Guid(0bba9bfc439ed1f458ec61e4c0008ebd) Importer(2089858483,192608db42251d675da83286b1cce702)
Start importing Assets/CorgiEngine/Demos/LevelSelection/LevelSelectionMap.unity using Guid(0bba9bfc439ed1f458ec61e4c0008ebd) Importer(2089858483,192608db42251d675da83286b1cce702) (ScriptedImporter) -> (artifact id: '33f359445223ede5999a8be05f2800a5') in 0.0266207 seconds
Number of updated asset objects reloaded before import = 0Number of asset objects unloaded after import = 1

========================================================================
Received Import Request.
  Time since last request: 0.000020 seconds.
  path: Assets/CorgiEngine/Demos/Retro/RetroClouds.unity
  artifactKey: Guid(7f88f9618b30a48dd84ec6896516d345) Importer(2089858483,192608db42251d675da83286b1cce702)
Start importing Assets/CorgiEngine/Demos/Retro/RetroClouds.unity using Guid(7f88f9618b30a48dd84ec6896516d345) Importer(2089858483,192608db42251d675da83286b1cce702) (ScriptedImporter) -> (artifact id: 'ad575db16523d285f853dc3ef1dc8d8e') in 0.0451817 seconds
Number of updated asset objects reloaded before import = 0Number of asset objects unloaded after import = 1

========================================================================
Received Import Request.
  Time since last request: 0.000024 seconds.
  path: Assets/CorgiEngine/Common/Fonts/Slash.ttf
  artifactKey: Guid(aa701c33feade464bab16b265a323f3e) Importer(2089858483,192608db42251d675da83286b1cce702)
Start importing Assets/CorgiEngine/Common/Fonts/Slash.ttf using Guid(aa701c33feade464bab16b265a323f3e) Importer(2089858483,192608db42251d675da83286b1cce702) (ScriptedImporter) -> (artifact id: 'dceb97e6641aa5091ef30308b2daca6a') in 0.0299372 seconds
Number of updated asset objects reloaded before import = 0Number of asset objects unloaded after import = 3

========================================================================
Received Import Request.
  Time since last request: 0.000062 seconds.
  path: Assets/CorgiEngine/Demos/LevelSelection/LevelSelection.unity
  artifactKey: Guid(38b3bbb0fec788241870d54b46b03e47) Importer(2089858483,192608db42251d675da83286b1cce702)
Start importing Assets/CorgiEngine/Demos/LevelSelection/LevelSelection.unity using Guid(38b3bbb0fec788241870d54b46b03e47) Importer(2089858483,192608db42251d675da83286b1cce702) (ScriptedImporter) -> (artifact id: '3b48b6d9e2f5c2bdb7c304f74233d14a') in 0.051844 seconds
Number of updated asset objects reloaded before import = 0Number of asset objects unloaded after import = 1

========================================================================
Received Import Request.
  Time since last request: 0.000026 seconds.
  path: Assets/CorgiEngine/Common/Fonts/Gotham-Light.ttf
  artifactKey: Guid(abcfe02ca2847804caf9be73c7b8a997) Importer(2089858483,192608db42251d675da83286b1cce702)
Start importing Assets/CorgiEngine/Common/Fonts/Gotham-Light.ttf using Guid(abcfe02ca2847804caf9be73c7b8a997) Importer(2089858483,192608db42251d675da83286b1cce702) (ScriptedImporter) -> (artifact id: 'df2f94a67fe09fb86092cbd9cf1beaa8') in 0.0344424 seconds
Number of updated asset objects reloaded before import = 0Number of asset objects unloaded after import = 3

========================================================================
Received Import Request.
  Time since last request: 0.000028 seconds.
  path: Assets/CorgiEngine/Demos/Minimal/MinimalCinemachineZones.unity
  artifactKey: Guid(18021034d32868049ab88f55d2a3ebdf) Importer(2089858483,192608db42251d675da83286b1cce702)
Start importing Assets/CorgiEngine/Demos/Minimal/MinimalCinemachineZones.unity using Guid(18021034d32868049ab88f55d2a3ebdf) Importer(2089858483,192608db42251d675da83286b1cce702) (ScriptedImporter) -> (artifact id: '7dddc50f435e0e0e2a198c392fed2d6a') in 0.0345295 seconds
Number of updated asset objects reloaded before import = 0Number of asset objects unloaded after import = 1

========================================================================
Received Import Request.
  Time since last request: 0.000038 seconds.
  path: Assets/CorgiEngine/Common/Sprites/AchievementIcons.png
  artifactKey: Guid(fa6d364a5a0575245859952062aea14b) Importer(2089858483,192608db42251d675da83286b1cce702)
Start importing Assets/CorgiEngine/Common/Sprites/AchievementIcons.png using Guid(fa6d364a5a0575245859952062aea14b) Importer(2089858483,192608db42251d675da83286b1cce702) (ScriptedImporter) -> (artifact id: '3ffd6e9e276e348afa615a3afd580121') in 0.1671268 seconds
Number of updated asset objects reloaded before import = 0Number of asset objects unloaded after import = 18

========================================================================
Received Import Request.
  Time since last request: 8.993041 seconds.
  path: Assets/CorgiEngine/Common/Prefabs/GUI/DialogueBox.prefab
  artifactKey: Guid(927a7e5e78367cc4ba304dae75c80ddf) Importer(2089858483,192608db42251d675da83286b1cce702)
Start importing Assets/CorgiEngine/Common/Prefabs/GUI/DialogueBox.prefab using Guid(927a7e5e78367cc4ba304dae75c80ddf) Importer(2089858483,192608db42251d675da83286b1cce702) (ScriptedImporter) -> (artifact id: 'd9814c127fd0fd4edcafba3fa41377db') in 0.0700184 seconds
Number of updated asset objects reloaded before import = 0Number of asset objects unloaded after import = 33

========================================================================
Received Import Request.
  Time since last request: 0.000028 seconds.
  path: Assets/CorgiEngine/Common/Scripts/Environment/MovingPlatform.cs
  artifactKey: Guid(2e9a0571a618b5d4680ffd26656dbde7) Importer(2089858483,192608db42251d675da83286b1cce702)
Start importing Assets/CorgiEngine/Common/Scripts/Environment/MovingPlatform.cs using Guid(2e9a0571a618b5d4680ffd26656dbde7) Importer(2089858483,192608db42251d675da83286b1cce702) (ScriptedImporter) -> (artifact id: 'a6e6e4a4a5aa69e8b5ae3c8da0249a66') in 0.0206513 seconds
Number of updated asset objects reloaded before import = 0Number of asset objects unloaded after import = 0

========================================================================
Received Import Request.
  Time since last request: 0.000021 seconds.
  path: Assets/CorgiEngine/Common/Prefabs/Sounds/jump-wav.wav
  artifactKey: Guid(10529216ae6632a45a2ade1ca8f87633) Importer(2089858483,192608db42251d675da83286b1cce702)
Start importing Assets/CorgiEngine/Common/Prefabs/Sounds/jump-wav.wav using Guid(10529216ae6632a45a2ade1ca8f87633) Importer(2089858483,192608db42251d675da83286b1cce702) (ScriptedImporter) -> (artifact id: '689fa984eae8f5c7abec75d95aed739a') in 0.0839916 seconds
Number of updated asset objects reloaded before import = 0Number of asset objects unloaded after import = 1

========================================================================
Received Import Request.
  Time since last request: 0.000148 seconds.
  path: Assets/CorgiEngine/Common/Scripts/Feedbacks/MMF_CorgiEngineFloatingText.cs
  artifactKey: Guid(5cc504e44216ca045b7e8ecffc18ba09) Importer(2089858483,192608db42251d675da83286b1cce702)
Start importing Assets/CorgiEngine/Common/Scripts/Feedbacks/MMF_CorgiEngineFloatingText.cs using Guid(5cc504e44216ca045b7e8ecffc18ba09) Importer(2089858483,192608db42251d675da83286b1cce702) (ScriptedImporter) -> (artifact id: 'c5f4434667a69ca3cc91ee43bd3cd953') in 0.0230138 seconds
Number of updated asset objects reloaded before import = 0Number of asset objects unloaded after import = 0

========================================================================
Received Import Request.
  Time since last request: 0.000023 seconds.
  path: Assets/CorgiEngine/Common/Prefabs/Sounds/NFF-steal.wav
  artifactKey: Guid(96f7d951fb4e6f04586f3309d84bef1f) Importer(2089858483,192608db42251d675da83286b1cce702)
Start importing Assets/CorgiEngine/Common/Prefabs/Sounds/NFF-steal.wav using Guid(96f7d951fb4e6f04586f3309d84bef1f) Importer(2089858483,192608db42251d675da83286b1cce702) (ScriptedImporter) -> (artifact id: '4376e6f325f8dc70fcf32f738ea8d09e') in 0.0726455 seconds
Number of updated asset objects reloaded before import = 0Number of asset objects unloaded after import = 1

========================================================================
Received Import Request.
  Time since last request: 0.000022 seconds.
  path: Assets/CorgiEngine/Common/Prefabs/LevelManagers/MMSoundManager.prefab
  artifactKey: Guid(6be6b5536e7cdfa4b8dea369e32707e5) Importer(2089858483,192608db42251d675da83286b1cce702)
Start importing Assets/CorgiEngine/Common/Prefabs/LevelManagers/MMSoundManager.prefab using Guid(6be6b5536e7cdfa4b8dea369e32707e5) Importer(2089858483,192608db42251d675da83286b1cce702) (ScriptedImporter)Refreshing native plugins compatible for Editor in 8.48 ms, found 2 plugins.
Preloading 0 native plugins for Editor in 0.00 ms.
Refreshing native plugins compatible for Editor in 6.42 ms, found 2 plugins.
Preloading 0 native plugins for Editor in 0.00 ms.
Refreshing native plugins compatible for Editor in 6.13 ms, found 2 plugins.
Preloading 0 native plugins for Editor in 0.00 ms.
Refreshing native plugins compatible for Editor in 6.70 ms, found 2 plugins.
Preloading 0 native plugins for Editor in 0.00 ms.
Refreshing native plugins compatible for Editor in 6.47 ms, found 2 plugins.
Preloading 0 native plugins for Editor in 0.00 ms.
 -> (artifact id: '391f65b2e12f1419583df02193198f42') in 0.0613543 seconds
Number of updated asset objects reloaded before import = 0Number of asset objects unloaded after import = 16

========================================================================
Received Import Request.
  Time since last request: 0.000021 seconds.
  path: Assets/CorgiEngine/Common/Prefabs/GUI/UICamera.prefab
  artifactKey: Guid(ace2d4bf56f98df4196ff81845a465d7) Importer(2089858483,192608db42251d675da83286b1cce702)
Start importing Assets/CorgiEngine/Common/Prefabs/GUI/UICamera.prefab using Guid(ace2d4bf56f98df4196ff81845a465d7) Importer(2089858483,192608db42251d675da83286b1cce702) (ScriptedImporter) -> (artifact id: 'd7124740a3928f39917089e84df6d92e') in 0.1023782 seconds
Number of updated asset objects reloaded before import = 0Number of asset objects unloaded after import = 312

========================================================================
Received Import Request.
  Time since last request: 0.000026 seconds.
  path: Assets/CorgiEngine/Common/Prefabs/Sounds/NFF-bump.wav
  artifactKey: Guid(b34e4aabd474c45c2945fc9c6eec8381) Importer(2089858483,192608db42251d675da83286b1cce702)
Start importing Assets/CorgiEngine/Common/Prefabs/Sounds/NFF-bump.wav using Guid(b34e4aabd474c45c2945fc9c6eec8381) Importer(2089858483,192608db42251d675da83286b1cce702) (ScriptedImporter) -> (artifact id: '285358ed941339d1cdfca3e827c2d6ef') in 0.0760177 seconds
Number of updated asset objects reloaded before import = 0Number of asset objects unloaded after import = 1

========================================================================
Received Import Request.
  Time since last request: 0.000036 seconds.
  path: Assets/CorgiEngine/Common/Scripts/Environment/GrabCarryAndThrowObject.cs
  artifactKey: Guid(463e9a7e18bc71f4e958ba7394c31447) Importer(2089858483,192608db42251d675da83286b1cce702)
Start importing Assets/CorgiEngine/Common/Scripts/Environment/GrabCarryAndThrowObject.cs using Guid(463e9a7e18bc71f4e958ba7394c31447) Importer(2089858483,192608db42251d675da83286b1cce702) (ScriptedImporter) -> (artifact id: 'ec10e52eeb154cbba955dbdf01062157') in 0.0208685 seconds
Number of updated asset objects reloaded before import = 0Number of asset objects unloaded after import = 0

========================================================================
Received Import Request.
  Time since last request: 0.000132 seconds.
  path: Assets/CorgiEngine/Common/Prefabs/Sounds/NFF-toy-gun.wav
  artifactKey: Guid(2d6f1b59f05ba40e3a702c2695cb86fd) Importer(2089858483,192608db42251d675da83286b1cce702)
Start importing Assets/CorgiEngine/Common/Prefabs/Sounds/NFF-toy-gun.wav using Guid(2d6f1b59f05ba40e3a702c2695cb86fd) Importer(2089858483,192608db42251d675da83286b1cce702) (ScriptedImporter) -> (artifact id: '8542827fd230edda4c5f08b6251ea9ca') in 0.0842189 seconds
Number of updated asset objects reloaded before import = 0Number of asset objects unloaded after import = 1

========================================================================
Received Import Request.
  Time since last request: 0.000028 seconds.
  path: Assets/CorgiEngine/Common/Prefabs/Sounds/NFF-glassy-tap-02.wav
  artifactKey: Guid(2e66f0795156e42f1bb55316f73f568e) Importer(2089858483,192608db42251d675da83286b1cce702)
Start importing Assets/CorgiEngine/Common/Prefabs/Sounds/NFF-glassy-tap-02.wav using Guid(2e66f0795156e42f1bb55316f73f568e) Importer(2089858483,192608db42251d675da83286b1cce702) (ScriptedImporter) -> (artifact id: 'd18a15433f3c486d6c8c253f9881a223') in 0.0825536 seconds
Number of updated asset objects reloaded before import = 0Number of asset objects unloaded after import = 1

========================================================================
Received Import Request.
  Time since last request: 0.000020 seconds.
  path: Assets/CorgiEngine/Common/Prefabs/Sounds/gun.wav
  artifactKey: Guid(7e992ab4aafc96e47b6bb8cacb5bc9e5) Importer(2089858483,192608db42251d675da83286b1cce702)
Start importing Assets/CorgiEngine/Common/Prefabs/Sounds/gun.wav using Guid(7e992ab4aafc96e47b6bb8cacb5bc9e5) Importer(2089858483,192608db42251d675da83286b1cce702) (ScriptedImporter) -> (artifact id: 'fd226b007fa80b0ee8af2d65f370cae1') in 0.0542598 seconds
Number of updated asset objects reloaded before import = 0Number of asset objects unloaded after import = 1

========================================================================
Received Import Request.
  Time since last request: 0.000050 seconds.
  path: Assets/CorgiEngine/Common/Scripts/Environment/Hittable.cs
  artifactKey: Guid(2af69e5b9978ebb4a8ffb643a072d41e) Importer(2089858483,192608db42251d675da83286b1cce702)
Start importing Assets/CorgiEngine/Common/Scripts/Environment/Hittable.cs using Guid(2af69e5b9978ebb4a8ffb643a072d41e) Importer(2089858483,192608db42251d675da83286b1cce702) (ScriptedImporter) -> (artifact id: '6ffb5a1a50ff4b3397def373367f650e') in 0.0196178 seconds
Number of updated asset objects reloaded before import = 0Number of asset objects unloaded after import = 0

========================================================================
Received Import Request.
  Time since last request: 0.000130 seconds.
  path: Assets/CorgiEngine/Common/Prefabs/Sounds/small-engine.wav
  artifactKey: Guid(1c92031e6ed054e8697bfae5523fb083) Importer(2089858483,192608db42251d675da83286b1cce702)
Start importing Assets/CorgiEngine/Common/Prefabs/Sounds/small-engine.wav using Guid(1c92031e6ed054e8697bfae5523fb083) Importer(2089858483,192608db42251d675da83286b1cce702) (ScriptedImporter) -> (artifact id: 'b8879b36370f595a4e2d890119f76b4b') in 0.0552174 seconds
Number of updated asset objects reloaded before import = 0Number of asset objects unloaded after import = 1

========================================================================
Received Import Request.
  Time since last request: 0.000056 seconds.
  path: Assets/CorgiEngine/Common/Scripts/GUI/ButtonActivated.cs
  artifactKey: Guid(b9bc48148c07a804a85950d44daf8b21) Importer(2089858483,192608db42251d675da83286b1cce702)
Start importing Assets/CorgiEngine/Common/Scripts/GUI/ButtonActivated.cs using Guid(b9bc48148c07a804a85950d44daf8b21) Importer(2089858483,192608db42251d675da83286b1cce702) (ScriptedImporter) -> (artifact id: 'beb8f41e79fccb53a66e8f852a0fb793') in 0.0237179 seconds
Number of updated asset objects reloaded before import = 0Number of asset objects unloaded after import = 0

========================================================================
Received Import Request.
  Time since last request: 0.000068 seconds.
  path: Assets/CorgiEngine/Common/Prefabs/LevelManagers/CheckPoint.prefab
  artifactKey: Guid(1c8748acbfe1eb64d88a630bf10a9aa2) Importer(2089858483,192608db42251d675da83286b1cce702)
Start importing Assets/CorgiEngine/Common/Prefabs/LevelManagers/CheckPoint.prefab using Guid(1c8748acbfe1eb64d88a630bf10a9aa2) Importer(2089858483,192608db42251d675da83286b1cce702) (ScriptedImporter) -> (artifact id: '40ef65880f7711f9415bb620177d6768') in 0.0463949 seconds
Number of updated asset objects reloaded before import = 0Number of asset objects unloaded after import = 6

========================================================================
Received Import Request.
  Time since last request: 0.000040 seconds.
  path: Assets/CorgiEngine/Common/Scripts/Environment/Jumper.cs
  artifactKey: Guid(369611b889347274f97fe4b2afc95ea5) Importer(2089858483,192608db42251d675da83286b1cce702)
Start importing Assets/CorgiEngine/Common/Scripts/Environment/Jumper.cs using Guid(369611b889347274f97fe4b2afc95ea5) Importer(2089858483,192608db42251d675da83286b1cce702) (ScriptedImporter) -> (artifact id: 'a0fd3826f6d22c3f39405c674683d317') in 0.0210803 seconds
Number of updated asset objects reloaded before import = 0Number of asset objects unloaded after import = 0

========================================================================
Received Import Request.
  Time since last request: 0.000130 seconds.
  path: Assets/CorgiEngine/Common/Prefabs/Sounds/NFF-coin-04.wav
  artifactKey: Guid(53d7a3adf877b4b72b7ec879fd0c0c75) Importer(2089858483,192608db42251d675da83286b1cce702)
Start importing Assets/CorgiEngine/Common/Prefabs/Sounds/NFF-coin-04.wav using Guid(53d7a3adf877b4b72b7ec879fd0c0c75) Importer(2089858483,192608db42251d675da83286b1cce702) (ScriptedImporter) -> (artifact id: '65cc6c31aa23ef5ddb94cfcd37c5b372') in 0.0991235 seconds
Number of updated asset objects reloaded before import = 0Number of asset objects unloaded after import = 1

========================================================================
Received Import Request.
  Time since last request: 0.000063 seconds.
  path: Assets/CorgiEngine/Common/Prefabs/Sounds/NFF-fake-wind.wav
  artifactKey: Guid(8348640ff8d5a4487a04c57702b3007f) Importer(2089858483,192608db42251d675da83286b1cce702)
Start importing Assets/CorgiEngine/Common/Prefabs/Sounds/NFF-fake-wind.wav using Guid(8348640ff8d5a4487a04c57702b3007f) Importer(2089858483,192608db42251d675da83286b1cce702) (ScriptedImporter) -> (artifact id: 'c738d0691da7028895fa23cc493ecd0a') in 0.0961626 seconds
Number of updated asset objects reloaded before import = 0Number of asset objects unloaded after import = 1

========================================================================
Received Import Request.
  Time since last request: 0.000062 seconds.
  path: Assets/CorgiEngine/Common/Prefabs/Sounds/NFF-slowdown.wav
  artifactKey: Guid(450cba5cc48c9474d8d8d9b6b0af47d1) Importer(2089858483,192608db42251d675da83286b1cce702)
Start importing Assets/CorgiEngine/Common/Prefabs/Sounds/NFF-slowdown.wav using Guid(450cba5cc48c9474d8d8d9b6b0af47d1) Importer(2089858483,192608db42251d675da83286b1cce702) (ScriptedImporter) -> (artifact id: '4bd993c7dc947be6e9eb159fbe7fd637') in 0.0889458 seconds
Number of updated asset objects reloaded before import = 0Number of asset objects unloaded after import = 1

========================================================================
Received Import Request.
  Time since last request: 0.000030 seconds.
  path: Assets/CorgiEngine/Common/Scripts/Environment/SurfaceModifier.cs
  artifactKey: Guid(7d1ed657c7c3a8047b0001b430ef66b3) Importer(2089858483,192608db42251d675da83286b1cce702)
Start importing Assets/CorgiEngine/Common/Scripts/Environment/SurfaceModifier.cs using Guid(7d1ed657c7c3a8047b0001b430ef66b3) Importer(2089858483,192608db42251d675da83286b1cce702) (ScriptedImporter) -> (artifact id: 'afee9bd06a780d7ce1b73ca5f3d8fa6e') in 0.0263429 seconds
Number of updated asset objects reloaded before import = 0Number of asset objects unloaded after import = 0

========================================================================
Received Import Request.
  Time since last request: 0.000066 seconds.
  path: Assets/CorgiEngine/Common/Scripts/Environment/GravityZone.cs
  artifactKey: Guid(eabf712a5fb65f449b62d94c041f5b69) Importer(2089858483,192608db42251d675da83286b1cce702)
Start importing Assets/CorgiEngine/Common/Scripts/Environment/GravityZone.cs using Guid(eabf712a5fb65f449b62d94c041f5b69) Importer(2089858483,192608db42251d675da83286b1cce702) (ScriptedImporter) -> (artifact id: 'd2dba55cca87de5da0ea834f349b89ad') in 0.0257672 seconds
Number of updated asset objects reloaded before import = 0Number of asset objects unloaded after import = 0

========================================================================
Received Import Request.
  Time since last request: 0.000099 seconds.
  path: Assets/CorgiEngine/Common/Scripts/Environment/AppearDisappear.cs
  artifactKey: Guid(843a2d32161fe6c4cba0d7e8086a8f7b) Importer(2089858483,192608db42251d675da83286b1cce702)
Start importing Assets/CorgiEngine/Common/Scripts/Environment/AppearDisappear.cs using Guid(843a2d32161fe6c4cba0d7e8086a8f7b) Importer(2089858483,192608db42251d675da83286b1cce702) (ScriptedImporter) -> (artifact id: '389addbc9bbc002e0b4337846c8e3e96') in 0.0292912 seconds
Number of updated asset objects reloaded before import = 0Number of asset objects unloaded after import = 0

========================================================================
Received Import Request.
  Time since last request: 0.000058 seconds.
  path: Assets/CorgiEngine/Common/Scripts/Environment/Zipline.cs
  artifactKey: Guid(9e8034c0433ba8347894be12eb775f0c) Importer(2089858483,192608db42251d675da83286b1cce702)
Start importing Assets/CorgiEngine/Common/Scripts/Environment/Zipline.cs using Guid(9e8034c0433ba8347894be12eb775f0c) Importer(2089858483,192608db42251d675da83286b1cce702) (ScriptedImporter) -> (artifact id: 'e617e8648f62ca2e31c677dd3fa6c636') in 0.0299617 seconds
Number of updated asset objects reloaded before import = 0Number of asset objects unloaded after import = 0

========================================================================
Received Import Request.
  Time since last request: 0.000088 seconds.
  path: Assets/CorgiEngine/Common/Prefabs/Sounds/NFF-air-brake.wav
  artifactKey: Guid(6cbbef6755b234a2ea2523a784420e9a) Importer(2089858483,192608db42251d675da83286b1cce702)
Start importing Assets/CorgiEngine/Common/Prefabs/Sounds/NFF-air-brake.wav using Guid(6cbbef6755b234a2ea2523a784420e9a) Importer(2089858483,192608db42251d675da83286b1cce702) (ScriptedImporter) -> (artifact id: '6104c535ec4a74bfc52eb4e678b6e717') in 0.0976265 seconds
Number of updated asset objects reloaded before import = 0Number of asset objects unloaded after import = 1

========================================================================
Received Import Request.
  Time since last request: 0.000029 seconds.
  path: Assets/CorgiEngine/Common/Prefabs/Sounds/NFF-zap.wav
  artifactKey: Guid(9ee1e97400b4d494aae223b9f68fa337) Importer(2089858483,192608db42251d675da83286b1cce702)
Start importing Assets/CorgiEngine/Common/Prefabs/Sounds/NFF-zap.wav using Guid(9ee1e97400b4d494aae223b9f68fa337) Importer(2089858483,192608db42251d675da83286b1cce702) (ScriptedImporter) -> (artifact id: '1f6ea7a512849e31f900156f9009e96e') in 0.0837625 seconds
Number of updated asset objects reloaded before import = 0Number of asset objects unloaded after import = 1

========================================================================
Received Import Request.
  Time since last request: 0.000049 seconds.
  path: Assets/CorgiEngine/Common/Prefabs/Sounds/low-thump.wav
  artifactKey: Guid(00cf92732b4a342acb456b39378f53bc) Importer(2089858483,192608db42251d675da83286b1cce702)
Start importing Assets/CorgiEngine/Common/Prefabs/Sounds/low-thump.wav using Guid(00cf92732b4a342acb456b39378f53bc) Importer(2089858483,192608db42251d675da83286b1cce702) (ScriptedImporter) -> (artifact id: 'a3009f9b3564ec5adce7f3ebef5da3cb') in 0.0599652 seconds
Number of updated asset objects reloaded before import = 0Number of asset objects unloaded after import = 1

========================================================================
Received Import Request.
  Time since last request: 0.000025 seconds.
  path: Assets/CorgiEngine/Common/Prefabs/Music/uniform-motion_the-victory-of-buckets-and-doors.wav
  artifactKey: Guid(acab72af9fb072a42ac2de34faaae803) Importer(2089858483,192608db42251d675da83286b1cce702)
Start importing Assets/CorgiEngine/Common/Prefabs/Music/uniform-motion_the-victory-of-buckets-and-doors.wav using Guid(acab72af9fb072a42ac2de34faaae803) Importer(2089858483,192608db42251d675da83286b1cce702) (ScriptedImporter) -> (artifact id: '68a48839bea6041e9f71818fe0ef2d5e') in 0.6857445 seconds
Number of updated asset objects reloaded before import = 0Number of asset objects unloaded after import = 1

========================================================================
Received Import Request.
  Time since last request: 0.739123 seconds.
  path: Assets/CorgiEngine/Common/Scripts/GUI/HeartsGUI.cs
  artifactKey: Guid(2ce4f1b3943f45e4ca7b2ffe31bbbecf) Importer(2089858483,192608db42251d675da83286b1cce702)
Start importing Assets/CorgiEngine/Common/Scripts/GUI/HeartsGUI.cs using Guid(2ce4f1b3943f45e4ca7b2ffe31bbbecf) Importer(2089858483,192608db42251d675da83286b1cce702) (ScriptedImporter) -> (artifact id: '01ae05282ce09f0911fd0704fb701a29') in 0.0215038 seconds
Number of updated asset objects reloaded before import = 0Number of asset objects unloaded after import = 0

========================================================================
Received Import Request.
  Time since last request: 0.000054 seconds.
  path: Assets/CorgiEngine/Common/Sprites/GUI/hearts.png
  artifactKey: Guid(523262eb0b12be8439a00daad948aa2f) Importer(2089858483,192608db42251d675da83286b1cce702)
Start importing Assets/CorgiEngine/Common/Sprites/GUI/hearts.png using Guid(523262eb0b12be8439a00daad948aa2f) Importer(2089858483,192608db42251d675da83286b1cce702) (ScriptedImporter) -> (artifact id: '3e17d8d6823b61b48686f407878ce738') in 0.0516641 seconds
Number of updated asset objects reloaded before import = 0Number of asset objects unloaded after import = 4

========================================================================
Received Import Request.
  Time since last request: 0.000026 seconds.
  path: Assets/CorgiEngine/Common/ScriptsCinemachine/Environment/Teleporter.cs
  artifactKey: Guid(d67c8b1f0cc0f1c46901ec3b398875b9) Importer(2089858483,192608db42251d675da83286b1cce702)
Start importing Assets/CorgiEngine/Common/ScriptsCinemachine/Environment/Teleporter.cs using Guid(d67c8b1f0cc0f1c46901ec3b398875b9) Importer(2089858483,192608db42251d675da83286b1cce702) (ScriptedImporter) -> (artifact id: '0e1625bc414670568f896573e81f14de') in 0.0245711 seconds
Number of updated asset objects reloaded before import = 0Number of asset objects unloaded after import = 0

========================================================================
Received Import Request.
  Time since last request: 0.000068 seconds.
  path: Assets/CorgiEngine/Demos/Corgi3D/Animations/threeD-walk.anim
  artifactKey: Guid(7f23587aa6d07a24cb748732662f4d0a) Importer(2089858483,192608db42251d675da83286b1cce702)
Start importing Assets/CorgiEngine/Demos/Corgi3D/Animations/threeD-walk.anim using Guid(7f23587aa6d07a24cb748732662f4d0a) Importer(2089858483,192608db42251d675da83286b1cce702) (ScriptedImporter) -> (artifact id: 'db8c371c9848d37e394b59280bca61b6') in 0.0377034 seconds
Number of updated asset objects reloaded before import = 0Number of asset objects unloaded after import = 1

========================================================================
Received Import Request.
  Time since last request: 0.000037 seconds.
  path: Assets/CorgiEngine/Demos/Corgi3D/Materials/1x1Green.mat
  artifactKey: Guid(f0f9117da97c911469056f4bacf77831) Importer(2089858483,192608db42251d675da83286b1cce702)
Start importing Assets/CorgiEngine/Demos/Corgi3D/Materials/1x1Green.mat using Guid(f0f9117da97c911469056f4bacf77831) Importer(2089858483,192608db42251d675da83286b1cce702) (ScriptedImporter) -> (artifact id: '6e9a8ebd588b30a51622276d4f646f36') in 0.0346269 seconds
Number of updated asset objects reloaded before import = 0Number of asset objects unloaded after import = 3

========================================================================
Received Import Request.
  Time since last request: 0.000031 seconds.
  path: Assets/CorgiEngine/Common/Sprites/GUI/healthBar.png
  artifactKey: Guid(0c910e914380443a488b72aef9f57056) Importer(2089858483,192608db42251d675da83286b1cce702)
Start importing Assets/CorgiEngine/Common/Sprites/GUI/healthBar.png using Guid(0c910e914380443a488b72aef9f57056) Importer(2089858483,192608db42251d675da83286b1cce702) (ScriptedImporter) -> (artifact id: '52c23a92c2fe2dd14b1ba8d612df70b5') in 0.0465233 seconds
Number of updated asset objects reloaded before import = 0Number of asset objects unloaded after import = 4

========================================================================
Received Import Request.
  Time since last request: 0.000031 seconds.
  path: Assets/CorgiEngine/Common/Scripts/Managers/SoundManager.cs
  artifactKey: Guid(6b0bab60638ea6b479c67ccb89ea5a80) Importer(2089858483,192608db42251d675da83286b1cce702)
Start importing Assets/CorgiEngine/Common/Scripts/Managers/SoundManager.cs using Guid(6b0bab60638ea6b479c67ccb89ea5a80) Importer(2089858483,192608db42251d675da83286b1cce702) (ScriptedImporter) -> (artifact id: '62d5656d9128cc38fc0a89d640d7d40a') in 0.0230072 seconds
Number of updated asset objects reloaded before import = 0Number of asset objects unloaded after import = 0

========================================================================
Received Import Request.
  Time since last request: 0.000171 seconds.
  path: Assets/CorgiEngine/Demos/Corgi2D/Materials/jetpackParticle.mat
  artifactKey: Guid(1888fd7255deebd458cfba33e8407e1f) Importer(2089858483,192608db42251d675da83286b1cce702)
Start importing Assets/CorgiEngine/Demos/Corgi2D/Materials/jetpackParticle.mat using Guid(1888fd7255deebd458cfba33e8407e1f) Importer(2089858483,192608db42251d675da83286b1cce702) (ScriptedImporter) -> (artifact id: 'e4225b3e2933023cff3438f97f596e74') in 0.0229422 seconds
Number of updated asset objects reloaded before import = 0Number of asset objects unloaded after import = 2

========================================================================
Received Import Request.
  Time since last request: 0.000030 seconds.
  path: Assets/CorgiEngine/Common/Scripts/Items/PickableItem.cs
  artifactKey: Guid(a381649f4adc480448ac6505907e4edd) Importer(2089858483,192608db42251d675da83286b1cce702)
Start importing Assets/CorgiEngine/Common/Scripts/Items/PickableItem.cs using Guid(a381649f4adc480448ac6505907e4edd) Importer(2089858483,192608db42251d675da83286b1cce702) (ScriptedImporter) -> (artifact id: '3703b4318e83afb44a7aa8fa6b7e14b5') in 0.0206684 seconds
Number of updated asset objects reloaded before import = 0Number of asset objects unloaded after import = 0

========================================================================
Received Import Request.
  Time since last request: 0.000102 seconds.
  path: Assets/CorgiEngine/Common/ScriptsInputSystem/InputActions/CorgiEngineInputActions.inputactions
  artifactKey: Guid(9bc7476ee91ad6447bb6270dacb22357) Importer(2089858483,192608db42251d675da83286b1cce702)
Start importing Assets/CorgiEngine/Common/ScriptsInputSystem/InputActions/CorgiEngineInputActions.inputactions using Guid(9bc7476ee91ad6447bb6270dacb22357) Importer(2089858483,192608db42251d675da83286b1cce702) (ScriptedImporter) -> (artifact id: '77c7e9a4fc8263af730f0ed65d38ae9e') in 0.0243539 seconds
Number of updated asset objects reloaded before import = 0Number of asset objects unloaded after import = 1

========================================================================
Received Import Request.
  Time since last request: 0.000057 seconds.
  path: Assets/CorgiEngine/Demos/Corgi3D/Materials/2x1Blue.mat
  artifactKey: Guid(85f407993e7076f46b2697bb82ee121e) Importer(2089858483,192608db42251d675da83286b1cce702)
Start importing Assets/CorgiEngine/Demos/Corgi3D/Materials/2x1Blue.mat using Guid(85f407993e7076f46b2697bb82ee121e) Importer(2089858483,192608db42251d675da83286b1cce702) (ScriptedImporter) -> (artifact id: 'ec5be6dd14d0da959b7e462784d08235') in 0.0302362 seconds
Number of updated asset objects reloaded before import = 0Number of asset objects unloaded after import = 3

========================================================================
Received Import Request.
  Time since last request: 0.000024 seconds.
  path: Assets/CorgiEngine/Demos/Corgi3D/Materials/HalfBlue.mat
  artifactKey: Guid(57245e57e7e4e5d489fa38f73a631cbe) Importer(2089858483,192608db42251d675da83286b1cce702)
Start importing Assets/CorgiEngine/Demos/Corgi3D/Materials/HalfBlue.mat using Guid(57245e57e7e4e5d489fa38f73a631cbe) Importer(2089858483,192608db42251d675da83286b1cce702) (ScriptedImporter) -> (artifact id: 'c95bf717da97cd2aa925bd1428ccecd2') in 0.0288964 seconds
Number of updated asset objects reloaded before import = 0Number of asset objects unloaded after import = 3

========================================================================
Received Import Request.
  Time since last request: 0.000027 seconds.
  path: Assets/CorgiEngine/Demos/Corgi2D/Materials/lightRayParticle.mat
  artifactKey: Guid(f781ff24d262146408360948ab4c6687) Importer(2089858483,192608db42251d675da83286b1cce702)
Start importing Assets/CorgiEngine/Demos/Corgi2D/Materials/lightRayParticle.mat using Guid(f781ff24d262146408360948ab4c6687) Importer(2089858483,192608db42251d675da83286b1cce702) (ScriptedImporter) -> (artifact id: '8829d1f7787b8f8b300c3c44fcc6d2e9') in 0.0559074 seconds
Number of updated asset objects reloaded before import = 0Number of asset objects unloaded after import = 2

========================================================================
Received Import Request.
  Time since last request: 0.000032 seconds.
  path: Assets/CorgiEngine/Common/Scripts/InventoryEngineItems/InventoryEnginePoints.cs
  artifactKey: Guid(dca0fd50192f3eb47a7fb83a687b743b) Importer(2089858483,192608db42251d675da83286b1cce702)
Start importing Assets/CorgiEngine/Common/Scripts/InventoryEngineItems/InventoryEnginePoints.cs using Guid(dca0fd50192f3eb47a7fb83a687b743b) Importer(2089858483,192608db42251d675da83286b1cce702) (ScriptedImporter) -> (artifact id: 'a91aacbff12a5b2e3d9f74c76544acd3') in 0.0229972 seconds
Number of updated asset objects reloaded before import = 0Number of asset objects unloaded after import = 0

========================================================================
Received Import Request.
  Time since last request: 0.000095 seconds.
  path: Assets/CorgiEngine/Common/Scripts/Sprites/MMDoubleSpriteMask.cs
  artifactKey: Guid(7a412eefb176c2645b7a3b6c5aacc098) Importer(2089858483,192608db42251d675da83286b1cce702)
Start importing Assets/CorgiEngine/Common/Scripts/Sprites/MMDoubleSpriteMask.cs using Guid(7a412eefb176c2645b7a3b6c5aacc098) Importer(2089858483,192608db42251d675da83286b1cce702) (ScriptedImporter) -> (artifact id: '5ad91c6ef94beec114745260a8ba9695') in 0.027967 seconds
Number of updated asset objects reloaded before import = 0Number of asset objects unloaded after import = 0

========================================================================
Received Import Request.
  Time since last request: 0.000089 seconds.
  path: Assets/CorgiEngine/Demos/Corgi2D/Scripts/BackgroundTree.cs
  artifactKey: Guid(91aefb524414ce24a84a6178c64e62fd) Importer(2089858483,192608db42251d675da83286b1cce702)
Start importing Assets/CorgiEngine/Demos/Corgi2D/Scripts/BackgroundTree.cs using Guid(91aefb524414ce24a84a6178c64e62fd) Importer(2089858483,192608db42251d675da83286b1cce702) (ScriptedImporter) -> (artifact id: '89f16ff03f03d06130238faaf0bb3c9d') in 0.0184673 seconds
Number of updated asset objects reloaded before import = 0Number of asset objects unloaded after import = 0

========================================================================
Received Import Request.
  Time since last request: 0.000146 seconds.
  path: Assets/CorgiEngine/Demos/Corgi3D/Materials/4x1Orange.mat
  artifactKey: Guid(4a36b6905b61a7a46bb293bde18540c7) Importer(2089858483,192608db42251d675da83286b1cce702)
Start importing Assets/CorgiEngine/Demos/Corgi3D/Materials/4x1Orange.mat using Guid(4a36b6905b61a7a46bb293bde18540c7) Importer(2089858483,192608db42251d675da83286b1cce702) (ScriptedImporter) -> (artifact id: 'a88b10f8250bde9e987f0a79d16a2a94') in 0.0293012 seconds
Number of updated asset objects reloaded before import = 0Number of asset objects unloaded after import = 3

========================================================================
Received Import Request.
  Time since last request: 0.000029 seconds.
  path: Assets/CorgiEngine/Demos/Corgi2D/Materials/LaserBulletParticle.mat
  artifactKey: Guid(d4b65d74118862b47ac7f96114c9de53) Importer(2089858483,192608db42251d675da83286b1cce702)
Start importing Assets/CorgiEngine/Demos/Corgi2D/Materials/LaserBulletParticle.mat using Guid(d4b65d74118862b47ac7f96114c9de53) Importer(2089858483,192608db42251d675da83286b1cce702) (ScriptedImporter) -> (artifact id: '49085de4037548553b404a3155c55116') in 0.0456385 seconds
Number of updated asset objects reloaded before import = 0Number of asset objects unloaded after import = 2

========================================================================
Received Import Request.
  Time since last request: 0.000032 seconds.
  path: Assets/CorgiEngine/Common/Scripts/Spawn/LevelRestarter.cs
  artifactKey: Guid(42b1d00c2dddf924292ac9f84b067068) Importer(2089858483,192608db42251d675da83286b1cce702)
Start importing Assets/CorgiEngine/Common/Scripts/Spawn/LevelRestarter.cs using Guid(42b1d00c2dddf924292ac9f84b067068) Importer(2089858483,192608db42251d675da83286b1cce702) (ScriptedImporter) -> (artifact id: 'eff795316271be1272a92ed86c2572c6') in 0.0215598 seconds
Number of updated asset objects reloaded before import = 0Number of asset objects unloaded after import = 0

========================================================================
Received Import Request.
  Time since last request: 0.000040 seconds.
  path: Assets/CorgiEngine/Demos/Corgi3D/Materials/Corgi3DSkybox.mat
  artifactKey: Guid(ca4ccc7baa257fb40b1ccd83ba8e4cd7) Importer(2089858483,192608db42251d675da83286b1cce702)
Start importing Assets/CorgiEngine/Demos/Corgi3D/Materials/Corgi3DSkybox.mat using Guid(ca4ccc7baa257fb40b1ccd83ba8e4cd7) Importer(2089858483,192608db42251d675da83286b1cce702) (ScriptedImporter) -> (artifact id: '410ffbcd45533e3fc7cfbfa8599862b2') in 0.0254465 seconds
Number of updated asset objects reloaded before import = 0Number of asset objects unloaded after import = 1

========================================================================
Received Import Request.
  Time since last request: 0.000077 seconds.
  path: Assets/CorgiEngine/Common/Scripts/GUI/MusicSwitch.cs
  artifactKey: Guid(c19f4c4d9572442429f00b822eb73244) Importer(2089858483,192608db42251d675da83286b1cce702)
Start importing Assets/CorgiEngine/Common/Scripts/GUI/MusicSwitch.cs using Guid(c19f4c4d9572442429f00b822eb73244) Importer(2089858483,192608db42251d675da83286b1cce702) (ScriptedImporter) -> (artifact id: '8b1176470a03c7900c50c9f16d8c8d0b') in 0.026246 seconds
Number of updated asset objects reloaded before import = 0Number of asset objects unloaded after import = 0

========================================================================
Received Import Request.
  Time since last request: 0.000030 seconds.
  path: Assets/CorgiEngine/Demos/Corgi3D/Materials/1x1Grey.mat
  artifactKey: Guid(3358a36a5e4c16849b2ffe25969b7a63) Importer(2089858483,192608db42251d675da83286b1cce702)
Start importing Assets/CorgiEngine/Demos/Corgi3D/Materials/1x1Grey.mat using Guid(3358a36a5e4c16849b2ffe25969b7a63) Importer(2089858483,192608db42251d675da83286b1cce702) (ScriptedImporter) -> (artifact id: '82a23c2c02e2c7649a265c6926960a24') in 0.0293719 seconds
Number of updated asset objects reloaded before import = 0Number of asset objects unloaded after import = 3

========================================================================
Received Import Request.
  Time since last request: 0.000032 seconds.
  path: Assets/CorgiEngine/Common/Sprites/GUI/avatar.png
  artifactKey: Guid(9e09c275635a1704f8c95be03fc36589) Importer(2089858483,192608db42251d675da83286b1cce702)
Start importing Assets/CorgiEngine/Common/Sprites/GUI/avatar.png using Guid(9e09c275635a1704f8c95be03fc36589) Importer(2089858483,192608db42251d675da83286b1cce702) (ScriptedImporter) -> (artifact id: 'bbf1a103e5844ce13391b86cddc85adb') in 0.0674218 seconds
Number of updated asset objects reloaded before import = 0Number of asset objects unloaded after import = 6

========================================================================
Received Import Request.
  Time since last request: 0.000026 seconds.
  path: Assets/CorgiEngine/Demos/Corgi3D/Materials/Corgi3DVoxelMaterial.mat
  artifactKey: Guid(ca1ea577a8f78504f90659ab544ee842) Importer(2089858483,192608db42251d675da83286b1cce702)
Start importing Assets/CorgiEngine/Demos/Corgi3D/Materials/Corgi3DVoxelMaterial.mat using Guid(ca1ea577a8f78504f90659ab544ee842) Importer(2089858483,192608db42251d675da83286b1cce702) (ScriptedImporter) -> (artifact id: '4aa81b6a74ddbd89ed43e4be5cac040e') in 0.0251558 seconds
Number of updated asset objects reloaded before import = 0Number of asset objects unloaded after import = 3

========================================================================
Received Import Request.
  Time since last request: 0.000023 seconds.
  path: Assets/CorgiEngine/Common/Scripts/Items/Star.cs
  artifactKey: Guid(0cbef007c2a58be45a8b8761e70f63ef) Importer(2089858483,192608db42251d675da83286b1cce702)
Start importing Assets/CorgiEngine/Common/Scripts/Items/Star.cs using Guid(0cbef007c2a58be45a8b8761e70f63ef) Importer(2089858483,192608db42251d675da83286b1cce702) (ScriptedImporter) -> (artifact id: '3f92302abd97294d3c569cca06481321') in 0.0224719 seconds
Number of updated asset objects reloaded before import = 0Number of asset objects unloaded after import = 0

========================================================================
Received Import Request.
  Time since last request: 0.000041 seconds.
  path: Assets/CorgiEngine/Common/Scripts/Managers/InputManager.cs
  artifactKey: Guid(ec0a7c5525d175b488e70c65147b06d1) Importer(2089858483,192608db42251d675da83286b1cce702)
Start importing Assets/CorgiEngine/Common/Scripts/Managers/InputManager.cs using Guid(ec0a7c5525d175b488e70c65147b06d1) Importer(2089858483,192608db42251d675da83286b1cce702) (ScriptedImporter) -> (artifact id: '9e81b436ea49dfc3c64b7688e05fa2e1') in 0.0259878 seconds
Number of updated asset objects reloaded before import = 0Number of asset objects unloaded after import = 0

========================================================================
Received Import Request.
  Time since last request: 0.000088 seconds.
  path: Assets/CorgiEngine/Demos/Corgi3D/Materials/HalfOrange.mat
  artifactKey: Guid(dd4e14dc99bb4e84db1d5989d1f6e037) Importer(2089858483,192608db42251d675da83286b1cce702)
Start importing Assets/CorgiEngine/Demos/Corgi3D/Materials/HalfOrange.mat using Guid(dd4e14dc99bb4e84db1d5989d1f6e037) Importer(2089858483,192608db42251d675da83286b1cce702) (ScriptedImporter) -> (artifact id: 'afd4c986cb372a2d918835023ad79f95') in 0.027253 seconds
Number of updated asset objects reloaded before import = 0Number of asset objects unloaded after import = 3

========================================================================
Received Import Request.
  Time since last request: 0.000043 seconds.
  path: Assets/CorgiEngine/Demos/Corgi2D/Materials/gunFireParticle.mat
  artifactKey: Guid(0e1495cd2b1257b419c4c5668cd82472) Importer(2089858483,192608db42251d675da83286b1cce702)
Start importing Assets/CorgiEngine/Demos/Corgi2D/Materials/gunFireParticle.mat using Guid(0e1495cd2b1257b419c4c5668cd82472) Importer(2089858483,192608db42251d675da83286b1cce702) (ScriptedImporter) -> (artifact id: '580c05bcf78d1b30dd1507f820179503') in 0.0324666 seconds
Number of updated asset objects reloaded before import = 0Number of asset objects unloaded after import = 2

========================================================================
Received Import Request.
  Time since last request: 0.000017 seconds.
  path: Assets/CorgiEngine/Common/Scripts/Managers/LevelManager.cs
  artifactKey: Guid(88fcac034e6398d42ac254095d9b2d18) Importer(2089858483,192608db42251d675da83286b1cce702)
Start importing Assets/CorgiEngine/Common/Scripts/Managers/LevelManager.cs using Guid(88fcac034e6398d42ac254095d9b2d18) Importer(2089858483,192608db42251d675da83286b1cce702) (ScriptedImporter) -> (artifact id: '6e0b6fb68ee01e2386affa36c7b7e4b1') in 0.0299515 seconds
Number of updated asset objects reloaded before import = 0Number of asset objects unloaded after import = 0

========================================================================
Received Import Request.
  Time since last request: 0.000023 seconds.
  path: Assets/CorgiEngine/Demos/Corgi2D/Materials/coinParticle.mat
  artifactKey: Guid(313d7f6e96542ff4592dc52c7f08c0bb) Importer(2089858483,192608db42251d675da83286b1cce702)
Start importing Assets/CorgiEngine/Demos/Corgi2D/Materials/coinParticle.mat using Guid(313d7f6e96542ff4592dc52c7f08c0bb) Importer(2089858483,192608db42251d675da83286b1cce702) (ScriptedImporter) -> (artifact id: 'eab728adc378111e706d9b39d3e62582') in 0.0227626 seconds
Number of updated asset objects reloaded before import = 0Number of asset objects unloaded after import = 2

========================================================================
Received Import Request.
  Time since last request: 0.000025 seconds.
  path: Assets/CorgiEngine/Common/Scripts/GUI/SaveResetButton.cs
  artifactKey: Guid(c43d6928fb7c00e4cac09749b50800c5) Importer(2089858483,192608db42251d675da83286b1cce702)
Start importing Assets/CorgiEngine/Common/Scripts/GUI/SaveResetButton.cs using Guid(c43d6928fb7c00e4cac09749b50800c5) Importer(2089858483,192608db42251d675da83286b1cce702) (ScriptedImporter) -> (artifact id: '24441c21fe8b111cbf3aeb7a4ba93ed4') in 0.0239685 seconds
Number of updated asset objects reloaded before import = 0Number of asset objects unloaded after import = 0

========================================================================
Received Import Request.
  Time since last request: 0.000090 seconds.
  path: Assets/CorgiEngine/Common/Scripts/Managers/GameManager.cs
  artifactKey: Guid(87418644c0f29bf43b19453d3639eb4d) Importer(2089858483,192608db42251d675da83286b1cce702)
Start importing Assets/CorgiEngine/Common/Scripts/Managers/GameManager.cs using Guid(87418644c0f29bf43b19453d3639eb4d) Importer(2089858483,192608db42251d675da83286b1cce702) (ScriptedImporter) -> (artifact id: '70e9d2ff66239c93ca017e8a5e42b371') in 0.0280477 seconds
Number of updated asset objects reloaded before import = 0Number of asset objects unloaded after import = 0

========================================================================
Received Import Request.
  Time since last request: 0.000079 seconds.
  path: Assets/CorgiEngine/Demos/Corgi3D/Materials/Corgi3DMovingPlatformMaterial.mat
  artifactKey: Guid(c01590f5b261efb4290383699390fc46) Importer(2089858483,192608db42251d675da83286b1cce702)
Start importing Assets/CorgiEngine/Demos/Corgi3D/Materials/Corgi3DMovingPlatformMaterial.mat using Guid(c01590f5b261efb4290383699390fc46) Importer(2089858483,192608db42251d675da83286b1cce702) (ScriptedImporter) -> (artifact id: 'dabd778e14fbc5d9009055cbb7ba131b') in 0.0265797 seconds
Number of updated asset objects reloaded before import = 0Number of asset objects unloaded after import = 3

========================================================================
Received Import Request.
  Time since last request: 0.000020 seconds.
  path: Assets/CorgiEngine/Demos/Corgi3D/Materials/2x1Green.mat
  artifactKey: Guid(bf69c777e96a4524580b4bf315bb4c3f) Importer(2089858483,192608db42251d675da83286b1cce702)
Start importing Assets/CorgiEngine/Demos/Corgi3D/Materials/2x1Green.mat using Guid(bf69c777e96a4524580b4bf315bb4c3f) Importer(2089858483,192608db42251d675da83286b1cce702) (ScriptedImporter) -> (artifact id: '3e77e4e9ecf1e3d825297cd1957e3eae') in 0.025885 seconds
Number of updated asset objects reloaded before import = 0Number of asset objects unloaded after import = 3

========================================================================
Received Import Request.
  Time since last request: 0.000029 seconds.
  path: Assets/CorgiEngine/Common/Sprites/GUI/rounded-corners-white.png
  artifactKey: Guid(3c2d6119482397f43a379ecb3c9a6271) Importer(2089858483,192608db42251d675da83286b1cce702)
Start importing Assets/CorgiEngine/Common/Sprites/GUI/rounded-corners-white.png using Guid(3c2d6119482397f43a379ecb3c9a6271) Importer(2089858483,192608db42251d675da83286b1cce702) (ScriptedImporter) -> (artifact id: '7c72fc1ba439cfadbd817286592e2ea3') in 0.0484753 seconds
Number of updated asset objects reloaded before import = 0Number of asset objects unloaded after import = 3

========================================================================
Received Import Request.
  Time since last request: 0.000078 seconds.
  path: Assets/CorgiEngine/Common/Scripts/Procedural/TilemapLevelGenerator.cs
  artifactKey: Guid(13c0e5eb235e5b94192233ff9c25fee0) Importer(2089858483,192608db42251d675da83286b1cce702)
Start importing Assets/CorgiEngine/Common/Scripts/Procedural/TilemapLevelGenerator.cs using Guid(13c0e5eb235e5b94192233ff9c25fee0) Importer(2089858483,192608db42251d675da83286b1cce702) (ScriptedImporter) -> (artifact id: 'f582dab15c34694b2fc2c95b1f4fa3ef') in 0.0272823 seconds
Number of updated asset objects reloaded before import = 0Number of asset objects unloaded after import = 0

========================================================================
Received Import Request.
  Time since last request: 0.000051 seconds.
  path: Assets/CorgiEngine/Demos/Corgi3D/Materials/1x1Blue.mat
  artifactKey: Guid(f1759953e12d75f4ba935e721dc202d6) Importer(2089858483,192608db42251d675da83286b1cce702)
Start importing Assets/CorgiEngine/Demos/Corgi3D/Materials/1x1Blue.mat using Guid(f1759953e12d75f4ba935e721dc202d6) Importer(2089858483,192608db42251d675da83286b1cce702) (ScriptedImporter) -> (artifact id: '08e046a8fb7c03167fae49a11c2db0dc') in 0.0297839 seconds
Number of updated asset objects reloaded before import = 0Number of asset objects unloaded after import = 3

========================================================================
Received Import Request.
  Time since last request: 0.000028 seconds.
  path: Assets/CorgiEngine/Common/Scripts/GUI/StartScreen.cs
  artifactKey: Guid(ab472eb51ad0e4535b858bc2f9fb9dc9) Importer(2089858483,192608db42251d675da83286b1cce702)
Start importing Assets/CorgiEngine/Common/Scripts/GUI/StartScreen.cs using Guid(ab472eb51ad0e4535b858bc2f9fb9dc9) Importer(2089858483,192608db42251d675da83286b1cce702) (ScriptedImporter) -> (artifact id: '9a39f30c3bbf4cbedcc8e18e984a0c99') in 0.0244237 seconds
Number of updated asset objects reloaded before import = 0Number of asset objects unloaded after import = 0

========================================================================
Received Import Request.
  Time since last request: 0.000057 seconds.
  path: Assets/CorgiEngine/Demos/Corgi2D/Materials/Leaf.mat
  artifactKey: Guid(2fdb9af8523db744d8d7819a1b3eaf75) Importer(2089858483,192608db42251d675da83286b1cce702)
Start importing Assets/CorgiEngine/Demos/Corgi2D/Materials/Leaf.mat using Guid(2fdb9af8523db744d8d7819a1b3eaf75) Importer(2089858483,192608db42251d675da83286b1cce702) (ScriptedImporter) -> (artifact id: 'c59d3d0454c599e8dbec4728cf439aae') in 0.0377762 seconds
Number of updated asset objects reloaded before import = 0Number of asset objects unloaded after import = 2

========================================================================
Received Import Request.
  Time since last request: 0.000028 seconds.
  path: Assets/CorgiEngine/Demos/Brobro/Sprites/tiles-brobro.png
  artifactKey: Guid(3964e64c5cb9e3140b00b0f2a5b9c241) Importer(2089858483,192608db42251d675da83286b1cce702)
Start importing Assets/CorgiEngine/Demos/Brobro/Sprites/tiles-brobro.png using Guid(3964e64c5cb9e3140b00b0f2a5b9c241) Importer(2089858483,192608db42251d675da83286b1cce702) (ScriptedImporter) -> (artifact id: '7e4170ad0c3d03b803324bcd603dfe27') in 0.0879808 seconds
Number of updated asset objects reloaded before import = 0Number of asset objects unloaded after import = 18

========================================================================
Received Import Request.
  Time since last request: 1.689266 seconds.
  path: Assets/CorgiEngine/Demos/Corgi3D/Materials/VoxelPalette.mat
  artifactKey: Guid(38f64b70ffbfa6148b5d43350e478e2f) Importer(2089858483,192608db42251d675da83286b1cce702)
Start importing Assets/CorgiEngine/Demos/Corgi3D/Materials/VoxelPalette.mat using Guid(38f64b70ffbfa6148b5d43350e478e2f) Importer(2089858483,192608db42251d675da83286b1cce702) (ScriptedImporter) -> (artifact id: 'c09fc343cf9c6b3f5c6252fc33a0e6da') in 0.0239399 seconds
Number of updated asset objects reloaded before import = 0Number of asset objects unloaded after import = 3

========================================================================
Received Import Request.
  Time since last request: 0.000021 seconds.
  path: Assets/CorgiEngine/Demos/Retro/Animations/RetroCorgiAnimator.controller
  artifactKey: Guid(9b189967636e347ceabfb6b5d2799c94) Importer(2089858483,192608db42251d675da83286b1cce702)
Start importing Assets/CorgiEngine/Demos/Retro/Animations/RetroCorgiAnimator.controller using Guid(9b189967636e347ceabfb6b5d2799c94) Importer(2089858483,192608db42251d675da83286b1cce702) (ScriptedImporter) -> (artifact id: 'ea6681d61b3d69e10485cb5c1dbd4509') in 0.0486589 seconds
Number of updated asset objects reloaded before import = 0Number of asset objects unloaded after import = 115

========================================================================
Received Import Request.
  Time since last request: 0.000031 seconds.
  path: Assets/CorgiEngine/Demos/Retro/Animations/RetroCorgiGlide.anim
  artifactKey: Guid(f785b4f8665018c40baea77795b80fbc) Importer(2089858483,192608db42251d675da83286b1cce702)
Start importing Assets/CorgiEngine/Demos/Retro/Animations/RetroCorgiGlide.anim using Guid(f785b4f8665018c40baea77795b80fbc) Importer(2089858483,192608db42251d675da83286b1cce702) (ScriptedImporter) -> (artifact id: '044120a736801f0ddec488070e18ca52') in 0.0282425 seconds
Number of updated asset objects reloaded before import = 0Number of asset objects unloaded after import = 1

========================================================================
Received Import Request.
  Time since last request: 0.000024 seconds.
  path: Assets/CorgiEngine/Demos/Retro/Animations/RetroBossRightGunIdle.anim
  artifactKey: Guid(8244f4ca1b2bb014a8f877cf780c5658) Importer(2089858483,192608db42251d675da83286b1cce702)
Start importing Assets/CorgiEngine/Demos/Retro/Animations/RetroBossRightGunIdle.anim using Guid(8244f4ca1b2bb014a8f877cf780c5658) Importer(2089858483,192608db42251d675da83286b1cce702) (ScriptedImporter) -> (artifact id: '224a5bdea4b10f3a9198b74f87136f73') in 0.0294352 seconds
Number of updated asset objects reloaded before import = 0Number of asset objects unloaded after import = 1

========================================================================
Received Import Request.
  Time since last request: 0.000042 seconds.
  path: Assets/CorgiEngine/Demos/LevelSelection/Sprites/level-map-brobro.png
  artifactKey: Guid(7ab6aa950389007438dbba35ac889390) Importer(2089858483,192608db42251d675da83286b1cce702)
Start importing Assets/CorgiEngine/Demos/LevelSelection/Sprites/level-map-brobro.png using Guid(7ab6aa950389007438dbba35ac889390) Importer(2089858483,192608db42251d675da83286b1cce702) (ScriptedImporter) -> (artifact id: '914cd82baca7cf34da584666d33f5fe0') in 0.0709565 seconds
Number of updated asset objects reloaded before import = 0Number of asset objects unloaded after import = 3

========================================================================
Received Import Request.
  Time since last request: 0.000039 seconds.
  path: Assets/CorgiEngine/Demos/LevelSelection/Sprites/level-map-lava.png
  artifactKey: Guid(fb992a61106672b468181a763fad04f3) Importer(2089858483,192608db42251d675da83286b1cce702)
Start importing Assets/CorgiEngine/Demos/LevelSelection/Sprites/level-map-lava.png using Guid(fb992a61106672b468181a763fad04f3) Importer(2089858483,192608db42251d675da83286b1cce702) (ScriptedImporter) -> (artifact id: '50442ac4914d6833ad9aafd6b4cf5d96') in 0.0735252 seconds
Number of updated asset objects reloaded before import = 0Number of asset objects unloaded after import = 3

========================================================================
Received Import Request.
  Time since last request: 0.000053 seconds.
  path: Assets/CorgiEngine/Demos/LevelSelection/Sprites/level-map-pixel.png
  artifactKey: Guid(7918ccd31d3b78340b9bb930eb455910) Importer(2089858483,192608db42251d675da83286b1cce702)
Start importing Assets/CorgiEngine/Demos/LevelSelection/Sprites/level-map-pixel.png using Guid(7918ccd31d3b78340b9bb930eb455910) Importer(2089858483,192608db42251d675da83286b1cce702) (ScriptedImporter) -> (artifact id: '3113b1c79b91f2ab65eea30a3cb764a0') in 0.0668202 seconds
Number of updated asset objects reloaded before import = 0Number of asset objects unloaded after import = 3

========================================================================
Received Import Request.
  Time since last request: 0.000037 seconds.
  path: Assets/CorgiEngine/Demos/Corgi3D/Textures/MMLowPolyPalette.png
  artifactKey: Guid(70867facef042e74e837dbab3cbd1e5e) Importer(2089858483,192608db42251d675da83286b1cce702)
Start importing Assets/CorgiEngine/Demos/Corgi3D/Textures/MMLowPolyPalette.png using Guid(70867facef042e74e837dbab3cbd1e5e) Importer(2089858483,192608db42251d675da83286b1cce702) (ScriptedImporter) -> (artifact id: 'abe2ea6c583fa1be29bfacce6ca77224') in 0.0471307 seconds
Number of updated asset objects reloaded before import = 0Number of asset objects unloaded after import = 3

========================================================================
Received Import Request.
  Time since last request: 0.000026 seconds.
  path: Assets/CorgiEngine/Demos/Minimal/Data/Ice.asset
  artifactKey: Guid(790b316e263f7cd40a18c6865f7c17a9) Importer(2089858483,192608db42251d675da83286b1cce702)
Start importing Assets/CorgiEngine/Demos/Minimal/Data/Ice.asset using Guid(790b316e263f7cd40a18c6865f7c17a9) Importer(2089858483,192608db42251d675da83286b1cce702) (ScriptedImporter) -> (artifact id: '9d25ec1cd3ed32a616597a9deca180da') in 0.0217948 seconds
Number of updated asset objects reloaded before import = 0Number of asset objects unloaded after import = 1

========================================================================
Received Import Request.
  Time since last request: 0.000039 seconds.
  path: Assets/CorgiEngine/Demos/Minimal/JumpBlendTree/RectangleJump5.anim
  artifactKey: Guid(396b1a097d8d81a4cbffbbfc3b24207a) Importer(2089858483,192608db42251d675da83286b1cce702)
Start importing Assets/CorgiEngine/Demos/Minimal/JumpBlendTree/RectangleJump5.anim using Guid(396b1a097d8d81a4cbffbbfc3b24207a) Importer(2089858483,192608db42251d675da83286b1cce702) (ScriptedImporter) -> (artifact id: '8f2ac4365a838fcc7a28a9480a84485a') in 0.0292531 seconds
Number of updated asset objects reloaded before import = 0Number of asset objects unloaded after import = 1

========================================================================
Received Import Request.
  Time since last request: 0.000024 seconds.
  path: Assets/CorgiEngine/Demos/LevelSelection/Sprites/level-map-retroAI.png
  artifactKey: Guid(519f12afa3ab12c4b8430d498714e248) Importer(2089858483,192608db42251d675da83286b1cce702)
Start importing Assets/CorgiEngine/Demos/LevelSelection/Sprites/level-map-retroAI.png using Guid(519f12afa3ab12c4b8430d498714e248) Importer(2089858483,192608db42251d675da83286b1cce702) (ScriptedImporter) -> (artifact id: 'f5b08050d7cc46e11dfc7a67cc0d548e') in 0.0627227 seconds
Number of updated asset objects reloaded before import = 0Number of asset objects unloaded after import = 3

========================================================================
Received Import Request.
  Time since last request: 0.000029 seconds.
  path: Assets/CorgiEngine/Demos/Editor/LevelSelection/LevelMapPathElementEditor.cs
  artifactKey: Guid(3c6cea46944098e45b90c2081a03403a) Importer(2089858483,192608db42251d675da83286b1cce702)
Start importing Assets/CorgiEngine/Demos/Editor/LevelSelection/LevelMapPathElementEditor.cs using Guid(3c6cea46944098e45b90c2081a03403a) Importer(2089858483,192608db42251d675da83286b1cce702) (ScriptedImporter) -> (artifact id: '31f4837cd4c711926c516d9ac4eba238') in 0.0277314 seconds
Number of updated asset objects reloaded before import = 0Number of asset objects unloaded after import = 0

========================================================================
Received Import Request.
  Time since last request: 0.000033 seconds.
  path: Assets/CorgiEngine/Demos/Minimal/Animations/RectangleDash.anim
  artifactKey: Guid(a2ceede0cb52de142b89b500ade4e627) Importer(2089858483,192608db42251d675da83286b1cce702)
Start importing Assets/CorgiEngine/Demos/Minimal/Animations/RectangleDash.anim using Guid(a2ceede0cb52de142b89b500ade4e627) Importer(2089858483,192608db42251d675da83286b1cce702) (ScriptedImporter) -> (artifact id: '6cfa808077b06c13ec5bd06d7c342598') in 0.024276 seconds
Number of updated asset objects reloaded before import = 0Number of asset objects unloaded after import = 1

========================================================================
Received Import Request.
  Time since last request: 0.000031 seconds.
  path: Assets/CorgiEngine/Demos/Retro/Animations/RetroCopterDead.anim
  artifactKey: Guid(86dd9fcef867ff143a8cf8e4df486290) Importer(2089858483,192608db42251d675da83286b1cce702)
Start importing Assets/CorgiEngine/Demos/Retro/Animations/RetroCopterDead.anim using Guid(86dd9fcef867ff143a8cf8e4df486290) Importer(2089858483,192608db42251d675da83286b1cce702) (ScriptedImporter) -> (artifact id: 'd52c88fcede533e65ef9b37e1a84f705') in 0.0259823 seconds
Number of updated asset objects reloaded before import = 0Number of asset objects unloaded after import = 1

========================================================================
Received Import Request.
  Time since last request: 0.000026 seconds.
  path: Assets/CorgiEngine/Demos/Pixel/Sprites/pixel-corgi.png
  artifactKey: Guid(fa30b30165cad7f498fe07b6fc249853) Importer(2089858483,192608db42251d675da83286b1cce702)
Start importing Assets/CorgiEngine/Demos/Pixel/Sprites/pixel-corgi.png using Guid(fa30b30165cad7f498fe07b6fc249853) Importer(2089858483,192608db42251d675da83286b1cce702) (ScriptedImporter) -> (artifact id: '9e95438289e4f61e44421408634e92e2') in 0.0753819 seconds
Number of updated asset objects reloaded before import = 0Number of asset objects unloaded after import = 11

========================================================================
Received Import Request.
  Time since last request: 0.000029 seconds.
  path: Assets/CorgiEngine/Demos/LevelSelection/Sprites/level-map-minimal-platforms-gravity-flipped.png
  artifactKey: Guid(9b8cfa3ced4e1384f8f2cacdd345d475) Importer(2089858483,192608db42251d675da83286b1cce702)
Start importing Assets/CorgiEngine/Demos/LevelSelection/Sprites/level-map-minimal-platforms-gravity-flipped.png using Guid(9b8cfa3ced4e1384f8f2cacdd345d475) Importer(2089858483,192608db42251d675da83286b1cce702) (ScriptedImporter) -> (artifact id: 'a0df3ff24805520efe06fd7cf579d400') in 0.0645187 seconds
Number of updated asset objects reloaded before import = 0Number of asset objects unloaded after import = 3

========================================================================
Received Import Request.
  Time since last request: 0.000024 seconds.
  path: Assets/CorgiEngine/Demos/Retro/Animations/RetroCorgiDash.anim
  artifactKey: Guid(8ee51625631d74889851e7a81e52a223) Importer(2089858483,192608db42251d675da83286b1cce702)
Start importing Assets/CorgiEngine/Demos/Retro/Animations/RetroCorgiDash.anim using Guid(8ee51625631d74889851e7a81e52a223) Importer(2089858483,192608db42251d675da83286b1cce702) (ScriptedImporter) -> (artifact id: '5384f1a73ed47d358f111b59c09b7af7') in 0.0305644 seconds
Number of updated asset objects reloaded before import = 0Number of asset objects unloaded after import = 1

========================================================================
Received Import Request.
  Time since last request: 0.000022 seconds.
  path: Assets/CorgiEngine/Demos/Editor/RetroAdventure/RetroAdventureProgressManagerMenu.cs
  artifactKey: Guid(f64b58951e8b39340b4d35bde728be76) Importer(2089858483,192608db42251d675da83286b1cce702)
Start importing Assets/CorgiEngine/Demos/Editor/RetroAdventure/RetroAdventureProgressManagerMenu.cs using Guid(f64b58951e8b39340b4d35bde728be76) Importer(2089858483,192608db42251d675da83286b1cce702) (ScriptedImporter) -> (artifact id: '04a1a855699222e656f9804a37c51ebe') in 0.0236942 seconds
Number of updated asset objects reloaded before import = 0Number of asset objects unloaded after import = 0

========================================================================
Received Import Request.
  Time since last request: 0.000124 seconds.
  path: Assets/CorgiEngine/Demos/Minimal/JumpBlendTree/RectangleJump10.anim
  artifactKey: Guid(11d208e4e06ce964d97295bc94fb8ba6) Importer(2089858483,192608db42251d675da83286b1cce702)
Start importing Assets/CorgiEngine/Demos/Minimal/JumpBlendTree/RectangleJump10.anim using Guid(11d208e4e06ce964d97295bc94fb8ba6) Importer(2089858483,192608db42251d675da83286b1cce702) (ScriptedImporter) -> (artifact id: 'ca20b8c04d8c5b47918b80eae775cd2c') in 0.0244353 seconds
Number of updated asset objects reloaded before import = 0Number of asset objects unloaded after import = 1

========================================================================
Received Import Request.
  Time since last request: 0.000046 seconds.
  path: Assets/CorgiEngine/Demos/Minimal/Materials/RailgunParticles.mat
  artifactKey: Guid(8e020000710cf2947ba449b7a9e41e34) Importer(2089858483,192608db42251d675da83286b1cce702)
Start importing Assets/CorgiEngine/Demos/Minimal/Materials/RailgunParticles.mat using Guid(8e020000710cf2947ba449b7a9e41e34) Importer(2089858483,192608db42251d675da83286b1cce702) (ScriptedImporter) -> (artifact id: '4320c1d3ec655b2a19604eb970209d4c') in 0.0258617 seconds
Number of updated asset objects reloaded before import = 0Number of asset objects unloaded after import = 2

========================================================================
Received Import Request.
  Time since last request: 0.000061 seconds.
  path: Assets/CorgiEngine/Demos/Minimal/Animations/RectangleClimbIdle.anim
  artifactKey: Guid(a42b7938afbe4684ab92e227be7001af) Importer(2089858483,192608db42251d675da83286b1cce702)
Start importing Assets/CorgiEngine/Demos/Minimal/Animations/RectangleClimbIdle.anim using Guid(a42b7938afbe4684ab92e227be7001af) Importer(2089858483,192608db42251d675da83286b1cce702) (ScriptedImporter) -> (artifact id: '5a5c068d4fa6d9fc92cf6d15e63190fc') in 0.02775 seconds
Number of updated asset objects reloaded before import = 0Number of asset objects unloaded after import = 1

========================================================================
Received Import Request.
  Time since last request: 0.000022 seconds.
  path: Assets/CorgiEngine/Demos/Pixel/Sprites/pixels-background.png
  artifactKey: Guid(cbec68a68afd9af46bc37a81ca3f8637) Importer(2089858483,192608db42251d675da83286b1cce702)
Start importing Assets/CorgiEngine/Demos/Pixel/Sprites/pixels-background.png using Guid(cbec68a68afd9af46bc37a81ca3f8637) Importer(2089858483,192608db42251d675da83286b1cce702) (ScriptedImporter) -> (artifact id: '28fcd8d56af615522281248f5b3cb940') in 0.0614754 seconds
Number of updated asset objects reloaded before import = 0Number of asset objects unloaded after import = 3

========================================================================
Received Import Request.
  Time since last request: 0.000030 seconds.
  path: Assets/CorgiEngine/Demos/Minimal/JumpBlendTree/RectangleJump8.anim
  artifactKey: Guid(efc0cc586f80f3f4aa949b827c6ad90b) Importer(2089858483,192608db42251d675da83286b1cce702)
Start importing Assets/CorgiEngine/Demos/Minimal/JumpBlendTree/RectangleJump8.anim using Guid(efc0cc586f80f3f4aa949b827c6ad90b) Importer(2089858483,192608db42251d675da83286b1cce702) (ScriptedImporter) -> (artifact id: '144187d039bab60338cbfaede5dd73d8') in 0.0246843 seconds
Number of updated asset objects reloaded before import = 0Number of asset objects unloaded after import = 1

========================================================================
Received Import Request.
  Time since last request: 0.000023 seconds.
  path: Assets/CorgiEngine/Demos/LevelSelection/Sprites/level-map-corgi3d-x-the-hunt.png
  artifactKey: Guid(c7f0aa3b14872e24990380891ffab87f) Importer(2089858483,192608db42251d675da83286b1cce702)
Start importing Assets/CorgiEngine/Demos/LevelSelection/Sprites/level-map-corgi3d-x-the-hunt.png using Guid(c7f0aa3b14872e24990380891ffab87f) Importer(2089858483,192608db42251d675da83286b1cce702) (ScriptedImporter) -> (artifact id: '1222266e61e32094445dab1371fd1d5b') in 0.0713893 seconds
Number of updated asset objects reloaded before import = 0Number of asset objects unloaded after import = 3

========================================================================
Received Import Request.
  Time since last request: 0.000031 seconds.
  path: Assets/CorgiEngine/Demos/LevelSelection/Sprites/level-map-corgi3d.png
  artifactKey: Guid(a39acb259445ae0438ff0b1b07477662) Importer(2089858483,192608db42251d675da83286b1cce702)
Start importing Assets/CorgiEngine/Demos/LevelSelection/Sprites/level-map-corgi3d.png using Guid(a39acb259445ae0438ff0b1b07477662) Importer(2089858483,192608db42251d675da83286b1cce702) (ScriptedImporter) -> (artifact id: 'b37bf27f48298c1a4e455f16a6a06189') in 0.0596875 seconds
Number of updated asset objects reloaded before import = 0Number of asset objects unloaded after import = 3

========================================================================
Received Import Request.
  Time since last request: 0.000041 seconds.
  path: Assets/CorgiEngine/Demos/Minimal/Animations/RopeGripAnimation.anim
  artifactKey: Guid(fbf13aae436cca744a4d0cf1f0ad136b) Importer(2089858483,192608db42251d675da83286b1cce702)
Start importing Assets/CorgiEngine/Demos/Minimal/Animations/RopeGripAnimation.anim using Guid(fbf13aae436cca744a4d0cf1f0ad136b) Importer(2089858483,192608db42251d675da83286b1cce702) (ScriptedImporter) -> (artifact id: 'db14fc078ea1811d8d3db5c7c40cb9cf') in 0.0267043 seconds
Number of updated asset objects reloaded before import = 0Number of asset objects unloaded after import = 1

========================================================================
Received Import Request.
  Time since last request: 0.000023 seconds.
  path: Assets/CorgiEngine/Demos/Retro/Animations/RetroBlobWalk.anim
  artifactKey: Guid(eee8f13e0b060481696653f581797cf9) Importer(2089858483,192608db42251d675da83286b1cce702)
Start importing Assets/CorgiEngine/Demos/Retro/Animations/RetroBlobWalk.anim using Guid(eee8f13e0b060481696653f581797cf9) Importer(2089858483,192608db42251d675da83286b1cce702) (ScriptedImporter) -> (artifact id: '0f146ff042237bdee0f759348c40b6c6') in 0.0243258 seconds
Number of updated asset objects reloaded before import = 0Number of asset objects unloaded after import = 1

========================================================================
Received Import Request.
  Time since last request: 0.000050 seconds.
  path: Assets/CorgiEngine/Demos/Retro/Animations/RetroBossIdle.anim
  artifactKey: Guid(9a7f91d14eeea9c409994aa7193b8ca0) Importer(2089858483,192608db42251d675da83286b1cce702)
Start importing Assets/CorgiEngine/Demos/Retro/Animations/RetroBossIdle.anim using Guid(9a7f91d14eeea9c409994aa7193b8ca0) Importer(2089858483,192608db42251d675da83286b1cce702) (ScriptedImporter) -> (artifact id: '777474860afd3560935e28baa89dbdc5') in 0.0254443 seconds
Number of updated asset objects reloaded before import = 0Number of asset objects unloaded after import = 1

========================================================================
Received Import Request.
  Time since last request: 0.000037 seconds.
  path: Assets/CorgiEngine/Demos/LevelSelection/Sprites/level-map-minimalCharacterSwap.png
  artifactKey: Guid(4bee90f9774a4804ca439652569db079) Importer(2089858483,192608db42251d675da83286b1cce702)
Start importing Assets/CorgiEngine/Demos/LevelSelection/Sprites/level-map-minimalCharacterSwap.png using Guid(4bee90f9774a4804ca439652569db079) Importer(2089858483,192608db42251d675da83286b1cce702) (ScriptedImporter) -> (artifact id: '1987d5d835dea55e8c5005b908e57924') in 0.0535166 seconds
Number of updated asset objects reloaded before import = 0Number of asset objects unloaded after import = 3

========================================================================
Received Import Request.
  Time since last request: 0.000020 seconds.
  path: Assets/CorgiEngine/Demos/Minimal/Animations/RectangleWallCling.anim
  artifactKey: Guid(4ba526d1a93d83648acc91857a9f6cd7) Importer(2089858483,192608db42251d675da83286b1cce702)
Start importing Assets/CorgiEngine/Demos/Minimal/Animations/RectangleWallCling.anim using Guid(4ba526d1a93d83648acc91857a9f6cd7) Importer(2089858483,192608db42251d675da83286b1cce702) (ScriptedImporter) -> (artifact id: 'ff4b1dfa3534c231d1c1004fa3574d8b') in 0.0273362 seconds
Number of updated asset objects reloaded before import = 0Number of asset objects unloaded after import = 1

========================================================================
Received Import Request.
  Time since last request: 0.000020 seconds.
  path: Assets/CorgiEngine/Demos/Retro/Animations/RetroBossLeftGunIdle.anim
  artifactKey: Guid(dd80b4e4102a15a4fa928c602f6a5849) Importer(2089858483,192608db42251d675da83286b1cce702)
Start importing Assets/CorgiEngine/Demos/Retro/Animations/RetroBossLeftGunIdle.anim using Guid(dd80b4e4102a15a4fa928c602f6a5849) Importer(2089858483,192608db42251d675da83286b1cce702) (ScriptedImporter) -> (artifact id: '302fb8836412f103c564099695054176') in 0.0268587 seconds
Number of updated asset objects reloaded before import = 0Number of asset objects unloaded after import = 1

========================================================================
Received Import Request.
  Time since last request: 0.000020 seconds.
  path: Assets/CorgiEngine/Demos/Minimal/Animations/RopeAnimation.anim
  artifactKey: Guid(a7e346f13f8a1d349a1a00517778895c) Importer(2089858483,192608db42251d675da83286b1cce702)
Start importing Assets/CorgiEngine/Demos/Minimal/Animations/RopeAnimation.anim using Guid(a7e346f13f8a1d349a1a00517778895c) Importer(2089858483,192608db42251d675da83286b1cce702) (ScriptedImporter) -> (artifact id: '3c436e584182b91cf3d17a39df4cdbdb') in 0.0246619 seconds
Number of updated asset objects reloaded before import = 0Number of asset objects unloaded after import = 1

========================================================================
Received Import Request.
  Time since last request: 0.000024 seconds.
  path: Assets/CorgiEngine/Demos/LevelSelection/Sprites/level-map-minimalCharacterSwitch.png
  artifactKey: Guid(13eabecfd3cbad247825e10fd48a3750) Importer(2089858483,192608db42251d675da83286b1cce702)
Start importing Assets/CorgiEngine/Demos/LevelSelection/Sprites/level-map-minimalCharacterSwitch.png using Guid(13eabecfd3cbad247825e10fd48a3750) Importer(2089858483,192608db42251d675da83286b1cce702) (ScriptedImporter) -> (artifact id: '77506a1de01ca8c53e9794499508504b') in 0.0569214 seconds
Number of updated asset objects reloaded before import = 0Number of asset objects unloaded after import = 3

========================================================================
Received Import Request.
  Time since last request: 0.000031 seconds.
  path: Assets/CorgiEngine/Demos/Minimal/Animations/RopeGripAnimator.controller
  artifactKey: Guid(ff8365f7856eaad46ad0dcaeb24a61a0) Importer(2089858483,192608db42251d675da83286b1cce702)
Start importing Assets/CorgiEngine/Demos/Minimal/Animations/RopeGripAnimator.controller using Guid(ff8365f7856eaad46ad0dcaeb24a61a0) Importer(2089858483,192608db42251d675da83286b1cce702) (ScriptedImporter) -> (artifact id: 'eb54b74419edaf609380975596729795') in 0.0253205 seconds
Number of updated asset objects reloaded before import = 0Number of asset objects unloaded after import = 4

========================================================================
Received Import Request.
  Time since last request: 0.000024 seconds.
  path: Assets/CorgiEngine/Demos/LevelSelection/Sprites/level-map-minimal-slopes.png
  artifactKey: Guid(7741fb8b6e32d2f4b880594e0cf1f308) Importer(2089858483,192608db42251d675da83286b1cce702)
Start importing Assets/CorgiEngine/Demos/LevelSelection/Sprites/level-map-minimal-slopes.png using Guid(7741fb8b6e32d2f4b880594e0cf1f308) Importer(2089858483,192608db42251d675da83286b1cce702) (ScriptedImporter) -> (artifact id: '230e89aa5aacdaa6c363479c7911f853') in 0.0791668 seconds
Number of updated asset objects reloaded before import = 0Number of asset objects unloaded after import = 3

========================================================================
Received Import Request.
  Time since last request: 0.000029 seconds.
  path: Assets/CorgiEngine/Demos/Minimal/Animations/RectangleRun.anim
  artifactKey: Guid(ca5312701c4d24a4a8de164ff4600582) Importer(2089858483,192608db42251d675da83286b1cce702)
Start importing Assets/CorgiEngine/Demos/Minimal/Animations/RectangleRun.anim using Guid(ca5312701c4d24a4a8de164ff4600582) Importer(2089858483,192608db42251d675da83286b1cce702) (ScriptedImporter) -> (artifact id: 'eafd221d27c8619c49a421435f7a43b7') in 0.0245941 seconds
Number of updated asset objects reloaded before import = 0Number of asset objects unloaded after import = 1

========================================================================
Received Import Request.
  Time since last request: 0.000030 seconds.
  path: Assets/CorgiEngine/Demos/LevelSelection/Sprites/level-map-minimal-perf.png
  artifactKey: Guid(c8639a4d8ef709842a7b66114e4a1b57) Importer(2089858483,192608db42251d675da83286b1cce702)
Start importing Assets/CorgiEngine/Demos/LevelSelection/Sprites/level-map-minimal-perf.png using Guid(c8639a4d8ef709842a7b66114e4a1b57) Importer(2089858483,192608db42251d675da83286b1cce702) (ScriptedImporter) -> (artifact id: 'cc24c5f677011d0c1d1124a206f84aca') in 0.0699519 seconds
Number of updated asset objects reloaded before import = 0Number of asset objects unloaded after import = 3

========================================================================
Received Import Request.
  Time since last request: 0.000020 seconds.
  path: Assets/CorgiEngine/Demos/Retro/Animations/RetroAppearingBlockVisible.anim
  artifactKey: Guid(4184b3532c0309545a57b72596b016dc) Importer(2089858483,192608db42251d675da83286b1cce702)
Start importing Assets/CorgiEngine/Demos/Retro/Animations/RetroAppearingBlockVisible.anim using Guid(4184b3532c0309545a57b72596b016dc) Importer(2089858483,192608db42251d675da83286b1cce702) (ScriptedImporter) -> (artifact id: '0655ece96810662cfd60a00188db17c6') in 0.0263657 seconds
Number of updated asset objects reloaded before import = 0Number of asset objects unloaded after import = 1

========================================================================
Received Import Request.
  Time since last request: 1.419982 seconds.
  path: Assets/CorgiEngine/Demos/Retro/Animations/RetroCorgiJumpUp.anim
  artifactKey: Guid(7ccf4da23de88492b803380955ed474c) Importer(2089858483,192608db42251d675da83286b1cce702)
Start importing Assets/CorgiEngine/Demos/Retro/Animations/RetroCorgiJumpUp.anim using Guid(7ccf4da23de88492b803380955ed474c) Importer(2089858483,192608db42251d675da83286b1cce702) (ScriptedImporter) -> (artifact id: 'df2c3fe19bb0558d02012b2860a0b473') in 0.0233256 seconds
Number of updated asset objects reloaded before import = 0Number of asset objects unloaded after import = 1

========================================================================
Received Import Request.
  Time since last request: 0.000116 seconds.
  path: Assets/CorgiEngine/Demos/Retro/Animations/RetroYellowChestOpen.anim
  artifactKey: Guid(cc160ad38c30846d08e51c08cdd2120c) Importer(2089858483,192608db42251d675da83286b1cce702)
Start importing Assets/CorgiEngine/Demos/Retro/Animations/RetroYellowChestOpen.anim using Guid(cc160ad38c30846d08e51c08cdd2120c) Importer(2089858483,192608db42251d675da83286b1cce702) (ScriptedImporter) -> (artifact id: 'bce7aaebb4c2874c5b81e55da5fb006a') in 0.0249219 seconds
Number of updated asset objects reloaded before import = 0Number of asset objects unloaded after import = 1

========================================================================
Received Import Request.
  Time since last request: 0.000026 seconds.
  path: Assets/CorgiEngine/Demos/Retro/Sounds/Scrape-wav.wav
  artifactKey: Guid(0ab22c3f8ede56c41994942e84c445b3) Importer(2089858483,192608db42251d675da83286b1cce702)
Start importing Assets/CorgiEngine/Demos/Retro/Sounds/Scrape-wav.wav using Guid(0ab22c3f8ede56c41994942e84c445b3) Importer(2089858483,192608db42251d675da83286b1cce702) (ScriptedImporter) -> (artifact id: '3810d5d4611d8c30f2b9f7d7773725b1') in 0.0518664 seconds
Number of updated asset objects reloaded before import = 0Number of asset objects unloaded after import = 1

========================================================================
Received Import Request.
  Time since last request: 0.000038 seconds.
  path: Assets/CorgiEngine/Demos/Retro/Tilemaps/RetroBlueStripedPlatforms.asset
  artifactKey: Guid(d58ea8b7d0f444501aed7efbc71228f9) Importer(2089858483,192608db42251d675da83286b1cce702)
Start importing Assets/CorgiEngine/Demos/Retro/Tilemaps/RetroBlueStripedPlatforms.asset using Guid(d58ea8b7d0f444501aed7efbc71228f9) Importer(2089858483,192608db42251d675da83286b1cce702) (ScriptedImporter) -> (artifact id: '189f4e19debc88cfbee81b501bbfa1a3') in 0.0367538 seconds
Number of updated asset objects reloaded before import = 0Number of asset objects unloaded after import = 5

========================================================================
Received Import Request.
  Time since last request: 0.000030 seconds.
  path: Assets/CorgiEngine/Demos/Retro/Animations/RetroSwordsman_0.controller
  artifactKey: Guid(b3eaff97eeb2602419b80562340b341a) Importer(2089858483,192608db42251d675da83286b1cce702)
Start importing Assets/CorgiEngine/Demos/Retro/Animations/RetroSwordsman_0.controller using Guid(b3eaff97eeb2602419b80562340b341a) Importer(2089858483,192608db42251d675da83286b1cce702) (ScriptedImporter) -> (artifact id: '88bd174eca95d931530729105f367dc9') in 0.0262903 seconds
Number of updated asset objects reloaded before import = 0Number of asset objects unloaded after import = 14

========================================================================
Received Import Request.
  Time since last request: 0.000099 seconds.
  path: Assets/CorgiEngine/Demos/RetroAdventure/Sprites/RetroLevelSelectionBackground2.png
  artifactKey: Guid(fc2dbb151ceee114b8861505f989eff2) Importer(2089858483,192608db42251d675da83286b1cce702)
Start importing Assets/CorgiEngine/Demos/RetroAdventure/Sprites/RetroLevelSelectionBackground2.png using Guid(fc2dbb151ceee114b8861505f989eff2) Importer(2089858483,192608db42251d675da83286b1cce702) (ScriptedImporter) -> (artifact id: 'bfa9c510823e59d6044b0743c81e4ecc') in 0.0609638 seconds
Number of updated asset objects reloaded before import = 0Number of asset objects unloaded after import = 3

========================================================================
Received Import Request.
  Time since last request: 0.000030 seconds.
  path: Assets/CorgiEngine/Demos/Retro/Sounds/KoalaLocked.wav
  artifactKey: Guid(7919f657729aeb94f86b283f76d88172) Importer(2089858483,192608db42251d675da83286b1cce702)
Start importing Assets/CorgiEngine/Demos/Retro/Sounds/KoalaLocked.wav using Guid(7919f657729aeb94f86b283f76d88172) Importer(2089858483,192608db42251d675da83286b1cce702) (ScriptedImporter) -> (artifact id: 'fb0250c047eb60d487b4bea6a68df7b9') in 0.0866022 seconds
Number of updated asset objects reloaded before import = 0Number of asset objects unloaded after import = 1

========================================================================
Received Import Request.
  Time since last request: 0.000040 seconds.
  path: Assets/CorgiEngine/Demos/Retro/Tilemaps/RetroWater.asset
  artifactKey: Guid(9dc96f497a9554b2c89fd92e884f7f28) Importer(2089858483,192608db42251d675da83286b1cce702)
Start importing Assets/CorgiEngine/Demos/Retro/Tilemaps/RetroWater.asset using Guid(9dc96f497a9554b2c89fd92e884f7f28) Importer(2089858483,192608db42251d675da83286b1cce702) (ScriptedImporter) -> (artifact id: 'a0878b91f55b83f379a4b8d6ec87a9de') in 0.0260291 seconds
Number of updated asset objects reloaded before import = 0Number of asset objects unloaded after import = 7

========================================================================
Received Import Request.
  Time since last request: 0.000025 seconds.
  path: Assets/CorgiEngine/Demos/RetroAdventure/Sprites/RetroLevelSelectionBackground1.png
  artifactKey: Guid(bdc02bc4264c0d741a4a7a3c5cf6ed69) Importer(2089858483,192608db42251d675da83286b1cce702)
Start importing Assets/CorgiEngine/Demos/RetroAdventure/Sprites/RetroLevelSelectionBackground1.png using Guid(bdc02bc4264c0d741a4a7a3c5cf6ed69) Importer(2089858483,192608db42251d675da83286b1cce702) (ScriptedImporter) -> (artifact id: 'd0e10ac7f4b73f974e1b3a01751a431c') in 0.0595166 seconds
Number of updated asset objects reloaded before import = 0Number of asset objects unloaded after import = 3

========================================================================
Received Import Request.
  Time since last request: 0.000021 seconds.
  path: Assets/CorgiEngine/Demos/Retro/Tilemaps/RetroSlopes6.asset
  artifactKey: Guid(c5ac2abb04a3f214fb9e7ddf192c37d5) Importer(2089858483,192608db42251d675da83286b1cce702)
Start importing Assets/CorgiEngine/Demos/Retro/Tilemaps/RetroSlopes6.asset using Guid(c5ac2abb04a3f214fb9e7ddf192c37d5) Importer(2089858483,192608db42251d675da83286b1cce702) (ScriptedImporter) -> (artifact id: '07312f4569a7bc92a5e2573c7bf9dd7e') in 0.0260867 seconds
Number of updated asset objects reloaded before import = 0Number of asset objects unloaded after import = 2

========================================================================
Received Import Request.
  Time since last request: 0.000024 seconds.
  path: Assets/CorgiEngine/Demos/Retro/Animations/RetroCorgiWalk.anim
  artifactKey: Guid(7c42e3ab015a845e78b28b7ecd64200c) Importer(2089858483,192608db42251d675da83286b1cce702)
Start importing Assets/CorgiEngine/Demos/Retro/Animations/RetroCorgiWalk.anim using Guid(7c42e3ab015a845e78b28b7ecd64200c) Importer(2089858483,192608db42251d675da83286b1cce702) (ScriptedImporter) -> (artifact id: '3b313e648a3014cee85404dcefdf1153') in 0.0323883 seconds
Number of updated asset objects reloaded before import = 0Number of asset objects unloaded after import = 1

========================================================================
Received Import Request.
  Time since last request: 0.000099 seconds.
  path: Assets/CorgiEngine/Demos/Retro/Sounds/LoftThump.wav
  artifactKey: Guid(5f46bea412811d44b8dd3ecd061f52a1) Importer(2089858483,192608db42251d675da83286b1cce702)
Start importing Assets/CorgiEngine/Demos/Retro/Sounds/LoftThump.wav using Guid(5f46bea412811d44b8dd3ecd061f52a1) Importer(2089858483,192608db42251d675da83286b1cce702) (ScriptedImporter) -> (artifact id: 'b47f268d665243aba10ee074fa2f3403') in 0.0527601 seconds
Number of updated asset objects reloaded before import = 0Number of asset objects unloaded after import = 1

========================================================================
Received Import Request.
  Time since last request: 0.000029 seconds.
  path: Assets/CorgiEngine/Demos/Retro/Materials/RetroExplosion2Material.mat
  artifactKey: Guid(f65d17c003c690c4ca192aba83fa0cbb) Importer(2089858483,192608db42251d675da83286b1cce702)
Start importing Assets/CorgiEngine/Demos/Retro/Materials/RetroExplosion2Material.mat using Guid(f65d17c003c690c4ca192aba83fa0cbb) Importer(2089858483,192608db42251d675da83286b1cce702) (ScriptedImporter) -> (artifact id: '1a8523cee627827b04b1151cd4f82dee') in 0.0485175 seconds
Number of updated asset objects reloaded before import = 0Number of asset objects unloaded after import = 2

========================================================================
Received Import Request.
  Time since last request: 0.000026 seconds.
  path: Assets/CorgiEngine/Demos/Retro/Materials/RetroForestBackground2.mat
  artifactKey: Guid(4c0e6915a1d524b138a51537f36fc750) Importer(2089858483,192608db42251d675da83286b1cce702)
Start importing Assets/CorgiEngine/Demos/Retro/Materials/RetroForestBackground2.mat using Guid(4c0e6915a1d524b138a51537f36fc750) Importer(2089858483,192608db42251d675da83286b1cce702) (ScriptedImporter) -> (artifact id: 'ae376f8559e5eea09e98de8b4a83992f') in 0.0492057 seconds
Number of updated asset objects reloaded before import = 0Number of asset objects unloaded after import = 2

========================================================================
Received Import Request.
  Time since last request: 0.000044 seconds.
  path: Assets/CorgiEngine/Demos/SuperHipsterBros/Animations/super-hipster-bros-idle.anim
  artifactKey: Guid(5ac96734e6906a14fa686b66f8684e43) Importer(2089858483,192608db42251d675da83286b1cce702)
Start importing Assets/CorgiEngine/Demos/SuperHipsterBros/Animations/super-hipster-bros-idle.anim using Guid(5ac96734e6906a14fa686b66f8684e43) Importer(2089858483,192608db42251d675da83286b1cce702) (ScriptedImporter) -> (artifact id: 'b6189d2433ebdfec20af6516b67f4c3a') in 0.021239 seconds
Number of updated asset objects reloaded before import = 0Number of asset objects unloaded after import = 1

========================================================================
Received Import Request.
  Time since last request: 0.000021 seconds.
  path: Assets/CorgiEngine/Demos/Retro/Materials/RetroCloudsBackground2.mat
  artifactKey: Guid(6f902a878576e483090ec7373b1acf58) Importer(2089858483,192608db42251d675da83286b1cce702)
Start importing Assets/CorgiEngine/Demos/Retro/Materials/RetroCloudsBackground2.mat using Guid(6f902a878576e483090ec7373b1acf58) Importer(2089858483,192608db42251d675da83286b1cce702) (ScriptedImporter) -> (artifact id: '2bb0f3717c256f1788d85904eea72483') in 0.038423 seconds
Number of updated asset objects reloaded before import = 0Number of asset objects unloaded after import = 2

========================================================================
Received Import Request.
  Time since last request: 0.000062 seconds.
  path: Assets/CorgiEngine/Demos/Retro/Sounds/LoftFingerSnap.wav
  artifactKey: Guid(5d8392fa242f07e44a816367d6b2c55b) Importer(2089858483,192608db42251d675da83286b1cce702)
Start importing Assets/CorgiEngine/Demos/Retro/Sounds/LoftFingerSnap.wav using Guid(5d8392fa242f07e44a816367d6b2c55b) Importer(2089858483,192608db42251d675da83286b1cce702) (ScriptedImporter) -> (artifact id: 'b4ff1a6ed2036c08c21f69021f835f93') in 0.0791245 seconds
Number of updated asset objects reloaded before import = 0Number of asset objects unloaded after import = 1

========================================================================
Received Import Request.
  Time since last request: 0.000055 seconds.
  path: Assets/CorgiEngine/Demos/Retro/Tilemaps/RetroGroundDark.asset
  artifactKey: Guid(30b48dede32a64a2eacc76475846dad6) Importer(2089858483,192608db42251d675da83286b1cce702)
Start importing Assets/CorgiEngine/Demos/Retro/Tilemaps/RetroGroundDark.asset using Guid(30b48dede32a64a2eacc76475846dad6) Importer(2089858483,192608db42251d675da83286b1cce702) (ScriptedImporter) -> (artifact id: 'b9d4915d9bb498f3f0aec4aeaa413f1a') in 0.0304384 seconds
Number of updated asset objects reloaded before import = 0Number of asset objects unloaded after import = 35

========================================================================
Received Import Request.
  Time since last request: 0.000018 seconds.
  path: Assets/CorgiEngine/Demos/Retro/Sounds/LoftJump1.wav
  artifactKey: Guid(1964597ae360e31478107f71f7b500ef) Importer(2089858483,192608db42251d675da83286b1cce702)
Start importing Assets/CorgiEngine/Demos/Retro/Sounds/LoftJump1.wav using Guid(1964597ae360e31478107f71f7b500ef) Importer(2089858483,192608db42251d675da83286b1cce702) (ScriptedImporter) -> (artifact id: '451556558cec97f5994ab85bab8277cb') in 0.0504752 seconds
Number of updated asset objects reloaded before import = 0Number of asset objects unloaded after import = 1

========================================================================
Received Import Request.
  Time since last request: 0.000044 seconds.
  path: Assets/CorgiEngine/Demos/Retro/Sounds/LoftHit3.wav
  artifactKey: Guid(371acf36581891f4fb53e3f4ed56eb88) Importer(2089858483,192608db42251d675da83286b1cce702)
Start importing Assets/CorgiEngine/Demos/Retro/Sounds/LoftHit3.wav using Guid(371acf36581891f4fb53e3f4ed56eb88) Importer(2089858483,192608db42251d675da83286b1cce702) (ScriptedImporter) -> (artifact id: '7d5270dae0dc7d08bbd100873b8a7d50') in 0.0849636 seconds
Number of updated asset objects reloaded before import = 0Number of asset objects unloaded after import = 1

========================================================================
Received Import Request.
  Time since last request: 0.000033 seconds.
  path: Assets/CorgiEngine/Demos/Retro/Tilemaps/RetroTreadmill.asset
  artifactKey: Guid(268e6c13d2a6947929f960b5d0ee1df4) Importer(2089858483,192608db42251d675da83286b1cce702)
Start importing Assets/CorgiEngine/Demos/Retro/Tilemaps/RetroTreadmill.asset using Guid(268e6c13d2a6947929f960b5d0ee1df4) Importer(2089858483,192608db42251d675da83286b1cce702) (ScriptedImporter) -> (artifact id: '583a95c46b62c499f1d92a82fa27438e') in 0.0243663 seconds
Number of updated asset objects reloaded before import = 0Number of asset objects unloaded after import = 9

========================================================================
Received Import Request.
  Time since last request: 0.000024 seconds.
  path: Assets/CorgiEngine/Demos/RetroAdventure/Scripts/RetroAdventureLevel.cs
  artifactKey: Guid(c3b91dd2ad838c14fa1929225b47e52d) Importer(2089858483,192608db42251d675da83286b1cce702)
Start importing Assets/CorgiEngine/Demos/RetroAdventure/Scripts/RetroAdventureLevel.cs using Guid(c3b91dd2ad838c14fa1929225b47e52d) Importer(2089858483,192608db42251d675da83286b1cce702) (ScriptedImporter) -> (artifact id: '57cb2cfd995a6d03b205a043cafcf5b0') in 0.022487 seconds
Number of updated asset objects reloaded before import = 0Number of asset objects unloaded after import = 0

========================================================================
Received Import Request.
  Time since last request: 0.000110 seconds.
  path: Assets/CorgiEngine/Demos/RetroAdventure/Scripts/RetroStar.cs
  artifactKey: Guid(bf40130d492939b4c98b6e992a5e284d) Importer(2089858483,192608db42251d675da83286b1cce702)
Start importing Assets/CorgiEngine/Demos/RetroAdventure/Scripts/RetroStar.cs using Guid(bf40130d492939b4c98b6e992a5e284d) Importer(2089858483,192608db42251d675da83286b1cce702) (ScriptedImporter) -> (artifact id: 'bbada2e11d33cec3fd7b90cabc2ba8c7') in 0.0234344 seconds
Number of updated asset objects reloaded before import = 0Number of asset objects unloaded after import = 0

========================================================================
Received Import Request.
  Time since last request: 0.000089 seconds.
  path: Assets/CorgiEngine/Demos/Retro/Sounds/KoalaLaser2.wav
  artifactKey: Guid(afd1f80d86a97d0409f3cc981c3ff07b) Importer(2089858483,192608db42251d675da83286b1cce702)
Start importing Assets/CorgiEngine/Demos/Retro/Sounds/KoalaLaser2.wav using Guid(afd1f80d86a97d0409f3cc981c3ff07b) Importer(2089858483,192608db42251d675da83286b1cce702) (ScriptedImporter) -> (artifact id: 'a3dc52d47702d6f468f1e9488c09f026') in 0.0805765 seconds
Number of updated asset objects reloaded before import = 0Number of asset objects unloaded after import = 1

========================================================================
Received Import Request.
  Time since last request: 0.000074 seconds.
  path: Assets/CorgiEngine/Demos/Retro/Sounds/LoftHit2.wav
  artifactKey: Guid(0bd67f683272dee4dbd9fb9f605d4293) Importer(2089858483,192608db42251d675da83286b1cce702)
Start importing Assets/CorgiEngine/Demos/Retro/Sounds/LoftHit2.wav using Guid(0bd67f683272dee4dbd9fb9f605d4293) Importer(2089858483,192608db42251d675da83286b1cce702) (ScriptedImporter) -> (artifact id: '7520cc138226ca6a34681667ee6d6893') in 0.0850552 seconds
Number of updated asset objects reloaded before import = 0Number of asset objects unloaded after import = 1

========================================================================
Received Import Request.
  Time since last request: 0.000132 seconds.
  path: Assets/CorgiEngine/Demos/RetroAdventure/Lighting/RetroAdventure3Settings.lighting
  artifactKey: Guid(6c19ce9e3c3c2f049af81ddc07092a84) Importer(2089858483,192608db42251d675da83286b1cce702)
Start importing Assets/CorgiEngine/Demos/RetroAdventure/Lighting/RetroAdventure3Settings.lighting using Guid(6c19ce9e3c3c2f049af81ddc07092a84) Importer(2089858483,192608db42251d675da83286b1cce702) (ScriptedImporter) -> (artifact id: 'e3a27a0b75c354d472c641289db9f5b5') in 0.0357101 seconds
Number of updated asset objects reloaded before import = 0Number of asset objects unloaded after import = 1

========================================================================
Received Import Request.
  Time since last request: 0.000039 seconds.
  path: Assets/CorgiEngine/Demos/RetroAdventure/Lighting/RetroAdventure1Settings.lighting
  artifactKey: Guid(59bdef5c15cd91e4a8c932af186826f9) Importer(2089858483,192608db42251d675da83286b1cce702)
Start importing Assets/CorgiEngine/Demos/RetroAdventure/Lighting/RetroAdventure1Settings.lighting using Guid(59bdef5c15cd91e4a8c932af186826f9) Importer(2089858483,192608db42251d675da83286b1cce702) (ScriptedImporter) -> (artifact id: '56dac77492eb9538b3923228355d8a30') in 0.027782 seconds
Number of updated asset objects reloaded before import = 0Number of asset objects unloaded after import = 1

========================================================================
Received Import Request.
  Time since last request: 0.000065 seconds.
  path: Assets/CorgiEngine/Demos/Retro/Materials/RetroLeaves.mat
  artifactKey: Guid(6ffefcc5d072045bdb118adac134d1b3) Importer(2089858483,192608db42251d675da83286b1cce702)
Start importing Assets/CorgiEngine/Demos/Retro/Materials/RetroLeaves.mat using Guid(6ffefcc5d072045bdb118adac134d1b3) Importer(2089858483,192608db42251d675da83286b1cce702) (ScriptedImporter) -> (artifact id: 'd3d59f9d96443cfbc693541292921056') in 0.0328279 seconds
Number of updated asset objects reloaded before import = 0Number of asset objects unloaded after import = 2

========================================================================
Received Import Request.
  Time since last request: 0.000025 seconds.
  path: Assets/CorgiEngine/Demos/Retro/Sounds/LoftWind.wav
  artifactKey: Guid(f6e71f0fc84671b49aee0917005dac7a) Importer(2089858483,192608db42251d675da83286b1cce702)
Start importing Assets/CorgiEngine/Demos/Retro/Sounds/LoftWind.wav using Guid(f6e71f0fc84671b49aee0917005dac7a) Importer(2089858483,192608db42251d675da83286b1cce702) (ScriptedImporter) -> (artifact id: '063eb9a70daa35e8200154f596d89948') in 0.0827583 seconds
Number of updated asset objects reloaded before import = 0Number of asset objects unloaded after import = 1

========================================================================
Received Import Request.
  Time since last request: 0.000026 seconds.
  path: Assets/CorgiEngine/Demos/Retro/Sounds/KoalaHurt3.wav
  artifactKey: Guid(6f10d771e7aa4234c90db4da16c32b0d) Importer(2089858483,192608db42251d675da83286b1cce702)
Start importing Assets/CorgiEngine/Demos/Retro/Sounds/KoalaHurt3.wav using Guid(6f10d771e7aa4234c90db4da16c32b0d) Importer(2089858483,192608db42251d675da83286b1cce702) (ScriptedImporter) -> (artifact id: '45d25bc866a7ec8692c02f3a4663c196') in 0.0498177 seconds
Number of updated asset objects reloaded before import = 0Number of asset objects unloaded after import = 1

========================================================================
Received Import Request.
  Time since last request: 0.000027 seconds.
  path: Assets/CorgiEngine/Demos/RetroAdventure/Scripts/RetroAdventureGUIManager.cs
  artifactKey: Guid(170135d09daee704dba84d6435a32ee0) Importer(2089858483,192608db42251d675da83286b1cce702)
Start importing Assets/CorgiEngine/Demos/RetroAdventure/Scripts/RetroAdventureGUIManager.cs using Guid(170135d09daee704dba84d6435a32ee0) Importer(2089858483,192608db42251d675da83286b1cce702) (ScriptedImporter) -> (artifact id: '73ee1a664bc2f6ec7b076b6da80fc31e') in 0.0250906 seconds
Number of updated asset objects reloaded before import = 0Number of asset objects unloaded after import = 0

========================================================================
Received Import Request.
  Time since last request: 0.000057 seconds.
  path: Assets/CorgiEngine/Demos/Retro/Animations/RetroFireballIdle.anim
  artifactKey: Guid(eddb6cf619042b447acf86be663195e8) Importer(2089858483,192608db42251d675da83286b1cce702)
Start importing Assets/CorgiEngine/Demos/Retro/Animations/RetroFireballIdle.anim using Guid(eddb6cf619042b447acf86be663195e8) Importer(2089858483,192608db42251d675da83286b1cce702) (ScriptedImporter) -> (artifact id: '7085006b6ae57c26240803fcde828c60') in 0.0327953 seconds
Number of updated asset objects reloaded before import = 0Number of asset objects unloaded after import = 1

========================================================================
Received Import Request.
  Time since last request: 0.000105 seconds.
  path: Assets/CorgiEngine/Demos/SuperHipsterBros/Animations/HipsterBonusBlockOff.anim
  artifactKey: Guid(86353ea2c8ac68343bf03ae88aa4fb64) Importer(2089858483,192608db42251d675da83286b1cce702)
Start importing Assets/CorgiEngine/Demos/SuperHipsterBros/Animations/HipsterBonusBlockOff.anim using Guid(86353ea2c8ac68343bf03ae88aa4fb64) Importer(2089858483,192608db42251d675da83286b1cce702) (ScriptedImporter) -> (artifact id: '533e2b2dd004c0e2c31c67857c8bfeac') in 0.028421 seconds
Number of updated asset objects reloaded before import = 0Number of asset objects unloaded after import = 1

========================================================================
Received Import Request.
  Time since last request: 0.000026 seconds.
  path: Assets/CorgiEngine/Demos/Retro/Animations/RetroCorgiRoll.anim
  artifactKey: Guid(cdfe3477a385c5c4f94561bbacc13c16) Importer(2089858483,192608db42251d675da83286b1cce702)
Start importing Assets/CorgiEngine/Demos/Retro/Animations/RetroCorgiRoll.anim using Guid(cdfe3477a385c5c4f94561bbacc13c16) Importer(2089858483,192608db42251d675da83286b1cce702) (ScriptedImporter) -> (artifact id: 'cae97ea4968a8ba85f15c614428d7ac5') in 0.0329754 seconds
Number of updated asset objects reloaded before import = 0Number of asset objects unloaded after import = 1

========================================================================
Received Import Request.
  Time since last request: 0.000041 seconds.
  path: Assets/CorgiEngine/Demos/Retro/Sounds/LoftToyGun.wav
  artifactKey: Guid(7b67f17338d657e46945c9f3b591211f) Importer(2089858483,192608db42251d675da83286b1cce702)
Start importing Assets/CorgiEngine/Demos/Retro/Sounds/LoftToyGun.wav using Guid(7b67f17338d657e46945c9f3b591211f) Importer(2089858483,192608db42251d675da83286b1cce702) (ScriptedImporter) -> (artifact id: '0198bce0d3ba11557f0d5e8db41e823f') in 0.0865138 seconds
Number of updated asset objects reloaded before import = 0Number of asset objects unloaded after import = 1

========================================================================
Received Import Request.
  Time since last request: 0.000046 seconds.
  path: Assets/CorgiEngine/Demos/SuperHipsterBros/Scripts/Mushroom.cs
  artifactKey: Guid(ee42f70fe5db43a4394e241afddb178f) Importer(2089858483,192608db42251d675da83286b1cce702)
Start importing Assets/CorgiEngine/Demos/SuperHipsterBros/Scripts/Mushroom.cs using Guid(ee42f70fe5db43a4394e241afddb178f) Importer(2089858483,192608db42251d675da83286b1cce702) (ScriptedImporter) -> (artifact id: '04e44c4e30d6a948062f0db7dfd74ff9') in 0.0190699 seconds
Number of updated asset objects reloaded before import = 0Number of asset objects unloaded after import = 0

========================================================================
Received Import Request.
  Time since last request: 0.000083 seconds.
  path: Assets/CorgiEngine/Demos/Retro/Tilemaps/RetroIce.asset
  artifactKey: Guid(a7f03219aca9a486bb9081ab7fe08f8a) Importer(2089858483,192608db42251d675da83286b1cce702)
Start importing Assets/CorgiEngine/Demos/Retro/Tilemaps/RetroIce.asset using Guid(a7f03219aca9a486bb9081ab7fe08f8a) Importer(2089858483,192608db42251d675da83286b1cce702) (ScriptedImporter) -> (artifact id: '8134d06f18619ddf28e6f1cf2e685c0e') in 0.0240785 seconds
Number of updated asset objects reloaded before import = 0Number of asset objects unloaded after import = 2

========================================================================
Received Import Request.
  Time since last request: 0.000018 seconds.
  path: Assets/CorgiEngine/Demos/RetroAdventure/Sprites/RetroLevelSelectionBackground4.png
  artifactKey: Guid(7b6de8298d816c345894470e04db2016) Importer(2089858483,192608db42251d675da83286b1cce702)
Start importing Assets/CorgiEngine/Demos/RetroAdventure/Sprites/RetroLevelSelectionBackground4.png using Guid(7b6de8298d816c345894470e04db2016) Importer(2089858483,192608db42251d675da83286b1cce702) (ScriptedImporter) -> (artifact id: '6d10b3d1fd8bec4284a323742ab21761') in 0.0609898 seconds
Number of updated asset objects reloaded before import = 0Number of asset objects unloaded after import = 3

========================================================================
Received Import Request.
  Time since last request: 0.000022 seconds.
  path: Assets/CorgiEngine/Demos/RetroAdventure/Sprites/RetroLevelSelectionBackground5.png
  artifactKey: Guid(d8ad6c4d47631724e960b0c59588970f) Importer(2089858483,192608db42251d675da83286b1cce702)
Start importing Assets/CorgiEngine/Demos/RetroAdventure/Sprites/RetroLevelSelectionBackground5.png using Guid(d8ad6c4d47631724e960b0c59588970f) Importer(2089858483,192608db42251d675da83286b1cce702) (ScriptedImporter) -> (artifact id: 'b09aaa24a92ac01ea385abbc0262fe36') in 0.0610375 seconds
Number of updated asset objects reloaded before import = 0Number of asset objects unloaded after import = 3

========================================================================
Received Import Request.
  Time since last request: 0.000024 seconds.
  path: Assets/CorgiEngine/Demos/Retro/Tilemaps/RetroDecoration.asset
  artifactKey: Guid(32826221c895e4e6cb8bc31c0a578488) Importer(2089858483,192608db42251d675da83286b1cce702)
Start importing Assets/CorgiEngine/Demos/Retro/Tilemaps/RetroDecoration.asset using Guid(32826221c895e4e6cb8bc31c0a578488) Importer(2089858483,192608db42251d675da83286b1cce702) (ScriptedImporter) -> (artifact id: '7c734a791e2517c863a59237d77671dc') in 0.0230473 seconds
Number of updated asset objects reloaded before import = 0Number of asset objects unloaded after import = 8

========================================================================
Received Import Request.
  Time since last request: 0.000022 seconds.
  path: Assets/CorgiEngine/Demos/Retro/Sounds/LoftTwitch.wav
  artifactKey: Guid(fb0d1ba0a6c592740b916aaf1c55a20b) Importer(2089858483,192608db42251d675da83286b1cce702)
Start importing Assets/CorgiEngine/Demos/Retro/Sounds/LoftTwitch.wav using Guid(fb0d1ba0a6c592740b916aaf1c55a20b) Importer(2089858483,192608db42251d675da83286b1cce702) (ScriptedImporter) -> (artifact id: '303dd03aa62c62429cd468b0439fc95f') in 0.0850934 seconds
Number of updated asset objects reloaded before import = 0Number of asset objects unloaded after import = 1

========================================================================
Received Import Request.
  Time since last request: 0.000037 seconds.
  path: Assets/CorgiEngine/Demos/Retro/Sounds/KoalaImpact.wav
  artifactKey: Guid(84a9746d4ee81e841b689a625e33c590) Importer(2089858483,192608db42251d675da83286b1cce702)
Start importing Assets/CorgiEngine/Demos/Retro/Sounds/KoalaImpact.wav using Guid(84a9746d4ee81e841b689a625e33c590) Importer(2089858483,192608db42251d675da83286b1cce702) (ScriptedImporter) -> (artifact id: '07da669efdb885b144411ab09721878e') in 0.0524837 seconds
Number of updated asset objects reloaded before import = 0Number of asset objects unloaded after import = 1

========================================================================
Received Import Request.
  Time since last request: 0.000029 seconds.
  path: Assets/CorgiEngine/Demos/Retro/Materials/RetroDust.mat
  artifactKey: Guid(f0e84f126615c4432b13bcee92a2ff8b) Importer(2089858483,192608db42251d675da83286b1cce702)
Start importing Assets/CorgiEngine/Demos/Retro/Materials/RetroDust.mat using Guid(f0e84f126615c4432b13bcee92a2ff8b) Importer(2089858483,192608db42251d675da83286b1cce702) (ScriptedImporter) -> (artifact id: '8404e96e593e2667d95be7fd53811ac9') in 0.0404237 seconds
Number of updated asset objects reloaded before import = 0Number of asset objects unloaded after import = 2

========================================================================
Received Import Request.
  Time since last request: 0.000026 seconds.
  path: Assets/CorgiEngine/Demos/RetroAdventure/Lighting/RetroAdventure4Settings.lighting
  artifactKey: Guid(7a5a97d53043a8c428cb0d75b3e40c13) Importer(2089858483,192608db42251d675da83286b1cce702)
Start importing Assets/CorgiEngine/Demos/RetroAdventure/Lighting/RetroAdventure4Settings.lighting using Guid(7a5a97d53043a8c428cb0d75b3e40c13) Importer(2089858483,192608db42251d675da83286b1cce702) (ScriptedImporter) -> (artifact id: 'cee0818b25d6554b4e2cd5565113773e') in 0.0225903 seconds
Number of updated asset objects reloaded before import = 0Number of asset objects unloaded after import = 1

========================================================================
Received Import Request.
  Time since last request: 0.000024 seconds.
  path: Assets/CorgiEngine/Demos/Retro/Materials/RetroForestBackground4.mat
  artifactKey: Guid(7b66f18a7bea44a3b8cb8fab089ce091) Importer(2089858483,192608db42251d675da83286b1cce702)
Start importing Assets/CorgiEngine/Demos/Retro/Materials/RetroForestBackground4.mat using Guid(7b66f18a7bea44a3b8cb8fab089ce091) Importer(2089858483,192608db42251d675da83286b1cce702) (ScriptedImporter) -> (artifact id: '1abc19b95cd42bbe3a8de4fc62a80c69') in 0.0412063 seconds
Number of updated asset objects reloaded before import = 0Number of asset objects unloaded after import = 2

========================================================================
Received Import Request.
  Time since last request: 0.000026 seconds.
  path: Assets/CorgiEngine/Demos/Retro/Materials/RetroJetpackMaterial.mat
  artifactKey: Guid(4f4225e49dbb2e0448fc5fdd8cb57e64) Importer(2089858483,192608db42251d675da83286b1cce702)
Start importing Assets/CorgiEngine/Demos/Retro/Materials/RetroJetpackMaterial.mat using Guid(4f4225e49dbb2e0448fc5fdd8cb57e64) Importer(2089858483,192608db42251d675da83286b1cce702) (ScriptedImporter) -> (artifact id: 'd63349b813768fd5ab9f5c76ece1e7e0') in 0.055478 seconds
Number of updated asset objects reloaded before import = 0Number of asset objects unloaded after import = 1

========================================================================
Received Import Request.
  Time since last request: 0.000028 seconds.
  path: Assets/CorgiEngine/Demos/RetroAdventure/Lighting/RetroAdventure2Settings.lighting
  artifactKey: Guid(e6b6e281707dcbe46b1eafd71f8a624f) Importer(2089858483,192608db42251d675da83286b1cce702)
Start importing Assets/CorgiEngine/Demos/RetroAdventure/Lighting/RetroAdventure2Settings.lighting using Guid(e6b6e281707dcbe46b1eafd71f8a624f) Importer(2089858483,192608db42251d675da83286b1cce702) (ScriptedImporter) -> (artifact id: 'f7932d88e3fe6bda8d715cf9d5ed4c1f') in 0.0290886 seconds
Number of updated asset objects reloaded before import = 0Number of asset objects unloaded after import = 1

========================================================================
Received Import Request.
  Time since last request: 0.000043 seconds.
  path: Assets/CorgiEngine/Demos/Retro/Sounds/LoftCoin.wav
  artifactKey: Guid(160fe1c5ab236744599db5c373e4a3d8) Importer(2089858483,192608db42251d675da83286b1cce702)
Start importing Assets/CorgiEngine/Demos/Retro/Sounds/LoftCoin.wav using Guid(160fe1c5ab236744599db5c373e4a3d8) Importer(2089858483,192608db42251d675da83286b1cce702) (ScriptedImporter) -> (artifact id: 'fd5880b995417d1546780bdcce602bc7') in 0.0812902 seconds
Number of updated asset objects reloaded before import = 0Number of asset objects unloaded after import = 1

========================================================================
Received Import Request.
  Time since last request: 0.000023 seconds.
  path: Assets/CorgiEngine/Demos/Retro/Sounds/LoftGunMiss.wav
  artifactKey: Guid(79eab4e23e5c59a4d8412b9a86124778) Importer(2089858483,192608db42251d675da83286b1cce702)
Start importing Assets/CorgiEngine/Demos/Retro/Sounds/LoftGunMiss.wav using Guid(79eab4e23e5c59a4d8412b9a86124778) Importer(2089858483,192608db42251d675da83286b1cce702) (ScriptedImporter) -> (artifact id: '683c047a4e9b4a3a25879563d9cb13b4') in 0.0834131 seconds
Number of updated asset objects reloaded before import = 0Number of asset objects unloaded after import = 1

========================================================================
Received Import Request.
  Time since last request: 0.000031 seconds.
  path: Assets/CorgiEngine/Demos/Retro/Animations/SwordsmanIdle.anim
  artifactKey: Guid(3310f89cf126ffa4f922409f67179429) Importer(2089858483,192608db42251d675da83286b1cce702)
Start importing Assets/CorgiEngine/Demos/Retro/Animations/SwordsmanIdle.anim using Guid(3310f89cf126ffa4f922409f67179429) Importer(2089858483,192608db42251d675da83286b1cce702) (ScriptedImporter) -> (artifact id: '9510582c86e39d11840009c9be593950') in 0.0240297 seconds
Number of updated asset objects reloaded before import = 0Number of asset objects unloaded after import = 1

========================================================================
Received Import Request.
  Time since last request: 0.000026 seconds.
  path: Assets/CorgiEngine/Demos/Retro/Sounds/LoftBump.wav
  artifactKey: Guid(0aab26726f2352a4b8e39b147a1aa38b) Importer(2089858483,192608db42251d675da83286b1cce702)
Start importing Assets/CorgiEngine/Demos/Retro/Sounds/LoftBump.wav using Guid(0aab26726f2352a4b8e39b147a1aa38b) Importer(2089858483,192608db42251d675da83286b1cce702) (ScriptedImporter) -> (artifact id: '0f0f95f72a71be424d5a7c6991f27b93') in 0.0805962 seconds
Number of updated asset objects reloaded before import = 0Number of asset objects unloaded after import = 1

========================================================================
Received Import Request.
  Time since last request: 0.000035 seconds.
  path: Assets/CorgiEngine/Demos/Retro/Sounds/KoalaDash.wav
  artifactKey: Guid(d4f963e1fb34c6441b5188289f973106) Importer(2089858483,192608db42251d675da83286b1cce702)
Start importing Assets/CorgiEngine/Demos/Retro/Sounds/KoalaDash.wav using Guid(d4f963e1fb34c6441b5188289f973106) Importer(2089858483,192608db42251d675da83286b1cce702) (ScriptedImporter) -> (artifact id: '0c122b326598accc9962282742a45aff') in 0.0786222 seconds
Number of updated asset objects reloaded before import = 0Number of asset objects unloaded after import = 1

========================================================================
Received Import Request.
  Time since last request: 0.000023 seconds.
  path: Assets/CorgiEngine/Demos/SuperHipsterBros/Sprites/blocks.png
  artifactKey: Guid(133c15540b78f0b438eed33db7d7a8cc) Importer(2089858483,192608db42251d675da83286b1cce702)
Start importing Assets/CorgiEngine/Demos/SuperHipsterBros/Sprites/blocks.png using Guid(133c15540b78f0b438eed33db7d7a8cc) Importer(2089858483,192608db42251d675da83286b1cce702) (ScriptedImporter) -> (artifact id: 'a44ac936d12d133c73041b25827eb5e0') in 0.0539348 seconds
Number of updated asset objects reloaded before import = 0Number of asset objects unloaded after import = 6

========================================================================
Received Import Request.
  Time since last request: 0.000054 seconds.
  path: Assets/CorgiEngine/Demos/SuperHipsterBros/Scripts/SuperHipsterBrosHealth.cs
  artifactKey: Guid(dd6b796cb1f234a509924fea7e79389a) Importer(2089858483,192608db42251d675da83286b1cce702)
Start importing Assets/CorgiEngine/Demos/SuperHipsterBros/Scripts/SuperHipsterBrosHealth.cs using Guid(dd6b796cb1f234a509924fea7e79389a) Importer(2089858483,192608db42251d675da83286b1cce702) (ScriptedImporter) -> (artifact id: 'c58084c68317f62a0da084fa120341fe') in 0.021224 seconds
Number of updated asset objects reloaded before import = 0Number of asset objects unloaded after import = 0

========================================================================
Received Import Request.
  Time since last request: 0.000051 seconds.
  path: Assets/CorgiEngine/Demos/Retro/Sounds/LoftGun2.wav
  artifactKey: Guid(d00d7bd1787f132488f24aa7ae1c1b5e) Importer(2089858483,192608db42251d675da83286b1cce702)
Start importing Assets/CorgiEngine/Demos/Retro/Sounds/LoftGun2.wav using Guid(d00d7bd1787f132488f24aa7ae1c1b5e) Importer(2089858483,192608db42251d675da83286b1cce702) (ScriptedImporter) -> (artifact id: 'ad08792ff1dfb8acee51c8893033a9fa') in 0.0802948 seconds
Number of updated asset objects reloaded before import = 0Number of asset objects unloaded after import = 1

========================================================================
Received Import Request.
  Time since last request: 0.000025 seconds.
  path: Assets/CorgiEngine/Demos/Retro/Sounds/KoalaMagnum1.wav
  artifactKey: Guid(3c3b0d3aa5dc1c54d8368defc328cc7f) Importer(2089858483,192608db42251d675da83286b1cce702)
Start importing Assets/CorgiEngine/Demos/Retro/Sounds/KoalaMagnum1.wav using Guid(3c3b0d3aa5dc1c54d8368defc328cc7f) Importer(2089858483,192608db42251d675da83286b1cce702) (ScriptedImporter) -> (artifact id: '8b46ddf78b29ecc5e0820e43eecb672f') in 0.0789225 seconds
Number of updated asset objects reloaded before import = 0Number of asset objects unloaded after import = 1

========================================================================
Received Import Request.
  Time since last request: 0.000088 seconds.
  path: Assets/CorgiEngine/Demos/Retro/Sounds/LoftJump2.wav
  artifactKey: Guid(4e3fd6db2ea7cba48a49f28fbe24383e) Importer(2089858483,192608db42251d675da83286b1cce702)
Start importing Assets/CorgiEngine/Demos/Retro/Sounds/LoftJump2.wav using Guid(4e3fd6db2ea7cba48a49f28fbe24383e) Importer(2089858483,192608db42251d675da83286b1cce702) (ScriptedImporter) -> (artifact id: 'd86321ca43e8fd8914dbc98dd0daf8ec') in 0.05306 seconds
Number of updated asset objects reloaded before import = 0Number of asset objects unloaded after import = 1

========================================================================
Received Import Request.
  Time since last request: 0.000021 seconds.
  path: Assets/CorgiEngine/Demos/Retro/Scripts/RetroDoor.cs
  artifactKey: Guid(fdd61e822f4af564fb80bcc9b0fc2331) Importer(2089858483,192608db42251d675da83286b1cce702)
Start importing Assets/CorgiEngine/Demos/Retro/Scripts/RetroDoor.cs using Guid(fdd61e822f4af564fb80bcc9b0fc2331) Importer(2089858483,192608db42251d675da83286b1cce702) (ScriptedImporter) -> (artifact id: '9b8e3fac9b0b25c4a536fdbc4759f2ff') in 0.0196682 seconds
Number of updated asset objects reloaded before import = 0Number of asset objects unloaded after import = 0

========================================================================
Received Import Request.
  Time since last request: 0.188578 seconds.
  path: Assets/CorgiEngine/Demos/TheHunt/Camera/TheHuntPostProcessingProfile.asset
  artifactKey: Guid(1db88ee9d1c61f24b8bf3230bc57acdc) Importer(2089858483,192608db42251d675da83286b1cce702)
Start importing Assets/CorgiEngine/Demos/TheHunt/Camera/TheHuntPostProcessingProfile.asset using Guid(1db88ee9d1c61f24b8bf3230bc57acdc) Importer(2089858483,192608db42251d675da83286b1cce702) (ScriptedImporter) -> (artifact id: '9ed85c395f95d20fb752dba2735ef9e1') in 0.0326444 seconds
Number of updated asset objects reloaded before import = 0Number of asset objects unloaded after import = 8

========================================================================
Received Import Request.
  Time since last request: 0.000022 seconds.
  path: Assets/CorgiEngine/Common/Scripts/Agents/Weapons/WeaponAim.cs
  artifactKey: Guid(0514d297deadac74fb15a7b7326ff0d2) Importer(2089858483,192608db42251d675da83286b1cce702)
Start importing Assets/CorgiEngine/Common/Scripts/Agents/Weapons/WeaponAim.cs using Guid(0514d297deadac74fb15a7b7326ff0d2) Importer(2089858483,192608db42251d675da83286b1cce702) (ScriptedImporter) -> (artifact id: '6c3ecf3f88e38ad77bb7540335e10903') in 0.0213503 seconds
Number of updated asset objects reloaded before import = 0Number of asset objects unloaded after import = 0

========================================================================
Received Import Request.
  Time since last request: 0.000097 seconds.
  path: Assets/CorgiEngine/Demos/Corgi2D/Animations/AI/dude.controller
  artifactKey: Guid(128ffc9918bc5cb4994aede3ce161709) Importer(2089858483,192608db42251d675da83286b1cce702)
Start importing Assets/CorgiEngine/Demos/Corgi2D/Animations/AI/dude.controller using Guid(128ffc9918bc5cb4994aede3ce161709) Importer(2089858483,192608db42251d675da83286b1cce702) (ScriptedImporter) -> (artifact id: '7ac220599d3179753f9d888a6623a09c') in 0.0226866 seconds
Number of updated asset objects reloaded before import = 0Number of asset objects unloaded after import = 8

========================================================================
Received Import Request.
  Time since last request: 0.000019 seconds.
  path: Assets/CorgiEngine/Demos/Corgi2D/Animations/SpaceCorgi/spaceCorgiWalk.anim
  artifactKey: Guid(b2896d3d03f029a48a0f410e60a0dbb4) Importer(2089858483,192608db42251d675da83286b1cce702)
Start importing Assets/CorgiEngine/Demos/Corgi2D/Animations/SpaceCorgi/spaceCorgiWalk.anim using Guid(b2896d3d03f029a48a0f410e60a0dbb4) Importer(2089858483,192608db42251d675da83286b1cce702) (ScriptedImporter) -> (artifact id: 'd3b2fd7ab9f957275ba2d340e3c879db') in 0.0291063 seconds
Number of updated asset objects reloaded before import = 0Number of asset objects unloaded after import = 1

========================================================================
Received Import Request.
  Time since last request: 0.000024 seconds.
  path: Assets/CorgiEngine/Demos/Corgi2D/Animations/AI/cactus_0.controller
  artifactKey: Guid(ddcfdbb2a354e0d4d9840a1c4f2a51fa) Importer(2089858483,192608db42251d675da83286b1cce702)
Start importing Assets/CorgiEngine/Demos/Corgi2D/Animations/AI/cactus_0.controller using Guid(ddcfdbb2a354e0d4d9840a1c4f2a51fa) Importer(2089858483,192608db42251d675da83286b1cce702) (ScriptedImporter) -> (artifact id: 'cd9dfce943bb4d73afd2326e57cd6595') in 0.0215268 seconds
Number of updated asset objects reloaded before import = 0Number of asset objects unloaded after import = 4

========================================================================
Received Import Request.
  Time since last request: 0.000035 seconds.
  path: Assets/CorgiEngine/Common/Scripts/Agents/CharacterAbilities/CharacterCrouch.cs
  artifactKey: Guid(8071d2257235e403da6c6a0a966d6683) Importer(2089858483,192608db42251d675da83286b1cce702)
Start importing Assets/CorgiEngine/Common/Scripts/Agents/CharacterAbilities/CharacterCrouch.cs using Guid(8071d2257235e403da6c6a0a966d6683) Importer(2089858483,192608db42251d675da83286b1cce702) (ScriptedImporter) -> (artifact id: '1986893ea1dcbaff8e76ddb4a3012d0f') in 0.0204329 seconds
Number of updated asset objects reloaded before import = 0Number of asset objects unloaded after import = 0

========================================================================
Received Import Request.
  Time since last request: 0.000086 seconds.
  path: Assets/CorgiEngine/Demos/Corgi2D/Prefabs/AI/Follower.prefab
  artifactKey: Guid(34f50a765016c44179b477d8569d0a01) Importer(2089858483,192608db42251d675da83286b1cce702)
Start importing Assets/CorgiEngine/Demos/Corgi2D/Prefabs/AI/Follower.prefab using Guid(34f50a765016c44179b477d8569d0a01) Importer(2089858483,192608db42251d675da83286b1cce702) (ScriptedImporter) -> (artifact id: '5477f7f2d72e2a0546ffdfe59af2fd43') in 0.2329028 seconds
Number of updated asset objects reloaded before import = 0Number of asset objects unloaded after import = 117

========================================================================
Received Import Request.
  Time since last request: 0.000025 seconds.
  path: Assets/CorgiEngine/Demos/Corgi2D/Materials/Sprites/touchTheGroundParticle.png
  artifactKey: Guid(20af84d02f1a23c45b417b04d381836a) Importer(2089858483,192608db42251d675da83286b1cce702)
Start importing Assets/CorgiEngine/Demos/Corgi2D/Materials/Sprites/touchTheGroundParticle.png using Guid(20af84d02f1a23c45b417b04d381836a) Importer(2089858483,192608db42251d675da83286b1cce702) (ScriptedImporter) -> (artifact id: '447fc6b86a98dbcc0cc0b68799ad3273') in 0.0415688 seconds
Number of updated asset objects reloaded before import = 0Number of asset objects unloaded after import = 3

========================================================================
Received Import Request.
  Time since last request: 0.000030 seconds.
  path: Assets/CorgiEngine/Demos/Corgi2D/Prefabs/Effects/MistGenerator.prefab
  artifactKey: Guid(bd0580538c0044a40927e7017a387bcc) Importer(2089858483,192608db42251d675da83286b1cce702)
Start importing Assets/CorgiEngine/Demos/Corgi2D/Prefabs/Effects/MistGenerator.prefab using Guid(bd0580538c0044a40927e7017a387bcc) Importer(2089858483,192608db42251d675da83286b1cce702) (ScriptedImporter) -> (artifact id: '4a26de4f7ec00ec8dd9363ff377b0f58') in 0.1935167 seconds
Number of updated asset objects reloaded before import = 0Number of asset objects unloaded after import = 7

========================================================================
Received Import Request.
  Time since last request: 0.000029 seconds.
  path: Assets/CorgiEngine/Common/Scripts/GUI/Dialogue/DialogueZone.cs
  artifactKey: Guid(6432d8d1924b43748819ec079d9d2eed) Importer(2089858483,192608db42251d675da83286b1cce702)
Start importing Assets/CorgiEngine/Common/Scripts/GUI/Dialogue/DialogueZone.cs using Guid(6432d8d1924b43748819ec079d9d2eed) Importer(2089858483,192608db42251d675da83286b1cce702) (ScriptedImporter) -> (artifact id: '1d154d0d423ca499099e20922b2acb8e') in 0.0282082 seconds
Number of updated asset objects reloaded before import = 0Number of asset objects unloaded after import = 0

========================================================================
Received Import Request.
  Time since last request: 0.000068 seconds.
  path: Assets/CorgiEngine/Common/Scripts/Agents/CharacterAbilities/CharacterJetpack.cs
  artifactKey: Guid(3d37391d2147a467db78bf732ae24daa) Importer(2089858483,192608db42251d675da83286b1cce702)
Start importing Assets/CorgiEngine/Common/Scripts/Agents/CharacterAbilities/CharacterJetpack.cs using Guid(3d37391d2147a467db78bf732ae24daa) Importer(2089858483,192608db42251d675da83286b1cce702) (ScriptedImporter) -> (artifact id: 'f4912778a6fcd5f682a5e85aef5dd07a') in 0.0208702 seconds
Number of updated asset objects reloaded before import = 0Number of asset objects unloaded after import = 0

========================================================================
Received Import Request.
  Time since last request: 0.000092 seconds.
  path: Assets/CorgiEngine/Common/Scripts/Agents/CharacterAbilities/CharacterSpeed.cs
  artifactKey: Guid(9e5fb0eb6de918342ad69a9c9ee8f620) Importer(2089858483,192608db42251d675da83286b1cce702)
Start importing Assets/CorgiEngine/Common/Scripts/Agents/CharacterAbilities/CharacterSpeed.cs using Guid(9e5fb0eb6de918342ad69a9c9ee8f620) Importer(2089858483,192608db42251d675da83286b1cce702) (ScriptedImporter) -> (artifact id: '3b0c56f8d086d9bc5b0c55b9b2ba4706') in 0.0203635 seconds
Number of updated asset objects reloaded before import = 0Number of asset objects unloaded after import = 0

========================================================================
Received Import Request.
  Time since last request: 0.000069 seconds.
  path: Assets/CorgiEngine/Demos/Brobro/Spine/Brobro/space-corgi_Material.mat
  artifactKey: Guid(29fe0190c3bd8ce4e8f6397e2e35810d) Importer(2089858483,192608db42251d675da83286b1cce702)
Start importing Assets/CorgiEngine/Demos/Brobro/Spine/Brobro/space-corgi_Material.mat using Guid(29fe0190c3bd8ce4e8f6397e2e35810d) Importer(2089858483,192608db42251d675da83286b1cce702) (ScriptedImporter) -> (artifact id: '4c0ad8abb3f50f6837cf7cc24ceece97') in 0.0268796 seconds
Number of updated asset objects reloaded before import = 0Number of asset objects unloaded after import = 2

========================================================================
Received Import Request.
  Time since last request: 0.000020 seconds.
  path: Assets/CorgiEngine/Demos/Corgi2D/Prefabs/Effects/LaserParticleExplosion.prefab
  artifactKey: Guid(142f8feb5b8ba95479fca911b9bc919c) Importer(2089858483,192608db42251d675da83286b1cce702)
Start importing Assets/CorgiEngine/Demos/Corgi2D/Prefabs/Effects/LaserParticleExplosion.prefab using Guid(142f8feb5b8ba95479fca911b9bc919c) Importer(2089858483,192608db42251d675da83286b1cce702) (ScriptedImporter) -> (artifact id: 'cb703f9c9c42088db11c2798a90b6cdd') in 0.0837024 seconds
Number of updated asset objects reloaded before import = 0Number of asset objects unloaded after import = 7

========================================================================
Received Import Request.
  Time since last request: 0.000020 seconds.
  path: Assets/CorgiEngine/Common/Scripts/Agents/CharacterAbilities/CharacterHandleWeapon.cs
  artifactKey: Guid(6a07c6668aa55403790d27b575279549) Importer(2089858483,192608db42251d675da83286b1cce702)
Start importing Assets/CorgiEngine/Common/Scripts/Agents/CharacterAbilities/CharacterHandleWeapon.cs using Guid(6a07c6668aa55403790d27b575279549) Importer(2089858483,192608db42251d675da83286b1cce702) (ScriptedImporter) -> (artifact id: 'd01c5e7c3e2129388f5c2ba3b96691fe') in 0.0213831 seconds
Number of updated asset objects reloaded before import = 0Number of asset objects unloaded after import = 0

========================================================================
Received Import Request.
  Time since last request: 0.000135 seconds.
  path: Assets/CorgiEngine/Demos/Brobro/Prefabs/Environment/BrobroLadder.prefab
  artifactKey: Guid(3e220b52ac41bfb448101589473111f5) Importer(2089858483,192608db42251d675da83286b1cce702)
Start importing Assets/CorgiEngine/Demos/Brobro/Prefabs/Environment/BrobroLadder.prefab using Guid(3e220b52ac41bfb448101589473111f5) Importer(2089858483,192608db42251d675da83286b1cce702) (ScriptedImporter) -> (artifact id: '70e9d7c32f130711d3d8dde30c855c1d') in 0.0420199 seconds
Number of updated asset objects reloaded before import = 0Number of asset objects unloaded after import = 9

========================================================================
Received Import Request.
  Time since last request: 0.000034 seconds.
  path: Assets/CorgiEngine/Common/Scripts/Agents/CharacterAbilities/CharacterFollowPath.cs
  artifactKey: Guid(7afa93fed5b70bf4e9cf10cf431ad858) Importer(2089858483,192608db42251d675da83286b1cce702)
Start importing Assets/CorgiEngine/Common/Scripts/Agents/CharacterAbilities/CharacterFollowPath.cs using Guid(7afa93fed5b70bf4e9cf10cf431ad858) Importer(2089858483,192608db42251d675da83286b1cce702) (ScriptedImporter) -> (artifact id: '8f9c3fa117c442396a63cfbcc5b574cf') in 0.0256198 seconds
Number of updated asset objects reloaded before import = 0Number of asset objects unloaded after import = 0

========================================================================
Received Import Request.
  Time since last request: 0.000044 seconds.
  path: Assets/CorgiEngine/Demos/TheHunt/Sprites/PolygonParticleMat.mat
  artifactKey: Guid(069c4808850ef42d8b2c08d9fa43203d) Importer(2089858483,192608db42251d675da83286b1cce702)
Start importing Assets/CorgiEngine/Demos/TheHunt/Sprites/PolygonParticleMat.mat using Guid(069c4808850ef42d8b2c08d9fa43203d) Importer(2089858483,192608db42251d675da83286b1cce702) (ScriptedImporter) -> (artifact id: '61b686ddb47d700f7cd9a374931f6c49') in 0.0282133 seconds
Number of updated asset objects reloaded before import = 0Number of asset objects unloaded after import = 2

========================================================================
Received Import Request.
  Time since last request: 0.000020 seconds.
  path: Assets/CorgiEngine/Demos/Corgi2D/Animations/SpaceCorgi/spaceCorgiShootUp.anim
  artifactKey: Guid(8ba7f3a73f5395145b061854e1df546b) Importer(2089858483,192608db42251d675da83286b1cce702)
Start importing Assets/CorgiEngine/Demos/Corgi2D/Animations/SpaceCorgi/spaceCorgiShootUp.anim using Guid(8ba7f3a73f5395145b061854e1df546b) Importer(2089858483,192608db42251d675da83286b1cce702) (ScriptedImporter) -> (artifact id: '04e34566b8057906277937142ddd8234') in 0.0326403 seconds
Number of updated asset objects reloaded before import = 0Number of asset objects unloaded after import = 1

========================================================================
Received Import Request.
  Time since last request: 0.000023 seconds.
  path: Assets/CorgiEngine/Demos/Corgi2D/Materials/Sprites/whiteDust.png
  artifactKey: Guid(281d0ad431175f0429118b2698d421be) Importer(2089858483,192608db42251d675da83286b1cce702)
Start importing Assets/CorgiEngine/Demos/Corgi2D/Materials/Sprites/whiteDust.png using Guid(281d0ad431175f0429118b2698d421be) Importer(2089858483,192608db42251d675da83286b1cce702) (ScriptedImporter) -> (artifact id: 'bec4a2836b342504daa81893628e951e') in 0.0456549 seconds
Number of updated asset objects reloaded before import = 0Number of asset objects unloaded after import = 3

========================================================================
Received Import Request.
  Time since last request: 0.000024 seconds.
  path: Assets/CorgiEngine/Demos/Corgi2D/Prefabs/Backgrounds/mesa-background-3.prefab
  artifactKey: Guid(f30df32b0e5954d7fa78d0b4cdf659c3) Importer(2089858483,192608db42251d675da83286b1cce702)
Start importing Assets/CorgiEngine/Demos/Corgi2D/Prefabs/Backgrounds/mesa-background-3.prefab using Guid(f30df32b0e5954d7fa78d0b4cdf659c3) Importer(2089858483,192608db42251d675da83286b1cce702) (ScriptedImporter) -> (artifact id: '02bcd31739c5e467fa1a5ba88cea666a') in 0.0548076 seconds
Number of updated asset objects reloaded before import = 0Number of asset objects unloaded after import = 8

========================================================================
Received Import Request.
  Time since last request: 0.000019 seconds.
  path: Assets/CorgiEngine/Demos/Corgi2D/Prefabs/Effects/ExitWaterEffectContainer.prefab
  artifactKey: Guid(14f27396ac5b4d84cb17d403de44b8a1) Importer(2089858483,192608db42251d675da83286b1cce702)
Start importing Assets/CorgiEngine/Demos/Corgi2D/Prefabs/Effects/ExitWaterEffectContainer.prefab using Guid(14f27396ac5b4d84cb17d403de44b8a1) Importer(2089858483,192608db42251d675da83286b1cce702) (ScriptedImporter) -> (artifact id: '8bfe92bcbabe19a5b6f0ab67f7954edf') in 0.0211886 seconds
Number of updated asset objects reloaded before import = 0Number of asset objects unloaded after import = 10

========================================================================
Received Import Request.
  Time since last request: 0.000023 seconds.
  path: Assets/CorgiEngine/Demos/Corgi2D/Animations/Items/coin.anim
  artifactKey: Guid(999b32ee91a5b404fbb18761c1a7227f) Importer(2089858483,192608db42251d675da83286b1cce702)
Start importing Assets/CorgiEngine/Demos/Corgi2D/Animations/Items/coin.anim using Guid(999b32ee91a5b404fbb18761c1a7227f) Importer(2089858483,192608db42251d675da83286b1cce702) (ScriptedImporter) -> (artifact id: 'bac1428b93c2b8fac42f630e61de1527') in 0.0261636 seconds
Number of updated asset objects reloaded before import = 0Number of asset objects unloaded after import = 1

========================================================================
Received Import Request.
  Time since last request: 0.000147 seconds.
  path: Assets/CorgiEngine/Common/Scripts/Agents/CharacterAbilities/CharacterSlopeOrientation.cs
  artifactKey: Guid(f7b68f99f71374a46a421d00d1e15f01) Importer(2089858483,192608db42251d675da83286b1cce702)
Start importing Assets/CorgiEngine/Common/Scripts/Agents/CharacterAbilities/CharacterSlopeOrientation.cs using Guid(f7b68f99f71374a46a421d00d1e15f01) Importer(2089858483,192608db42251d675da83286b1cce702) (ScriptedImporter) -> (artifact id: 'c463708affc955320f2d2632167c2bce') in 0.0245291 seconds
Number of updated asset objects reloaded before import = 0Number of asset objects unloaded after import = 0

========================================================================
Received Import Request.
  Time since last request: 0.000117 seconds.
  path: Assets/CorgiEngine/Demos/Corgi2D/Prefabs/Backgrounds/mesa-background.prefab
  artifactKey: Guid(569555e0580bd47e89fa938039586156) Importer(2089858483,192608db42251d675da83286b1cce702)
Start importing Assets/CorgiEngine/Demos/Corgi2D/Prefabs/Backgrounds/mesa-background.prefab using Guid(569555e0580bd47e89fa938039586156) Importer(2089858483,192608db42251d675da83286b1cce702) (ScriptedImporter) -> (artifact id: '51d6ba227c28e7762416408db853461c') in 0.0435626 seconds
Number of updated asset objects reloaded before import = 0Number of asset objects unloaded after import = 8

========================================================================
Received Import Request.
  Time since last request: 0.000030 seconds.
  path: Assets/CorgiEngine/Demos/Corgi2D/Animations/SpaceCorgi/spaceCorgiDive.anim
  artifactKey: Guid(e57c211f7316ad149beb5532281b0d1d) Importer(2089858483,192608db42251d675da83286b1cce702)
Start importing Assets/CorgiEngine/Demos/Corgi2D/Animations/SpaceCorgi/spaceCorgiDive.anim using Guid(e57c211f7316ad149beb5532281b0d1d) Importer(2089858483,192608db42251d675da83286b1cce702) (ScriptedImporter) -> (artifact id: '1c852873170bed9def74c279f2c92879') in 0.0247007 seconds
Number of updated asset objects reloaded before import = 0Number of asset objects unloaded after import = 1

========================================================================
Received Import Request.
  Time since last request: 0.000034 seconds.
  path: Assets/CorgiEngine/Common/Scripts/Agents/Core/CharacterLevelBounds.cs
  artifactKey: Guid(e514a2b7cbba3c94fadd9e100df51189) Importer(2089858483,192608db42251d675da83286b1cce702)
Start importing Assets/CorgiEngine/Common/Scripts/Agents/Core/CharacterLevelBounds.cs using Guid(e514a2b7cbba3c94fadd9e100df51189) Importer(2089858483,192608db42251d675da83286b1cce702) (ScriptedImporter) -> (artifact id: '62be439a915408c5a90546bddb6cef3b') in 0.0224151 seconds
Number of updated asset objects reloaded before import = 0Number of asset objects unloaded after import = 0

========================================================================
Received Import Request.
  Time since last request: 0.000094 seconds.
  path: Assets/CorgiEngine/Demos/Corgi2D/Prefabs/Effects/JetpackFlames.prefab
  artifactKey: Guid(70e52200c2f1a264a9b9f7d420285e96) Importer(2089858483,192608db42251d675da83286b1cce702)
Start importing Assets/CorgiEngine/Demos/Corgi2D/Prefabs/Effects/JetpackFlames.prefab using Guid(70e52200c2f1a264a9b9f7d420285e96) Importer(2089858483,192608db42251d675da83286b1cce702) (ScriptedImporter) -> (artifact id: 'ed881ec0758bc7eabf3b55517a38de50') in 0.0816012 seconds
Number of updated asset objects reloaded before import = 0Number of asset objects unloaded after import = 6

========================================================================
Received Import Request.
  Time since last request: 0.000020 seconds.
  path: Assets/CorgiEngine/Common/Scripts/Agents/CharacterAbilities/CharacterFly.cs
  artifactKey: Guid(1f47703ce4cbee345a405c3ace299961) Importer(2089858483,192608db42251d675da83286b1cce702)
Start importing Assets/CorgiEngine/Common/Scripts/Agents/CharacterAbilities/CharacterFly.cs using Guid(1f47703ce4cbee345a405c3ace299961) Importer(2089858483,192608db42251d675da83286b1cce702) (ScriptedImporter) -> (artifact id: '8239375f8b01d242bbdf66c1041cbfa6') in 0.023382 seconds
Number of updated asset objects reloaded before import = 0Number of asset objects unloaded after import = 0

========================================================================
Received Import Request.
  Time since last request: 0.000145 seconds.
  path: Assets/CorgiEngine/Demos/Corgi2D/Animations/Items/stimpack.controller
  artifactKey: Guid(fa8d80e8ac539dc42b1357bd88d6e58a) Importer(2089858483,192608db42251d675da83286b1cce702)
Start importing Assets/CorgiEngine/Demos/Corgi2D/Animations/Items/stimpack.controller using Guid(fa8d80e8ac539dc42b1357bd88d6e58a) Importer(2089858483,192608db42251d675da83286b1cce702) (ScriptedImporter) -> (artifact id: 'a609a833e8f2c4c9262de5fe9af48323') in 0.0229765 seconds
Number of updated asset objects reloaded before import = 0Number of asset objects unloaded after import = 4

========================================================================
Received Import Request.
  Time since last request: 0.000019 seconds.
  path: Assets/CorgiEngine/Demos/Corgi2D/Animations/AI/dude-walk.anim
  artifactKey: Guid(cd35a54fcc8c49e42a3a3a36e9dc0bc1) Importer(2089858483,192608db42251d675da83286b1cce702)
Start importing Assets/CorgiEngine/Demos/Corgi2D/Animations/AI/dude-walk.anim using Guid(cd35a54fcc8c49e42a3a3a36e9dc0bc1) Importer(2089858483,192608db42251d675da83286b1cce702) (ScriptedImporter) -> (artifact id: 'f7e5940275df3e3369a222a6708fac8a') in 0.0211294 seconds
Number of updated asset objects reloaded before import = 0Number of asset objects unloaded after import = 1

========================================================================
Received Import Request.
  Time since last request: 0.000021 seconds.
  path: Assets/CorgiEngine/Common/Scripts/Agents/Core/CharacterEvents.cs
  artifactKey: Guid(873493bc1cead774e8bb4173b5887a6e) Importer(2089858483,192608db42251d675da83286b1cce702)
Start importing Assets/CorgiEngine/Common/Scripts/Agents/Core/CharacterEvents.cs using Guid(873493bc1cead774e8bb4173b5887a6e) Importer(2089858483,192608db42251d675da83286b1cce702) (ScriptedImporter) -> (artifact id: '90d2f6630a3a92c05174ee92d20ecc50') in 0.0229557 seconds
Number of updated asset objects reloaded before import = 0Number of asset objects unloaded after import = 0

========================================================================
Received Import Request.
  Time since last request: 0.000071 seconds.
  path: Assets/CorgiEngine/Common/Scripts/Agents/CharacterAbilities/CharacterDamageDash.cs
  artifactKey: Guid(3e12507b9c91bd542b1b569babe3b98c) Importer(2089858483,192608db42251d675da83286b1cce702)
Start importing Assets/CorgiEngine/Common/Scripts/Agents/CharacterAbilities/CharacterDamageDash.cs using Guid(3e12507b9c91bd542b1b569babe3b98c) Importer(2089858483,192608db42251d675da83286b1cce702) (ScriptedImporter) -> (artifact id: 'ec5192e5c002d5f702df44e42f316b8f') in 0.0235032 seconds
Number of updated asset objects reloaded before import = 0Number of asset objects unloaded after import = 0

========================================================================
Received Import Request.
  Time since last request: 0.000076 seconds.
  path: Assets/CorgiEngine/Common/Scripts/Agents/CharacterAbilities/CharacterWallClinging.cs
  artifactKey: Guid(51d7707613113491a9d85f1caab5837b) Importer(2089858483,192608db42251d675da83286b1cce702)
Start importing Assets/CorgiEngine/Common/Scripts/Agents/CharacterAbilities/CharacterWallClinging.cs using Guid(51d7707613113491a9d85f1caab5837b) Importer(2089858483,192608db42251d675da83286b1cce702) (ScriptedImporter) -> (artifact id: 'c3b2173fb51380d8f7eac37b0aacb0bf') in 0.0256599 seconds
Number of updated asset objects reloaded before import = 0Number of asset objects unloaded after import = 0

========================================================================
Received Import Request.
  Time since last request: 0.000039 seconds.
  path: Assets/CorgiEngine/Common/Scripts/Agents/CharacterAbilities/CharacterAbility.cs
  artifactKey: Guid(d1133202ebf6d40d897f057171e4c80e) Importer(2089858483,192608db42251d675da83286b1cce702)
Start importing Assets/CorgiEngine/Common/Scripts/Agents/CharacterAbilities/CharacterAbility.cs using Guid(d1133202ebf6d40d897f057171e4c80e) Importer(2089858483,192608db42251d675da83286b1cce702) (ScriptedImporter) -> (artifact id: '139477048948570cde244e61f8354e50') in 0.0223586 seconds
Number of updated asset objects reloaded before import = 0Number of asset objects unloaded after import = 0

========================================================================
Received Import Request.
  Time since last request: 0.000078 seconds.
  path: Assets/CorgiEngine/Demos/Corgi2D/Materials/Sprites/rocketTrailParticle.png
  artifactKey: Guid(44ab386847bd4484f8227e238eb668b8) Importer(2089858483,192608db42251d675da83286b1cce702)
Start importing Assets/CorgiEngine/Demos/Corgi2D/Materials/Sprites/rocketTrailParticle.png using Guid(44ab386847bd4484f8227e238eb668b8) Importer(2089858483,192608db42251d675da83286b1cce702) (ScriptedImporter) -> (artifact id: 'c5dd21bbeae1a334623114ad24f865ec') in 0.0551772 seconds
Number of updated asset objects reloaded before import = 0Number of asset objects unloaded after import = 3

========================================================================
Received Import Request.
  Time since last request: 0.000023 seconds.
  path: Assets/CorgiEngine/Common/Scripts/Agents/CharacterAbilities/CharacterSwim.cs
  artifactKey: Guid(5f6acc45a765d864ba3d69b6c84471f7) Importer(2089858483,192608db42251d675da83286b1cce702)
Start importing Assets/CorgiEngine/Common/Scripts/Agents/CharacterAbilities/CharacterSwim.cs using Guid(5f6acc45a765d864ba3d69b6c84471f7) Importer(2089858483,192608db42251d675da83286b1cce702) (ScriptedImporter) -> (artifact id: 'd8731a40f8299a1d3677316610d46161') in 0.024604 seconds
Number of updated asset objects reloaded before import = 0Number of asset objects unloaded after import = 0

========================================================================
Received Import Request.
  Time since last request: 0.000071 seconds.
  path: Assets/CorgiEngine/Demos/Corgi2D/Animations/Items/weaponUpgrade.anim
  artifactKey: Guid(5304dbd439ef48f479a818df9029d9e8) Importer(2089858483,192608db42251d675da83286b1cce702)
Start importing Assets/CorgiEngine/Demos/Corgi2D/Animations/Items/weaponUpgrade.anim using Guid(5304dbd439ef48f479a818df9029d9e8) Importer(2089858483,192608db42251d675da83286b1cce702) (ScriptedImporter) -> (artifact id: '5922599d6456415ce189936b138318c6') in 0.0294596 seconds
Number of updated asset objects reloaded before import = 0Number of asset objects unloaded after import = 1

========================================================================
Received Import Request.
  Time since last request: 0.000197 seconds.
  path: Assets/CorgiEngine/Demos/Corgi2D/Prefabs/Effects/CrateExplode.prefab
  artifactKey: Guid(4cbac012c1328574faab44cc59cb7e6e) Importer(2089858483,192608db42251d675da83286b1cce702)
Start importing Assets/CorgiEngine/Demos/Corgi2D/Prefabs/Effects/CrateExplode.prefab using Guid(4cbac012c1328574faab44cc59cb7e6e) Importer(2089858483,192608db42251d675da83286b1cce702) (ScriptedImporter) -> (artifact id: '4aa749ba73a6a449eb5b0726d8da0979') in 0.0862317 seconds
Number of updated asset objects reloaded before import = 0Number of asset objects unloaded after import = 7

========================================================================
Received Import Request.
  Time since last request: 0.000018 seconds.
  path: Assets/CorgiEngine/Common/Scripts/Agents/CharacterAbilities/CharacterGrip.cs
  artifactKey: Guid(91c7e9428883e43cc8ce6e26ef802353) Importer(2089858483,192608db42251d675da83286b1cce702)
Start importing Assets/CorgiEngine/Common/Scripts/Agents/CharacterAbilities/CharacterGrip.cs using Guid(91c7e9428883e43cc8ce6e26ef802353) Importer(2089858483,192608db42251d675da83286b1cce702) (ScriptedImporter) -> (artifact id: '65d53c88ae91277aa11cf5f4b094cd38') in 0.0198818 seconds
Number of updated asset objects reloaded before import = 0Number of asset objects unloaded after import = 0

========================================================================
Received Import Request.
  Time since last request: 0.000096 seconds.
  path: Assets/CorgiEngine/Demos/Corgi2D/Prefabs/AI/Blob.prefab
  artifactKey: Guid(c6b842a3a5db1ca4cb374190a26ca86d) Importer(2089858483,192608db42251d675da83286b1cce702)
Start importing Assets/CorgiEngine/Demos/Corgi2D/Prefabs/AI/Blob.prefab using Guid(c6b842a3a5db1ca4cb374190a26ca86d) Importer(2089858483,192608db42251d675da83286b1cce702) (ScriptedImporter) -> (artifact id: 'e3e240e578d954df6d9aca3b2fc28c99') in 0.2081527 seconds
Number of updated asset objects reloaded before import = 0Number of asset objects unloaded after import = 38

========================================================================
Received Import Request.
  Time since last request: 0.000050 seconds.
  path: Assets/CorgiEngine/Common/Scripts/Camera/Regular/CameraController.cs
  artifactKey: Guid(a86ebad071ac44351826f05ad27db3a4) Importer(2089858483,192608db42251d675da83286b1cce702)
Start importing Assets/CorgiEngine/Common/Scripts/Camera/Regular/CameraController.cs using Guid(a86ebad071ac44351826f05ad27db3a4) Importer(2089858483,192608db42251d675da83286b1cce702) (ScriptedImporter) -> (artifact id: '5e40c47927cbb725e2af04ffc62b5bac') in 0.0221242 seconds
Number of updated asset objects reloaded before import = 0Number of asset objects unloaded after import = 0

========================================================================
Received Import Request.
  Time since last request: 0.000036 seconds.
  path: Assets/CorgiEngine/Demos/Corgi2D/Prefabs/Backgrounds/mesa-background-4.prefab
  artifactKey: Guid(1516a446a5b4243a8ac36a47c9e7888c) Importer(2089858483,192608db42251d675da83286b1cce702)
Start importing Assets/CorgiEngine/Demos/Corgi2D/Prefabs/Backgrounds/mesa-background-4.prefab using Guid(1516a446a5b4243a8ac36a47c9e7888c) Importer(2089858483,192608db42251d675da83286b1cce702) (ScriptedImporter) -> (artifact id: 'b551888a9b7088f0c2d025046fb289ea') in 0.0404394 seconds
Number of updated asset objects reloaded before import = 0Number of asset objects unloaded after import = 8

========================================================================
Received Import Request.
  Time since last request: 0.000019 seconds.
  path: Assets/CorgiEngine/Demos/Corgi2D/Animations/AI/urchin.anim
  artifactKey: Guid(6b8523e0375e1bb468f8c06860fb02ad) Importer(2089858483,192608db42251d675da83286b1cce702)
Start importing Assets/CorgiEngine/Demos/Corgi2D/Animations/AI/urchin.anim using Guid(6b8523e0375e1bb468f8c06860fb02ad) Importer(2089858483,192608db42251d675da83286b1cce702) (ScriptedImporter) -> (artifact id: '0d52695be294e82590e341af34a9ee19') in 0.0271564 seconds
Number of updated asset objects reloaded before import = 0Number of asset objects unloaded after import = 1

========================================================================
Received Import Request.
  Time since last request: 0.000043 seconds.
  path: Assets/CorgiEngine/Common/Scripts/Agents/Weapons/Projectile.cs
  artifactKey: Guid(2e1a732e2aa364c569bbb79498af8c5d) Importer(2089858483,192608db42251d675da83286b1cce702)
Start importing Assets/CorgiEngine/Common/Scripts/Agents/Weapons/Projectile.cs using Guid(2e1a732e2aa364c569bbb79498af8c5d) Importer(2089858483,192608db42251d675da83286b1cce702) (ScriptedImporter) -> (artifact id: 'f2016cdfa6f08551247f879202eca293') in 0.0247147 seconds
Number of updated asset objects reloaded before import = 0Number of asset objects unloaded after import = 0

========================================================================
Received Import Request.
  Time since last request: 0.000134 seconds.
  path: Assets/CorgiEngine/Common/Scripts/Agents/Weapons/HitscanWeapon.cs
  artifactKey: Guid(77fddf2636fbbe046addb38e3c4d030b) Importer(2089858483,192608db42251d675da83286b1cce702)
Start importing Assets/CorgiEngine/Common/Scripts/Agents/Weapons/HitscanWeapon.cs using Guid(77fddf2636fbbe046addb38e3c4d030b) Importer(2089858483,192608db42251d675da83286b1cce702) (ScriptedImporter) -> (artifact id: 'c8aeda52d61f330007bde9048a91b1ff') in 0.0245373 seconds
Number of updated asset objects reloaded before import = 0Number of asset objects unloaded after import = 0

========================================================================
Received Import Request.
  Time since last request: 0.000120 seconds.
  path: Assets/CorgiEngine/Common/Scripts/Agents/CharacterAbilities/CharacterDive.cs
  artifactKey: Guid(157b891c059034cea94ae0c9e235df50) Importer(2089858483,192608db42251d675da83286b1cce702)
Start importing Assets/CorgiEngine/Common/Scripts/Agents/CharacterAbilities/CharacterDive.cs using Guid(157b891c059034cea94ae0c9e235df50) Importer(2089858483,192608db42251d675da83286b1cce702) (ScriptedImporter) -> (artifact id: 'a610c781db423951aca6ce4724f630f3') in 0.0206261 seconds
Number of updated asset objects reloaded before import = 0Number of asset objects unloaded after import = 0

========================================================================
Received Import Request.
  Time since last request: 0.000082 seconds.
  path: Assets/CorgiEngine/Demos/Corgi2D/Prefabs/AI/HeavyCorgi.prefab
  artifactKey: Guid(eb507b5a84072324498d6aeb6596118d) Importer(2089858483,192608db42251d675da83286b1cce702)
Start importing Assets/CorgiEngine/Demos/Corgi2D/Prefabs/AI/HeavyCorgi.prefab using Guid(eb507b5a84072324498d6aeb6596118d) Importer(2089858483,192608db42251d675da83286b1cce702) (ScriptedImporter) -> (artifact id: '197d8e39f3ce18d41170a55f2e6deeac') in 0.0245053 seconds
Number of updated asset objects reloaded before import = 0Number of asset objects unloaded after import = 186

========================================================================
Received Import Request.
  Time since last request: 0.000022 seconds.
  path: Assets/CorgiEngine/Common/Scripts/Environment/CharacterOverrides/Water.cs
  artifactKey: Guid(ca026b86e00bbd34f8823e8f8b994fcf) Importer(2089858483,192608db42251d675da83286b1cce702)
Start importing Assets/CorgiEngine/Common/Scripts/Environment/CharacterOverrides/Water.cs using Guid(ca026b86e00bbd34f8823e8f8b994fcf) Importer(2089858483,192608db42251d675da83286b1cce702) (ScriptedImporter) -> (artifact id: 'e6011c78aaeb694366eb60af8e6f3f88') in 0.0224581 seconds
Number of updated asset objects reloaded before import = 0Number of asset objects unloaded after import = 0

========================================================================
Received Import Request.
  Time since last request: 0.000027 seconds.
  path: Assets/CorgiEngine/Common/Scripts/Agents/CharacterAbilities/CharacterRoll.cs
  artifactKey: Guid(d317597e2b47bcb4e80316f1b372d79b) Importer(2089858483,192608db42251d675da83286b1cce702)
Start importing Assets/CorgiEngine/Common/Scripts/Agents/CharacterAbilities/CharacterRoll.cs using Guid(d317597e2b47bcb4e80316f1b372d79b) Importer(2089858483,192608db42251d675da83286b1cce702) (ScriptedImporter) -> (artifact id: '0912d2461f168fec366e2d241034c2c9') in 0.0221993 seconds
Number of updated asset objects reloaded before import = 0Number of asset objects unloaded after import = 0

========================================================================
Received Import Request.
  Time since last request: 0.000026 seconds.
  path: Assets/CorgiEngine/Common/Scripts/Agents/CharacterAbilities/CharacterPushCorgiController.cs
  artifactKey: Guid(0677e4e697adcd840b838146b8b282d0) Importer(2089858483,192608db42251d675da83286b1cce702)
Start importing Assets/CorgiEngine/Common/Scripts/Agents/CharacterAbilities/CharacterPushCorgiController.cs using Guid(0677e4e697adcd840b838146b8b282d0) Importer(2089858483,192608db42251d675da83286b1cce702) (ScriptedImporter) -> (artifact id: 'f3d67ba262f2929f23c4a106d75005d5') in 0.024264 seconds
Number of updated asset objects reloaded before import = 0Number of asset objects unloaded after import = 0

========================================================================
Received Import Request.
  Time since last request: 0.000107 seconds.
  path: Assets/CorgiEngine/Demos/Corgi2D/Prefabs/Effects/HeartBurst.prefab
  artifactKey: Guid(052ce4e25aaadec4280fc993c226ac6d) Importer(2089858483,192608db42251d675da83286b1cce702)
Start importing Assets/CorgiEngine/Demos/Corgi2D/Prefabs/Effects/HeartBurst.prefab using Guid(052ce4e25aaadec4280fc993c226ac6d) Importer(2089858483,192608db42251d675da83286b1cce702) (ScriptedImporter) -> (artifact id: '8940f921ae43c2dc358d382c4a2137d6') in 0.09107 seconds
Number of updated asset objects reloaded before import = 0Number of asset objects unloaded after import = 7

========================================================================
Received Import Request.
  Time since last request: 0.000028 seconds.
  path: Assets/CorgiEngine/Common/Scripts/Agents/CharacterAbilities/CharacterHorizontalMovement.cs
  artifactKey: Guid(4e24d0eb5fa7640038713564930581a9) Importer(2089858483,192608db42251d675da83286b1cce702)
Start importing Assets/CorgiEngine/Common/Scripts/Agents/CharacterAbilities/CharacterHorizontalMovement.cs using Guid(4e24d0eb5fa7640038713564930581a9) Importer(2089858483,192608db42251d675da83286b1cce702) (ScriptedImporter) -> (artifact id: '26388d01ce7e45cafb0ecb375cd9ad05') in 0.0200394 seconds
Number of updated asset objects reloaded before import = 0Number of asset objects unloaded after import = 0

========================================================================
Received Import Request.
  Time since last request: 0.000113 seconds.
  path: Assets/CorgiEngine/Demos/Corgi2D/Animations/SpaceCorgi/spaceCorgiShootDown.anim
  artifactKey: Guid(cbff544fbce54484baad0e4a531f65e1) Importer(2089858483,192608db42251d675da83286b1cce702)
Start importing Assets/CorgiEngine/Demos/Corgi2D/Animations/SpaceCorgi/spaceCorgiShootDown.anim using Guid(cbff544fbce54484baad0e4a531f65e1) Importer(2089858483,192608db42251d675da83286b1cce702) (ScriptedImporter) -> (artifact id: '06d0e9f0016ed9319d2c28abfc1cffce') in 0.0262614 seconds
Number of updated asset objects reloaded before import = 0Number of asset objects unloaded after import = 1

========================================================================
Received Import Request.
  Time since last request: 0.000031 seconds.
  path: Assets/CorgiEngine/Demos/Corgi2D/Materials/Sprites/lightRayParticle.png
  artifactKey: Guid(7d1638a05a6653940a191654c1249c69) Importer(2089858483,192608db42251d675da83286b1cce702)
Start importing Assets/CorgiEngine/Demos/Corgi2D/Materials/Sprites/lightRayParticle.png using Guid(7d1638a05a6653940a191654c1249c69) Importer(2089858483,192608db42251d675da83286b1cce702) (ScriptedImporter) -> (artifact id: 'e7be992ce689abe62c25290e56017cf3') in 0.0429337 seconds
Number of updated asset objects reloaded before import = 0Number of asset objects unloaded after import = 3

========================================================================
Received Import Request.
  Time since last request: 0.640956 seconds.
  path: Assets/CorgiEngine/Demos/Corgi2D/Prefabs/Effects/RocketExplosion.prefab
  artifactKey: Guid(5c89a1c1072915d4fb9356e161ede976) Importer(2089858483,192608db42251d675da83286b1cce702)
Start importing Assets/CorgiEngine/Demos/Corgi2D/Prefabs/Effects/RocketExplosion.prefab using Guid(5c89a1c1072915d4fb9356e161ede976) Importer(2089858483,192608db42251d675da83286b1cce702) (ScriptedImporter) -> (artifact id: '178885d1c480210c1cfa9b1259562072') in 0.0851548 seconds
Number of updated asset objects reloaded before import = 0Number of asset objects unloaded after import = 8

========================================================================
Received Import Request.
  Time since last request: 0.000035 seconds.
  path: Assets/CorgiEngine/Demos/Corgi3D/Models/Materials/Corgi3DGroundMaterial.mat
  artifactKey: Guid(188c78ffc3faf8b44a311ea4f0fb29b6) Importer(2089858483,192608db42251d675da83286b1cce702)
Start importing Assets/CorgiEngine/Demos/Corgi3D/Models/Materials/Corgi3DGroundMaterial.mat using Guid(188c78ffc3faf8b44a311ea4f0fb29b6) Importer(2089858483,192608db42251d675da83286b1cce702) (ScriptedImporter) -> (artifact id: '7fbb221b3c22cbc312cf2603ee1cc16c') in 0.0300099 seconds
Number of updated asset objects reloaded before import = 0Number of asset objects unloaded after import = 3

========================================================================
Received Import Request.
  Time since last request: 0.000026 seconds.
  path: Assets/CorgiEngine/Demos/Corgi2D/Sprites/Enemies/dude.png
  artifactKey: Guid(e3c672ca6ae2c6844b4eb82a8f4dd06d) Importer(2089858483,192608db42251d675da83286b1cce702)
Start importing Assets/CorgiEngine/Demos/Corgi2D/Sprites/Enemies/dude.png using Guid(e3c672ca6ae2c6844b4eb82a8f4dd06d) Importer(2089858483,192608db42251d675da83286b1cce702) (ScriptedImporter) -> (artifact id: '07be9e0b11494400b9b1e1821b5dfae4') in 0.2555601 seconds
Number of updated asset objects reloaded before import = 0Number of asset objects unloaded after import = 66

========================================================================
Received Import Request.
  Time since last request: 0.000028 seconds.
  path: Assets/CorgiEngine/Demos/Minimal/Prefabs/Props/GateToNextLevel.prefab
  artifactKey: Guid(6c2ed73007b52d34b9898edef9ad7862) Importer(2089858483,192608db42251d675da83286b1cce702)
Start importing Assets/CorgiEngine/Demos/Minimal/Prefabs/Props/GateToNextLevel.prefab using Guid(6c2ed73007b52d34b9898edef9ad7862) Importer(2089858483,192608db42251d675da83286b1cce702) (ScriptedImporter) -> (artifact id: 'dd6631b231dbd0d775d223a620ead40c') in 0.0741574 seconds
Number of updated asset objects reloaded before import = 0Number of asset objects unloaded after import = 40

========================================================================
Received Import Request.
  Time since last request: 0.000050 seconds.
  path: Assets/CorgiEngine/Demos/Minimal/Prefabs/Props/SwitchModelVFX.prefab
  artifactKey: Guid(2b3a4241413e80946ac1a8c3bd8f98ce) Importer(2089858483,192608db42251d675da83286b1cce702)
Start importing Assets/CorgiEngine/Demos/Minimal/Prefabs/Props/SwitchModelVFX.prefab using Guid(2b3a4241413e80946ac1a8c3bd8f98ce) Importer(2089858483,192608db42251d675da83286b1cce702) (ScriptedImporter) -> (artifact id: 'fe7b49a05b11746acd4c6bf013140933') in 0.0856865 seconds
Number of updated asset objects reloaded before import = 0Number of asset objects unloaded after import = 10

========================================================================
Received Import Request.
  Time since last request: 0.000024 seconds.
  path: Assets/CorgiEngine/Demos/Minimal/Prefabs/Platforms/Platform100x500.prefab
  artifactKey: Guid(16d6140d804c29a43a158e3c05a2d7af) Importer(2089858483,192608db42251d675da83286b1cce702)
Start importing Assets/CorgiEngine/Demos/Minimal/Prefabs/Platforms/Platform100x500.prefab using Guid(16d6140d804c29a43a158e3c05a2d7af) Importer(2089858483,192608db42251d675da83286b1cce702) (ScriptedImporter) -> (artifact id: '2f600826f2b49befaf0f2fc90baa6d29') in 0.0439695 seconds
Number of updated asset objects reloaded before import = 0Number of asset objects unloaded after import = 8

========================================================================
Received Import Request.
  Time since last request: 0.000021 seconds.
  path: Assets/CorgiEngine/Demos/Minimal/Prefabs/Slopes/Slope400x200.prefab
  artifactKey: Guid(b491cd93211883342806603aecdc5b9c) Importer(2089858483,192608db42251d675da83286b1cce702)
Start importing Assets/CorgiEngine/Demos/Minimal/Prefabs/Slopes/Slope400x200.prefab using Guid(b491cd93211883342806603aecdc5b9c) Importer(2089858483,192608db42251d675da83286b1cce702) (ScriptedImporter) -> (artifact id: 'a106fd98181f895fcd78def6216a95d0') in 0.0376065 seconds
Number of updated asset objects reloaded before import = 0Number of asset objects unloaded after import = 8

========================================================================
Received Import Request.
  Time since last request: 0.000023 seconds.
  path: Assets/CorgiEngine/Demos/Corgi2D/Spine/Heavy/heavy-corgi_Material.mat
  artifactKey: Guid(2c2cf94174a6364468b953cdf65a1034) Importer(2089858483,192608db42251d675da83286b1cce702)
Start importing Assets/CorgiEngine/Demos/Corgi2D/Spine/Heavy/heavy-corgi_Material.mat using Guid(2c2cf94174a6364468b953cdf65a1034) Importer(2089858483,192608db42251d675da83286b1cce702) (ScriptedImporter) -> (artifact id: '5741dec7e8a1130149c9ff77dc68e176') in 0.0567128 seconds
Number of updated asset objects reloaded before import = 0Number of asset objects unloaded after import = 2

========================================================================
Received Import Request.
  Time since last request: 0.000027 seconds.
  path: Assets/CorgiEngine/Demos/Corgi3D/Prefabs/PlatformsOrange/point5xpoint5 Orange.prefab
  artifactKey: Guid(6e1a61d6961f1ec4785a335920d78bef) Importer(2089858483,192608db42251d675da83286b1cce702)
Start importing Assets/CorgiEngine/Demos/Corgi3D/Prefabs/PlatformsOrange/point5xpoint5 Orange.prefab using Guid(6e1a61d6961f1ec4785a335920d78bef) Importer(2089858483,192608db42251d675da83286b1cce702) (ScriptedImporter) -> (artifact id: 'cace54d87d8b28a2b35835db3ec39c09') in 0.0387523 seconds
Number of updated asset objects reloaded before import = 0Number of asset objects unloaded after import = 8

========================================================================
Received Import Request.
  Time since last request: 0.000037 seconds.
  path: Assets/CorgiEngine/Demos/Minimal/Resources/Items/Chicken.asset
  artifactKey: Guid(a656f7b0866c09c44b90f09045a01d04) Importer(2089858483,192608db42251d675da83286b1cce702)
Start importing Assets/CorgiEngine/Demos/Minimal/Resources/Items/Chicken.asset using Guid(a656f7b0866c09c44b90f09045a01d04) Importer(2089858483,192608db42251d675da83286b1cce702) (ScriptedImporter) -> (artifact id: 'fc087a71b8e0d2135c5664d487d36271') in 0.0696773 seconds
Number of updated asset objects reloaded before import = 0Number of asset objects unloaded after import = 20

========================================================================
Received Import Request.
  Time since last request: 0.000024 seconds.
  path: Assets/CorgiEngine/Demos/Corgi3D/Prefabs/PostProcessing/Corgi3DPostProcessingVolume.prefab
  artifactKey: Guid(ecb34c7ba147ca0428e19c178a3223d1) Importer(2089858483,192608db42251d675da83286b1cce702)
Start importing Assets/CorgiEngine/Demos/Corgi3D/Prefabs/PostProcessing/Corgi3DPostProcessingVolume.prefab using Guid(ecb34c7ba147ca0428e19c178a3223d1) Importer(2089858483,192608db42251d675da83286b1cce702) (ScriptedImporter) -> (artifact id: '0f481472386d2e4c3dd03de876b48d90') in 0.1155537 seconds
Number of updated asset objects reloaded before import = 0Number of asset objects unloaded after import = 19

========================================================================
Received Import Request.
  Time since last request: 0.000022 seconds.
  path: Assets/CorgiEngine/Demos/Minimal/Prefabs/MovingPlatforms/MovingPlatform.prefab
  artifactKey: Guid(aa328d14aa3de3a49aa03c79d7d529df) Importer(2089858483,192608db42251d675da83286b1cce702)
Start importing Assets/CorgiEngine/Demos/Minimal/Prefabs/MovingPlatforms/MovingPlatform.prefab using Guid(aa328d14aa3de3a49aa03c79d7d529df) Importer(2089858483,192608db42251d675da83286b1cce702) (ScriptedImporter) -> (artifact id: '7e814e12840b8fad33a3c4fffc6f19af') in 0.052598 seconds
Number of updated asset objects reloaded before import = 0Number of asset objects unloaded after import = 10

========================================================================
Received Import Request.
  Time since last request: 0.000031 seconds.
  path: Assets/CorgiEngine/Demos/Retro/Prefabs/Enemies/RetroFireballCrawler.prefab
  artifactKey: Guid(490b2a8ab03787f47aff06d0cd533da9) Importer(2089858483,192608db42251d675da83286b1cce702)
Start importing Assets/CorgiEngine/Demos/Retro/Prefabs/Enemies/RetroFireballCrawler.prefab using Guid(490b2a8ab03787f47aff06d0cd533da9) Importer(2089858483,192608db42251d675da83286b1cce702) (ScriptedImporter) -> (artifact id: '25ef93777193c527add94757e050d307') in 0.0386916 seconds
Number of updated asset objects reloaded before import = 0Number of asset objects unloaded after import = 15

========================================================================
Received Import Request.
  Time since last request: 0.000033 seconds.
  path: Assets/CorgiEngine/Demos/Retro/Prefabs/Camera/RetroVaniaPostProcessingVolume.asset
  artifactKey: Guid(3477a0403206fb24f9daf13eed838837) Importer(2089858483,192608db42251d675da83286b1cce702)
Start importing Assets/CorgiEngine/Demos/Retro/Prefabs/Camera/RetroVaniaPostProcessingVolume.asset using Guid(3477a0403206fb24f9daf13eed838837) Importer(2089858483,192608db42251d675da83286b1cce702) (ScriptedImporter) -> (artifact id: '4208a1f267d5d2bc0822081184bd6945') in 0.0224882 seconds
Number of updated asset objects reloaded before import = 0Number of asset objects unloaded after import = 6

========================================================================
Received Import Request.
  Time since last request: 0.000038 seconds.
  path: Assets/CorgiEngine/Demos/Retro/Prefabs/Enemies/RetroBlobClimbLadders.prefab
  artifactKey: Guid(178a5915b2d890e48b9db70908f3400d) Importer(2089858483,192608db42251d675da83286b1cce702)
Start importing Assets/CorgiEngine/Demos/Retro/Prefabs/Enemies/RetroBlobClimbLadders.prefab using Guid(178a5915b2d890e48b9db70908f3400d) Importer(2089858483,192608db42251d675da83286b1cce702) (ScriptedImporter) -> (artifact id: '705d118767b5ef8d8482e50d781c8df6') in 0.1940921 seconds
Number of updated asset objects reloaded before import = 0Number of asset objects unloaded after import = 59

========================================================================
Received Import Request.
  Time since last request: 0.000047 seconds.
  path: Assets/CorgiEngine/Demos/Corgi3D/Prefabs/PlatformsGrey/2x1 Grey.prefab
  artifactKey: Guid(3d0825c9117333644aac77d8bb8e7dbd) Importer(2089858483,192608db42251d675da83286b1cce702)
Start importing Assets/CorgiEngine/Demos/Corgi3D/Prefabs/PlatformsGrey/2x1 Grey.prefab using Guid(3d0825c9117333644aac77d8bb8e7dbd) Importer(2089858483,192608db42251d675da83286b1cce702) (ScriptedImporter) -> (artifact id: 'a7fc5e3eac9db3414ecfcb4404a79847') in 0.0328007 seconds
Number of updated asset objects reloaded before import = 0Number of asset objects unloaded after import = 8

========================================================================
Received Import Request.
  Time since last request: 0.000031 seconds.
  path: Assets/CorgiEngine/Demos/Corgi2D/Prefabs/PlayableCharacters/spine-space-corgi.prefab
  artifactKey: Guid(5d8f0b4f366df4f328e9cf5153698263) Importer(2089858483,192608db42251d675da83286b1cce702)
Start importing Assets/CorgiEngine/Demos/Corgi2D/Prefabs/PlayableCharacters/spine-space-corgi.prefab using Guid(5d8f0b4f366df4f328e9cf5153698263) Importer(2089858483,192608db42251d675da83286b1cce702) (ScriptedImporter) -> (artifact id: 'ff22f908bf90ab89f92b25bc6d96fbe3') in 0.2768473 seconds
Number of updated asset objects reloaded before import = 0Number of asset objects unloaded after import = 241

========================================================================
Received Import Request.
  Time since last request: 0.000035 seconds.
  path: Assets/CorgiEngine/Demos/Minimal/Prefabs/Props/PushableBlock.prefab
  artifactKey: Guid(089b7c143e6cb00488280370c2f62e50) Importer(2089858483,192608db42251d675da83286b1cce702)
Start importing Assets/CorgiEngine/Demos/Minimal/Prefabs/Props/PushableBlock.prefab using Guid(089b7c143e6cb00488280370c2f62e50) Importer(2089858483,192608db42251d675da83286b1cce702) (ScriptedImporter) -> (artifact id: '7d6ccec5f530b8efe2b422bc78d3b3a1') in 0.0515079 seconds
Number of updated asset objects reloaded before import = 0Number of asset objects unloaded after import = 10

========================================================================
Received Import Request.
  Time since last request: 0.000069 seconds.
  path: Assets/CorgiEngine/Demos/Corgi2D/Sprites/Items/stimpack.png
  artifactKey: Guid(8e8c095001db0b44a81712bc3e5d84d3) Importer(2089858483,192608db42251d675da83286b1cce702)
Start importing Assets/CorgiEngine/Demos/Corgi2D/Sprites/Items/stimpack.png using Guid(8e8c095001db0b44a81712bc3e5d84d3) Importer(2089858483,192608db42251d675da83286b1cce702) (ScriptedImporter) -> (artifact id: 'ce3ba1eceda7ed901825f72751c61f4a') in 0.0467163 seconds
Number of updated asset objects reloaded before import = 0Number of asset objects unloaded after import = 3

========================================================================
Received Import Request.
  Time since last request: 0.000029 seconds.
  path: Assets/CorgiEngine/Demos/Minimal/Resources/Items/RubyKey.asset
  artifactKey: Guid(fafd6d02ef6505546a626a67afe20a01) Importer(2089858483,192608db42251d675da83286b1cce702)
Start importing Assets/CorgiEngine/Demos/Minimal/Resources/Items/RubyKey.asset using Guid(fafd6d02ef6505546a626a67afe20a01) Importer(2089858483,192608db42251d675da83286b1cce702) (ScriptedImporter) -> (artifact id: 'fe93a26e2fcbf94774bcd56f66efbcd3') in 0.0554037 seconds
Number of updated asset objects reloaded before import = 0Number of asset objects unloaded after import = 20

========================================================================
Received Import Request.
  Time since last request: 0.000028 seconds.
  path: Assets/CorgiEngine/Demos/Corgi3D/Prefabs/PlatformsOrange/4x1 Orange.prefab
  artifactKey: Guid(8c390f83daff19e43a04e12b26f30f87) Importer(2089858483,192608db42251d675da83286b1cce702)
Start importing Assets/CorgiEngine/Demos/Corgi3D/Prefabs/PlatformsOrange/4x1 Orange.prefab using Guid(8c390f83daff19e43a04e12b26f30f87) Importer(2089858483,192608db42251d675da83286b1cce702) (ScriptedImporter) -> (artifact id: '67f1f386793eb050146ce98de0852ebe') in 0.0335308 seconds
Number of updated asset objects reloaded before import = 0Number of asset objects unloaded after import = 8

========================================================================
Received Import Request.
  Time since last request: 0.000024 seconds.
  path: Assets/CorgiEngine/Demos/Minimal/Prefabs/PlayableCharacters/RectangleFallDamage.prefab
  artifactKey: Guid(d7dbbec9f449e684a8489cb98ca83a68) Importer(2089858483,192608db42251d675da83286b1cce702)
Start importing Assets/CorgiEngine/Demos/Minimal/Prefabs/PlayableCharacters/RectangleFallDamage.prefab using Guid(d7dbbec9f449e684a8489cb98ca83a68) Importer(2089858483,192608db42251d675da83286b1cce702) (ScriptedImporter) -> (artifact id: '33b24c8db0ce4d50c91b05e3a5a8b082') in 0.2403775 seconds
Number of updated asset objects reloaded before import = 0Number of asset objects unloaded after import = 120

========================================================================
Received Import Request.
  Time since last request: 0.000032 seconds.
  path: Assets/CorgiEngine/Demos/Corgi3D/Models/NewCorgi3D/NewCorgi@Hit.fbx
  artifactKey: Guid(14f4b1a391cb57442ac7e11f94add395) Importer(2089858483,192608db42251d675da83286b1cce702)
Start importing Assets/CorgiEngine/Demos/Corgi3D/Models/NewCorgi3D/NewCorgi@Hit.fbx using Guid(14f4b1a391cb57442ac7e11f94add395) Importer(2089858483,192608db42251d675da83286b1cce702) (ScriptedImporter) -> (artifact id: '444010b989ccdd7126f7fb39dfd23222') in 0.0839759 seconds
Number of updated asset objects reloaded before import = 0Number of asset objects unloaded after import = 57

========================================================================
Received Import Request.
  Time since last request: 0.000030 seconds.
  path: Assets/CorgiEngine/Demos/Corgi3D/Models/Enemies/Wolf.obj
  artifactKey: Guid(6c981afb86bca6a48a2b8e519e43ab9b) Importer(2089858483,192608db42251d675da83286b1cce702)
Start importing Assets/CorgiEngine/Demos/Corgi3D/Models/Enemies/Wolf.obj using Guid(6c981afb86bca6a48a2b8e519e43ab9b) Importer(2089858483,192608db42251d675da83286b1cce702) (ScriptedImporter) -> (artifact id: '0ff0cdd3fd80eec86a0af2441c0f6c2f') in 0.0421634 seconds
Number of updated asset objects reloaded before import = 0Number of asset objects unloaded after import = 9

========================================================================
Received Import Request.
  Time since last request: 0.000028 seconds.
  path: Assets/CorgiEngine/Demos/Corgi2D/Prefabs/Weapons/CorgiMachineGunProjectile.prefab
  artifactKey: Guid(e2ca4f0ef708e4817b84379c9c010b3b) Importer(2089858483,192608db42251d675da83286b1cce702)
Start importing Assets/CorgiEngine/Demos/Corgi2D/Prefabs/Weapons/CorgiMachineGunProjectile.prefab using Guid(e2ca4f0ef708e4817b84379c9c010b3b) Importer(2089858483,192608db42251d675da83286b1cce702) (ScriptedImporter) -> (artifact id: '276b5894f12946011b329c0fc9462c71') in 0.0873031 seconds
Number of updated asset objects reloaded before import = 0Number of asset objects unloaded after import = 28

========================================================================
Received Import Request.
  Time since last request: 0.000032 seconds.
  path: Assets/CorgiEngine/Demos/Minimal/Prefabs/OneWayPlatforms/OneWayPlatform400x25.prefab
  artifactKey: Guid(9b115bd337eefbe498ba383083f78409) Importer(2089858483,192608db42251d675da83286b1cce702)
Start importing Assets/CorgiEngine/Demos/Minimal/Prefabs/OneWayPlatforms/OneWayPlatform400x25.prefab using Guid(9b115bd337eefbe498ba383083f78409) Importer(2089858483,192608db42251d675da83286b1cce702) (ScriptedImporter) -> (artifact id: 'd2a62add5dfa628240710bef4dc0f46f') in 0.0423264 seconds
Number of updated asset objects reloaded before import = 0Number of asset objects unloaded after import = 8

========================================================================
Received Import Request.
  Time since last request: 0.000035 seconds.
  path: Assets/CorgiEngine/Demos/Corgi3D/Prefabs/AI/Squid3D.prefab
  artifactKey: Guid(050ae822a6bd330428d8dfe28802fafa) Importer(2089858483,192608db42251d675da83286b1cce702)
Start importing Assets/CorgiEngine/Demos/Corgi3D/Prefabs/AI/Squid3D.prefab using Guid(050ae822a6bd330428d8dfe28802fafa) Importer(2089858483,192608db42251d675da83286b1cce702) (ScriptedImporter) -> (artifact id: 'b606f3f7a03205e52caab5d90a9f6513') in 0.1119546 seconds
Number of updated asset objects reloaded before import = 0Number of asset objects unloaded after import = 46

========================================================================
Received Import Request.
  Time since last request: 0.000028 seconds.
  path: Assets/CorgiEngine/Demos/Corgi3D/Prefabs/PlatformsBlue/1xpoint5-ramp.prefab
  artifactKey: Guid(bfd0ae3023bacba418913e92770304dc) Importer(2089858483,192608db42251d675da83286b1cce702)
Start importing Assets/CorgiEngine/Demos/Corgi3D/Prefabs/PlatformsBlue/1xpoint5-ramp.prefab using Guid(bfd0ae3023bacba418913e92770304dc) Importer(2089858483,192608db42251d675da83286b1cce702) (ScriptedImporter) -> (artifact id: '65b35b5f3593c46ec8d532cc611267fd') in 0.0304686 seconds
Number of updated asset objects reloaded before import = 0Number of asset objects unloaded after import = 9

========================================================================
Received Import Request.
  Time since last request: 0.000034 seconds.
  path: Assets/CorgiEngine/Demos/Corgi3D/Prefabs/PlatformsOrange/4x1 Orange Thin.prefab
  artifactKey: Guid(eb8da86a580ca76489a03038ccb8b626) Importer(2089858483,192608db42251d675da83286b1cce702)
Start importing Assets/CorgiEngine/Demos/Corgi3D/Prefabs/PlatformsOrange/4x1 Orange Thin.prefab using Guid(eb8da86a580ca76489a03038ccb8b626) Importer(2089858483,192608db42251d675da83286b1cce702) (ScriptedImporter) -> (artifact id: 'a08811c999e997d239535669d167e72b') in 0.0380631 seconds
Number of updated asset objects reloaded before import = 0Number of asset objects unloaded after import = 8

========================================================================
Received Import Request.
  Time since last request: 0.000035 seconds.
  path: Assets/CorgiEngine/Demos/Corgi3D/Models/Props/Corgi3DHill.fbx
  artifactKey: Guid(03900ff8cda902a43943decb4a712f60) Importer(2089858483,192608db42251d675da83286b1cce702)
Start importing Assets/CorgiEngine/Demos/Corgi3D/Models/Props/Corgi3DHill.fbx using Guid(03900ff8cda902a43943decb4a712f60) Importer(2089858483,192608db42251d675da83286b1cce702) (ScriptedImporter) -> (artifact id: '0ce7425d074e219440ccf37e3e2a9a8b') in 0.0451204 seconds
Number of updated asset objects reloaded before import = 0Number of asset objects unloaded after import = 8

========================================================================
Received Import Request.
  Time since last request: 0.000029 seconds.
  path: Assets/CorgiEngine/Demos/Minimal/Sprites/Rectangle/RectangleDangling.png
  artifactKey: Guid(19964eda582b5c5428f7ba17a3389559) Importer(2089858483,192608db42251d675da83286b1cce702)
Start importing Assets/CorgiEngine/Demos/Minimal/Sprites/Rectangle/RectangleDangling.png using Guid(19964eda582b5c5428f7ba17a3389559) Importer(2089858483,192608db42251d675da83286b1cce702) (ScriptedImporter) -> (artifact id: '847a785e39a0e7447f039a2b6b565317') in 0.1213643 seconds
Number of updated asset objects reloaded before import = 0Number of asset objects unloaded after import = 17

========================================================================
Received Import Request.
  Time since last request: 0.000026 seconds.
  path: Assets/CorgiEngine/Demos/Corgi3D/Models/NewCorgi3D/NewCorgi@Wobbling.fbx
  artifactKey: Guid(4974940b80a78584f9f5d1d1fbfe3923) Importer(2089858483,192608db42251d675da83286b1cce702)
Start importing Assets/CorgiEngine/Demos/Corgi3D/Models/NewCorgi3D/NewCorgi@Wobbling.fbx using Guid(4974940b80a78584f9f5d1d1fbfe3923) Importer(2089858483,192608db42251d675da83286b1cce702) (ScriptedImporter) -> (artifact id: 'f2ec71ced119754a9f66dfbb5ac2e36b') in 0.0520181 seconds
Number of updated asset objects reloaded before import = 0Number of asset objects unloaded after import = 57

========================================================================
Received Import Request.
  Time since last request: 0.000040 seconds.
  path: Assets/CorgiEngine/Demos/Corgi3D/Prefabs/PlatformsGreen/4x1 Green.prefab
  artifactKey: Guid(cd20e90ad736f4e41900cb110bbc7063) Importer(2089858483,192608db42251d675da83286b1cce702)
Start importing Assets/CorgiEngine/Demos/Corgi3D/Prefabs/PlatformsGreen/4x1 Green.prefab using Guid(cd20e90ad736f4e41900cb110bbc7063) Importer(2089858483,192608db42251d675da83286b1cce702) (ScriptedImporter) -> (artifact id: '500e45bcd65c3b1bd7c5579ef6095b49') in 0.0307569 seconds
Number of updated asset objects reloaded before import = 0Number of asset objects unloaded after import = 8

========================================================================
Received Import Request.
  Time since last request: 0.000033 seconds.
  path: Assets/CorgiEngine/Demos/Minimal/Prefabs/Platforms/Platform1000x100.prefab
  artifactKey: Guid(f58a667c8217aaf42b28e20ef609767b) Importer(2089858483,192608db42251d675da83286b1cce702)
Start importing Assets/CorgiEngine/Demos/Minimal/Prefabs/Platforms/Platform1000x100.prefab using Guid(f58a667c8217aaf42b28e20ef609767b) Importer(2089858483,192608db42251d675da83286b1cce702) (ScriptedImporter) -> (artifact id: 'ba4af9e461feb35a90d016e3b4bb8a78') in 0.0425445 seconds
Number of updated asset objects reloaded before import = 0Number of asset objects unloaded after import = 8

========================================================================
Received Import Request.
  Time since last request: 0.000026 seconds.
  path: Assets/CorgiEngine/Demos/Minimal/Prefabs/Platforms/Platform400x200.prefab
  artifactKey: Guid(7bfb70ab3b6f0d54a9c5d52631b68104) Importer(2089858483,192608db42251d675da83286b1cce702)
Start importing Assets/CorgiEngine/Demos/Minimal/Prefabs/Platforms/Platform400x200.prefab using Guid(7bfb70ab3b6f0d54a9c5d52631b68104) Importer(2089858483,192608db42251d675da83286b1cce702) (ScriptedImporter) -> (artifact id: '79163f40966f96b852bcdf36229fc36c') in 0.0483471 seconds
Number of updated asset objects reloaded before import = 0Number of asset objects unloaded after import = 8

========================================================================
Received Import Request.
  Time since last request: 0.000019 seconds.
  path: Assets/CorgiEngine/Demos/Minimal/Prefabs/PlayableCharacters/RectangleWithInventory.prefab
  artifactKey: Guid(f5c57d95bfa8533439fc6b198c40be6d) Importer(2089858483,192608db42251d675da83286b1cce702)
Start importing Assets/CorgiEngine/Demos/Minimal/Prefabs/PlayableCharacters/RectangleWithInventory.prefab using Guid(f5c57d95bfa8533439fc6b198c40be6d) Importer(2089858483,192608db42251d675da83286b1cce702) (ScriptedImporter) -> (artifact id: '7317f5eb7c5b1d4b83368b9865fbda44') in 0.2630598 seconds
Number of updated asset objects reloaded before import = 0Number of asset objects unloaded after import = 73

========================================================================
Received Import Request.
  Time since last request: 0.000032 seconds.
  path: Assets/CorgiEngine/Demos/Retro/Prefabs/ItemPickers/RetroPoisonAntidote.prefab
  artifactKey: Guid(374274a95e3530140a988ef51d9f78a4) Importer(2089858483,192608db42251d675da83286b1cce702)
Start importing Assets/CorgiEngine/Demos/Retro/Prefabs/ItemPickers/RetroPoisonAntidote.prefab using Guid(374274a95e3530140a988ef51d9f78a4) Importer(2089858483,192608db42251d675da83286b1cce702) (ScriptedImporter) -> (artifact id: 'aed793a11921417e85de549ba1b0325b') in 0.0527997 seconds
Number of updated asset objects reloaded before import = 0Number of asset objects unloaded after import = 24

========================================================================
Received Import Request.
  Time since last request: 0.000034 seconds.
  path: Assets/CorgiEngine/Demos/Retro/Sprites/RetroCorgi/RetroCorgiCrawl.png
  artifactKey: Guid(1cedaa0b2f1304a9f8ee22f7f4d444c8) Importer(2089858483,192608db42251d675da83286b1cce702)
Start importing Assets/CorgiEngine/Demos/Retro/Sprites/RetroCorgi/RetroCorgiCrawl.png using Guid(1cedaa0b2f1304a9f8ee22f7f4d444c8) Importer(2089858483,192608db42251d675da83286b1cce702) (ScriptedImporter) -> (artifact id: '7064fe8be6be8d494db0a8cfa6cf5d35') in 0.0806638 seconds
Number of updated asset objects reloaded before import = 0Number of asset objects unloaded after import = 10

========================================================================
Received Import Request.
  Time since last request: 0.000026 seconds.
  path: Assets/CorgiEngine/Demos/Retro/Prefabs/Props/RetroLedgeRight.prefab
  artifactKey: Guid(d756d9c91a6912845b313fb484e62b49) Importer(2089858483,192608db42251d675da83286b1cce702)
Start importing Assets/CorgiEngine/Demos/Retro/Prefabs/Props/RetroLedgeRight.prefab using Guid(d756d9c91a6912845b313fb484e62b49) Importer(2089858483,192608db42251d675da83286b1cce702) (ScriptedImporter) -> (artifact id: 'f22f8736af9129319875be8f03897333') in 0.0383589 seconds
Number of updated asset objects reloaded before import = 0Number of asset objects unloaded after import = 9

========================================================================
Received Import Request.
  Time since last request: 0.000031 seconds.
  path: Assets/CorgiEngine/Demos/Retro/Prefabs/Weapons/RetroMeleeAttack.prefab
  artifactKey: Guid(bce026a1f5ce94779a54d3f0bc4bf7aa) Importer(2089858483,192608db42251d675da83286b1cce702)
Start importing Assets/CorgiEngine/Demos/Retro/Prefabs/Weapons/RetroMeleeAttack.prefab using Guid(bce026a1f5ce94779a54d3f0bc4bf7aa) Importer(2089858483,192608db42251d675da83286b1cce702) (ScriptedImporter) -> (artifact id: '2edd74585878aceec9a3af2cd784a787') in 0.102128 seconds
Number of updated asset objects reloaded before import = 0Number of asset objects unloaded after import = 17

========================================================================
Received Import Request.
  Time since last request: 0.000028 seconds.
  path: Assets/CorgiEngine/Demos/Retro/Prefabs/ItemPickers/RetroComboSwordPicker.prefab
  artifactKey: Guid(6065eb9b71e2bef40a65c86e2b07111f) Importer(2089858483,192608db42251d675da83286b1cce702)
Start importing Assets/CorgiEngine/Demos/Retro/Prefabs/ItemPickers/RetroComboSwordPicker.prefab using Guid(6065eb9b71e2bef40a65c86e2b07111f) Importer(2089858483,192608db42251d675da83286b1cce702) (ScriptedImporter) -> (artifact id: '29598a9247a8c2bb95c9e8f2abc66d73') in 0.0759443 seconds
Number of updated asset objects reloaded before import = 0Number of asset objects unloaded after import = 40

========================================================================
Received Import Request.
  Time since last request: 0.000038 seconds.
  path: Assets/CorgiEngine/Demos/Retro/Sprites/RetroCorgi/RetroSwordSlash.png
  artifactKey: Guid(37fb6cf47b2fc4ec9b4f2611fcfbd3f8) Importer(2089858483,192608db42251d675da83286b1cce702)
Start importing Assets/CorgiEngine/Demos/Retro/Sprites/RetroCorgi/RetroSwordSlash.png using Guid(37fb6cf47b2fc4ec9b4f2611fcfbd3f8) Importer(2089858483,192608db42251d675da83286b1cce702) (ScriptedImporter) -> (artifact id: 'bf9c3d507ee313f054a3df60c054a264') in 0.0457828 seconds
Number of updated asset objects reloaded before import = 0Number of asset objects unloaded after import = 3

========================================================================
Received Import Request.
  Time since last request: 0.000023 seconds.
  path: Assets/CorgiEngine/Demos/Retro/Sprites/RetroCopter/RetroCopterAnimation.anim
  artifactKey: Guid(1572eafa5f5120144910ebdd9a5eccb7) Importer(2089858483,192608db42251d675da83286b1cce702)
Start importing Assets/CorgiEngine/Demos/Retro/Sprites/RetroCopter/RetroCopterAnimation.anim using Guid(1572eafa5f5120144910ebdd9a5eccb7) Importer(2089858483,192608db42251d675da83286b1cce702) (ScriptedImporter) -> (artifact id: '3d0ba37d04185765341e75d906f0e7a1') in 0.0279428 seconds
Number of updated asset objects reloaded before import = 0Number of asset objects unloaded after import = 1

========================================================================
Received Import Request.
  Time since last request: 0.000077 seconds.
  path: Assets/CorgiEngine/Demos/Retro/Prefabs/Props/RetroMovingPlatform.prefab
  artifactKey: Guid(eabcd8dae003143deb2597dbc08711dd) Importer(2089858483,192608db42251d675da83286b1cce702)
Start importing Assets/CorgiEngine/Demos/Retro/Prefabs/Props/RetroMovingPlatform.prefab using Guid(eabcd8dae003143deb2597dbc08711dd) Importer(2089858483,192608db42251d675da83286b1cce702) (ScriptedImporter) -> (artifact id: '8daf30f3ebe59dbdbbabfd1c019a0c5b') in 0.0367398 seconds
Number of updated asset objects reloaded before import = 0Number of asset objects unloaded after import = 23

========================================================================
Received Import Request.
  Time since last request: 0.000023 seconds.
  path: Assets/CorgiEngine/Demos/Retro/Sprites/RetroBackgrounds/RetroCloudBackground1Sprite.png
  artifactKey: Guid(bc980504cfc84044b9f7d7ffeb4da1ca) Importer(2089858483,192608db42251d675da83286b1cce702)
Start importing Assets/CorgiEngine/Demos/Retro/Sprites/RetroBackgrounds/RetroCloudBackground1Sprite.png using Guid(bc980504cfc84044b9f7d7ffeb4da1ca) Importer(2089858483,192608db42251d675da83286b1cce702) (ScriptedImporter) -> (artifact id: 'f4b76498a49ad9b81385c432f722d6e3') in 0.0610778 seconds
Number of updated asset objects reloaded before import = 0Number of asset objects unloaded after import = 3

========================================================================
Received Import Request.
  Time since last request: 0.000025 seconds.
  path: Assets/CorgiEngine/Demos/Retro/Sprites/RetroElementalDamage/RetroSkull.png
  artifactKey: Guid(54bbbc7884d10ff4894f9d212338223c) Importer(2089858483,192608db42251d675da83286b1cce702)
Start importing Assets/CorgiEngine/Demos/Retro/Sprites/RetroElementalDamage/RetroSkull.png using Guid(54bbbc7884d10ff4894f9d212338223c) Importer(2089858483,192608db42251d675da83286b1cce702) (ScriptedImporter) -> (artifact id: 'b04f0ca2d02ba75ba773eff44d6e2a00') in 0.0608596 seconds
Number of updated asset objects reloaded before import = 0Number of asset objects unloaded after import = 3

========================================================================
Received Import Request.
  Time since last request: 0.000028 seconds.
  path: Assets/CorgiEngine/Demos/Retro/Prefabs/ItemPickers/RetroMachineGunPicker.prefab
  artifactKey: Guid(e9e447eaee7f2495bbcd41ddab5217b4) Importer(2089858483,192608db42251d675da83286b1cce702)
Start importing Assets/CorgiEngine/Demos/Retro/Prefabs/ItemPickers/RetroMachineGunPicker.prefab using Guid(e9e447eaee7f2495bbcd41ddab5217b4) Importer(2089858483,192608db42251d675da83286b1cce702) (ScriptedImporter) -> (artifact id: 'bda8ecb58bc3d3ae7701f399dec46f4f') in 0.0707917 seconds
Number of updated asset objects reloaded before import = 0Number of asset objects unloaded after import = 107

========================================================================
Received Import Request.
  Time since last request: 0.000035 seconds.
  path: Assets/CorgiEngine/Demos/Retro/Sprites/RetroCopter/RetroCopter.png
  artifactKey: Guid(af6c5a96b7c5e834ea54450a451d8673) Importer(2089858483,192608db42251d675da83286b1cce702)
Start importing Assets/CorgiEngine/Demos/Retro/Sprites/RetroCopter/RetroCopter.png using Guid(af6c5a96b7c5e834ea54450a451d8673) Importer(2089858483,192608db42251d675da83286b1cce702) (ScriptedImporter) -> (artifact id: 'e57b00371f66350071786aec421f9f45') in 0.0475473 seconds
Number of updated asset objects reloaded before import = 0Number of asset objects unloaded after import = 4

========================================================================
Received Import Request.
  Time since last request: 0.000019 seconds.
  path: Assets/CorgiEngine/Demos/Retro/Sprites/RetroCorgi/RetroCorgiSwimIdle.png
  artifactKey: Guid(6b80af67a25b1b0479a8c1c3bf7af092) Importer(2089858483,192608db42251d675da83286b1cce702)
Start importing Assets/CorgiEngine/Demos/Retro/Sprites/RetroCorgi/RetroCorgiSwimIdle.png using Guid(6b80af67a25b1b0479a8c1c3bf7af092) Importer(2089858483,192608db42251d675da83286b1cce702) (ScriptedImporter) -> (artifact id: '7ef5a9aae4331aa76e339cbc82a287e2') in 0.0542014 seconds
Number of updated asset objects reloaded before import = 0Number of asset objects unloaded after import = 3

========================================================================
Received Import Request.
  Time since last request: 0.000020 seconds.
  path: Assets/CorgiEngine/Demos/Retro/Prefabs/VFX/RetroPhysicsSparksYellow.prefab
  artifactKey: Guid(09986992482e9e8458e7d6507e2cfca6) Importer(2089858483,192608db42251d675da83286b1cce702)
Start importing Assets/CorgiEngine/Demos/Retro/Prefabs/VFX/RetroPhysicsSparksYellow.prefab using Guid(09986992482e9e8458e7d6507e2cfca6) Importer(2089858483,192608db42251d675da83286b1cce702) (ScriptedImporter) -> (artifact id: '34c0930080a3a18d6374b2b46507b6e9') in 0.0859979 seconds
Number of updated asset objects reloaded before import = 0Number of asset objects unloaded after import = 15

========================================================================
Received Import Request.
  Time since last request: 0.000019 seconds.
  path: Assets/CorgiEngine/Demos/Retro/Sprites/RetroCopter/RetroCopter_0.controller
  artifactKey: Guid(afdf57fd09000384ebf130333b9936ef) Importer(2089858483,192608db42251d675da83286b1cce702)
Start importing Assets/CorgiEngine/Demos/Retro/Sprites/RetroCopter/RetroCopter_0.controller using Guid(afdf57fd09000384ebf130333b9936ef) Importer(2089858483,192608db42251d675da83286b1cce702) (ScriptedImporter) -> (artifact id: '2bb0f71b576b23c0818d3eaf05de6b19') in 0.0247052 seconds
Number of updated asset objects reloaded before import = 0Number of asset objects unloaded after import = 8

========================================================================
Received Import Request.
  Time since last request: 0.000029 seconds.
  path: Assets/CorgiEngine/Demos/Retro/Sprites/RetroPatterns/RetroPattern1.png
  artifactKey: Guid(9f18795f99dfe2a4db73d9fa81fdb76d) Importer(2089858483,192608db42251d675da83286b1cce702)
Start importing Assets/CorgiEngine/Demos/Retro/Sprites/RetroPatterns/RetroPattern1.png using Guid(9f18795f99dfe2a4db73d9fa81fdb76d) Importer(2089858483,192608db42251d675da83286b1cce702) (ScriptedImporter) -> (artifact id: '72f651de17a391bd94962001a40303be') in 0.0611077 seconds
Number of updated asset objects reloaded before import = 0Number of asset objects unloaded after import = 3

========================================================================
Received Import Request.
  Time since last request: 0.000028 seconds.
  path: Assets/CorgiEngine/Demos/Retro/Sprites/RetroCorgi/RetroCorgiDead.png
  artifactKey: Guid(b81381d3c87c649e0993c7a8e5508582) Importer(2089858483,192608db42251d675da83286b1cce702)
Start importing Assets/CorgiEngine/Demos/Retro/Sprites/RetroCorgi/RetroCorgiDead.png using Guid(b81381d3c87c649e0993c7a8e5508582) Importer(2089858483,192608db42251d675da83286b1cce702) (ScriptedImporter) -> (artifact id: '393e2cb31230d0ddd79dd55a4218b18e') in 0.0592436 seconds
Number of updated asset objects reloaded before import = 0Number of asset objects unloaded after import = 3

========================================================================
Received Import Request.
  Time since last request: 0.000024 seconds.
  path: Assets/CorgiEngine/Demos/Retro/Resources/Items/RetroCoin.asset
  artifactKey: Guid(ccd930899cfd64c25accb41caf83cbcc) Importer(2089858483,192608db42251d675da83286b1cce702)
Start importing Assets/CorgiEngine/Demos/Retro/Resources/Items/RetroCoin.asset using Guid(ccd930899cfd64c25accb41caf83cbcc) Importer(2089858483,192608db42251d675da83286b1cce702) (ScriptedImporter) -> (artifact id: '79733a7aa871389ea93078fb7adf0b47') in 0.0553845 seconds
Number of updated asset objects reloaded before import = 0Number of asset objects unloaded after import = 20

========================================================================
Received Import Request.
  Time since last request: 0.000031 seconds.
  path: Assets/CorgiEngine/Demos/Retro/Resources/Items/RetroYellowKey.asset
  artifactKey: Guid(db78fc8e749bc4e819e1f9da5c839ec2) Importer(2089858483,192608db42251d675da83286b1cce702)
Start importing Assets/CorgiEngine/Demos/Retro/Resources/Items/RetroYellowKey.asset using Guid(db78fc8e749bc4e819e1f9da5c839ec2) Importer(2089858483,192608db42251d675da83286b1cce702) (ScriptedImporter) -> (artifact id: '06ce6be37c31945db73fe722466e62ef') in 0.0432577 seconds
Number of updated asset objects reloaded before import = 0Number of asset objects unloaded after import = 19

========================================================================
Received Import Request.
  Time since last request: 0.000026 seconds.
  path: Assets/CorgiEngine/Demos/Retro/Sprites/RetroBoss/RetroBossLeftGunShoot.png
  artifactKey: Guid(c8d0cdec403379c4b8e0d973967f7f8d) Importer(2089858483,192608db42251d675da83286b1cce702)
Start importing Assets/CorgiEngine/Demos/Retro/Sprites/RetroBoss/RetroBossLeftGunShoot.png using Guid(c8d0cdec403379c4b8e0d973967f7f8d) Importer(2089858483,192608db42251d675da83286b1cce702) (ScriptedImporter) -> (artifact id: '22b2e81359113e05faf9c3b8f3e453a7') in 0.0648408 seconds
Number of updated asset objects reloaded before import = 0Number of asset objects unloaded after import = 6

========================================================================
Received Import Request.
  Time since last request: 0.000026 seconds.
  path: Assets/CorgiEngine/Demos/Retro/Sprites/RetroElementalDamage/RetroElectricityMaterial.mat
  artifactKey: Guid(1b18e1a14235b0c4ca3bf11a363446fe) Importer(2089858483,192608db42251d675da83286b1cce702)
Start importing Assets/CorgiEngine/Demos/Retro/Sprites/RetroElementalDamage/RetroElectricityMaterial.mat using Guid(1b18e1a14235b0c4ca3bf11a363446fe) Importer(2089858483,192608db42251d675da83286b1cce702) (ScriptedImporter) -> (artifact id: 'f66b7e326e549e18c7d3ef73f9057be1') in 0.0299133 seconds
Number of updated asset objects reloaded before import = 0Number of asset objects unloaded after import = 2

========================================================================
Received Import Request.
  Time since last request: 0.000043 seconds.
  path: Assets/CorgiEngine/Demos/Retro/Prefabs/PlayableCharacters/FlyingRetroCorgi.prefab
  artifactKey: Guid(ddb8ffcdd255d0c449e5f5ec05c14930) Importer(2089858483,192608db42251d675da83286b1cce702)
Start importing Assets/CorgiEngine/Demos/Retro/Prefabs/PlayableCharacters/FlyingRetroCorgi.prefab using Guid(ddb8ffcdd255d0c449e5f5ec05c14930) Importer(2089858483,192608db42251d675da83286b1cce702) (ScriptedImporter) -> (artifact id: 'c64465cf1f54726919c977b965b8f256') in 0.255925 seconds
Number of updated asset objects reloaded before import = 0Number of asset objects unloaded after import = 91

========================================================================
Received Import Request.
  Time since last request: 0.000026 seconds.
  path: Assets/CorgiEngine/Demos/Retro/Sprites/RetroCorgi/RetroCorgiCrouch.png
  artifactKey: Guid(b5f619214b8a1472aa49228943b2fb94) Importer(2089858483,192608db42251d675da83286b1cce702)
Start importing Assets/CorgiEngine/Demos/Retro/Sprites/RetroCorgi/RetroCorgiCrouch.png using Guid(b5f619214b8a1472aa49228943b2fb94) Importer(2089858483,192608db42251d675da83286b1cce702) (ScriptedImporter) -> (artifact id: 'b9e014e0776770472f91fc6d26e41f77') in 0.0843096 seconds
Number of updated asset objects reloaded before import = 0Number of asset objects unloaded after import = 9

========================================================================
Received Import Request.
  Time since last request: 0.000032 seconds.
  path: Assets/CorgiEngine/Demos/Retro/Sprites/RetroPatterns/RetroPattern3.png
  artifactKey: Guid(3edcf610a339d0944b423ef4489557a1) Importer(2089858483,192608db42251d675da83286b1cce702)
Start importing Assets/CorgiEngine/Demos/Retro/Sprites/RetroPatterns/RetroPattern3.png using Guid(3edcf610a339d0944b423ef4489557a1) Importer(2089858483,192608db42251d675da83286b1cce702) (ScriptedImporter) -> (artifact id: 'e90470c3c03b44bc4d7a04f051ef1f83') in 0.0596924 seconds
Number of updated asset objects reloaded before import = 0Number of asset objects unloaded after import = 3

========================================================================
Received Import Request.
  Time since last request: 0.000030 seconds.
  path: Assets/CorgiEngine/Demos/Corgi2D/Prefabs/PlayableCharacters/spine-space-cat.prefab
  artifactKey: Guid(258bb621ae72847a19516ca96017594d) Importer(2089858483,192608db42251d675da83286b1cce702)
Start importing Assets/CorgiEngine/Demos/Corgi2D/Prefabs/PlayableCharacters/spine-space-cat.prefab using Guid(258bb621ae72847a19516ca96017594d) Importer(2089858483,192608db42251d675da83286b1cce702) (ScriptedImporter) -> (artifact id: '4bebdcff074bbc6cdad2f2c789ad5226') in 0.2423954 seconds
Number of updated asset objects reloaded before import = 0Number of asset objects unloaded after import = 242

========================================================================
Received Import Request.
  Time since last request: 0.000035 seconds.
  path: Assets/CorgiEngine/Demos/Corgi3D/Textures/PrototypeBlocks/1x1LightGrey.png
  artifactKey: Guid(0ddb67a5a68554fffb4174835c2dbdd3) Importer(2089858483,192608db42251d675da83286b1cce702)
Start importing Assets/CorgiEngine/Demos/Corgi3D/Textures/PrototypeBlocks/1x1LightGrey.png using Guid(0ddb67a5a68554fffb4174835c2dbdd3) Importer(2089858483,192608db42251d675da83286b1cce702) (ScriptedImporter) -> (artifact id: '068317fe2f0ebbfa68f52e34a2d76df4') in 0.0440283 seconds
Number of updated asset objects reloaded before import = 0Number of asset objects unloaded after import = 1

========================================================================
Received Import Request.
  Time since last request: 0.000033 seconds.
  path: Assets/CorgiEngine/Demos/Corgi3D/Prefabs/PlatformsOrange/2x1 Orange.prefab
  artifactKey: Guid(5d3c1ce2f6b2450489dce72f431aa1ba) Importer(2089858483,192608db42251d675da83286b1cce702)
Start importing Assets/CorgiEngine/Demos/Corgi3D/Prefabs/PlatformsOrange/2x1 Orange.prefab using Guid(5d3c1ce2f6b2450489dce72f431aa1ba) Importer(2089858483,192608db42251d675da83286b1cce702) (ScriptedImporter) -> (artifact id: 'db69f897415fa1c7fb2985cbb502b48e') in 0.031378 seconds
Number of updated asset objects reloaded before import = 0Number of asset objects unloaded after import = 8

========================================================================
Received Import Request.
  Time since last request: 0.000029 seconds.
  path: Assets/CorgiEngine/Demos/Minimal/Sprites/Props/MinimalItems.png
  artifactKey: Guid(d926550b6fca5488b9b76f2733af1c45) Importer(2089858483,192608db42251d675da83286b1cce702)
Start importing Assets/CorgiEngine/Demos/Minimal/Sprites/Props/MinimalItems.png using Guid(d926550b6fca5488b9b76f2733af1c45) Importer(2089858483,192608db42251d675da83286b1cce702) (ScriptedImporter) -> (artifact id: '735c6d2522b394e95e8be003494052e5') in 0.0903326 seconds
Number of updated asset objects reloaded before import = 0Number of asset objects unloaded after import = 18

========================================================================
Received Import Request.
  Time since last request: 0.000022 seconds.
  path: Assets/CorgiEngine/Demos/Corgi3D/Textures/Skybox/Corgi3DSkyboxUp.png
  artifactKey: Guid(e72f633b426c6ed4dafbf1cf484aa5b4) Importer(2089858483,192608db42251d675da83286b1cce702)
Start importing Assets/CorgiEngine/Demos/Corgi3D/Textures/Skybox/Corgi3DSkyboxUp.png using Guid(e72f633b426c6ed4dafbf1cf484aa5b4) Importer(2089858483,192608db42251d675da83286b1cce702) (ScriptedImporter) -> (artifact id: '880b903a7449c6bf38b0c26cd9a18030') in 0.0409749 seconds
Number of updated asset objects reloaded before import = 0Number of asset objects unloaded after import = 3

========================================================================
Received Import Request.
  Time since last request: 0.000026 seconds.
  path: Assets/CorgiEngine/Demos/Corgi2D/Prefabs/Weapons/CorgiMachineGun.prefab
  artifactKey: Guid(c061427043f064e3e8034c5f6499c9e6) Importer(2089858483,192608db42251d675da83286b1cce702)
Start importing Assets/CorgiEngine/Demos/Corgi2D/Prefabs/Weapons/CorgiMachineGun.prefab using Guid(c061427043f064e3e8034c5f6499c9e6) Importer(2089858483,192608db42251d675da83286b1cce702) (ScriptedImporter) -> (artifact id: 'd4d4753da54a5f97acb3d1c9e7fe1f5f') in 0.1137229 seconds
Number of updated asset objects reloaded before import = 0Number of asset objects unloaded after import = 55

========================================================================
Received Import Request.
  Time since last request: 0.000034 seconds.
  path: Assets/CorgiEngine/Demos/Retro/Prefabs/VFX/RetroDustCloud1.prefab
  artifactKey: Guid(2d7aa0f628298ae4dad522c8b9e52d7d) Importer(2089858483,192608db42251d675da83286b1cce702)
Start importing Assets/CorgiEngine/Demos/Retro/Prefabs/VFX/RetroDustCloud1.prefab using Guid(2d7aa0f628298ae4dad522c8b9e52d7d) Importer(2089858483,192608db42251d675da83286b1cce702) (ScriptedImporter) -> (artifact id: '1aab88c6434f33b415585a14a1d8feac') in 0.0783225 seconds
Number of updated asset objects reloaded before import = 0Number of asset objects unloaded after import = 6

========================================================================
Received Import Request.
  Time since last request: 0.000042 seconds.
  path: Assets/CorgiEngine/Demos/Corgi3D/Textures/Skybox/Corgi3DSkyboxLeft.png
  artifactKey: Guid(e8cc0dd79f659f94899c92a22a6dee9c) Importer(2089858483,192608db42251d675da83286b1cce702)
Start importing Assets/CorgiEngine/Demos/Corgi3D/Textures/Skybox/Corgi3DSkyboxLeft.png using Guid(e8cc0dd79f659f94899c92a22a6dee9c) Importer(2089858483,192608db42251d675da83286b1cce702) (ScriptedImporter) -> (artifact id: '4e393f44c7d5b6d44faae40b024cc709') in 0.0492425 seconds
Number of updated asset objects reloaded before import = 0Number of asset objects unloaded after import = 3

========================================================================
Received Import Request.
  Time since last request: 0.000025 seconds.
  path: Assets/CorgiEngine/Demos/Corgi3D/Models/Enemies/Bear.obj
  artifactKey: Guid(a3d82782e3a9822469b6e109ecdcb3d5) Importer(2089858483,192608db42251d675da83286b1cce702)
Start importing Assets/CorgiEngine/Demos/Corgi3D/Models/Enemies/Bear.obj using Guid(a3d82782e3a9822469b6e109ecdcb3d5) Importer(2089858483,192608db42251d675da83286b1cce702) (ScriptedImporter) -> (artifact id: 'f1ebbe9130dc5bb4c039fb8f9031f223') in 0.0432952 seconds
Number of updated asset objects reloaded before import = 0Number of asset objects unloaded after import = 9

========================================================================
Received Import Request.
  Time since last request: 0.000029 seconds.
  path: Assets/CorgiEngine/Demos/Minimal/Prefabs/Slopes/Slope300x200.prefab
  artifactKey: Guid(2ad260cc8de39f6469e69fa9a1c644bf) Importer(2089858483,192608db42251d675da83286b1cce702)
Start importing Assets/CorgiEngine/Demos/Minimal/Prefabs/Slopes/Slope300x200.prefab using Guid(2ad260cc8de39f6469e69fa9a1c644bf) Importer(2089858483,192608db42251d675da83286b1cce702) (ScriptedImporter) -> (artifact id: '755ba754b774418ce06a47467574b198') in 0.0410964 seconds
Number of updated asset objects reloaded before import = 0Number of asset objects unloaded after import = 8

========================================================================
Received Import Request.
  Time since last request: 0.000029 seconds.
  path: Assets/CorgiEngine/Demos/Retro/Sprites/RetroElementalDamage/RetroFireMaterial.mat
  artifactKey: Guid(4a08a9e253c8d4f44a371f3a076a11ef) Importer(2089858483,192608db42251d675da83286b1cce702)
Start importing Assets/CorgiEngine/Demos/Retro/Sprites/RetroElementalDamage/RetroFireMaterial.mat using Guid(4a08a9e253c8d4f44a371f3a076a11ef) Importer(2089858483,192608db42251d675da83286b1cce702) (ScriptedImporter) -> (artifact id: '03009a92d5e5d370c03ee75a8311417d') in 0.0477341 seconds
Number of updated asset objects reloaded before import = 0Number of asset objects unloaded after import = 2

========================================================================
Received Import Request.
  Time since last request: 0.000042 seconds.
  path: Assets/CorgiEngine/Demos/Corgi3D/Textures/PrototypeBlocks/Point5xPoint5Grey.png
  artifactKey: Guid(340faa0badae3504db388905c6a4063a) Importer(2089858483,192608db42251d675da83286b1cce702)
Start importing Assets/CorgiEngine/Demos/Corgi3D/Textures/PrototypeBlocks/Point5xPoint5Grey.png using Guid(340faa0badae3504db388905c6a4063a) Importer(2089858483,192608db42251d675da83286b1cce702) (ScriptedImporter) -> (artifact id: '352c1afa1923603173bd3861e6c452a1') in 0.0459856 seconds
Number of updated asset objects reloaded before import = 0Number of asset objects unloaded after import = 1

========================================================================
Received Import Request.
  Time since last request: 0.000030 seconds.
  path: Assets/CorgiEngine/Demos/Corgi3D/Prefabs/PlatformsGreen/4x1 Green Thin.prefab
  artifactKey: Guid(b556256c07eeb1f428be552269fa0025) Importer(2089858483,192608db42251d675da83286b1cce702)
Start importing Assets/CorgiEngine/Demos/Corgi3D/Prefabs/PlatformsGreen/4x1 Green Thin.prefab using Guid(b556256c07eeb1f428be552269fa0025) Importer(2089858483,192608db42251d675da83286b1cce702) (ScriptedImporter) -> (artifact id: 'eda8b3e01437ed00f67b13a05d9e6201') in 0.0362313 seconds
Number of updated asset objects reloaded before import = 0Number of asset objects unloaded after import = 8

========================================================================
Received Import Request.
  Time since last request: 0.000034 seconds.
  path: Assets/CorgiEngine/Demos/Minimal/Prefabs/Platforms/Platform500x200.prefab
  artifactKey: Guid(c71445bba16cb7d49a7afa3bb46a0581) Importer(2089858483,192608db42251d675da83286b1cce702)
Start importing Assets/CorgiEngine/Demos/Minimal/Prefabs/Platforms/Platform500x200.prefab using Guid(c71445bba16cb7d49a7afa3bb46a0581) Importer(2089858483,192608db42251d675da83286b1cce702) (ScriptedImporter) -> (artifact id: '5628bbb555552e1b0a103b6083d2b94e') in 0.0493088 seconds
Number of updated asset objects reloaded before import = 0Number of asset objects unloaded after import = 8

========================================================================
Received Import Request.
  Time since last request: 0.000021 seconds.
  path: Assets/CorgiEngine/Demos/Minimal/Prefabs/Surfaces/Treadmill.prefab
  artifactKey: Guid(316b135dfc9f4eb439c718eb6b2b2458) Importer(2089858483,192608db42251d675da83286b1cce702)
Start importing Assets/CorgiEngine/Demos/Minimal/Prefabs/Surfaces/Treadmill.prefab using Guid(316b135dfc9f4eb439c718eb6b2b2458) Importer(2089858483,192608db42251d675da83286b1cce702) (ScriptedImporter) -> (artifact id: 'ab33b7696fba4fcf7e7e7f437a7324df') in 0.0520171 seconds
Number of updated asset objects reloaded before import = 0Number of asset objects unloaded after import = 9

========================================================================
Received Import Request.
  Time since last request: 0.000026 seconds.
  path: Assets/CorgiEngine/Demos/Retro/Prefabs/Enemies/RetroSpaceman.prefab
  artifactKey: Guid(3102ff47da34445128b77fbc0257d558) Importer(2089858483,192608db42251d675da83286b1cce702)
Start importing Assets/CorgiEngine/Demos/Retro/Prefabs/Enemies/RetroSpaceman.prefab using Guid(3102ff47da34445128b77fbc0257d558) Importer(2089858483,192608db42251d675da83286b1cce702) (ScriptedImporter) -> (artifact id: '7df624bff517eab7d84c1ff99e2d3fdc') in 0.2118057 seconds
Number of updated asset objects reloaded before import = 0Number of asset objects unloaded after import = 128

========================================================================
Received Import Request.
  Time since last request: 0.000030 seconds.
  path: Assets/CorgiEngine/Demos/Retro/Sprites/RetroPlatforms/RetroPinkPlatform.png
  artifactKey: Guid(264c6dd79bb6bf7418a3183d1b0384fe) Importer(2089858483,192608db42251d675da83286b1cce702)
Start importing Assets/CorgiEngine/Demos/Retro/Sprites/RetroPlatforms/RetroPinkPlatform.png using Guid(264c6dd79bb6bf7418a3183d1b0384fe) Importer(2089858483,192608db42251d675da83286b1cce702) (ScriptedImporter) -> (artifact id: '473b8934a649cd736e261777467fe580') in 0.1475278 seconds
Number of updated asset objects reloaded before import = 0Number of asset objects unloaded after import = 34

========================================================================
Received Import Request.
  Time since last request: 0.000030 seconds.
  path: Assets/CorgiEngine/Demos/Retro/Prefabs/Weapons/RetroEnemyMachineGunMultiple.prefab
  artifactKey: Guid(45c6c456ce0871d479087649e1baea84) Importer(2089858483,192608db42251d675da83286b1cce702)
Start importing Assets/CorgiEngine/Demos/Retro/Prefabs/Weapons/RetroEnemyMachineGunMultiple.prefab using Guid(45c6c456ce0871d479087649e1baea84) Importer(2089858483,192608db42251d675da83286b1cce702) (ScriptedImporter) -> (artifact id: '9f95471a9c71a8f65070afd52d61701d') in 0.0834886 seconds
Number of updated asset objects reloaded before import = 0Number of asset objects unloaded after import = 66

========================================================================
Received Import Request.
  Time since last request: 0.000024 seconds.
  path: Assets/CorgiEngine/Demos/Corgi3D/Textures/PrototypeBlocks/Point5xPoint5Blue.png
  artifactKey: Guid(35564724c4cc84e408f7b0b4df0106a5) Importer(2089858483,192608db42251d675da83286b1cce702)
Start importing Assets/CorgiEngine/Demos/Corgi3D/Textures/PrototypeBlocks/Point5xPoint5Blue.png using Guid(35564724c4cc84e408f7b0b4df0106a5) Importer(2089858483,192608db42251d675da83286b1cce702) (ScriptedImporter) -> (artifact id: 'c98c9cfaa34aa9074e9aec16d4ab8bd3') in 0.0442762 seconds
Number of updated asset objects reloaded before import = 0Number of asset objects unloaded after import = 1

========================================================================
Received Import Request.
  Time since last request: 0.000077 seconds.
  path: Assets/CorgiEngine/Demos/Corgi2D/Prefabs/Weapons/RobotWeaponProjectile.prefab
  artifactKey: Guid(d2a90e8be32b24ea5b1ca3d9c3d7d298) Importer(2089858483,192608db42251d675da83286b1cce702)
Start importing Assets/CorgiEngine/Demos/Corgi2D/Prefabs/Weapons/RobotWeaponProjectile.prefab using Guid(d2a90e8be32b24ea5b1ca3d9c3d7d298) Importer(2089858483,192608db42251d675da83286b1cce702) (ScriptedImporter) -> (artifact id: 'd10a308d98dcfa9ded5bc0278982f441') in 0.056242 seconds
Number of updated asset objects reloaded before import = 0Number of asset objects unloaded after import = 29

========================================================================
Received Import Request.
  Time since last request: 0.000021 seconds.
  path: Assets/CorgiEngine/Demos/Retro/Prefabs/VFX/RetroBlueDeathParticles.prefab
  artifactKey: Guid(5145d411f6c901b4886c1eca0d48e855) Importer(2089858483,192608db42251d675da83286b1cce702)
Start importing Assets/CorgiEngine/Demos/Retro/Prefabs/VFX/RetroBlueDeathParticles.prefab using Guid(5145d411f6c901b4886c1eca0d48e855) Importer(2089858483,192608db42251d675da83286b1cce702) (ScriptedImporter) -> (artifact id: '0c8c8675d7784268ad0eab1d9fedb062') in 0.0813842 seconds
Number of updated asset objects reloaded before import = 0Number of asset objects unloaded after import = 10

========================================================================
Received Import Request.
  Time since last request: 0.000022 seconds.
  path: Assets/CorgiEngine/Demos/Corgi2D/Sprites/SpaceCorgi/spacecorgi-shootDiagonalUp.png
  artifactKey: Guid(692749f8eaef4c74ebabfc2896dfc725) Importer(2089858483,192608db42251d675da83286b1cce702)
Start importing Assets/CorgiEngine/Demos/Corgi2D/Sprites/SpaceCorgi/spacecorgi-shootDiagonalUp.png using Guid(692749f8eaef4c74ebabfc2896dfc725) Importer(2089858483,192608db42251d675da83286b1cce702) (ScriptedImporter) -> (artifact id: '3b273d08fb1fe6ccae2b410bd8bea3f1') in 0.04085 seconds
Number of updated asset objects reloaded before import = 0Number of asset objects unloaded after import = 3

========================================================================
Received Import Request.
  Time since last request: 0.000029 seconds.
  path: Assets/CorgiEngine/Demos/Corgi2D/Sprites/Enemies/blob-walk.png
  artifactKey: Guid(3364b2ca3ae7ac643a624ff842bb8df8) Importer(2089858483,192608db42251d675da83286b1cce702)
Start importing Assets/CorgiEngine/Demos/Corgi2D/Sprites/Enemies/blob-walk.png using Guid(3364b2ca3ae7ac643a624ff842bb8df8) Importer(2089858483,192608db42251d675da83286b1cce702) (ScriptedImporter) -> (artifact id: '30a95a8a666f31404c4dd6d54123f316') in 0.1657854 seconds
Number of updated asset objects reloaded before import = 0Number of asset objects unloaded after import = 32

========================================================================
Received Import Request.
  Time since last request: 0.000037 seconds.
  path: Assets/CorgiEngine/Demos/Minimal/Prefabs/Props/FallingPlatform.prefab
  artifactKey: Guid(cd06213e085b9354dbb509f105ee784d) Importer(2089858483,192608db42251d675da83286b1cce702)
Start importing Assets/CorgiEngine/Demos/Minimal/Prefabs/Props/FallingPlatform.prefab using Guid(cd06213e085b9354dbb509f105ee784d) Importer(2089858483,192608db42251d675da83286b1cce702) (ScriptedImporter) -> (artifact id: '2d90f49e4b975adab828e349ef877323') in 0.045108 seconds
Number of updated asset objects reloaded before import = 0Number of asset objects unloaded after import = 10

========================================================================
Received Import Request.
  Time since last request: 0.000030 seconds.
  path: Assets/CorgiEngine/Demos/Corgi2D/Prefabs/PostProcess/Corgi2DPostProcessingVolume.prefab
  artifactKey: Guid(7585748064830fa4d851eb973c305072) Importer(2089858483,192608db42251d675da83286b1cce702)
Start importing Assets/CorgiEngine/Demos/Corgi2D/Prefabs/PostProcess/Corgi2DPostProcessingVolume.prefab using Guid(7585748064830fa4d851eb973c305072) Importer(2089858483,192608db42251d675da83286b1cce702) (ScriptedImporter) -> (artifact id: '7d14d6a009cf1b6832fde3fc3d178324') in 0.067382 seconds
Number of updated asset objects reloaded before import = 0Number of asset objects unloaded after import = 16

========================================================================
Received Import Request.
  Time since last request: 0.000034 seconds.
  path: Assets/CorgiEngine/Demos/Retro/Sprites/RetroBackgrounds/RetroForestBackground1.png
  artifactKey: Guid(027ac733c3d2f4295a9f2da99c7b48ce) Importer(2089858483,192608db42251d675da83286b1cce702)
Start importing Assets/CorgiEngine/Demos/Retro/Sprites/RetroBackgrounds/RetroForestBackground1.png using Guid(027ac733c3d2f4295a9f2da99c7b48ce) Importer(2089858483,192608db42251d675da83286b1cce702) (ScriptedImporter) -> (artifact id: '8c677f554aa1151dbd3f3d91c7f927e0') in 0.040472 seconds
Number of updated asset objects reloaded before import = 0Number of asset objects unloaded after import = 1

========================================================================
Received Import Request.
  Time since last request: 0.000028 seconds.
  path: Assets/CorgiEngine/Demos/Corgi2D/Sprites/Items/coin.png
  artifactKey: Guid(b45acc58797f51c4db6cb50e1136ce6b) Importer(2089858483,192608db42251d675da83286b1cce702)
Start importing Assets/CorgiEngine/Demos/Corgi2D/Sprites/Items/coin.png using Guid(b45acc58797f51c4db6cb50e1136ce6b) Importer(2089858483,192608db42251d675da83286b1cce702) (ScriptedImporter) -> (artifact id: '1f8555938a9af3f0686eef343663ca65') in 0.1290263 seconds
Number of updated asset objects reloaded before import = 0Number of asset objects unloaded after import = 32

========================================================================
Received Import Request.
  Time since last request: 0.000026 seconds.
  path: Assets/CorgiEngine/Demos/Retro/Sprites/RetroPatterns/RetroPattern8.png
  artifactKey: Guid(9a39af335b4328347a70669dfe1c53e1) Importer(2089858483,192608db42251d675da83286b1cce702)
Start importing Assets/CorgiEngine/Demos/Retro/Sprites/RetroPatterns/RetroPattern8.png using Guid(9a39af335b4328347a70669dfe1c53e1) Importer(2089858483,192608db42251d675da83286b1cce702) (ScriptedImporter) -> (artifact id: '6508244c3d29e28d485eeee3babc27ac') in 0.0533584 seconds
Number of updated asset objects reloaded before import = 0Number of asset objects unloaded after import = 3

========================================================================
Received Import Request.
  Time since last request: 0.000059 seconds.
  path: Assets/CorgiEngine/Demos/Retro/Sprites/RetroPatterns/RetroPattern5.png
  artifactKey: Guid(76badc47ca3efa549aebde926d64ffd6) Importer(2089858483,192608db42251d675da83286b1cce702)
Start importing Assets/CorgiEngine/Demos/Retro/Sprites/RetroPatterns/RetroPattern5.png using Guid(76badc47ca3efa549aebde926d64ffd6) Importer(2089858483,192608db42251d675da83286b1cce702) (ScriptedImporter) -> (artifact id: 'f34e0f214055c5c7d943ee2754ba440e') in 0.0552833 seconds
Number of updated asset objects reloaded before import = 0Number of asset objects unloaded after import = 3

========================================================================
Received Import Request.
  Time since last request: 0.000022 seconds.
  path: Assets/CorgiEngine/Demos/Retro/Sprites/RetroElementalDamage/RetroPoisonSkullMaterial.mat
  artifactKey: Guid(d6929ac4f9aa5a24a82205d71881cb91) Importer(2089858483,192608db42251d675da83286b1cce702)
Start importing Assets/CorgiEngine/Demos/Retro/Sprites/RetroElementalDamage/RetroPoisonSkullMaterial.mat using Guid(d6929ac4f9aa5a24a82205d71881cb91) Importer(2089858483,192608db42251d675da83286b1cce702) (ScriptedImporter) -> (artifact id: '97b4401c71fd47cf89089fb51b11c8a2') in 0.0225591 seconds
Number of updated asset objects reloaded before import = 0Number of asset objects unloaded after import = 2

========================================================================
Received Import Request.
  Time since last request: 0.000028 seconds.
  path: Assets/CorgiEngine/Demos/Corgi2D/Sprites/Enemies/blob-idle.png
  artifactKey: Guid(bd2bf0c6d4c3b984ba753e17367b58a6) Importer(2089858483,192608db42251d675da83286b1cce702)
Start importing Assets/CorgiEngine/Demos/Corgi2D/Sprites/Enemies/blob-idle.png using Guid(bd2bf0c6d4c3b984ba753e17367b58a6) Importer(2089858483,192608db42251d675da83286b1cce702) (ScriptedImporter) -> (artifact id: '4e9508c302b2158c0e61258a484a8025') in 0.1325408 seconds
Number of updated asset objects reloaded before import = 0Number of asset objects unloaded after import = 32

========================================================================
Received Import Request.
  Time since last request: 0.000036 seconds.
  path: Assets/CorgiEngine/Demos/Corgi2D/Prefabs/PlayableCharacters/spine-space-chicken.prefab
  artifactKey: Guid(4f0313778c85b456b8f7334cd64e38e4) Importer(2089858483,192608db42251d675da83286b1cce702)
Start importing Assets/CorgiEngine/Demos/Corgi2D/Prefabs/PlayableCharacters/spine-space-chicken.prefab using Guid(4f0313778c85b456b8f7334cd64e38e4) Importer(2089858483,192608db42251d675da83286b1cce702) (ScriptedImporter) -> (artifact id: '6d49c4dc90fb18ca2e5b484e19660a87') in 0.1984829 seconds
Number of updated asset objects reloaded before import = 0Number of asset objects unloaded after import = 241

========================================================================
Received Import Request.
  Time since last request: 0.000034 seconds.
  path: Assets/CorgiEngine/Demos/Minimal/Sprites/Weapons/MinimalAimMarker.png
  artifactKey: Guid(2ec6d27165ac1614686f927c5f54bba8) Importer(2089858483,192608db42251d675da83286b1cce702)
Start importing Assets/CorgiEngine/Demos/Minimal/Sprites/Weapons/MinimalAimMarker.png using Guid(2ec6d27165ac1614686f927c5f54bba8) Importer(2089858483,192608db42251d675da83286b1cce702) (ScriptedImporter) -> (artifact id: 'b2361dfdce04b6ac19d7b961d2cb45ee') in 0.037333 seconds
Number of updated asset objects reloaded before import = 0Number of asset objects unloaded after import = 3

========================================================================
Received Import Request.
  Time since last request: 0.000023 seconds.
  path: Assets/CorgiEngine/Demos/Corgi3D/Prefabs/GUI/3D Camera.prefab
  artifactKey: Guid(f50c8d9d276fe496dad6b3ef8e3723bb) Importer(2089858483,192608db42251d675da83286b1cce702)
Start importing Assets/CorgiEngine/Demos/Corgi3D/Prefabs/GUI/3D Camera.prefab using Guid(f50c8d9d276fe496dad6b3ef8e3723bb) Importer(2089858483,192608db42251d675da83286b1cce702) (ScriptedImporter) -> (artifact id: '174bcd3e07a19ffb92b67113da6efa74') in 0.0420891 seconds
Number of updated asset objects reloaded before import = 0Number of asset objects unloaded after import = 9

========================================================================
Received Import Request.
  Time since last request: 0.000024 seconds.
  path: Assets/CorgiEngine/Demos/Minimal/Prefabs/Platforms/Platform400x50.prefab
  artifactKey: Guid(7031ecaff6af36644917c0f54b5c0d67) Importer(2089858483,192608db42251d675da83286b1cce702)
Start importing Assets/CorgiEngine/Demos/Minimal/Prefabs/Platforms/Platform400x50.prefab using Guid(7031ecaff6af36644917c0f54b5c0d67) Importer(2089858483,192608db42251d675da83286b1cce702) (ScriptedImporter) -> (artifact id: 'ef3a5d0271b9dcbee35112472431899b') in 0.040615 seconds
Number of updated asset objects reloaded before import = 0Number of asset objects unloaded after import = 8

========================================================================
Received Import Request.
  Time since last request: 0.000148 seconds.
  path: Assets/CorgiEngine/Demos/Retro/Sprites/RetroPatterns/RetroPattern2.png
  artifactKey: Guid(f42b4b519deeadf439a818615cf30333) Importer(2089858483,192608db42251d675da83286b1cce702)
Start importing Assets/CorgiEngine/Demos/Retro/Sprites/RetroPatterns/RetroPattern2.png using Guid(f42b4b519deeadf439a818615cf30333) Importer(2089858483,192608db42251d675da83286b1cce702) (ScriptedImporter) -> (artifact id: '2b67cf61f73d7727c1c845f539ad7514') in 0.0504125 seconds
Number of updated asset objects reloaded before import = 0Number of asset objects unloaded after import = 3

========================================================================
Received Import Request.
  Time since last request: 0.000023 seconds.
  path: Assets/CorgiEngine/Demos/Retro/Sprites/RetroCorgi/RetroCorgiJump.png
  artifactKey: Guid(94399eab21ac14984a17376c05a8cd5d) Importer(2089858483,192608db42251d675da83286b1cce702)
Start importing Assets/CorgiEngine/Demos/Retro/Sprites/RetroCorgi/RetroCorgiJump.png using Guid(94399eab21ac14984a17376c05a8cd5d) Importer(2089858483,192608db42251d675da83286b1cce702) (ScriptedImporter) -> (artifact id: '4e1a74dc9ee054aa71534181bca2060c') in 0.0530052 seconds
Number of updated asset objects reloaded before import = 0Number of asset objects unloaded after import = 4

========================================================================
Received Import Request.
  Time since last request: 0.000025 seconds.
  path: Assets/CorgiEngine/Demos/Minimal/Resources/Items/InventoryShotgun.asset
  artifactKey: Guid(522fef7a75eec9f4fa83ce461a5bd399) Importer(2089858483,192608db42251d675da83286b1cce702)
Start importing Assets/CorgiEngine/Demos/Minimal/Resources/Items/InventoryShotgun.asset using Guid(522fef7a75eec9f4fa83ce461a5bd399) Importer(2089858483,192608db42251d675da83286b1cce702) (ScriptedImporter) -> (artifact id: '12d24c53c77e6b5fe4314082c4b1eaaf') in 0.0653095 seconds
Number of updated asset objects reloaded before import = 0Number of asset objects unloaded after import = 103

========================================================================
Received Import Request.
  Time since last request: 0.000044 seconds.
  path: Assets/CorgiEngine/Demos/Corgi3D/Prefabs/PlayableCharacters/NewCorgi3D.prefab
  artifactKey: Guid(bfae67f6ebe80084a9d5247bda039cf8) Importer(2089858483,192608db42251d675da83286b1cce702)
Start importing Assets/CorgiEngine/Demos/Corgi3D/Prefabs/PlayableCharacters/NewCorgi3D.prefab using Guid(bfae67f6ebe80084a9d5247bda039cf8) Importer(2089858483,192608db42251d675da83286b1cce702) (ScriptedImporter) -> (artifact id: '2588a1565fe5f15b0ce3b15f0ea142a6') in 0.2109053 seconds
Number of updated asset objects reloaded before import = 0Number of asset objects unloaded after import = 184

========================================================================
Received Import Request.
  Time since last request: 0.000033 seconds.
  path: Assets/CorgiEngine/Demos/Corgi2D/Sprites/Enemies/rocketCannon.png
  artifactKey: Guid(d35c1d95aebdcea4fa9def3beefc9b88) Importer(2089858483,192608db42251d675da83286b1cce702)
Start importing Assets/CorgiEngine/Demos/Corgi2D/Sprites/Enemies/rocketCannon.png using Guid(d35c1d95aebdcea4fa9def3beefc9b88) Importer(2089858483,192608db42251d675da83286b1cce702) (ScriptedImporter) -> (artifact id: '48d2a7acdd2fddbe482b3702904d4756') in 0.0424833 seconds
Number of updated asset objects reloaded before import = 0Number of asset objects unloaded after import = 4

========================================================================
Received Import Request.
  Time since last request: 0.000033 seconds.
  path: Assets/CorgiEngine/Demos/Corgi3D/Textures/Skybox/Corgi3DSkyboxFront.png
  artifactKey: Guid(dc3dfe01c4622cc4ca222b2ba0a00481) Importer(2089858483,192608db42251d675da83286b1cce702)
Start importing Assets/CorgiEngine/Demos/Corgi3D/Textures/Skybox/Corgi3DSkyboxFront.png using Guid(dc3dfe01c4622cc4ca222b2ba0a00481) Importer(2089858483,192608db42251d675da83286b1cce702) (ScriptedImporter) -> (artifact id: '7da36cc166e9f12fd578fcb5e8c33d28') in 0.0392771 seconds
Number of updated asset objects reloaded before import = 0Number of asset objects unloaded after import = 3

========================================================================
Received Import Request.
  Time since last request: 0.000022 seconds.
  path: Assets/CorgiEngine/Demos/Retro/Sprites/RetroBoss/RetroBossRightGun.png
  artifactKey: Guid(0e2a7493e5d50c94eb1ea64eed2b0e4c) Importer(2089858483,192608db42251d675da83286b1cce702)
Start importing Assets/CorgiEngine/Demos/Retro/Sprites/RetroBoss/RetroBossRightGun.png using Guid(0e2a7493e5d50c94eb1ea64eed2b0e4c) Importer(2089858483,192608db42251d675da83286b1cce702) (ScriptedImporter) -> (artifact id: 'd99ff21c2de493581a471be65d4cd995') in 0.041554 seconds
Number of updated asset objects reloaded before import = 0Number of asset objects unloaded after import = 3

========================================================================
Received Import Request.
  Time since last request: 0.000024 seconds.
  path: Assets/CorgiEngine/Demos/Corgi3D/Prefabs/Props/Ladder.prefab
  artifactKey: Guid(86186acbbc8821745a9badc976849a94) Importer(2089858483,192608db42251d675da83286b1cce702)
Start importing Assets/CorgiEngine/Demos/Corgi3D/Prefabs/Props/Ladder.prefab using Guid(86186acbbc8821745a9badc976849a94) Importer(2089858483,192608db42251d675da83286b1cce702) (ScriptedImporter) -> (artifact id: '4136df8f2e7de293a30f3549bb156eb7') in 0.0215131 seconds
Number of updated asset objects reloaded before import = 0Number of asset objects unloaded after import = 9

========================================================================
Received Import Request.
  Time since last request: 0.000027 seconds.
  path: Assets/CorgiEngine/Demos/Minimal/Sprites/Background/PrototypeBackgroundTexture.png
  artifactKey: Guid(1609d925b3a74fc40aaed0c45ca21a6c) Importer(2089858483,192608db42251d675da83286b1cce702)
Start importing Assets/CorgiEngine/Demos/Minimal/Sprites/Background/PrototypeBackgroundTexture.png using Guid(1609d925b3a74fc40aaed0c45ca21a6c) Importer(2089858483,192608db42251d675da83286b1cce702) (ScriptedImporter) -> (artifact id: '73035f8a37e1743d1920bd785e0a8b88') in 0.0381071 seconds
Number of updated asset objects reloaded before import = 0Number of asset objects unloaded after import = 1

========================================================================
Received Import Request.
  Time since last request: 0.000072 seconds.
  path: Assets/CorgiEngine/Demos/Retro/Prefabs/Enemies/RetroBlobWalkAndJump.prefab
  artifactKey: Guid(08b8cb52b3b06044dac491f1226d3ead) Importer(2089858483,192608db42251d675da83286b1cce702)
Start importing Assets/CorgiEngine/Demos/Retro/Prefabs/Enemies/RetroBlobWalkAndJump.prefab using Guid(08b8cb52b3b06044dac491f1226d3ead) Importer(2089858483,192608db42251d675da83286b1cce702) (ScriptedImporter) -> (artifact id: '1b3a1e5f5db4590e69e89d5e5c43ae37') in 0.1542333 seconds
Number of updated asset objects reloaded before import = 0Number of asset objects unloaded after import = 60

========================================================================
Received Import Request.
  Time since last request: 0.000039 seconds.
  path: Assets/CorgiEngine/Demos/Corgi2D/Prefabs/PlayableCharacters/spine-space-pig.prefab
  artifactKey: Guid(754e4c7874aa84596afc7a334e69d9d1) Importer(2089858483,192608db42251d675da83286b1cce702)
Start importing Assets/CorgiEngine/Demos/Corgi2D/Prefabs/PlayableCharacters/spine-space-pig.prefab using Guid(754e4c7874aa84596afc7a334e69d9d1) Importer(2089858483,192608db42251d675da83286b1cce702) (ScriptedImporter) -> (artifact id: '8b7690fa720fbd55a63b577729a6a505') in 0.2082214 seconds
Number of updated asset objects reloaded before import = 0Number of asset objects unloaded after import = 245

========================================================================
Received Import Request.
  Time since last request: 0.000034 seconds.
  path: Assets/CorgiEngine/Demos/Corgi3D/Models/Enemies/Blob.obj
  artifactKey: Guid(50b61ecc576ff0c4c87f6a9013fad013) Importer(2089858483,192608db42251d675da83286b1cce702)
Start importing Assets/CorgiEngine/Demos/Corgi3D/Models/Enemies/Blob.obj using Guid(50b61ecc576ff0c4c87f6a9013fad013) Importer(2089858483,192608db42251d675da83286b1cce702) (ScriptedImporter) -> (artifact id: '99f27fb8876f043d387d1960c939cc67') in 0.0384521 seconds
Number of updated asset objects reloaded before import = 0Number of asset objects unloaded after import = 9

========================================================================
Received Import Request.
  Time since last request: 0.000067 seconds.
  path: Assets/CorgiEngine/Demos/Minimal/Prefabs/Props/GreenGate.prefab
  artifactKey: Guid(fdf12166dff9f4240a780cfb02080351) Importer(2089858483,192608db42251d675da83286b1cce702)
Start importing Assets/CorgiEngine/Demos/Minimal/Prefabs/Props/GreenGate.prefab using Guid(fdf12166dff9f4240a780cfb02080351) Importer(2089858483,192608db42251d675da83286b1cce702) (ScriptedImporter) -> (artifact id: '08e40a4b2a1749e2558f1da57682e4da') in 0.0915651 seconds
Number of updated asset objects reloaded before import = 0Number of asset objects unloaded after import = 40

========================================================================
Received Import Request.
  Time since last request: 0.000034 seconds.
  path: Assets/CorgiEngine/Demos/Retro/Sprites/RetroPatterns/RetroPattern4.png
  artifactKey: Guid(eeafaafc8e9e7014f8d9de0d1ce37882) Importer(2089858483,192608db42251d675da83286b1cce702)
Start importing Assets/CorgiEngine/Demos/Retro/Sprites/RetroPatterns/RetroPattern4.png using Guid(eeafaafc8e9e7014f8d9de0d1ce37882) Importer(2089858483,192608db42251d675da83286b1cce702) (ScriptedImporter) -> (artifact id: 'a733fcdb4fd019f150189f508cadd647') in 0.0630436 seconds
Number of updated asset objects reloaded before import = 0Number of asset objects unloaded after import = 3

========================================================================
Received Import Request.
  Time since last request: 0.000045 seconds.
  path: Assets/CorgiEngine/Demos/Corgi3D/Prefabs/AI/Blob3D.prefab
  artifactKey: Guid(7fb0d85cc76390a43a5e400ab06c0a3b) Importer(2089858483,192608db42251d675da83286b1cce702)
Start importing Assets/CorgiEngine/Demos/Corgi3D/Prefabs/AI/Blob3D.prefab using Guid(7fb0d85cc76390a43a5e400ab06c0a3b) Importer(2089858483,192608db42251d675da83286b1cce702) (ScriptedImporter) -> (artifact id: 'bdb887b2b26db04e4933c02428618135') in 0.1095352 seconds
Number of updated asset objects reloaded before import = 0Number of asset objects unloaded after import = 46

========================================================================
Received Import Request.
  Time since last request: 0.000023 seconds.
  path: Assets/CorgiEngine/Demos/Pixel/Prefabs/Environment/ground.prefab
  artifactKey: Guid(9fb7dff57c33f8f4d9be87b536160473) Importer(2089858483,192608db42251d675da83286b1cce702)
Start importing Assets/CorgiEngine/Demos/Pixel/Prefabs/Environment/ground.prefab using Guid(9fb7dff57c33f8f4d9be87b536160473) Importer(2089858483,192608db42251d675da83286b1cce702) (ScriptedImporter) -> (artifact id: 'e300faea22617a1654f7edbf9521412a') in 0.0355988 seconds
Number of updated asset objects reloaded before import = 0Number of asset objects unloaded after import = 8

========================================================================
Received Import Request.
  Time since last request: 0.000034 seconds.
  path: Assets/CorgiEngine/Demos/Minimal/Prefabs/Platforms/Platform300x200.prefab
  artifactKey: Guid(f3de313dc4ffd364592e4fb9d7fb3773) Importer(2089858483,192608db42251d675da83286b1cce702)
Start importing Assets/CorgiEngine/Demos/Minimal/Prefabs/Platforms/Platform300x200.prefab using Guid(f3de313dc4ffd364592e4fb9d7fb3773) Importer(2089858483,192608db42251d675da83286b1cce702) (ScriptedImporter) -> (artifact id: 'f7fabfdd17e1041a2831b1a2fa4412c4') in 0.0370954 seconds
Number of updated asset objects reloaded before import = 0Number of asset objects unloaded after import = 8

========================================================================
Received Import Request.
  Time since last request: 0.000019 seconds.
  path: Assets/CorgiEngine/Demos/Corgi3D/Prefabs/Props/Ladder3D.prefab
  artifactKey: Guid(d3a6a78da9419574e8d22099c4a06406) Importer(2089858483,192608db42251d675da83286b1cce702)
Start importing Assets/CorgiEngine/Demos/Corgi3D/Prefabs/Props/Ladder3D.prefab using Guid(d3a6a78da9419574e8d22099c4a06406) Importer(2089858483,192608db42251d675da83286b1cce702) (ScriptedImporter) -> (artifact id: '5078c96eaacda309dcbf3b05efedecda') in 0.0281037 seconds
Number of updated asset objects reloaded before import = 0Number of asset objects unloaded after import = 17

========================================================================
Received Import Request.
  Time since last request: 0.000025 seconds.
  path: Assets/CorgiEngine/Demos/Corgi3D/Prefabs/Props/Jumper3D.prefab
  artifactKey: Guid(e8f4d17be84ac4b3cabedf6e2e2e8088) Importer(2089858483,192608db42251d675da83286b1cce702)
Start importing Assets/CorgiEngine/Demos/Corgi3D/Prefabs/Props/Jumper3D.prefab using Guid(e8f4d17be84ac4b3cabedf6e2e2e8088) Importer(2089858483,192608db42251d675da83286b1cce702) (ScriptedImporter) -> (artifact id: 'e3ca8d04b8b4ff72e29a061cb8e1376f') in 0.0263711 seconds
Number of updated asset objects reloaded before import = 0Number of asset objects unloaded after import = 18

========================================================================
Received Import Request.
  Time since last request: 0.000018 seconds.
  path: Assets/CorgiEngine/Demos/Retro/Prefabs/Enemies/FollowPathRetroBlob.prefab
  artifactKey: Guid(271785ad4a3328642b6c2354e1e9f696) Importer(2089858483,192608db42251d675da83286b1cce702)
Start importing Assets/CorgiEngine/Demos/Retro/Prefabs/Enemies/FollowPathRetroBlob.prefab using Guid(271785ad4a3328642b6c2354e1e9f696) Importer(2089858483,192608db42251d675da83286b1cce702) (ScriptedImporter) -> (artifact id: 'e4f75ae17c35d66c4317ccff1fbbb8ce') in 0.1447765 seconds
Number of updated asset objects reloaded before import = 0Number of asset objects unloaded after import = 56

========================================================================
Received Import Request.
  Time since last request: 0.000022 seconds.
  path: Assets/CorgiEngine/Demos/Minimal/Prefabs/PlayableCharacters/RectangleSwitchModel.prefab
  artifactKey: Guid(ecdb6812bda8f0848a468d70ad204312) Importer(2089858483,192608db42251d675da83286b1cce702)
Start importing Assets/CorgiEngine/Demos/Minimal/Prefabs/PlayableCharacters/RectangleSwitchModel.prefab using Guid(ecdb6812bda8f0848a468d70ad204312) Importer(2089858483,192608db42251d675da83286b1cce702) (ScriptedImporter) -> (artifact id: '6134301a6181f7eb58b7fc1852d29604') in 0.2240803 seconds
Number of updated asset objects reloaded before import = 0Number of asset objects unloaded after import = 108

========================================================================
Received Import Request.
  Time since last request: 5.566813 seconds.
  path: Assets/CorgiEngine/Demos/Retro/Sprites/RetroPlatforms/RetroRocks.png
  artifactKey: Guid(761a58c896453db4149ee1981483a7a7) Importer(2089858483,192608db42251d675da83286b1cce702)
Start importing Assets/CorgiEngine/Demos/Retro/Sprites/RetroPlatforms/RetroRocks.png using Guid(761a58c896453db4149ee1981483a7a7) Importer(2089858483,192608db42251d675da83286b1cce702) (ScriptedImporter) -> (artifact id: '43dc6cea4ab41b363d2cc32caeae96ce') in 0.228781 seconds
Number of updated asset objects reloaded before import = 0Number of asset objects unloaded after import = 49

========================================================================
Received Import Request.
  Time since last request: 0.000039 seconds.
  path: Assets/CorgiEngine/Demos/Retro/Sprites/RetroVFX/RetroExplosion1.png
  artifactKey: Guid(0337a2b7378d7264f86280b0e60868d2) Importer(2089858483,192608db42251d675da83286b1cce702)
Start importing Assets/CorgiEngine/Demos/Retro/Sprites/RetroVFX/RetroExplosion1.png using Guid(0337a2b7378d7264f86280b0e60868d2) Importer(2089858483,192608db42251d675da83286b1cce702) (ScriptedImporter) -> (artifact id: '5d0bcf184e22e5e44fe7f35c6c547fac') in 0.0469231 seconds
Number of updated asset objects reloaded before import = 0Number of asset objects unloaded after import = 3

========================================================================
Received Import Request.
  Time since last request: 0.000039 seconds.
  path: Assets/CorgiEngine/Demos/Corgi2D/Prefabs/Environment/Gravity/Wind.prefab
  artifactKey: Guid(8a1bbedbeeb3f494fba2f0b3bc4075be) Importer(2089858483,192608db42251d675da83286b1cce702)
Start importing Assets/CorgiEngine/Demos/Corgi2D/Prefabs/Environment/Gravity/Wind.prefab using Guid(8a1bbedbeeb3f494fba2f0b3bc4075be) Importer(2089858483,192608db42251d675da83286b1cce702) (ScriptedImporter) -> (artifact id: '2b584e315384d94a793631d0c71a2f72') in 0.0446361 seconds
Number of updated asset objects reloaded before import = 0Number of asset objects unloaded after import = 10

========================================================================
Received Import Request.
  Time since last request: 0.000027 seconds.
  path: Assets/CorgiEngine/Demos/TheHunt/Prefabs/Weapons/SoldierMachineGunProjectile.prefab
  artifactKey: Guid(d09c56acc8aee3244b709b9924f9bea4) Importer(2089858483,192608db42251d675da83286b1cce702)
Start importing Assets/CorgiEngine/Demos/TheHunt/Prefabs/Weapons/SoldierMachineGunProjectile.prefab using Guid(d09c56acc8aee3244b709b9924f9bea4) Importer(2089858483,192608db42251d675da83286b1cce702) (ScriptedImporter) -> (artifact id: '0c771ca85c9c2dc3f1cb41f49007e96d') in 0.0607529 seconds
Number of updated asset objects reloaded before import = 0Number of asset objects unloaded after import = 27

========================================================================
Received Import Request.
  Time since last request: 0.000020 seconds.
  path: Assets/CorgiEngine/Demos/Corgi2D/Prefabs/Environment/Lava/LavaPlatform17.prefab
  artifactKey: Guid(f50b902faf65f4146b450fae8f099172) Importer(2089858483,192608db42251d675da83286b1cce702)
Start importing Assets/CorgiEngine/Demos/Corgi2D/Prefabs/Environment/Lava/LavaPlatform17.prefab using Guid(f50b902faf65f4146b450fae8f099172) Importer(2089858483,192608db42251d675da83286b1cce702) (ScriptedImporter) -> (artifact id: '2636826455787bc9fb75979d20580bc7') in 0.0673367 seconds
Number of updated asset objects reloaded before import = 0Number of asset objects unloaded after import = 8

========================================================================
Received Import Request.
  Time since last request: 0.000029 seconds.
  path: Assets/CorgiEngine/Demos/Retro/Tilemaps/RetroRocks/RetroRocks_3.asset
  artifactKey: Guid(73b0b9f5fd92ed23f611f2efab406d6a) Importer(2089858483,192608db42251d675da83286b1cce702)
Start importing Assets/CorgiEngine/Demos/Retro/Tilemaps/RetroRocks/RetroRocks_3.asset using Guid(73b0b9f5fd92ed23f611f2efab406d6a) Importer(2089858483,192608db42251d675da83286b1cce702) (ScriptedImporter) -> (artifact id: 'f17c917f6c331e917894095706510327') in 0.0295579 seconds
Number of updated asset objects reloaded before import = 0Number of asset objects unloaded after import = 2

========================================================================
Received Import Request.
  Time since last request: 0.000023 seconds.
  path: Assets/CorgiEngine/ThirdParty/MoreMountains/MMTools/Accessories/MoreMountains.Tools.Accessories.asmref
  artifactKey: Guid(2fe5de52b83841b49bb695e0d21a84e0) Importer(2089858483,192608db42251d675da83286b1cce702)
Start importing Assets/CorgiEngine/ThirdParty/MoreMountains/MMTools/Accessories/MoreMountains.Tools.Accessories.asmref using Guid(2fe5de52b83841b49bb695e0d21a84e0) Importer(2089858483,192608db42251d675da83286b1cce702) (ScriptedImporter) -> (artifact id: '7a15226ebe6e3315d776b3021414fbf4') in 0.0348989 seconds
Number of updated asset objects reloaded before import = 0Number of asset objects unloaded after import = 1

========================================================================
Received Import Request.
  Time since last request: 0.000043 seconds.
  path: Assets/CorgiEngine/Demos/Retro/Sprites/RetroVFX/RetroFlames.png
  artifactKey: Guid(56edb5ab4dbd948e29a5ac361da29e3f) Importer(2089858483,192608db42251d675da83286b1cce702)
Start importing Assets/CorgiEngine/Demos/Retro/Sprites/RetroVFX/RetroFlames.png using Guid(56edb5ab4dbd948e29a5ac361da29e3f) Importer(2089858483,192608db42251d675da83286b1cce702) (ScriptedImporter) -> (artifact id: 'bac983f0df01af6477c54144d5340312') in 0.0524717 seconds
Number of updated asset objects reloaded before import = 0Number of asset objects unloaded after import = 3

========================================================================
Received Import Request.
  Time since last request: 0.000021 seconds.
  path: Assets/CorgiEngine/Common/Scripts/Agents/AI/Advanced/AIDecisionTimeInState.cs
  artifactKey: Guid(58b7939ffd2f5df4e8efb5fa83e99637) Importer(2089858483,192608db42251d675da83286b1cce702)
Start importing Assets/CorgiEngine/Common/Scripts/Agents/AI/Advanced/AIDecisionTimeInState.cs using Guid(58b7939ffd2f5df4e8efb5fa83e99637) Importer(2089858483,192608db42251d675da83286b1cce702) (ScriptedImporter) -> (artifact id: 'b9bd5f08e043ca953916a3403415efa7') in 0.025649 seconds
Number of updated asset objects reloaded before import = 0Number of asset objects unloaded after import = 0

========================================================================
Received Import Request.
  Time since last request: 0.000025 seconds.
  path: Assets/CorgiEngine/Demos/SuperHipsterBros/Prefabs/Environment/HipsterGroundDecoration.prefab
  artifactKey: Guid(74f3d1331e3a9f6429d6a8c15956c63e) Importer(2089858483,192608db42251d675da83286b1cce702)
Start importing Assets/CorgiEngine/Demos/SuperHipsterBros/Prefabs/Environment/HipsterGroundDecoration.prefab using Guid(74f3d1331e3a9f6429d6a8c15956c63e) Importer(2089858483,192608db42251d675da83286b1cce702) (ScriptedImporter) -> (artifact id: '5b81a6ccdfcbc7b7a5a38ba393d4a9ae') in 0.0387431 seconds
Number of updated asset objects reloaded before import = 0Number of asset objects unloaded after import = 7

========================================================================
Received Import Request.
  Time since last request: 0.000042 seconds.
  path: Assets/CorgiEngine/Demos/Corgi2D/Animations/SpaceCorgi/SpaceCorgiJump/spaceCorgiJump21.anim
  artifactKey: Guid(6236a948ba97bd54bb93a6403f6dbae2) Importer(2089858483,192608db42251d675da83286b1cce702)
Start importing Assets/CorgiEngine/Demos/Corgi2D/Animations/SpaceCorgi/SpaceCorgiJump/spaceCorgiJump21.anim using Guid(6236a948ba97bd54bb93a6403f6dbae2) Importer(2089858483,192608db42251d675da83286b1cce702) (ScriptedImporter) -> (artifact id: '7a29b5f6dfd03054773e40afb00eff39') in 0.0298522 seconds
Number of updated asset objects reloaded before import = 0Number of asset objects unloaded after import = 1

========================================================================
Received Import Request.
  Time since last request: 0.000060 seconds.
  path: Assets/CorgiEngine/Demos/SuperHipsterBros/Prefabs/Environment/HipsterGround1.prefab
  artifactKey: Guid(6a93fafebfeccd44cb009226d281e3e2) Importer(2089858483,192608db42251d675da83286b1cce702)
Start importing Assets/CorgiEngine/Demos/SuperHipsterBros/Prefabs/Environment/HipsterGround1.prefab using Guid(6a93fafebfeccd44cb009226d281e3e2) Importer(2089858483,192608db42251d675da83286b1cce702) (ScriptedImporter) -> (artifact id: 'd0c1445d3886261dc08b6355be402f16') in 0.0431715 seconds
Number of updated asset objects reloaded before import = 0Number of asset objects unloaded after import = 8

========================================================================
Received Import Request.
  Time since last request: 0.000029 seconds.
  path: Assets/CorgiEngine/Common/Scripts/Agents/AI/Advanced/AIActionUnityEvents.cs
  artifactKey: Guid(653b45e453e54664e9b7ea62fbd9d3e8) Importer(2089858483,192608db42251d675da83286b1cce702)
Start importing Assets/CorgiEngine/Common/Scripts/Agents/AI/Advanced/AIActionUnityEvents.cs using Guid(653b45e453e54664e9b7ea62fbd9d3e8) Importer(2089858483,192608db42251d675da83286b1cce702) (ScriptedImporter) -> (artifact id: 'f68113b8e44431f2cadbbb5d7f8fca24') in 0.0290808 seconds
Number of updated asset objects reloaded before import = 0Number of asset objects unloaded after import = 0

========================================================================
Received Import Request.
  Time since last request: 0.000114 seconds.
  path: Assets/CorgiEngine/Demos/Retro/Tilemaps/RetroRocks/RetroRocks_30.asset
  artifactKey: Guid(350bcb6c5fba3553d988cb5f7efefa93) Importer(2089858483,192608db42251d675da83286b1cce702)
Start importing Assets/CorgiEngine/Demos/Retro/Tilemaps/RetroRocks/RetroRocks_30.asset using Guid(350bcb6c5fba3553d988cb5f7efefa93) Importer(2089858483,192608db42251d675da83286b1cce702) (ScriptedImporter) -> (artifact id: '80fd2d25f37e7e74f87c0df12087e9d9') in 0.0316466 seconds
Number of updated asset objects reloaded before import = 0Number of asset objects unloaded after import = 2

========================================================================
Received Import Request.
  Time since last request: 0.000027 seconds.
  path: Assets/CorgiEngine/Common/Scripts/Agents/AI/Advanced/AIActionPatrolAndJump.cs
  artifactKey: Guid(7269f983d068fb843a6ce576d59ce89d) Importer(2089858483,192608db42251d675da83286b1cce702)
Start importing Assets/CorgiEngine/Common/Scripts/Agents/AI/Advanced/AIActionPatrolAndJump.cs using Guid(7269f983d068fb843a6ce576d59ce89d) Importer(2089858483,192608db42251d675da83286b1cce702) (ScriptedImporter) -> (artifact id: '4675a0f395d38103f792d122e33dfb55') in 0.0273679 seconds
Number of updated asset objects reloaded before import = 0Number of asset objects unloaded after import = 0

========================================================================
Received Import Request.
  Time since last request: 0.000241 seconds.
  path: Assets/CorgiEngine/Common/Scripts/Agents/AI/Advanced/AIDecisionTargetFacingAI.cs
  artifactKey: Guid(fd47edc58ad0b6c42b9acfc8d37c445d) Importer(2089858483,192608db42251d675da83286b1cce702)
Start importing Assets/CorgiEngine/Common/Scripts/Agents/AI/Advanced/AIDecisionTargetFacingAI.cs using Guid(fd47edc58ad0b6c42b9acfc8d37c445d) Importer(2089858483,192608db42251d675da83286b1cce702) (ScriptedImporter) -> (artifact id: '78e990c3245cc6ff8b183de7a5274620') in 0.0288619 seconds
Number of updated asset objects reloaded before import = 0Number of asset objects unloaded after import = 0

========================================================================
Received Import Request.
  Time since last request: 0.000070 seconds.
  path: Assets/CorgiEngine/Common/Scripts/Agents/AI/Legacy/AIStairsRandomizer.cs
  artifactKey: Guid(774cb2cdbdd556546b5ca48409129f6c) Importer(2089858483,192608db42251d675da83286b1cce702)
Start importing Assets/CorgiEngine/Common/Scripts/Agents/AI/Legacy/AIStairsRandomizer.cs using Guid(774cb2cdbdd556546b5ca48409129f6c) Importer(2089858483,192608db42251d675da83286b1cce702) (ScriptedImporter) -> (artifact id: 'd2c369abe3a16793cd37aeb53d3b4552') in 0.0280031 seconds
Number of updated asset objects reloaded before import = 0Number of asset objects unloaded after import = 0

========================================================================
Received Import Request.
  Time since last request: 0.000155 seconds.
  path: Assets/CorgiEngine/Demos/SuperHipsterBros/Prefabs/Environment/HipsterCloud4.prefab
  artifactKey: Guid(b30b0b56aa14a9f41a76e1d39e8612de) Importer(2089858483,192608db42251d675da83286b1cce702)
Start importing Assets/CorgiEngine/Demos/SuperHipsterBros/Prefabs/Environment/HipsterCloud4.prefab using Guid(b30b0b56aa14a9f41a76e1d39e8612de) Importer(2089858483,192608db42251d675da83286b1cce702) (ScriptedImporter) -> (artifact id: '7b044e5c1f26060b7e094c1358542bf7') in 0.0569938 seconds
Number of updated asset objects reloaded before import = 0Number of asset objects unloaded after import = 8

========================================================================
Received Import Request.
  Time since last request: 0.000053 seconds.
  path: Assets/CorgiEngine/Demos/Retro/Tilemaps/RetroCave/RetroCave_32.asset
  artifactKey: Guid(47946274b3f1ec454ba643cbd648d2ea) Importer(2089858483,192608db42251d675da83286b1cce702)
Start importing Assets/CorgiEngine/Demos/Retro/Tilemaps/RetroCave/RetroCave_32.asset using Guid(47946274b3f1ec454ba643cbd648d2ea) Importer(2089858483,192608db42251d675da83286b1cce702) (ScriptedImporter) -> (artifact id: 'f100997c16d62d8cbd6f18646e45543b') in 0.0322314 seconds
Number of updated asset objects reloaded before import = 0Number of asset objects unloaded after import = 2

========================================================================
Received Import Request.
  Time since last request: 0.000047 seconds.
  path: Assets/CorgiEngine/Demos/Corgi2D/Animations/SpaceCorgi/SpaceCorgiJump/spaceCorgiJump19.anim
  artifactKey: Guid(663b0de16f3e49c4facdcd6fa7b2f68e) Importer(2089858483,192608db42251d675da83286b1cce702)
Start importing Assets/CorgiEngine/Demos/Corgi2D/Animations/SpaceCorgi/SpaceCorgiJump/spaceCorgiJump19.anim using Guid(663b0de16f3e49c4facdcd6fa7b2f68e) Importer(2089858483,192608db42251d675da83286b1cce702) (ScriptedImporter) -> (artifact id: 'b6df4aec0a9201d1038ee9f6557d7225') in 0.0409331 seconds
Number of updated asset objects reloaded before import = 0Number of asset objects unloaded after import = 1

========================================================================
Received Import Request.
  Time since last request: 0.000083 seconds.
  path: Assets/CorgiEngine/Demos/TheHunt/Models/Soldier/RedAnimator.controller
  artifactKey: Guid(39be9c164191ecd40bb2cdd537322626) Importer(2089858483,192608db42251d675da83286b1cce702)
Start importing Assets/CorgiEngine/Demos/TheHunt/Models/Soldier/RedAnimator.controller using Guid(39be9c164191ecd40bb2cdd537322626) Importer(2089858483,192608db42251d675da83286b1cce702) (ScriptedImporter) -> (artifact id: 'da38f36c090078748005632244dcbc59') in 0.0484402 seconds
Number of updated asset objects reloaded before import = 0Number of asset objects unloaded after import = 42

========================================================================
Received Import Request.
  Time since last request: 0.000047 seconds.
  path: Assets/CorgiEngine/Demos/Corgi2D/Prefabs/Environment/Lava/LavaPlatform4.prefab
  artifactKey: Guid(99b363b51eb8a164b85e6ca029248669) Importer(2089858483,192608db42251d675da83286b1cce702)
Start importing Assets/CorgiEngine/Demos/Corgi2D/Prefabs/Environment/Lava/LavaPlatform4.prefab using Guid(99b363b51eb8a164b85e6ca029248669) Importer(2089858483,192608db42251d675da83286b1cce702) (ScriptedImporter) -> (artifact id: 'be46d54bffee9d702e3f258c9508e180') in 0.0625875 seconds
Number of updated asset objects reloaded before import = 0Number of asset objects unloaded after import = 8

========================================================================
Received Import Request.
  Time since last request: 0.000025 seconds.
  path: Assets/CorgiEngine/Demos/Corgi2D/Prefabs/Environment/Mesa/Platform0.prefab
  artifactKey: Guid(7141510f4482b5543b1f15345641ff55) Importer(2089858483,192608db42251d675da83286b1cce702)
Start importing Assets/CorgiEngine/Demos/Corgi2D/Prefabs/Environment/Mesa/Platform0.prefab using Guid(7141510f4482b5543b1f15345641ff55) Importer(2089858483,192608db42251d675da83286b1cce702) (ScriptedImporter) -> (artifact id: '7718bad9977e970bd3159f2c81f2615f') in 0.0614838 seconds
Number of updated asset objects reloaded before import = 0Number of asset objects unloaded after import = 8

========================================================================
Received Import Request.
  Time since last request: 0.000026 seconds.
  path: Assets/CorgiEngine/Common/Scripts/Agents/AI/Advanced/AIActionJump.cs
  artifactKey: Guid(13318a0083aad97498ff68bf0f5dc0a2) Importer(2089858483,192608db42251d675da83286b1cce702)
Start importing Assets/CorgiEngine/Common/Scripts/Agents/AI/Advanced/AIActionJump.cs using Guid(13318a0083aad97498ff68bf0f5dc0a2) Importer(2089858483,192608db42251d675da83286b1cce702) (ScriptedImporter) -> (artifact id: 'b7547523a07717ed6fd4b628c3ae8f94') in 0.0205243 seconds
Number of updated asset objects reloaded before import = 0Number of asset objects unloaded after import = 0

========================================================================
Received Import Request.
  Time since last request: 0.000081 seconds.
  path: Assets/CorgiEngine/Demos/Retro/Tilemaps/RetroRocks/RetroRocks_21.asset
  artifactKey: Guid(589e1f387d22728643b9f650062f03e8) Importer(2089858483,192608db42251d675da83286b1cce702)
Start importing Assets/CorgiEngine/Demos/Retro/Tilemaps/RetroRocks/RetroRocks_21.asset using Guid(589e1f387d22728643b9f650062f03e8) Importer(2089858483,192608db42251d675da83286b1cce702) (ScriptedImporter) -> (artifact id: '21a51dd504a974fce37d89c6d01db245') in 0.0265511 seconds
Number of updated asset objects reloaded before import = 0Number of asset objects unloaded after import = 2

========================================================================
Received Import Request.
  Time since last request: 0.000024 seconds.
  path: Assets/CorgiEngine/Demos/Retro/Tilemaps/RetroRocks/RetroRocks_rules_0.asset
  artifactKey: Guid(a908121288e09c85c231a1fbbbf3b72b) Importer(2089858483,192608db42251d675da83286b1cce702)
Start importing Assets/CorgiEngine/Demos/Retro/Tilemaps/RetroRocks/RetroRocks_rules_0.asset using Guid(a908121288e09c85c231a1fbbbf3b72b) Importer(2089858483,192608db42251d675da83286b1cce702) (ScriptedImporter) -> (artifact id: 'f31eacbe07d1f8be28a192f1e99da11d') in 0.0375665 seconds
Number of updated asset objects reloaded before import = 0Number of asset objects unloaded after import = 48

========================================================================
Received Import Request.
  Time since last request: 0.000023 seconds.
  path: Assets/CorgiEngine/Demos/Corgi2D/Prefabs/Environment/Mesa/Platform14.prefab
  artifactKey: Guid(c0c9ce0664be4ea46842b4318ec10a92) Importer(2089858483,192608db42251d675da83286b1cce702)
Start importing Assets/CorgiEngine/Demos/Corgi2D/Prefabs/Environment/Mesa/Platform14.prefab using Guid(c0c9ce0664be4ea46842b4318ec10a92) Importer(2089858483,192608db42251d675da83286b1cce702) (ScriptedImporter) -> (artifact id: 'f1d4cc4ce889eb7b811853eebfefcb68') in 0.051148 seconds
Number of updated asset objects reloaded before import = 0Number of asset objects unloaded after import = 8

========================================================================
Received Import Request.
  Time since last request: 0.000025 seconds.
  path: Assets/CorgiEngine/Demos/TheHunt/Prefabs/PlayableCharacters/Soldier3DBlue.prefab
  artifactKey: Guid(00b30f7205616e14ba92b0fa815b8cc4) Importer(2089858483,192608db42251d675da83286b1cce702)
Start importing Assets/CorgiEngine/Demos/TheHunt/Prefabs/PlayableCharacters/Soldier3DBlue.prefab using Guid(00b30f7205616e14ba92b0fa815b8cc4) Importer(2089858483,192608db42251d675da83286b1cce702) (ScriptedImporter) -> (artifact id: 'e20329d83921e1db5a4b94c841db7f6b') in 0.1826474 seconds
Number of updated asset objects reloaded before import = 0Number of asset objects unloaded after import = 180

========================================================================
Received Import Request.
  Time since last request: 0.000029 seconds.
  path: Assets/CorgiEngine/Demos/TheHunt/Models/Soldier/SoldierGreen.fbx
  artifactKey: Guid(676d3ad8264914641a9e35f5b04ed318) Importer(2089858483,192608db42251d675da83286b1cce702)
Start importing Assets/CorgiEngine/Demos/TheHunt/Models/Soldier/SoldierGreen.fbx using Guid(676d3ad8264914641a9e35f5b04ed318) Importer(2089858483,192608db42251d675da83286b1cce702) (ScriptedImporter) -> (artifact id: '91ade7f74481faab33a24b6f9d426300') in 0.0423828 seconds
Number of updated asset objects reloaded before import = 0Number of asset objects unloaded after import = 11

========================================================================
Received Import Request.
  Time since last request: 0.000028 seconds.
  path: Assets/CorgiEngine/Demos/Corgi2D/Prefabs/Environment/Bricks/Brick4.prefab
  artifactKey: Guid(bbedb03131fe372429057a65ce217376) Importer(2089858483,192608db42251d675da83286b1cce702)
Start importing Assets/CorgiEngine/Demos/Corgi2D/Prefabs/Environment/Bricks/Brick4.prefab using Guid(bbedb03131fe372429057a65ce217376) Importer(2089858483,192608db42251d675da83286b1cce702) (ScriptedImporter) -> (artifact id: 'a2047bbcbcf50f0335f3158c56e47667') in 0.0375695 seconds
Number of updated asset objects reloaded before import = 0Number of asset objects unloaded after import = 8

========================================================================
Received Import Request.
  Time since last request: 0.000040 seconds.
  path: Assets/CorgiEngine/Demos/SuperHipsterBros/Prefabs/Camera/HipsterBrosPostProcessingVolume.asset
  artifactKey: Guid(1037b6cee3323384092635cab30272b9) Importer(2089858483,192608db42251d675da83286b1cce702)
Start importing Assets/CorgiEngine/Demos/SuperHipsterBros/Prefabs/Camera/HipsterBrosPostProcessingVolume.asset using Guid(1037b6cee3323384092635cab30272b9) Importer(2089858483,192608db42251d675da83286b1cce702) (ScriptedImporter) -> (artifact id: '62c9845aaa1edbd6608a196d5fdd11ed') in 0.0272392 seconds
Number of updated asset objects reloaded before import = 0Number of asset objects unloaded after import = 6

========================================================================
Received Import Request.
  Time since last request: 0.000049 seconds.
  path: Assets/CorgiEngine/Demos/TheHunt/Models/Temple/temple.obj
  artifactKey: Guid(a9c16cfa98c7fde4baa7391c2b4deae6) Importer(2089858483,192608db42251d675da83286b1cce702)
Start importing Assets/CorgiEngine/Demos/TheHunt/Models/Temple/temple.obj using Guid(a9c16cfa98c7fde4baa7391c2b4deae6) Importer(2089858483,192608db42251d675da83286b1cce702) (ScriptedImporter) -> (artifact id: '2c4634dd4621ed2906ed4467ad62e23f') in 0.0419596 seconds
Number of updated asset objects reloaded before import = 0Number of asset objects unloaded after import = 9

========================================================================
Received Import Request.
  Time since last request: 0.000027 seconds.
  path: Assets/CorgiEngine/Demos/Corgi2D/Prefabs/Environment/Bricks/Brick5.prefab
  artifactKey: Guid(892520348303bcc4483fad998daf8df7) Importer(2089858483,192608db42251d675da83286b1cce702)
Start importing Assets/CorgiEngine/Demos/Corgi2D/Prefabs/Environment/Bricks/Brick5.prefab using Guid(892520348303bcc4483fad998daf8df7) Importer(2089858483,192608db42251d675da83286b1cce702) (ScriptedImporter) -> (artifact id: '134293a39149beb76787f950f75983e4') in 0.044957 seconds
Number of updated asset objects reloaded before import = 0Number of asset objects unloaded after import = 8

========================================================================
Received Import Request.
  Time since last request: 0.000038 seconds.
  path: Assets/CorgiEngine/Demos/Corgi2D/Prefabs/Environment/Bricks/Brick7.prefab
  artifactKey: Guid(b13ab8324a5bc81468cddb3a67a5cc6d) Importer(2089858483,192608db42251d675da83286b1cce702)
Start importing Assets/CorgiEngine/Demos/Corgi2D/Prefabs/Environment/Bricks/Brick7.prefab using Guid(b13ab8324a5bc81468cddb3a67a5cc6d) Importer(2089858483,192608db42251d675da83286b1cce702) (ScriptedImporter) -> (artifact id: 'bfac67a197eb7e09fbdfc30b3ebc687a') in 0.0384484 seconds
Number of updated asset objects reloaded before import = 0Number of asset objects unloaded after import = 8

========================================================================
Received Import Request.
  Time since last request: 0.000025 seconds.
  path: Assets/CorgiEngine/ThirdParty/MoreMountains/MMTools/Foundation/MoreMountains.Tools.Foundation.asmref
  artifactKey: Guid(17600328d06ef7e4299f5312eafcff74) Importer(2089858483,192608db42251d675da83286b1cce702)
Start importing Assets/CorgiEngine/ThirdParty/MoreMountains/MMTools/Foundation/MoreMountains.Tools.Foundation.asmref using Guid(17600328d06ef7e4299f5312eafcff74) Importer(2089858483,192608db42251d675da83286b1cce702) (ScriptedImporter) -> (artifact id: 'a67b3be5642e2bac886040d9fdff8819') in 0.0427902 seconds
Number of updated asset objects reloaded before import = 0Number of asset objects unloaded after import = 1

========================================================================
Received Import Request.
  Time since last request: 0.000031 seconds.
  path: Assets/CorgiEngine/Demos/SuperHipsterBros/Prefabs/Environment/HipsterGround4.prefab
  artifactKey: Guid(66a2a23d51229094cbb1f4774d024d02) Importer(2089858483,192608db42251d675da83286b1cce702)
Start importing Assets/CorgiEngine/Demos/SuperHipsterBros/Prefabs/Environment/HipsterGround4.prefab using Guid(66a2a23d51229094cbb1f4774d024d02) Importer(2089858483,192608db42251d675da83286b1cce702) (ScriptedImporter) -> (artifact id: '8bdcd6368e1d1c6f0bfd6f79873f7254') in 0.0381533 seconds
Number of updated asset objects reloaded before import = 0Number of asset objects unloaded after import = 8

========================================================================
Received Import Request.
  Time since last request: 0.000034 seconds.
  path: Assets/CorgiEngine/Demos/Corgi2D/Prefabs/Environment/Bricks/Brick15.prefab
  artifactKey: Guid(312781a687b000f4496075967c50139d) Importer(2089858483,192608db42251d675da83286b1cce702)
Start importing Assets/CorgiEngine/Demos/Corgi2D/Prefabs/Environment/Bricks/Brick15.prefab using Guid(312781a687b000f4496075967c50139d) Importer(2089858483,192608db42251d675da83286b1cce702) (ScriptedImporter) -> (artifact id: '0da18888317959021ffe4eb72c83c15b') in 0.041348 seconds
Number of updated asset objects reloaded before import = 0Number of asset objects unloaded after import = 8

========================================================================
Received Import Request.
  Time since last request: 0.000030 seconds.
  path: Assets/CorgiEngine/Demos/SuperHipsterBros/Prefabs/PlayableCharacters/super-hipster-bros.prefab
  artifactKey: Guid(278bf16c988340d49b37d9476cc73015) Importer(2089858483,192608db42251d675da83286b1cce702)
Start importing Assets/CorgiEngine/Demos/SuperHipsterBros/Prefabs/PlayableCharacters/super-hipster-bros.prefab using Guid(278bf16c988340d49b37d9476cc73015) Importer(2089858483,192608db42251d675da83286b1cce702) (ScriptedImporter) -> (artifact id: '3bf865c88807560de02f05439f266eb0') in 0.1324066 seconds
Number of updated asset objects reloaded before import = 0Number of asset objects unloaded after import = 30

========================================================================
Received Import Request.
  Time since last request: 0.000028 seconds.
  path: Assets/CorgiEngine/Demos/TheHunt/Models/Soldier/Red@CrouchWalk.fbx
  artifactKey: Guid(5de7ba83ab4352542855332ed2cc1a74) Importer(2089858483,192608db42251d675da83286b1cce702)
Start importing Assets/CorgiEngine/Demos/TheHunt/Models/Soldier/Red@CrouchWalk.fbx using Guid(5de7ba83ab4352542855332ed2cc1a74) Importer(2089858483,192608db42251d675da83286b1cce702) (ScriptedImporter) -> (artifact id: '81dc12881a39f09a8e4325d580ca3830') in 0.0427351 seconds
Number of updated asset objects reloaded before import = 0Number of asset objects unloaded after import = 66

========================================================================
Received Import Request.
  Time since last request: 0.000026 seconds.
  path: Assets/CorgiEngine/Demos/Retro/Tilemaps/RetroCave/RetroCave_2.asset
  artifactKey: Guid(5c1d5932d8f35067fab31328b45b3f64) Importer(2089858483,192608db42251d675da83286b1cce702)
Start importing Assets/CorgiEngine/Demos/Retro/Tilemaps/RetroCave/RetroCave_2.asset using Guid(5c1d5932d8f35067fab31328b45b3f64) Importer(2089858483,192608db42251d675da83286b1cce702) (ScriptedImporter) -> (artifact id: '96d46d1c3d91909ad389cb8df7b154be') in 0.0304897 seconds
Number of updated asset objects reloaded before import = 0Number of asset objects unloaded after import = 2

========================================================================
Received Import Request.
  Time since last request: 0.000030 seconds.
  path: Assets/CorgiEngine/Demos/TheHunt/Prefabs/Environment/Lamp.prefab
  artifactKey: Guid(80cd427c77cb4bf4a857bf90837ece1c) Importer(2089858483,192608db42251d675da83286b1cce702)
Start importing Assets/CorgiEngine/Demos/TheHunt/Prefabs/Environment/Lamp.prefab using Guid(80cd427c77cb4bf4a857bf90837ece1c) Importer(2089858483,192608db42251d675da83286b1cce702) (ScriptedImporter) -> (artifact id: '4771ae077ac3d5b9e409072ad1339ab7') in 0.0679075 seconds
Number of updated asset objects reloaded before import = 0Number of asset objects unloaded after import = 9

========================================================================
Received Import Request.
  Time since last request: 0.000024 seconds.
  path: Assets/CorgiEngine/Demos/Retro/Tilemaps/RetroRocks/RetroRocks_40.asset
  artifactKey: Guid(92a8476520f45868d09323a0f5844256) Importer(2089858483,192608db42251d675da83286b1cce702)
Start importing Assets/CorgiEngine/Demos/Retro/Tilemaps/RetroRocks/RetroRocks_40.asset using Guid(92a8476520f45868d09323a0f5844256) Importer(2089858483,192608db42251d675da83286b1cce702) (ScriptedImporter) -> (artifact id: 'e2ba650a2a020f897a3c22a27199c75b') in 0.0274268 seconds
Number of updated asset objects reloaded before import = 0Number of asset objects unloaded after import = 2

========================================================================
Received Import Request.
  Time since last request: 0.000032 seconds.
  path: Assets/CorgiEngine/Demos/Retro/Tilemaps/RetroRocks/RetroRocks_25.asset
  artifactKey: Guid(57658468b2d43fc20a0efeda470980b6) Importer(2089858483,192608db42251d675da83286b1cce702)
Start importing Assets/CorgiEngine/Demos/Retro/Tilemaps/RetroRocks/RetroRocks_25.asset using Guid(57658468b2d43fc20a0efeda470980b6) Importer(2089858483,192608db42251d675da83286b1cce702) (ScriptedImporter) -> (artifact id: 'cc17e30e8a118a150a725a4130285445') in 0.0325176 seconds
Number of updated asset objects reloaded before import = 0Number of asset objects unloaded after import = 2

========================================================================
Received Import Request.
  Time since last request: 0.000029 seconds.
  path: Assets/CorgiEngine/Common/Scripts/Agents/AI/Advanced/AIActionDash.cs
  artifactKey: Guid(2d165e07d120ab347ac5f7d582bb3add) Importer(2089858483,192608db42251d675da83286b1cce702)
Start importing Assets/CorgiEngine/Common/Scripts/Agents/AI/Advanced/AIActionDash.cs using Guid(2d165e07d120ab347ac5f7d582bb3add) Importer(2089858483,192608db42251d675da83286b1cce702) (ScriptedImporter) -> (artifact id: '32ed74d7fb124b4d25f7a6c981fb6807') in 0.032578 seconds
Number of updated asset objects reloaded before import = 0Number of asset objects unloaded after import = 0

========================================================================
Received Import Request.
  Time since last request: 0.000049 seconds.
  path: Assets/CorgiEngine/Demos/Retro/Tilemaps/RetroRocks/RetroRocks_22.asset
  artifactKey: Guid(882c27fed513e51ff09986c40ba83804) Importer(2089858483,192608db42251d675da83286b1cce702)
Start importing Assets/CorgiEngine/Demos/Retro/Tilemaps/RetroRocks/RetroRocks_22.asset using Guid(882c27fed513e51ff09986c40ba83804) Importer(2089858483,192608db42251d675da83286b1cce702) (ScriptedImporter) -> (artifact id: '8a77cf7adebc6345785254ec63a76723') in 0.0307801 seconds
Number of updated asset objects reloaded before import = 0Number of asset objects unloaded after import = 2

========================================================================
Received Import Request.
  Time since last request: 0.000029 seconds.
  path: Assets/CorgiEngine/Demos/TheHunt/Prefabs/PlayableCharacters/Soldier3DGreen.prefab
  artifactKey: Guid(1a4e54fc389c35c43b22feedbd51a607) Importer(2089858483,192608db42251d675da83286b1cce702)
Start importing Assets/CorgiEngine/Demos/TheHunt/Prefabs/PlayableCharacters/Soldier3DGreen.prefab using Guid(1a4e54fc389c35c43b22feedbd51a607) Importer(2089858483,192608db42251d675da83286b1cce702) (ScriptedImporter) -> (artifact id: '3fa05d92a01ae99fef8ef78c09e169bd') in 0.1862632 seconds
Number of updated asset objects reloaded before import = 0Number of asset objects unloaded after import = 180

========================================================================
Received Import Request.
  Time since last request: 0.000032 seconds.
  path: Assets/CorgiEngine/Demos/Corgi2D/Prefabs/Environment/Lava/LavaPlatform9.prefab
  artifactKey: Guid(115cce23fa172924392bd677eeca33fa) Importer(2089858483,192608db42251d675da83286b1cce702)
Start importing Assets/CorgiEngine/Demos/Corgi2D/Prefabs/Environment/Lava/LavaPlatform9.prefab using Guid(115cce23fa172924392bd677eeca33fa) Importer(2089858483,192608db42251d675da83286b1cce702) (ScriptedImporter) -> (artifact id: '264d61078e76051b54b6c8b536672941') in 0.0556967 seconds
Number of updated asset objects reloaded before import = 0Number of asset objects unloaded after import = 8

========================================================================
Received Import Request.
  Time since last request: 0.000041 seconds.
  path: Assets/CorgiEngine/Common/Scripts/Agents/AI/Advanced/AIActionReload.cs
  artifactKey: Guid(eb8d15dba6bffd942bc53bf3b3633952) Importer(2089858483,192608db42251d675da83286b1cce702)
Start importing Assets/CorgiEngine/Common/Scripts/Agents/AI/Advanced/AIActionReload.cs using Guid(eb8d15dba6bffd942bc53bf3b3633952) Importer(2089858483,192608db42251d675da83286b1cce702) (ScriptedImporter) -> (artifact id: '9bf4b26b76ac25675565c5d3247c9027') in 0.0289923 seconds
Number of updated asset objects reloaded before import = 0Number of asset objects unloaded after import = 0

========================================================================
Received Import Request.
  Time since last request: 0.000084 seconds.
  path: Assets/CorgiEngine/Demos/Retro/Sprites/RetroVFX/RetroCorgiDashParticles.png
  artifactKey: Guid(eadd20165cfe050409bdf7a7f4125f47) Importer(2089858483,192608db42251d675da83286b1cce702)
Start importing Assets/CorgiEngine/Demos/Retro/Sprites/RetroVFX/RetroCorgiDashParticles.png using Guid(eadd20165cfe050409bdf7a7f4125f47) Importer(2089858483,192608db42251d675da83286b1cce702) (ScriptedImporter) -> (artifact id: 'e24d0a975b89eabaa01087d1e306aef6') in 0.0423638 seconds
Number of updated asset objects reloaded before import = 0Number of asset objects unloaded after import = 3

========================================================================
Received Import Request.
  Time since last request: 0.000037 seconds.
  path: Assets/CorgiEngine/Demos/SuperHipsterBros/Prefabs/Environment/HipsterCloud3.prefab
  artifactKey: Guid(7b551a1dee39df54589c8259f82ae21d) Importer(2089858483,192608db42251d675da83286b1cce702)
Start importing Assets/CorgiEngine/Demos/SuperHipsterBros/Prefabs/Environment/HipsterCloud3.prefab using Guid(7b551a1dee39df54589c8259f82ae21d) Importer(2089858483,192608db42251d675da83286b1cce702) (ScriptedImporter) -> (artifact id: '3771099641461a3b53151c94ef87e9c7') in 0.0442698 seconds
Number of updated asset objects reloaded before import = 0Number of asset objects unloaded after import = 8

========================================================================
Received Import Request.
  Time since last request: 0.000042 seconds.
  path: Assets/CorgiEngine/Demos/Retro/Sprites/RetroProps/RetroProps2.png
  artifactKey: Guid(53835a543eadc4ff8b2955079199b882) Importer(2089858483,192608db42251d675da83286b1cce702)
Start importing Assets/CorgiEngine/Demos/Retro/Sprites/RetroProps/RetroProps2.png using Guid(53835a543eadc4ff8b2955079199b882) Importer(2089858483,192608db42251d675da83286b1cce702) (ScriptedImporter) -> (artifact id: '6bcef7626b8256183240289d3386cff8') in 0.1485089 seconds
Number of updated asset objects reloaded before import = 0Number of asset objects unloaded after import = 37

========================================================================
Received Import Request.
  Time since last request: 0.000027 seconds.
  path: Assets/CorgiEngine/ThirdParty/MoreMountains/MMInterface/Common/Shaders/VerticalGradient.shader
  artifactKey: Guid(e297d6571f2e8bc46b7ba35412ffe23c) Importer(2089858483,192608db42251d675da83286b1cce702)
Start importing Assets/CorgiEngine/ThirdParty/MoreMountains/MMInterface/Common/Shaders/VerticalGradient.shader using Guid(e297d6571f2e8bc46b7ba35412ffe23c) Importer(2089858483,192608db42251d675da83286b1cce702) (ScriptedImporter) -> (artifact id: '7f0ae91efbef903ee4b4036f1f5514ad') in 0.0305654 seconds
Number of updated asset objects reloaded before import = 0Number of asset objects unloaded after import = 1

========================================================================
Received Import Request.
  Time since last request: 0.000031 seconds.
  path: Assets/CorgiEngine/Demos/Minimal/Prefabs/PlayableCharacters/CharacterSwap/RectangleSwap2.prefab
  artifactKey: Guid(5d484a0951ebb5c4f892c506f00d4adb) Importer(2089858483,192608db42251d675da83286b1cce702)
Start importing Assets/CorgiEngine/Demos/Minimal/Prefabs/PlayableCharacters/CharacterSwap/RectangleSwap2.prefab using Guid(5d484a0951ebb5c4f892c506f00d4adb) Importer(2089858483,192608db42251d675da83286b1cce702) (ScriptedImporter) -> (artifact id: '854562c4ab71fe88468eeb29fc69f367') in 0.2672014 seconds
Number of updated asset objects reloaded before import = 0Number of asset objects unloaded after import = 126

========================================================================
Received Import Request.
  Time since last request: 0.000023 seconds.
  path: Assets/CorgiEngine/Demos/Corgi2D/Sprites/Environment/Mesa/bg-background-mountain-1.png
  artifactKey: Guid(7ebbc07c3cbca984280564eb5fbd221f) Importer(2089858483,192608db42251d675da83286b1cce702)
Start importing Assets/CorgiEngine/Demos/Corgi2D/Sprites/Environment/Mesa/bg-background-mountain-1.png using Guid(7ebbc07c3cbca984280564eb5fbd221f) Importer(2089858483,192608db42251d675da83286b1cce702) (ScriptedImporter) -> (artifact id: '0f09fb6bd0b3be0146096d942ae7587e') in 0.0606436 seconds
Number of updated asset objects reloaded before import = 0Number of asset objects unloaded after import = 3

========================================================================
Received Import Request.
  Time since last request: 0.000109 seconds.
  path: Assets/CorgiEngine/ThirdParty/MoreMountains/MMFeedbacks/Demos/MMFeedbacksDemo/MMF_PlayerDemo.unity
  artifactKey: Guid(24c17f7978039fc4ead290ab5d87e2ee) Importer(2089858483,192608db42251d675da83286b1cce702)
Start importing Assets/CorgiEngine/ThirdParty/MoreMountains/MMFeedbacks/Demos/MMFeedbacksDemo/MMF_PlayerDemo.unity using Guid(24c17f7978039fc4ead290ab5d87e2ee) Importer(2089858483,192608db42251d675da83286b1cce702) (ScriptedImporter) -> (artifact id: '3965e06f810e073b9074dc36f051df8a') in 0.1420836 seconds
Number of updated asset objects reloaded before import = 0Number of asset objects unloaded after import = 1

========================================================================
Received Import Request.
  Time since last request: 0.000026 seconds.
  path: Assets/CorgiEngine/ThirdParty/MoreMountains/MMInterface/Common/Sounds/Success1.wav
  artifactKey: Guid(c67a7170556406645bd09cd6d6f16843) Importer(2089858483,192608db42251d675da83286b1cce702)
Start importing Assets/CorgiEngine/ThirdParty/MoreMountains/MMInterface/Common/Sounds/Success1.wav using Guid(c67a7170556406645bd09cd6d6f16843) Importer(2089858483,192608db42251d675da83286b1cce702) (ScriptedImporter) -> (artifact id: '60436ed765e93c02d57e47db8bf45544') in 0.0878243 seconds
Number of updated asset objects reloaded before import = 0Number of asset objects unloaded after import = 1

========================================================================
Received Import Request.
  Time since last request: 0.000021 seconds.
  path: Assets/CorgiEngine/Demos/Corgi2D/Spine/SpaceCorgi/Baked/spine-space-pig.prefab
  artifactKey: Guid(99209734ecb306b48a9a2abd68bbec26) Importer(2089858483,192608db42251d675da83286b1cce702)
Start importing Assets/CorgiEngine/Demos/Corgi2D/Spine/SpaceCorgi/Baked/spine-space-pig.prefab using Guid(99209734ecb306b48a9a2abd68bbec26) Importer(2089858483,192608db42251d675da83286b1cce702) (ScriptedImporter) -> (artifact id: '39c2a5c289121bdc5f998c2bd1ad513c') in 0.0749611 seconds
Number of updated asset objects reloaded before import = 0Number of asset objects unloaded after import = 152

========================================================================
Received Import Request.
  Time since last request: 0.000031 seconds.
  path: Assets/CorgiEngine/ThirdParty/MoreMountains/MMFeedbacks/MMFeedbacks/Shakers/MMAudioSourcePitchShaker.cs
  artifactKey: Guid(4cfddfd71be34fb43b85eec28d5cf24a) Importer(2089858483,192608db42251d675da83286b1cce702)
Start importing Assets/CorgiEngine/ThirdParty/MoreMountains/MMFeedbacks/MMFeedbacks/Shakers/MMAudioSourcePitchShaker.cs using Guid(4cfddfd71be34fb43b85eec28d5cf24a) Importer(2089858483,192608db42251d675da83286b1cce702) (ScriptedImporter) -> (artifact id: 'dfdffd94aa05c1343af08705369aa6b8') in 0.0206639 seconds
Number of updated asset objects reloaded before import = 0Number of asset objects unloaded after import = 0

========================================================================
Received Import Request.
  Time since last request: 0.000020 seconds.
  path: Assets/CorgiEngine/Demos/Corgi2D/Spine/NativeSpineCorgi/ExportedFromSpine/space-corgi.json
  artifactKey: Guid(3d6072d8a7c363a47b27490ccff4bb0a) Importer(2089858483,192608db42251d675da83286b1cce702)
Start importing Assets/CorgiEngine/Demos/Corgi2D/Spine/NativeSpineCorgi/ExportedFromSpine/space-corgi.json using Guid(3d6072d8a7c363a47b27490ccff4bb0a) Importer(2089858483,192608db42251d675da83286b1cce702) (ScriptedImporter) -> (artifact id: '3f9a26f8c8e37b89361269b1d6aa53af') in 0.0251474 seconds
Number of updated asset objects reloaded before import = 0Number of asset objects unloaded after import = 1

========================================================================
Received Import Request.
  Time since last request: 0.000049 seconds.
  path: Assets/CorgiEngine/Demos/Corgi2D/Sprites/Environment/Props/rocket-platform.png
  artifactKey: Guid(a0f564a3aaeabd246b5b434b01e9bac7) Importer(2089858483,192608db42251d675da83286b1cce702)
Start importing Assets/CorgiEngine/Demos/Corgi2D/Sprites/Environment/Props/rocket-platform.png using Guid(a0f564a3aaeabd246b5b434b01e9bac7) Importer(2089858483,192608db42251d675da83286b1cce702) (ScriptedImporter) -> (artifact id: '863907a17b9884f8affd45b0b1b3c897') in 0.0485657 seconds
Number of updated asset objects reloaded before import = 0Number of asset objects unloaded after import = 3

========================================================================
Received Import Request.
  Time since last request: 0.000024 seconds.
  path: Assets/CorgiEngine/Demos/Minimal/Prefabs/ItemPickers/RegularWeaponPickers/ItemMachineGun.prefab
  artifactKey: Guid(30778e4359261b14b8ed323911a3b0cb) Importer(2089858483,192608db42251d675da83286b1cce702)
Start importing Assets/CorgiEngine/Demos/Minimal/Prefabs/ItemPickers/RegularWeaponPickers/ItemMachineGun.prefab using Guid(30778e4359261b14b8ed323911a3b0cb) Importer(2089858483,192608db42251d675da83286b1cce702) (ScriptedImporter) -> (artifact id: '95d5fba309111241d9b87da47a490a98') in 0.0704444 seconds
Number of updated asset objects reloaded before import = 0Number of asset objects unloaded after import = 87

========================================================================
Received Import Request.
  Time since last request: 0.000024 seconds.
  path: Assets/CorgiEngine/ThirdParty/MoreMountains/MMFeedbacks/MMFeedbacks/Feedbacks/MMF_TextureOffset.cs
  artifactKey: Guid(1649500b034fa9c4b8b816af28f3ff64) Importer(2089858483,192608db42251d675da83286b1cce702)
Start importing Assets/CorgiEngine/ThirdParty/MoreMountains/MMFeedbacks/MMFeedbacks/Feedbacks/MMF_TextureOffset.cs using Guid(1649500b034fa9c4b8b816af28f3ff64) Importer(2089858483,192608db42251d675da83286b1cce702) (ScriptedImporter) -> (artifact id: '9506095384c4c276958a5641462e6af4') in 0.0215414 seconds
Number of updated asset objects reloaded before import = 0Number of asset objects unloaded after import = 0

========================================================================
Received Import Request.
  Time since last request: 0.000052 seconds.
  path: Assets/CorgiEngine/ThirdParty/MoreMountains/MMFeedbacks/MMFeedbacks/Feedbacks/MMF_RotationShake.cs
  artifactKey: Guid(a9bba16bb0fb2b94f972e8ffe57ba804) Importer(2089858483,192608db42251d675da83286b1cce702)
Start importing Assets/CorgiEngine/ThirdParty/MoreMountains/MMFeedbacks/MMFeedbacks/Feedbacks/MMF_RotationShake.cs using Guid(a9bba16bb0fb2b94f972e8ffe57ba804) Importer(2089858483,192608db42251d675da83286b1cce702) (ScriptedImporter) -> (artifact id: '26ba30cedf0ec238df01e6e144cb7ce8') in 0.0257003 seconds
Number of updated asset objects reloaded before import = 0Number of asset objects unloaded after import = 0

========================================================================
Received Import Request.
  Time since last request: 0.000056 seconds.
  path: Assets/CorgiEngine/Demos/Corgi2D/Prefabs/Environment/Props/BlueVortexButtonActivated.prefab
  artifactKey: Guid(d331950219cf0d741a2d3aa353057e95) Importer(2089858483,192608db42251d675da83286b1cce702)
Start importing Assets/CorgiEngine/Demos/Corgi2D/Prefabs/Environment/Props/BlueVortexButtonActivated.prefab using Guid(d331950219cf0d741a2d3aa353057e95) Importer(2089858483,192608db42251d675da83286b1cce702) (ScriptedImporter) -> (artifact id: 'b2a0e0153da65d3f44db918a21743c5d') in 0.0578952 seconds
Number of updated asset objects reloaded before import = 0Number of asset objects unloaded after import = 14

========================================================================
Received Import Request.
  Time since last request: 0.000036 seconds.
  path: Assets/CorgiEngine/Demos/Corgi2D/Prefabs/Environment/Mesa/Platform24.prefab
  artifactKey: Guid(41228ae9e66dd974bb62b2a768f6d7fa) Importer(2089858483,192608db42251d675da83286b1cce702)
Start importing Assets/CorgiEngine/Demos/Corgi2D/Prefabs/Environment/Mesa/Platform24.prefab using Guid(41228ae9e66dd974bb62b2a768f6d7fa) Importer(2089858483,192608db42251d675da83286b1cce702) (ScriptedImporter) -> (artifact id: 'e947436f9332bd5c78a0cbbf8a3b7bfd') in 0.0496538 seconds
Number of updated asset objects reloaded before import = 0Number of asset objects unloaded after import = 8

========================================================================
Received Import Request.
  Time since last request: 0.000028 seconds.
  path: Assets/CorgiEngine/ThirdParty/MoreMountains/MMFeedbacks/MMFeedbacks/Feedbacks/MMF_VideoPlayer.cs
  artifactKey: Guid(506d62157a9f2474f92cb4abb6666090) Importer(2089858483,192608db42251d675da83286b1cce702)
Start importing Assets/CorgiEngine/ThirdParty/MoreMountains/MMFeedbacks/MMFeedbacks/Feedbacks/MMF_VideoPlayer.cs using Guid(506d62157a9f2474f92cb4abb6666090) Importer(2089858483,192608db42251d675da83286b1cce702) (ScriptedImporter) -> (artifact id: '367888be9f9b91d9879ed2d1d89345d8') in 0.0249804 seconds
Number of updated asset objects reloaded before import = 0Number of asset objects unloaded after import = 0

========================================================================
Received Import Request.
  Time since last request: 0.000348 seconds.
  path: Assets/CorgiEngine/Demos/Corgi2D/Spine/Heavy/Baked/heavy-corgi Controller.controller
  artifactKey: Guid(445b50a0ff8ec7b4c8aba90eca484cc5) Importer(2089858483,192608db42251d675da83286b1cce702)
Start importing Assets/CorgiEngine/Demos/Corgi2D/Spine/Heavy/Baked/heavy-corgi Controller.controller using Guid(445b50a0ff8ec7b4c8aba90eca484cc5) Importer(2089858483,192608db42251d675da83286b1cce702) (ScriptedImporter) -> (artifact id: 'dcfd28660ba5ddc5b972d3618dd3990a') in 0.0516874 seconds
Number of updated asset objects reloaded before import = 0Number of asset objects unloaded after import = 5

========================================================================
Received Import Request.
  Time since last request: 0.000051 seconds.
  path: Assets/CorgiEngine/Demos/Minimal/Sprites/Props/PixelGrids/Grid-1-128x128.png
  artifactKey: Guid(3e694fc02225bfd4ab3b0c79f0f4bd6d) Importer(2089858483,192608db42251d675da83286b1cce702)
Start importing Assets/CorgiEngine/Demos/Minimal/Sprites/Props/PixelGrids/Grid-1-128x128.png using Guid(3e694fc02225bfd4ab3b0c79f0f4bd6d) Importer(2089858483,192608db42251d675da83286b1cce702) (ScriptedImporter) -> (artifact id: '859548c32a2692bff82bb56d746df26f') in 0.0568013 seconds
Number of updated asset objects reloaded before import = 0Number of asset objects unloaded after import = 3

========================================================================
Received Import Request.
  Time since last request: 0.000023 seconds.
  path: Assets/CorgiEngine/Demos/Corgi2D/Prefabs/Environment/Mountains/MtnPlatform4.prefab
  artifactKey: Guid(b1eeb7cb556ffed46b458e8689a33ccd) Importer(2089858483,192608db42251d675da83286b1cce702)
Start importing Assets/CorgiEngine/Demos/Corgi2D/Prefabs/Environment/Mountains/MtnPlatform4.prefab using Guid(b1eeb7cb556ffed46b458e8689a33ccd) Importer(2089858483,192608db42251d675da83286b1cce702) (ScriptedImporter) -> (artifact id: 'e588c5e17780f0b3cdc33e9e18dc4cee') in 0.0564324 seconds
Number of updated asset objects reloaded before import = 0Number of asset objects unloaded after import = 8

========================================================================
Received Import Request.
  Time since last request: 0.000100 seconds.
  path: Assets/CorgiEngine/ThirdParty/MoreMountains/MMFeedbacks/MMFeedbacks/Shakers/MMAudioSourceVolumeShaker.cs
  artifactKey: Guid(90d58dde470982e44ab64592b6029c50) Importer(2089858483,192608db42251d675da83286b1cce702)
Start importing Assets/CorgiEngine/ThirdParty/MoreMountains/MMFeedbacks/MMFeedbacks/Shakers/MMAudioSourceVolumeShaker.cs using Guid(90d58dde470982e44ab64592b6029c50) Importer(2089858483,192608db42251d675da83286b1cce702) (ScriptedImporter) -> (artifact id: '1f1cd4ff4d5a22c3694d28c98e8e30f2') in 0.0231334 seconds
Number of updated asset objects reloaded before import = 0Number of asset objects unloaded after import = 0

========================================================================
Received Import Request.
  Time since last request: 0.000108 seconds.
  path: Assets/CorgiEngine/ThirdParty/MoreMountains/MMFeedbacks/Editor/Core/MMF_PlayerCopy.cs
  artifactKey: Guid(5f7bf459716aa484c8db5d1ef3ef8049) Importer(2089858483,192608db42251d675da83286b1cce702)
Start importing Assets/CorgiEngine/ThirdParty/MoreMountains/MMFeedbacks/Editor/Core/MMF_PlayerCopy.cs using Guid(5f7bf459716aa484c8db5d1ef3ef8049) Importer(2089858483,192608db42251d675da83286b1cce702) (ScriptedImporter) -> (artifact id: '45142fa78a1c200f4f34d84498b42745') in 0.0205877 seconds
Number of updated asset objects reloaded before import = 0Number of asset objects unloaded after import = 0

========================================================================
Received Import Request.
  Time since last request: 0.000102 seconds.
  path: Assets/CorgiEngine/Demos/Corgi2D/Prefabs/Environment/Props/ControlBoard.prefab
  artifactKey: Guid(c59866ab2ee6359408f76cbb1335ab84) Importer(2089858483,192608db42251d675da83286b1cce702)
Start importing Assets/CorgiEngine/Demos/Corgi2D/Prefabs/Environment/Props/ControlBoard.prefab using Guid(c59866ab2ee6359408f76cbb1335ab84) Importer(2089858483,192608db42251d675da83286b1cce702) (ScriptedImporter) -> (artifact id: '0cca922d736646f74c9379a61f9c826c') in 0.0344748 seconds
Number of updated asset objects reloaded before import = 0Number of asset objects unloaded after import = 7

========================================================================
Received Import Request.
  Time since last request: 0.000025 seconds.
  path: Assets/CorgiEngine/ThirdParty/MoreMountains/MMFeedbacks/MMFeedbacks/Feedbacks/MMF_Flicker.cs
  artifactKey: Guid(dee9d1a07405d2146a51836ab3877138) Importer(2089858483,192608db42251d675da83286b1cce702)
Start importing Assets/CorgiEngine/ThirdParty/MoreMountains/MMFeedbacks/MMFeedbacks/Feedbacks/MMF_Flicker.cs using Guid(dee9d1a07405d2146a51836ab3877138) Importer(2089858483,192608db42251d675da83286b1cce702) (ScriptedImporter) -> (artifact id: '8964f8fd8e4b53044fd2941a6afb95d8') in 0.0241235 seconds
Number of updated asset objects reloaded before import = 0Number of asset objects unloaded after import = 0

========================================================================
Received Import Request.
  Time since last request: 0.000093 seconds.
  path: Assets/CorgiEngine/Demos/Corgi2D/Prefabs/Environment/Trees/Tree15.prefab
  artifactKey: Guid(d928abf3820474b48b8734fabfa9a7ee) Importer(2089858483,192608db42251d675da83286b1cce702)
Start importing Assets/CorgiEngine/Demos/Corgi2D/Prefabs/Environment/Trees/Tree15.prefab using Guid(d928abf3820474b48b8734fabfa9a7ee) Importer(2089858483,192608db42251d675da83286b1cce702) (ScriptedImporter) -> (artifact id: '7a3e6467ce8b1ab7d9ef1beae84d93f6') in 0.0441648 seconds
Number of updated asset objects reloaded before import = 0Number of asset objects unloaded after import = 8

========================================================================
Received Import Request.
  Time since last request: 0.000041 seconds.
  path: Assets/CorgiEngine/Demos/Corgi2D/Sprites/Environment/Props/background-assets.png
  artifactKey: Guid(fd12b2ed2ae2a404f95cd0b896b70e86) Importer(2089858483,192608db42251d675da83286b1cce702)
Start importing Assets/CorgiEngine/Demos/Corgi2D/Sprites/Environment/Props/background-assets.png using Guid(fd12b2ed2ae2a404f95cd0b896b70e86) Importer(2089858483,192608db42251d675da83286b1cce702) (ScriptedImporter) -> (artifact id: '57663a61b4fe7102d761b23ab05f237e') in 0.1551306 seconds
Number of updated asset objects reloaded before import = 0Number of asset objects unloaded after import = 33

========================================================================
Received Import Request.
  Time since last request: 0.000030 seconds.
  path: Assets/CorgiEngine/ThirdParty/MoreMountains/MMInterface/Editor/DefineSymbols/MMInterfaceDefineSymbols.cs
  artifactKey: Guid(a39cc885332d97648868b23ed7b7c8b1) Importer(2089858483,192608db42251d675da83286b1cce702)
Start importing Assets/CorgiEngine/ThirdParty/MoreMountains/MMInterface/Editor/DefineSymbols/MMInterfaceDefineSymbols.cs using Guid(a39cc885332d97648868b23ed7b7c8b1) Importer(2089858483,192608db42251d675da83286b1cce702) (ScriptedImporter) -> (artifact id: '9c8d2d7b41da3ecd4743dc970ad39088') in 0.0229692 seconds
Number of updated asset objects reloaded before import = 0Number of asset objects unloaded after import = 0

========================================================================
Received Import Request.
  Time since last request: 0.000048 seconds.
  path: Assets/CorgiEngine/ThirdParty/MoreMountains/MMFeedbacks/MMFeedbacks/Feedbacks/MMF_PlayerChain.cs
  artifactKey: Guid(d44c523d89caed94faa174d7a7b628f2) Importer(2089858483,192608db42251d675da83286b1cce702)
Start importing Assets/CorgiEngine/ThirdParty/MoreMountains/MMFeedbacks/MMFeedbacks/Feedbacks/MMF_PlayerChain.cs using Guid(d44c523d89caed94faa174d7a7b628f2) Importer(2089858483,192608db42251d675da83286b1cce702) (ScriptedImporter) -> (artifact id: '644aad4be8293c8027e009fefc1f8af8') in 0.0234576 seconds
Number of updated asset objects reloaded before import = 0Number of asset objects unloaded after import = 0

========================================================================
Received Import Request.
  Time since last request: 0.000081 seconds.
  path: Assets/CorgiEngine/Demos/TheHunt/Models/Soldier/Materials/ExplosionPolygon.png
  artifactKey: Guid(d703edd8e5455c246a2089ddf6a06ae5) Importer(2089858483,192608db42251d675da83286b1cce702)
Start importing Assets/CorgiEngine/Demos/TheHunt/Models/Soldier/Materials/ExplosionPolygon.png using Guid(d703edd8e5455c246a2089ddf6a06ae5) Importer(2089858483,192608db42251d675da83286b1cce702) (ScriptedImporter) -> (artifact id: 'e82fe8f988dca018aca3a57205e898d2') in 0.0465013 seconds
Number of updated asset objects reloaded before import = 0Number of asset objects unloaded after import = 3

========================================================================
Received Import Request.
  Time since last request: 0.000031 seconds.
  path: Assets/CorgiEngine/Demos/Minimal/Prefabs/Weapons/Ammo/MinimalChargeWeaponBulletC.prefab
  artifactKey: Guid(1f63924e7c5e21e4eb39f96c2cd0631f) Importer(2089858483,192608db42251d675da83286b1cce702)
Start importing Assets/CorgiEngine/Demos/Minimal/Prefabs/Weapons/Ammo/MinimalChargeWeaponBulletC.prefab using Guid(1f63924e7c5e21e4eb39f96c2cd0631f) Importer(2089858483,192608db42251d675da83286b1cce702) (ScriptedImporter) -> (artifact id: 'c5ffe9787f6beb46c614cf62a8aea53e') in 0.0695192 seconds
Number of updated asset objects reloaded before import = 0Number of asset objects unloaded after import = 33

========================================================================
Received Import Request.
  Time since last request: 0.000030 seconds.
  path: Assets/CorgiEngine/ThirdParty/MoreMountains/MMFeedbacks/MMFeedbacks/Feedbacks/MMF_PositionShake.cs
  artifactKey: Guid(0e19b4303c2b04a49a00bb24fcccfd5c) Importer(2089858483,192608db42251d675da83286b1cce702)
Start importing Assets/CorgiEngine/ThirdParty/MoreMountains/MMFeedbacks/MMFeedbacks/Feedbacks/MMF_PositionShake.cs using Guid(0e19b4303c2b04a49a00bb24fcccfd5c) Importer(2089858483,192608db42251d675da83286b1cce702) (ScriptedImporter) -> (artifact id: 'b96ac219dadae6d90128117051f04d04') in 0.0247727 seconds
Number of updated asset objects reloaded before import = 0Number of asset objects unloaded after import = 0

========================================================================
Received Import Request.
  Time since last request: 0.000093 seconds.
  path: Assets/CorgiEngine/ThirdParty/MoreMountains/MMFeedbacks/Demos/SequencingDemo/SequencerDemo.unity
  artifactKey: Guid(7404a4198038588438ed7afd038bd8c0) Importer(2089858483,192608db42251d675da83286b1cce702)
Start importing Assets/CorgiEngine/ThirdParty/MoreMountains/MMFeedbacks/Demos/SequencingDemo/SequencerDemo.unity using Guid(7404a4198038588438ed7afd038bd8c0) Importer(2089858483,192608db42251d675da83286b1cce702) (ScriptedImporter) -> (artifact id: '7d37cc750a89616c394156ea242a4f73') in 0.0559421 seconds
Number of updated asset objects reloaded before import = 0Number of asset objects unloaded after import = 1

========================================================================
Received Import Request.
  Time since last request: 0.000027 seconds.
  path: Assets/CorgiEngine/ThirdParty/MoreMountains/MMFeedbacks/MMFeedbacksForThirdParty/URP/MoreMountains.Feedbacks.URP.asmref
  artifactKey: Guid(4d249ce4961d8fc48b6cb4dc6b165261) Importer(2089858483,192608db42251d675da83286b1cce702)
Start importing Assets/CorgiEngine/ThirdParty/MoreMountains/MMFeedbacks/MMFeedbacksForThirdParty/URP/MoreMountains.Feedbacks.URP.asmref using Guid(4d249ce4961d8fc48b6cb4dc6b165261) Importer(2089858483,192608db42251d675da83286b1cce702) (ScriptedImporter) -> (artifact id: '37338c061c2d1810a365d4325651296d') in 0.0410822 seconds
Number of updated asset objects reloaded before import = 0Number of asset objects unloaded after import = 1

========================================================================
Received Import Request.
  Time since last request: 0.000035 seconds.
  path: Assets/CorgiEngine/Demos/Corgi2D/Prefabs/Environment/Props/OrangeVortexButtonActivated.prefab
  artifactKey: Guid(5d7c2c182280255468ca3900cdce2567) Importer(2089858483,192608db42251d675da83286b1cce702)
Start importing Assets/CorgiEngine/Demos/Corgi2D/Prefabs/Environment/Props/OrangeVortexButtonActivated.prefab using Guid(5d7c2c182280255468ca3900cdce2567) Importer(2089858483,192608db42251d675da83286b1cce702) (ScriptedImporter) -> (artifact id: '230cbcd6ab7fbf1f4acbc127178ae58d') in 0.0677493 seconds
Number of updated asset objects reloaded before import = 0Number of asset objects unloaded after import = 14

========================================================================
Received Import Request.
  Time since last request: 0.000029 seconds.
  path: Assets/CorgiEngine/Demos/Corgi2D/Prefabs/Environment/Trees/Tree4.prefab
  artifactKey: Guid(49b722924ce1d934587a38ef53bb1d8f) Importer(2089858483,192608db42251d675da83286b1cce702)
Start importing Assets/CorgiEngine/Demos/Corgi2D/Prefabs/Environment/Trees/Tree4.prefab using Guid(49b722924ce1d934587a38ef53bb1d8f) Importer(2089858483,192608db42251d675da83286b1cce702) (ScriptedImporter) -> (artifact id: '1ea48102cdace2715e9c52efeeaaccaa') in 0.0413419 seconds
Number of updated asset objects reloaded before import = 0Number of asset objects unloaded after import = 8

========================================================================
Received Import Request.
  Time since last request: 0.000066 seconds.
  path: Assets/CorgiEngine/ThirdParty/MoreMountains/MMFeedbacks/MMFeedbacks/Feedbacks/MMF_CameraShake.cs
  artifactKey: Guid(a3cc2a6a2ccbc204299038009e15eb65) Importer(2089858483,192608db42251d675da83286b1cce702)
Start importing Assets/CorgiEngine/ThirdParty/MoreMountains/MMFeedbacks/MMFeedbacks/Feedbacks/MMF_CameraShake.cs using Guid(a3cc2a6a2ccbc204299038009e15eb65) Importer(2089858483,192608db42251d675da83286b1cce702) (ScriptedImporter) -> (artifact id: '4cc458d60db8896ccdaf1fb7cdcc6b7b') in 0.0236653 seconds
Number of updated asset objects reloaded before import = 0Number of asset objects unloaded after import = 0

========================================================================
Received Import Request.
  Time since last request: 0.000028 seconds.
  path: Assets/CorgiEngine/Demos/Corgi2D/Prefabs/Environment/Mesa/Platform20.prefab
  artifactKey: Guid(23e9d30726ecccd43bbdd76549100b27) Importer(2089858483,192608db42251d675da83286b1cce702)
Start importing Assets/CorgiEngine/Demos/Corgi2D/Prefabs/Environment/Mesa/Platform20.prefab using Guid(23e9d30726ecccd43bbdd76549100b27) Importer(2089858483,192608db42251d675da83286b1cce702) (ScriptedImporter) -> (artifact id: 'c7881b162df4cedffb40e7236d0892f2') in 0.0603537 seconds
Number of updated asset objects reloaded before import = 0Number of asset objects unloaded after import = 8

========================================================================
Received Import Request.
  Time since last request: 0.000025 seconds.
  path: Assets/CorgiEngine/ThirdParty/MoreMountains/MMInterface/Common/Sounds/Success2.wav
  artifactKey: Guid(6a4517fddc5ac6d49a7ebb94f101b535) Importer(2089858483,192608db42251d675da83286b1cce702)
Start importing Assets/CorgiEngine/ThirdParty/MoreMountains/MMInterface/Common/Sounds/Success2.wav using Guid(6a4517fddc5ac6d49a7ebb94f101b535) Importer(2089858483,192608db42251d675da83286b1cce702) (ScriptedImporter) -> (artifact id: '74ccd92fa29bf25a70e9ca5a806b89ae') in 0.0954249 seconds
Number of updated asset objects reloaded before import = 0Number of asset objects unloaded after import = 1

========================================================================
Received Import Request.
  Time since last request: 0.000030 seconds.
  path: Assets/CorgiEngine/Demos/Corgi2D/Prefabs/Environment/Mountains/MtnPlatform12.prefab
  artifactKey: Guid(ee013bdb76e531f4faa9857cf4946a1f) Importer(2089858483,192608db42251d675da83286b1cce702)
Start importing Assets/CorgiEngine/Demos/Corgi2D/Prefabs/Environment/Mountains/MtnPlatform12.prefab using Guid(ee013bdb76e531f4faa9857cf4946a1f) Importer(2089858483,192608db42251d675da83286b1cce702) (ScriptedImporter) -> (artifact id: 'c2eb804b7ba8026bb5386dfa1f135893') in 0.056782 seconds
Number of updated asset objects reloaded before import = 0Number of asset objects unloaded after import = 8

========================================================================
Received Import Request.
  Time since last request: 0.000131 seconds.
  path: Assets/CorgiEngine/Demos/Retro/Prefabs/Weapons/Ammo/RetroCannonBullet.prefab
  artifactKey: Guid(f144f49ae4a2a2e428a2a229f492e609) Importer(2089858483,192608db42251d675da83286b1cce702)
Start importing Assets/CorgiEngine/Demos/Retro/Prefabs/Weapons/Ammo/RetroCannonBullet.prefab using Guid(f144f49ae4a2a2e428a2a229f492e609) Importer(2089858483,192608db42251d675da83286b1cce702) (ScriptedImporter) -> (artifact id: '052555319ddb96ac3dcb2bc17c5c5496') in 0.071241 seconds
Number of updated asset objects reloaded before import = 0Number of asset objects unloaded after import = 32

========================================================================
Received Import Request.
  Time since last request: 0.000043 seconds.
  path: Assets/CorgiEngine/Demos/Minimal/Prefabs/Weapons/Ammo/MinimalMachineGunBullet.prefab
  artifactKey: Guid(c7a2328e2057cf747afceb7c07d5a660) Importer(2089858483,192608db42251d675da83286b1cce702)
Start importing Assets/CorgiEngine/Demos/Minimal/Prefabs/Weapons/Ammo/MinimalMachineGunBullet.prefab using Guid(c7a2328e2057cf747afceb7c07d5a660) Importer(2089858483,192608db42251d675da83286b1cce702) (ScriptedImporter) -> (artifact id: '9b6da74fd6efdf8405e05d4ab6e695a6') in 0.0798481 seconds
Number of updated asset objects reloaded before import = 0Number of asset objects unloaded after import = 31

========================================================================
Received Import Request.
  Time since last request: 0.000036 seconds.
  path: Assets/CorgiEngine/ThirdParty/MoreMountains/MMFeedbacks/MMFeedbacks/Feedbacks/MMF_AudioFilterReverb.cs
  artifactKey: Guid(fb2fb44761e9da645a012cd87424fc10) Importer(2089858483,192608db42251d675da83286b1cce702)
Start importing Assets/CorgiEngine/ThirdParty/MoreMountains/MMFeedbacks/MMFeedbacks/Feedbacks/MMF_AudioFilterReverb.cs using Guid(fb2fb44761e9da645a012cd87424fc10) Importer(2089858483,192608db42251d675da83286b1cce702) (ScriptedImporter) -> (artifact id: '2c70b2a9ec9d7bdd0304d432d68ca519') in 0.0221635 seconds
Number of updated asset objects reloaded before import = 0Number of asset objects unloaded after import = 0

========================================================================
Received Import Request.
  Time since last request: 0.000088 seconds.
  path: Assets/CorgiEngine/ThirdParty/MoreMountains/MMFeedbacks/MMFeedbacks/Feedbacks/MMF_AudioSourcePitch.cs
  artifactKey: Guid(0a5f5fa0a0eb12242b82f5e32e147334) Importer(2089858483,192608db42251d675da83286b1cce702)
Start importing Assets/CorgiEngine/ThirdParty/MoreMountains/MMFeedbacks/MMFeedbacks/Feedbacks/MMF_AudioSourcePitch.cs using Guid(0a5f5fa0a0eb12242b82f5e32e147334) Importer(2089858483,192608db42251d675da83286b1cce702) (ScriptedImporter) -> (artifact id: '5f1398e0e37f71710cac086037e98f49') in 0.0244324 seconds
Number of updated asset objects reloaded before import = 0Number of asset objects unloaded after import = 0

========================================================================
Received Import Request.
  Time since last request: 0.000143 seconds.
  path: Assets/CorgiEngine/ThirdParty/MoreMountains/MMTools/Accessories/MMActivation/MMApplicationPlatformActivation.cs
  artifactKey: Guid(4b49077b56e67ff469bc52b6a64e5e17) Importer(2089858483,192608db42251d675da83286b1cce702)
Start importing Assets/CorgiEngine/ThirdParty/MoreMountains/MMTools/Accessories/MMActivation/MMApplicationPlatformActivation.cs using Guid(4b49077b56e67ff469bc52b6a64e5e17) Importer(2089858483,192608db42251d675da83286b1cce702) (ScriptedImporter) -> (artifact id: '361fb360c4f63e15ae7e34a7861d980e') in 0.0202547 seconds
Number of updated asset objects reloaded before import = 0Number of asset objects unloaded after import = 0

========================================================================
Received Import Request.
  Time since last request: 0.000080 seconds.
  path: Assets/CorgiEngine/ThirdParty/MoreMountains/MMTools/Accessories/MMInstantiation/MMSpawnAroundTester.cs
  artifactKey: Guid(25aad3ee60dba574fb749c6ea78d559d) Importer(2089858483,192608db42251d675da83286b1cce702)
Start importing Assets/CorgiEngine/ThirdParty/MoreMountains/MMTools/Accessories/MMInstantiation/MMSpawnAroundTester.cs using Guid(25aad3ee60dba574fb749c6ea78d559d) Importer(2089858483,192608db42251d675da83286b1cce702) (ScriptedImporter) -> (artifact id: 'bed4e2297ba9801162aa4bbbabfd7389') in 0.0243932 seconds
Number of updated asset objects reloaded before import = 0Number of asset objects unloaded after import = 0

========================================================================
Received Import Request.
  Time since last request: 0.000037 seconds.
  path: Assets/CorgiEngine/ThirdParty/MoreMountains/MMTools/Core/MMHelpers/MMCircularList.cs
  artifactKey: Guid(09b9adc13f8d756438e4b01f706efbc1) Importer(2089858483,192608db42251d675da83286b1cce702)
Start importing Assets/CorgiEngine/ThirdParty/MoreMountains/MMTools/Core/MMHelpers/MMCircularList.cs using Guid(09b9adc13f8d756438e4b01f706efbc1) Importer(2089858483,192608db42251d675da83286b1cce702) (ScriptedImporter) -> (artifact id: '963d4ac59787d44f456acd1879b7f07c') in 0.0192015 seconds
Number of updated asset objects reloaded before import = 0Number of asset objects unloaded after import = 0

========================================================================
Received Import Request.
  Time since last request: 0.000080 seconds.
  path: Assets/CorgiEngine/ThirdParty/MoreMountains/MMTools/Accessories/MMShaders/MMAdvancedToon.shader
  artifactKey: Guid(82c42a0b06f4f684db1ee2c535fb985c) Importer(2089858483,192608db42251d675da83286b1cce702)
Start importing Assets/CorgiEngine/ThirdParty/MoreMountains/MMTools/Accessories/MMShaders/MMAdvancedToon.shader using Guid(82c42a0b06f4f684db1ee2c535fb985c) Importer(2089858483,192608db42251d675da83286b1cce702) (ScriptedImporter) -> (artifact id: '5e0814f7d66a8298a1bf44e07a56b72c') in 0.2739862 seconds
Number of updated asset objects reloaded before import = 0Number of asset objects unloaded after import = 1

========================================================================
Received Import Request.
  Time since last request: 0.000034 seconds.
  path: Assets/CorgiEngine/ThirdParty/MoreMountains/MMTools/Accessories/MMUtilities/MMDebugController.cs
  artifactKey: Guid(0fcb0ff7991255940900581218e0053b) Importer(2089858483,192608db42251d675da83286b1cce702)
Start importing Assets/CorgiEngine/ThirdParty/MoreMountains/MMTools/Accessories/MMUtilities/MMDebugController.cs using Guid(0fcb0ff7991255940900581218e0053b) Importer(2089858483,192608db42251d675da83286b1cce702) (ScriptedImporter) -> (artifact id: 'a259e0ccc9a545d606b6a35feef2367f') in 0.020116 seconds
Number of updated asset objects reloaded before import = 0Number of asset objects unloaded after import = 0

========================================================================
Received Import Request.
  Time since last request: 0.000082 seconds.
  path: Assets/CorgiEngine/ThirdParty/MoreMountains/MMTools/Core/MMExtensions/MMVector2Extensions.cs
  artifactKey: Guid(32341f6d89b7cd14bbe2102075e9e0cc) Importer(2089858483,192608db42251d675da83286b1cce702)
Start importing Assets/CorgiEngine/ThirdParty/MoreMountains/MMTools/Core/MMExtensions/MMVector2Extensions.cs using Guid(32341f6d89b7cd14bbe2102075e9e0cc) Importer(2089858483,192608db42251d675da83286b1cce702) (ScriptedImporter) -> (artifact id: '986360ac7f8d66c470daa269fe2e3da9') in 0.0244425 seconds
Number of updated asset objects reloaded before import = 0Number of asset objects unloaded after import = 0

========================================================================
Received Import Request.
  Time since last request: 0.000111 seconds.
  path: Assets/CorgiEngine/ThirdParty/MoreMountains/MMTools/Accessories/MMActivation/MMTriggerAndCollisionFilter.cs
  artifactKey: Guid(5cc2d50cc470a8b448cb93411e66d069) Importer(2089858483,192608db42251d675da83286b1cce702)
Start importing Assets/CorgiEngine/ThirdParty/MoreMountains/MMTools/Accessories/MMActivation/MMTriggerAndCollisionFilter.cs using Guid(5cc2d50cc470a8b448cb93411e66d069) Importer(2089858483,192608db42251d675da83286b1cce702) (ScriptedImporter) -> (artifact id: '8ccdb51d0e1f9c0cc3a001bf88bf2cd9') in 0.0275789 seconds
Number of updated asset objects reloaded before import = 0Number of asset objects unloaded after import = 0

========================================================================
Received Import Request.
  Time since last request: 0.000018 seconds.
  path: Assets/CorgiEngine/ThirdParty/MoreMountains/MMTools/Core/MMAttributes/MMDebugLogCommandAttribute.cs
  artifactKey: Guid(4de406fa905b7cd4586793dec9e9d93d) Importer(2089858483,192608db42251d675da83286b1cce702)
Start importing Assets/CorgiEngine/ThirdParty/MoreMountains/MMTools/Core/MMAttributes/MMDebugLogCommandAttribute.cs using Guid(4de406fa905b7cd4586793dec9e9d93d) Importer(2089858483,192608db42251d675da83286b1cce702) (ScriptedImporter) -> (artifact id: 'a26f459793ce004585c81e7044ee44dd') in 0.0215677 seconds
Number of updated asset objects reloaded before import = 0Number of asset objects unloaded after import = 0

========================================================================
Received Import Request.
  Time since last request: 0.000083 seconds.
  path: Assets/CorgiEngine/ThirdParty/MoreMountains/MMTools/Accessories/MMGUI/MMGetFocusOnEnable.cs
  artifactKey: Guid(4c7437225490c3443b6d19ca7cc00196) Importer(2089858483,192608db42251d675da83286b1cce702)
Start importing Assets/CorgiEngine/ThirdParty/MoreMountains/MMTools/Accessories/MMGUI/MMGetFocusOnEnable.cs using Guid(4c7437225490c3443b6d19ca7cc00196) Importer(2089858483,192608db42251d675da83286b1cce702) (ScriptedImporter) -> (artifact id: '90658f814ac9cad1e0cd30ad659293b4') in 0.0291378 seconds
Number of updated asset objects reloaded before import = 0Number of asset objects unloaded after import = 0

========================================================================
Received Import Request.
  Time since last request: 0.000078 seconds.
  path: Assets/CorgiEngine/ThirdParty/MoreMountains/MMTools/Core/MMAttributes/MMReadOnlyWhenPlayingAttribute.cs
  artifactKey: Guid(8e1e841ae422aba49bcc65672025dfa4) Importer(2089858483,192608db42251d675da83286b1cce702)
Start importing Assets/CorgiEngine/ThirdParty/MoreMountains/MMTools/Core/MMAttributes/MMReadOnlyWhenPlayingAttribute.cs using Guid(8e1e841ae422aba49bcc65672025dfa4) Importer(2089858483,192608db42251d675da83286b1cce702) (ScriptedImporter) -> (artifact id: 'ba619229c353ee4d63fa664e66749ba1') in 0.0236471 seconds
Number of updated asset objects reloaded before import = 0Number of asset objects unloaded after import = 0

========================================================================
Received Import Request.
  Time since last request: 0.000020 seconds.
  path: Assets/CorgiEngine/ThirdParty/MoreMountains/MMTools/Accessories/MMGUI/MMSceneName.cs
  artifactKey: Guid(d45db69777541e74c8e5f0f820540601) Importer(2089858483,192608db42251d675da83286b1cce702)
Start importing Assets/CorgiEngine/ThirdParty/MoreMountains/MMTools/Accessories/MMGUI/MMSceneName.cs using Guid(d45db69777541e74c8e5f0f820540601) Importer(2089858483,192608db42251d675da83286b1cce702) (ScriptedImporter) -> (artifact id: 'ba9fc73ef4debab0d2815bf1fddeb570') in 0.0245054 seconds
Number of updated asset objects reloaded before import = 0Number of asset objects unloaded after import = 0

========================================================================
Received Import Request.
  Time since last request: 0.000155 seconds.
  path: Assets/CorgiEngine/Demos/Corgi2D/Sprites/Environment/Mesa/bg-background-mountain-3.png
  artifactKey: Guid(f4ab2147909ee17419fa5184183fc42a) Importer(2089858483,192608db42251d675da83286b1cce702)
Start importing Assets/CorgiEngine/Demos/Corgi2D/Sprites/Environment/Mesa/bg-background-mountain-3.png using Guid(f4ab2147909ee17419fa5184183fc42a) Importer(2089858483,192608db42251d675da83286b1cce702) (ScriptedImporter) -> (artifact id: 'd469854326d2cf8f64d392c9e716941a') in 0.0536503 seconds
Number of updated asset objects reloaded before import = 0Number of asset objects unloaded after import = 3

========================================================================
Received Import Request.
  Time since last request: 0.000026 seconds.
  path: Assets/CorgiEngine/ThirdParty/MoreMountains/MMTools/Core/MMAttributes/MMHiddenAttribute.cs
  artifactKey: Guid(171bddfe1b8d24a049ab93c4b4d2323d) Importer(2089858483,192608db42251d675da83286b1cce702)
Start importing Assets/CorgiEngine/ThirdParty/MoreMountains/MMTools/Core/MMAttributes/MMHiddenAttribute.cs using Guid(171bddfe1b8d24a049ab93c4b4d2323d) Importer(2089858483,192608db42251d675da83286b1cce702) (ScriptedImporter) -> (artifact id: '04f5fffa9b5f22e84cd584402c61061f') in 0.0228666 seconds
Number of updated asset objects reloaded before import = 0Number of asset objects unloaded after import = 0

========================================================================
Received Import Request.
  Time since last request: 0.000038 seconds.
  path: Assets/CorgiEngine/Demos/Corgi2D/Prefabs/Environment/Mesa/Platform7.prefab
  artifactKey: Guid(88a66af632577aa4b8f12199be4ce499) Importer(2089858483,192608db42251d675da83286b1cce702)
Start importing Assets/CorgiEngine/Demos/Corgi2D/Prefabs/Environment/Mesa/Platform7.prefab using Guid(88a66af632577aa4b8f12199be4ce499) Importer(2089858483,192608db42251d675da83286b1cce702) (ScriptedImporter) -> (artifact id: '728d5c97d8270fbde3f0c664793207b4') in 0.0502361 seconds
Number of updated asset objects reloaded before import = 0Number of asset objects unloaded after import = 8

========================================================================
Received Import Request.
  Time since last request: 0.000025 seconds.
  path: Assets/CorgiEngine/ThirdParty/MoreMountains/MMInterface/Common/Sounds/BeepLong2.wav
  artifactKey: Guid(7fdfe8bf6f6061c49ba87c3363b5f5b9) Importer(2089858483,192608db42251d675da83286b1cce702)
Start importing Assets/CorgiEngine/ThirdParty/MoreMountains/MMInterface/Common/Sounds/BeepLong2.wav using Guid(7fdfe8bf6f6061c49ba87c3363b5f5b9) Importer(2089858483,192608db42251d675da83286b1cce702) (ScriptedImporter) -> (artifact id: 'd189f559900cbe173b8741a250702685') in 0.0822148 seconds
Number of updated asset objects reloaded before import = 0Number of asset objects unloaded after import = 1

========================================================================
Received Import Request.
  Time since last request: 0.000019 seconds.
  path: Assets/CorgiEngine/Demos/Corgi2D/Prefabs/Environment/Props/Jumper.prefab
  artifactKey: Guid(e0913ad88f7c7ff4caaaa956f0796623) Importer(2089858483,192608db42251d675da83286b1cce702)
Start importing Assets/CorgiEngine/Demos/Corgi2D/Prefabs/Environment/Props/Jumper.prefab using Guid(e0913ad88f7c7ff4caaaa956f0796623) Importer(2089858483,192608db42251d675da83286b1cce702) (ScriptedImporter) -> (artifact id: '9a16773bbfb3de38076dcdf18bd4718f') in 0.0514436 seconds
Number of updated asset objects reloaded before import = 0Number of asset objects unloaded after import = 15

========================================================================
Received Import Request.
  Time since last request: 0.000025 seconds.
  path: Assets/CorgiEngine/ThirdParty/MoreMountains/MMInterface/Common/Sounds/Success4.wav
  artifactKey: Guid(b74556d625fceec4191ef2ef5737c70a) Importer(2089858483,192608db42251d675da83286b1cce702)
Start importing Assets/CorgiEngine/ThirdParty/MoreMountains/MMInterface/Common/Sounds/Success4.wav using Guid(b74556d625fceec4191ef2ef5737c70a) Importer(2089858483,192608db42251d675da83286b1cce702) (ScriptedImporter) -> (artifact id: 'a6b3fa5189ff78781968570fdb67d505') in 0.0962054 seconds
Number of updated asset objects reloaded before import = 0Number of asset objects unloaded after import = 1

========================================================================
Received Import Request.
  Time since last request: 0.000049 seconds.
  path: Assets/CorgiEngine/Demos/Corgi2D/Prefabs/Environment/Trees/Tree16.prefab
  artifactKey: Guid(270424efdc7a9ae4ba674f176f5d3fb7) Importer(2089858483,192608db42251d675da83286b1cce702)
Start importing Assets/CorgiEngine/Demos/Corgi2D/Prefabs/Environment/Trees/Tree16.prefab using Guid(270424efdc7a9ae4ba674f176f5d3fb7) Importer(2089858483,192608db42251d675da83286b1cce702) (ScriptedImporter) -> (artifact id: 'f7db47f63226fabc512d86875af7e9cb') in 0.0403209 seconds
Number of updated asset objects reloaded before import = 0Number of asset objects unloaded after import = 8

========================================================================
Received Import Request.
  Time since last request: 0.000038 seconds.
  path: Assets/CorgiEngine/Demos/Corgi2D/Prefabs/Environment/Props/GateToNextLevel.prefab
  artifactKey: Guid(1f2a66a756024aa4c9a620cfda0854ed) Importer(2089858483,192608db42251d675da83286b1cce702)
Start importing Assets/CorgiEngine/Demos/Corgi2D/Prefabs/Environment/Props/GateToNextLevel.prefab using Guid(1f2a66a756024aa4c9a620cfda0854ed) Importer(2089858483,192608db42251d675da83286b1cce702) (ScriptedImporter) -> (artifact id: '840c4fc91bcec6045e6a5cffa243be55') in 0.0430302 seconds
Number of updated asset objects reloaded before import = 0Number of asset objects unloaded after import = 11

========================================================================
Received Import Request.
  Time since last request: 0.000026 seconds.
  path: Assets/CorgiEngine/Demos/Minimal/Prefabs/ItemPickers/WeaponWithAmmoPickers/GrenadesPicker.prefab
  artifactKey: Guid(86a94a2dd4c2e55428c45603a57fe8ee) Importer(2089858483,192608db42251d675da83286b1cce702)
Start importing Assets/CorgiEngine/Demos/Minimal/Prefabs/ItemPickers/WeaponWithAmmoPickers/GrenadesPicker.prefab using Guid(86a94a2dd4c2e55428c45603a57fe8ee) Importer(2089858483,192608db42251d675da83286b1cce702) (ScriptedImporter) -> (artifact id: '8c8a5decb002f6d63049f85510575cc4') in 0.0543697 seconds
Number of updated asset objects reloaded before import = 0Number of asset objects unloaded after import = 21

========================================================================
Received Import Request.
  Time since last request: 0.000026 seconds.
  path: Assets/CorgiEngine/ThirdParty/MoreMountains/MMFeedbacks/MMFeedbacksForThirdParty/UIToolkit/MoreMountains.Feedbacks.UIToolkit.asmref
  artifactKey: Guid(6acf6d4477d762d4d9d58016b9ff1c1d) Importer(2089858483,192608db42251d675da83286b1cce702)
Start importing Assets/CorgiEngine/ThirdParty/MoreMountains/MMFeedbacks/MMFeedbacksForThirdParty/UIToolkit/MoreMountains.Feedbacks.UIToolkit.asmref using Guid(6acf6d4477d762d4d9d58016b9ff1c1d) Importer(2089858483,192608db42251d675da83286b1cce702) (ScriptedImporter) -> (artifact id: '27047d0886fdec0a9bccae3ebeb7192a') in 0.0371318 seconds
Number of updated asset objects reloaded before import = 0Number of asset objects unloaded after import = 1

========================================================================
Received Import Request.
  Time since last request: 0.000043 seconds.
  path: Assets/CorgiEngine/Demos/Corgi2D/Prefabs/Environment/Trees/Tree2.prefab
  artifactKey: Guid(b6e42a652aa87c84e80ecec6ae05a02d) Importer(2089858483,192608db42251d675da83286b1cce702)
Start importing Assets/CorgiEngine/Demos/Corgi2D/Prefabs/Environment/Trees/Tree2.prefab using Guid(b6e42a652aa87c84e80ecec6ae05a02d) Importer(2089858483,192608db42251d675da83286b1cce702) (ScriptedImporter) -> (artifact id: '13f5dee9b90fe055b549013e59c4fe98') in 0.0417053 seconds
Number of updated asset objects reloaded before import = 0Number of asset objects unloaded after import = 8

========================================================================
Received Import Request.
  Time since last request: 0.000037 seconds.
  path: Assets/CorgiEngine/ThirdParty/MoreMountains/InventoryEngine/Demos/PixelRogue/PixelRogueRoom2.unity
  artifactKey: Guid(c3ccf26bc08e243b1aae7d13d40d2ec4) Importer(2089858483,192608db42251d675da83286b1cce702)
Start importing Assets/CorgiEngine/ThirdParty/MoreMountains/InventoryEngine/Demos/PixelRogue/PixelRogueRoom2.unity using Guid(c3ccf26bc08e243b1aae7d13d40d2ec4) Importer(2089858483,192608db42251d675da83286b1cce702) (ScriptedImporter) -> (artifact id: '341de3c90ac090306830bcd8735811f6') in 0.0339379 seconds
Number of updated asset objects reloaded before import = 0Number of asset objects unloaded after import = 1

========================================================================
Received Import Request.
  Time since last request: 0.000055 seconds.
  path: Assets/CorgiEngine/Demos/Corgi2D/Sprites/Environment/Mesa/bg-background-mountain-2.png
  artifactKey: Guid(10de7b9e7abd1224f96118b73c8e3517) Importer(2089858483,192608db42251d675da83286b1cce702)
Start importing Assets/CorgiEngine/Demos/Corgi2D/Sprites/Environment/Mesa/bg-background-mountain-2.png using Guid(10de7b9e7abd1224f96118b73c8e3517) Importer(2089858483,192608db42251d675da83286b1cce702) (ScriptedImporter) -> (artifact id: '095d9c77da19c3f311c2915ea6201ef7') in 0.0551999 seconds
Number of updated asset objects reloaded before import = 0Number of asset objects unloaded after import = 3

========================================================================
Received Import Request.
  Time since last request: 0.000189 seconds.
  path: Assets/CorgiEngine/ThirdParty/MoreMountains/MMTools/Accessories/MMActivation/MMAutoExecution.cs
  artifactKey: Guid(723c68a65280145479e4e0b2f94a6ff0) Importer(2089858483,192608db42251d675da83286b1cce702)
Start importing Assets/CorgiEngine/ThirdParty/MoreMountains/MMTools/Accessories/MMActivation/MMAutoExecution.cs using Guid(723c68a65280145479e4e0b2f94a6ff0) Importer(2089858483,192608db42251d675da83286b1cce702) (ScriptedImporter) -> (artifact id: 'dee6efd9a0877b2bd1add060c6281449') in 0.0303599 seconds
Number of updated asset objects reloaded before import = 0Number of asset objects unloaded after import = 0

========================================================================
Received Import Request.
  Time since last request: 0.000047 seconds.
  path: Assets/CorgiEngine/ThirdParty/MoreMountains/MMFeedbacks/MMFeedbacks/Feedbacks/MMF_Rigidbody2D.cs
  artifactKey: Guid(e33ffe483e6d97f4fa9c59542152a536) Importer(2089858483,192608db42251d675da83286b1cce702)
Start importing Assets/CorgiEngine/ThirdParty/MoreMountains/MMFeedbacks/MMFeedbacks/Feedbacks/MMF_Rigidbody2D.cs using Guid(e33ffe483e6d97f4fa9c59542152a536) Importer(2089858483,192608db42251d675da83286b1cce702) (ScriptedImporter) -> (artifact id: '6c2e7babd7299540f7df26e1b63b43d0') in 0.0214275 seconds
Number of updated asset objects reloaded before import = 0Number of asset objects unloaded after import = 0

========================================================================
Received Import Request.
  Time since last request: 0.000069 seconds.
  path: Assets/CorgiEngine/Demos/Minimal/Sprites/Props/PixelGrids/Grid-3-128x128.png
  artifactKey: Guid(62cd91e8169dcc24d8f865bf5df379d7) Importer(2089858483,192608db42251d675da83286b1cce702)
Start importing Assets/CorgiEngine/Demos/Minimal/Sprites/Props/PixelGrids/Grid-3-128x128.png using Guid(62cd91e8169dcc24d8f865bf5df379d7) Importer(2089858483,192608db42251d675da83286b1cce702) (ScriptedImporter) -> (artifact id: 'e2de3765e99da86cd55654b01827b657') in 0.0607029 seconds
Number of updated asset objects reloaded before import = 0Number of asset objects unloaded after import = 3

========================================================================
Received Import Request.
  Time since last request: 0.000021 seconds.
  path: Assets/CorgiEngine/Demos/Retro/Tilemaps/RetroRocks/RetroRocks_1.asset
  artifactKey: Guid(ea0212f099ea0dc3c8b3a257ca7d8b9d) Importer(2089858483,192608db42251d675da83286b1cce702)
Start importing Assets/CorgiEngine/Demos/Retro/Tilemaps/RetroRocks/RetroRocks_1.asset using Guid(ea0212f099ea0dc3c8b3a257ca7d8b9d) Importer(2089858483,192608db42251d675da83286b1cce702) (ScriptedImporter) -> (artifact id: '853e9ae471ccdabe3ec88e96d2653f4a') in 0.0259076 seconds
Number of updated asset objects reloaded before import = 0Number of asset objects unloaded after import = 2

========================================================================
Received Import Request.
  Time since last request: 0.000026 seconds.
  path: Assets/CorgiEngine/Common/Scripts/Agents/AI/Advanced/AIDecisionHealth.cs
  artifactKey: Guid(f80e986d14b3dfc428c2cde1ed3f41b0) Importer(2089858483,192608db42251d675da83286b1cce702)
Start importing Assets/CorgiEngine/Common/Scripts/Agents/AI/Advanced/AIDecisionHealth.cs using Guid(f80e986d14b3dfc428c2cde1ed3f41b0) Importer(2089858483,192608db42251d675da83286b1cce702) (ScriptedImporter) -> (artifact id: 'a392a76e432246ac5eb1f35cbbfd4acb') in 0.025939 seconds
Number of updated asset objects reloaded before import = 0Number of asset objects unloaded after import = 0

========================================================================
Received Import Request.
  Time since last request: 0.000103 seconds.
  path: Assets/CorgiEngine/Demos/Minimal/Sprites/Props/PixelGrids/Grid-2-128x128.png
  artifactKey: Guid(bf201b34a3ac89c43af9fe887c9cd56c) Importer(2089858483,192608db42251d675da83286b1cce702)
Start importing Assets/CorgiEngine/Demos/Minimal/Sprites/Props/PixelGrids/Grid-2-128x128.png using Guid(bf201b34a3ac89c43af9fe887c9cd56c) Importer(2089858483,192608db42251d675da83286b1cce702) (ScriptedImporter) -> (artifact id: 'a7a1e77bf04d9265c182428dbfb044d2') in 0.0574759 seconds
Number of updated asset objects reloaded before import = 0Number of asset objects unloaded after import = 3

========================================================================
Received Import Request.
  Time since last request: 0.000021 seconds.
  path: Assets/CorgiEngine/ThirdParty/MoreMountains/MMInterface/Common/Sounds/Pleep.wav
  artifactKey: Guid(87cb17cfcec6f724cbea3961bdda323f) Importer(2089858483,192608db42251d675da83286b1cce702)
Start importing Assets/CorgiEngine/ThirdParty/MoreMountains/MMInterface/Common/Sounds/Pleep.wav using Guid(87cb17cfcec6f724cbea3961bdda323f) Importer(2089858483,192608db42251d675da83286b1cce702) (ScriptedImporter) -> (artifact id: 'db347445266aceda9f860eab147b0620') in 0.0880408 seconds
Number of updated asset objects reloaded before import = 0Number of asset objects unloaded after import = 1

========================================================================
Received Import Request.
  Time since last request: 0.000039 seconds.
  path: Assets/CorgiEngine/Demos/Corgi2D/Spine/NativeSpineCorgi/ExportedFromSpine/space-corgi_Material.mat
  artifactKey: Guid(e51238a1c7873ef4cb322038ed8237a8) Importer(2089858483,192608db42251d675da83286b1cce702)
Start importing Assets/CorgiEngine/Demos/Corgi2D/Spine/NativeSpineCorgi/ExportedFromSpine/space-corgi_Material.mat using Guid(e51238a1c7873ef4cb322038ed8237a8) Importer(2089858483,192608db42251d675da83286b1cce702) (ScriptedImporter) -> (artifact id: '7f037612707544ba25aa3af287dd0d4e') in 0.0340503 seconds
Number of updated asset objects reloaded before import = 0Number of asset objects unloaded after import = 1

========================================================================
Received Import Request.
  Time since last request: 0.000022 seconds.
  path: Assets/CorgiEngine/Demos/Retro/Sprites/RetroVFX/RetroSmoke2.png
  artifactKey: Guid(41d66a17fb0865746a1b661c4c3db5f9) Importer(2089858483,192608db42251d675da83286b1cce702)
Start importing Assets/CorgiEngine/Demos/Retro/Sprites/RetroVFX/RetroSmoke2.png using Guid(41d66a17fb0865746a1b661c4c3db5f9) Importer(2089858483,192608db42251d675da83286b1cce702) (ScriptedImporter) -> (artifact id: '37653e635d2e6047bd4b00e10fa11532') in 0.0474821 seconds
Number of updated asset objects reloaded before import = 0Number of asset objects unloaded after import = 3

========================================================================
Received Import Request.
  Time since last request: 0.000021 seconds.
  path: Assets/CorgiEngine/Demos/Corgi2D/Animations/SpaceCorgi/SpaceCorgiJump/spaceCorgiJump17.anim
  artifactKey: Guid(520ad9507a8df9540beae7275ec24b91) Importer(2089858483,192608db42251d675da83286b1cce702)
Start importing Assets/CorgiEngine/Demos/Corgi2D/Animations/SpaceCorgi/SpaceCorgiJump/spaceCorgiJump17.anim using Guid(520ad9507a8df9540beae7275ec24b91) Importer(2089858483,192608db42251d675da83286b1cce702) (ScriptedImporter) -> (artifact id: 'cf5e6a5f60adf861977aadef88fd9c87') in 0.0248912 seconds
Number of updated asset objects reloaded before import = 0Number of asset objects unloaded after import = 1

========================================================================
Received Import Request.
  Time since last request: 0.000029 seconds.
  path: Assets/CorgiEngine/Demos/Retro/Tilemaps/RetroCave/RetroCave_13.asset
  artifactKey: Guid(6745cf9b5f6dbd359688e0b97030a70f) Importer(2089858483,192608db42251d675da83286b1cce702)
Start importing Assets/CorgiEngine/Demos/Retro/Tilemaps/RetroCave/RetroCave_13.asset using Guid(6745cf9b5f6dbd359688e0b97030a70f) Importer(2089858483,192608db42251d675da83286b1cce702) (ScriptedImporter) -> (artifact id: '8ec4a51f6a76190bb1b722bfc749c151') in 0.0257546 seconds
Number of updated asset objects reloaded before import = 0Number of asset objects unloaded after import = 2

========================================================================
Received Import Request.
  Time since last request: 0.000027 seconds.
  path: Assets/CorgiEngine/Demos/Corgi2D/Prefabs/Environment/Mountains/MtnPlatform14.prefab
  artifactKey: Guid(a6b2f226af6c2664e95b93e648ebd8fe) Importer(2089858483,192608db42251d675da83286b1cce702)
Start importing Assets/CorgiEngine/Demos/Corgi2D/Prefabs/Environment/Mountains/MtnPlatform14.prefab using Guid(a6b2f226af6c2664e95b93e648ebd8fe) Importer(2089858483,192608db42251d675da83286b1cce702) (ScriptedImporter) -> (artifact id: '43a54a2f7e1d06afde3b350855a448ce') in 0.0581191 seconds
Number of updated asset objects reloaded before import = 0Number of asset objects unloaded after import = 8

========================================================================
Received Import Request.
  Time since last request: 0.000025 seconds.
  path: Assets/CorgiEngine/Demos/Corgi2D/Sprites/Environment/Props/control-board.png
  artifactKey: Guid(02420dc2f28b68f4999930ca0fc08539) Importer(2089858483,192608db42251d675da83286b1cce702)
Start importing Assets/CorgiEngine/Demos/Corgi2D/Sprites/Environment/Props/control-board.png using Guid(02420dc2f28b68f4999930ca0fc08539) Importer(2089858483,192608db42251d675da83286b1cce702) (ScriptedImporter) -> (artifact id: '3c22e5d9a50a711c717e9a1c3a3c64be') in 0.0458369 seconds
Number of updated asset objects reloaded before import = 0Number of asset objects unloaded after import = 3

========================================================================
Received Import Request.
  Time since last request: 0.000027 seconds.
  path: Assets/CorgiEngine/Demos/TheHunt/Models/Temple/Materials/temple.mat
  artifactKey: Guid(96b30d4a0739a624798728411a212c1d) Importer(2089858483,192608db42251d675da83286b1cce702)
Start importing Assets/CorgiEngine/Demos/TheHunt/Models/Temple/Materials/temple.mat using Guid(96b30d4a0739a624798728411a212c1d) Importer(2089858483,192608db42251d675da83286b1cce702) (ScriptedImporter) -> (artifact id: '7e60913726e20d053e4dcf26858b9bdc') in 0.0280858 seconds
Number of updated asset objects reloaded before import = 0Number of asset objects unloaded after import = 2

========================================================================
Received Import Request.
  Time since last request: 0.000021 seconds.
  path: Assets/CorgiEngine/ThirdParty/MoreMountains/MMFeedbacks/MMFeedbacks/Core/MMFeedbacksInspectorColors.cs
  artifactKey: Guid(97e6ede6fceb23f40805fef166a6f181) Importer(2089858483,192608db42251d675da83286b1cce702)
Start importing Assets/CorgiEngine/ThirdParty/MoreMountains/MMFeedbacks/MMFeedbacks/Core/MMFeedbacksInspectorColors.cs using Guid(97e6ede6fceb23f40805fef166a6f181) Importer(2089858483,192608db42251d675da83286b1cce702) (ScriptedImporter) -> (artifact id: 'bf11e1464f454c575f558839bffd7531') in 0.0245626 seconds
Number of updated asset objects reloaded before import = 0Number of asset objects unloaded after import = 0

========================================================================
Received Import Request.
  Time since last request: 0.000098 seconds.
  path: Assets/CorgiEngine/Common/Scripts/Agents/AI/Advanced/AIActionFlyPatrol.cs
  artifactKey: Guid(667809129aec1ed4d833b090ed6339a8) Importer(2089858483,192608db42251d675da83286b1cce702)
Start importing Assets/CorgiEngine/Common/Scripts/Agents/AI/Advanced/AIActionFlyPatrol.cs using Guid(667809129aec1ed4d833b090ed6339a8) Importer(2089858483,192608db42251d675da83286b1cce702) (ScriptedImporter) -> (artifact id: '39f57326ed1c6adde1462ba68f4b0eb5') in 0.0271613 seconds
Number of updated asset objects reloaded before import = 0Number of asset objects unloaded after import = 0

========================================================================
Received Import Request.
  Time since last request: 0.000140 seconds.
  path: Assets/CorgiEngine/Demos/Corgi2D/Spine/SpaceCorgi/Baked/spine-space-cat.prefab
  artifactKey: Guid(2493d5ecb6dc5da4781e360cf74eb05f) Importer(2089858483,192608db42251d675da83286b1cce702)
Start importing Assets/CorgiEngine/Demos/Corgi2D/Spine/SpaceCorgi/Baked/spine-space-cat.prefab using Guid(2493d5ecb6dc5da4781e360cf74eb05f) Importer(2089858483,192608db42251d675da83286b1cce702) (ScriptedImporter) -> (artifact id: '12fe5d86e76c6a4280eb93f4b89882e5') in 0.0755296 seconds
Number of updated asset objects reloaded before import = 0Number of asset objects unloaded after import = 152

========================================================================
Received Import Request.
  Time since last request: 0.000020 seconds.
  path: Assets/CorgiEngine/ThirdParty/MoreMountains/MMFeedbacks/MMFeedbacks/Shakers/MMAudioFilterReverbShaker.cs
  artifactKey: Guid(e16a029f4e85daf40b26bf34dcb47b4f) Importer(2089858483,192608db42251d675da83286b1cce702)
Start importing Assets/CorgiEngine/ThirdParty/MoreMountains/MMFeedbacks/MMFeedbacks/Shakers/MMAudioFilterReverbShaker.cs using Guid(e16a029f4e85daf40b26bf34dcb47b4f) Importer(2089858483,192608db42251d675da83286b1cce702) (ScriptedImporter) -> (artifact id: '815d692b69516c5509da5d5aa9f6dd46') in 0.024645 seconds
Number of updated asset objects reloaded before import = 0Number of asset objects unloaded after import = 0

========================================================================
Received Import Request.
  Time since last request: 0.000027 seconds.
  path: Assets/CorgiEngine/Demos/SuperHipsterBros/Prefabs/Environment/HipsterCloud5.prefab
  artifactKey: Guid(f9b70a902441b3e4ba3892a0e63240c2) Importer(2089858483,192608db42251d675da83286b1cce702)
Start importing Assets/CorgiEngine/Demos/SuperHipsterBros/Prefabs/Environment/HipsterCloud5.prefab using Guid(f9b70a902441b3e4ba3892a0e63240c2) Importer(2089858483,192608db42251d675da83286b1cce702) (ScriptedImporter) -> (artifact id: 'f7cc98275c91256632dd30dfa2507517') in 0.0451464 seconds
Number of updated asset objects reloaded before import = 0Number of asset objects unloaded after import = 8

========================================================================
Received Import Request.
  Time since last request: 0.000052 seconds.
  path: Assets/CorgiEngine/ThirdParty/MoreMountains/MMTools/Core/MMAttributes/MMVectorAttribute.cs
  artifactKey: Guid(2e0c0838d8791ea4e8b901003c8639a8) Importer(2089858483,192608db42251d675da83286b1cce702)
Start importing Assets/CorgiEngine/ThirdParty/MoreMountains/MMTools/Core/MMAttributes/MMVectorAttribute.cs using Guid(2e0c0838d8791ea4e8b901003c8639a8) Importer(2089858483,192608db42251d675da83286b1cce702) (ScriptedImporter) -> (artifact id: '94572ed59ee9f3506e98f40438f55216') in 0.0222662 seconds
Number of updated asset objects reloaded before import = 0Number of asset objects unloaded after import = 0

========================================================================
Received Import Request.
  Time since last request: 0.000021 seconds.
  path: Assets/CorgiEngine/Demos/Retro/Tilemaps/RetroRocks/RetroRocks_14.asset
  artifactKey: Guid(2799a56b0da986451e8e726ce7311e9f) Importer(2089858483,192608db42251d675da83286b1cce702)
Start importing Assets/CorgiEngine/Demos/Retro/Tilemaps/RetroRocks/RetroRocks_14.asset using Guid(2799a56b0da986451e8e726ce7311e9f) Importer(2089858483,192608db42251d675da83286b1cce702) (ScriptedImporter) -> (artifact id: '181535ec2f690f2eeb5969794a0da504') in 0.0229903 seconds
Number of updated asset objects reloaded before import = 0Number of asset objects unloaded after import = 2

========================================================================
Received Import Request.
  Time since last request: 0.000021 seconds.
  path: Assets/CorgiEngine/Demos/Minimal/Prefabs/ItemPickers/WeaponWithAmmoPickers/InventoryShotgunPicker.prefab
  artifactKey: Guid(b35fde83f1267154ba6ac1676a3aa074) Importer(2089858483,192608db42251d675da83286b1cce702)
Start importing Assets/CorgiEngine/Demos/Minimal/Prefabs/ItemPickers/WeaponWithAmmoPickers/InventoryShotgunPicker.prefab using Guid(b35fde83f1267154ba6ac1676a3aa074) Importer(2089858483,192608db42251d675da83286b1cce702) (ScriptedImporter) -> (artifact id: 'f0663641d0767ff49e10e494023cf40e') in 0.0733966 seconds
Number of updated asset objects reloaded before import = 0Number of asset objects unloaded after import = 104

========================================================================
Received Import Request.
  Time since last request: 0.000034 seconds.
  path: Assets/CorgiEngine/Demos/TheHunt/Models/Soldier/Red@Fall2.fbx
  artifactKey: Guid(51748e342d6851447999c2938d25fe0c) Importer(2089858483,192608db42251d675da83286b1cce702)
Start importing Assets/CorgiEngine/Demos/TheHunt/Models/Soldier/Red@Fall2.fbx using Guid(51748e342d6851447999c2938d25fe0c) Importer(2089858483,192608db42251d675da83286b1cce702) (ScriptedImporter) -> (artifact id: '86d1b5674ba6a789547de540efd868ed') in 0.0463171 seconds
Number of updated asset objects reloaded before import = 0Number of asset objects unloaded after import = 66

========================================================================
Received Import Request.
  Time since last request: 0.000034 seconds.
  path: Assets/CorgiEngine/Common/Scripts/Agents/AI/Advanced/AIActionSwapBrain.cs
  artifactKey: Guid(62551b5a83ad0f54d82b57d4178af111) Importer(2089858483,192608db42251d675da83286b1cce702)
Start importing Assets/CorgiEngine/Common/Scripts/Agents/AI/Advanced/AIActionSwapBrain.cs using Guid(62551b5a83ad0f54d82b57d4178af111) Importer(2089858483,192608db42251d675da83286b1cce702) (ScriptedImporter) -> (artifact id: 'a443ce5dde62497ea439076d24c895a0') in 0.0210405 seconds
Number of updated asset objects reloaded before import = 0Number of asset objects unloaded after import = 0

========================================================================
Received Import Request.
  Time since last request: 0.000068 seconds.
  path: Assets/CorgiEngine/Demos/Retro/Prefabs/Weapons/Ammo/RetroCannonElectricBullet.prefab
  artifactKey: Guid(de1482c13e393824d86f5661dd2d1eee) Importer(2089858483,192608db42251d675da83286b1cce702)
Start importing Assets/CorgiEngine/Demos/Retro/Prefabs/Weapons/Ammo/RetroCannonElectricBullet.prefab using Guid(de1482c13e393824d86f5661dd2d1eee) Importer(2089858483,192608db42251d675da83286b1cce702) (ScriptedImporter) -> (artifact id: 'b620e7fe5c2d2bbeb42a512b57df3465') in 0.0660073 seconds
Number of updated asset objects reloaded before import = 0Number of asset objects unloaded after import = 33

========================================================================
Received Import Request.
  Time since last request: 0.000031 seconds.
  path: Assets/CorgiEngine/Demos/Retro/Tilemaps/RetroRocks/RetroRocks_26.asset
  artifactKey: Guid(95b04b538f58a3552c563033c3a1d091) Importer(2089858483,192608db42251d675da83286b1cce702)
Start importing Assets/CorgiEngine/Demos/Retro/Tilemaps/RetroRocks/RetroRocks_26.asset using Guid(95b04b538f58a3552c563033c3a1d091) Importer(2089858483,192608db42251d675da83286b1cce702) (ScriptedImporter) -> (artifact id: 'd62771ef19835ceebb32c2572b933b6c') in 0.0244478 seconds
Number of updated asset objects reloaded before import = 0Number of asset objects unloaded after import = 2

========================================================================
Received Import Request.
  Time since last request: 0.000025 seconds.
  path: Assets/CorgiEngine/ThirdParty/MoreMountains/MMFeedbacks/Authorizations/MoreMountains.Feedbacks.Authorizations.asmref
  artifactKey: Guid(9a55bdc9c20a8d640a83b706174628dd) Importer(2089858483,192608db42251d675da83286b1cce702)
Start importing Assets/CorgiEngine/ThirdParty/MoreMountains/MMFeedbacks/Authorizations/MoreMountains.Feedbacks.Authorizations.asmref using Guid(9a55bdc9c20a8d640a83b706174628dd) Importer(2089858483,192608db42251d675da83286b1cce702) (ScriptedImporter) -> (artifact id: '8f3d23af5e612d62f47452b02235cc77') in 0.0309638 seconds
Number of updated asset objects reloaded before import = 0Number of asset objects unloaded after import = 1

========================================================================
Received Import Request.
  Time since last request: 0.000036 seconds.
  path: Assets/CorgiEngine/ThirdParty/MoreMountains/MMFeedbacks/Demos/MMFeedbacksDemo/Prefabs/FeedbackDemoSphere.prefab
  artifactKey: Guid(1ae56196f5de043419e106824d0fa51d) Importer(2089858483,192608db42251d675da83286b1cce702)
Start importing Assets/CorgiEngine/ThirdParty/MoreMountains/MMFeedbacks/Demos/MMFeedbacksDemo/Prefabs/FeedbackDemoSphere.prefab using Guid(1ae56196f5de043419e106824d0fa51d) Importer(2089858483,192608db42251d675da83286b1cce702) (ScriptedImporter) -> (artifact id: 'c9ac0c67cc7f5305708c9a2cb56ca5e3') in 0.0667866 seconds
Number of updated asset objects reloaded before import = 0Number of asset objects unloaded after import = 19

========================================================================
Received Import Request.
  Time since last request: 0.000030 seconds.
  path: Assets/CorgiEngine/ThirdParty/MoreMountains/InventoryEngine/InventoryEngine/Scripts/GUI/InventoryDisplayGrid.cs
  artifactKey: Guid(c7b98cdf4f1fc2c479a296e8ad8a5515) Importer(2089858483,192608db42251d675da83286b1cce702)
Start importing Assets/CorgiEngine/ThirdParty/MoreMountains/InventoryEngine/InventoryEngine/Scripts/GUI/InventoryDisplayGrid.cs using Guid(c7b98cdf4f1fc2c479a296e8ad8a5515) Importer(2089858483,192608db42251d675da83286b1cce702) (ScriptedImporter) -> (artifact id: '7cff0fe6364d61f737efaa365a605af5') in 0.020998 seconds
Number of updated asset objects reloaded before import = 0Number of asset objects unloaded after import = 0

========================================================================
Received Import Request.
  Time since last request: 0.000131 seconds.
  path: Assets/CorgiEngine/ThirdParty/MoreMountains/InventoryEngine/InventoryEngine/Scripts/GUI/InventorySoundPlayer.cs
  artifactKey: Guid(9dc3715ceeed93c4ea524deda0b03b42) Importer(2089858483,192608db42251d675da83286b1cce702)
Start importing Assets/CorgiEngine/ThirdParty/MoreMountains/InventoryEngine/InventoryEngine/Scripts/GUI/InventorySoundPlayer.cs using Guid(9dc3715ceeed93c4ea524deda0b03b42) Importer(2089858483,192608db42251d675da83286b1cce702) (ScriptedImporter) -> (artifact id: '412963dd15eb9ec65ed258b05ee2c3d0') in 0.0231592 seconds
Number of updated asset objects reloaded before import = 0Number of asset objects unloaded after import = 0

========================================================================
Received Import Request.
  Time since last request: 0.000100 seconds.
  path: Assets/CorgiEngine/ThirdParty/MoreMountains/InventoryEngine/InventoryEngine/Scripts/Core/InventoryInputManager.cs
  artifactKey: Guid(9f6f9f11547ebfa4b9f0a1da3402f764) Importer(2089858483,192608db42251d675da83286b1cce702)
Start importing Assets/CorgiEngine/ThirdParty/MoreMountains/InventoryEngine/InventoryEngine/Scripts/Core/InventoryInputManager.cs using Guid(9f6f9f11547ebfa4b9f0a1da3402f764) Importer(2089858483,192608db42251d675da83286b1cce702) (ScriptedImporter) -> (artifact id: 'ef678592edaa16368cf557486bf76c33') in 0.0266731 seconds
Number of updated asset objects reloaded before import = 0Number of asset objects unloaded after import = 0

========================================================================
Received Import Request.
  Time since last request: 0.000031 seconds.
  path: Assets/CorgiEngine/ThirdParty/MoreMountains/MMFeedbacks/Demos/MMFeedbacksDemo/Lighting/ReflectionProbe-0.exr
  artifactKey: Guid(a3216307bd8ac5442b178c78ea978e2f) Importer(2089858483,192608db42251d675da83286b1cce702)
Start importing Assets/CorgiEngine/ThirdParty/MoreMountains/MMFeedbacks/Demos/MMFeedbacksDemo/Lighting/ReflectionProbe-0.exr using Guid(a3216307bd8ac5442b178c78ea978e2f) Importer(2089858483,192608db42251d675da83286b1cce702) (ScriptedImporter) -> (artifact id: 'c525a8a82cf833172b05f83597e2ef58') in 0.0384032 seconds
Number of updated asset objects reloaded before import = 0Number of asset objects unloaded after import = 1

========================================================================
Received Import Request.
  Time since last request: 0.000032 seconds.
  path: Assets/CorgiEngine/ThirdParty/MoreMountains/InventoryEngine/Demos/PixelRogue/Prefabs/Ball.prefab
  artifactKey: Guid(d0be3cdff86e26d4b81f269cbdc171e7) Importer(2089858483,192608db42251d675da83286b1cce702)
Start importing Assets/CorgiEngine/ThirdParty/MoreMountains/InventoryEngine/Demos/PixelRogue/Prefabs/Ball.prefab using Guid(d0be3cdff86e26d4b81f269cbdc171e7) Importer(2089858483,192608db42251d675da83286b1cce702) (ScriptedImporter) -> (artifact id: '14eab63726368540626fcf0aa53532ee') in 0.0475936 seconds
Number of updated asset objects reloaded before import = 0Number of asset objects unloaded after import = 11

========================================================================
Received Import Request.
  Time since last request: 0.000026 seconds.
  path: Assets/CorgiEngine/ThirdParty/MoreMountains/InventoryEngine/Demos/PixelRogue/Scripts/InventoryDemoCharacter.cs
  artifactKey: Guid(343c94e0c8fd410408c3bd8cb7fe38dc) Importer(2089858483,192608db42251d675da83286b1cce702)
Start importing Assets/CorgiEngine/ThirdParty/MoreMountains/InventoryEngine/Demos/PixelRogue/Scripts/InventoryDemoCharacter.cs using Guid(343c94e0c8fd410408c3bd8cb7fe38dc) Importer(2089858483,192608db42251d675da83286b1cce702) (ScriptedImporter) -> (artifact id: 'c484b82b9131a315417af8221dc5c3d8') in 0.0222444 seconds
Number of updated asset objects reloaded before import = 0Number of asset objects unloaded after import = 0

========================================================================
Received Import Request.
  Time since last request: 0.000092 seconds.
  path: Assets/CorgiEngine/ThirdParty/MoreMountains/MMTools/Demos/MMSceneLoading/MMSceneLoadingDemoSceneB.unity
  artifactKey: Guid(352d34cac2435634fb99618d19a3929c) Importer(2089858483,192608db42251d675da83286b1cce702)
Start importing Assets/CorgiEngine/ThirdParty/MoreMountains/MMTools/Demos/MMSceneLoading/MMSceneLoadingDemoSceneB.unity using Guid(352d34cac2435634fb99618d19a3929c) Importer(2089858483,192608db42251d675da83286b1cce702) (ScriptedImporter) -> (artifact id: '65fc8198960e4fe7651372bf010b813b') in 0.027911 seconds
Number of updated asset objects reloaded before import = 0Number of asset objects unloaded after import = 1

========================================================================
Received Import Request.
  Time since last request: 0.000045 seconds.
  path: Assets/CorgiEngine/ThirdParty/MoreMountains/MMTools/Core/MMTween/MMSignal.cs
  artifactKey: Guid(2b0d2c9595529ed47a73e3b75de4eae6) Importer(2089858483,192608db42251d675da83286b1cce702)
Start importing Assets/CorgiEngine/ThirdParty/MoreMountains/MMTools/Core/MMTween/MMSignal.cs using Guid(2b0d2c9595529ed47a73e3b75de4eae6) Importer(2089858483,192608db42251d675da83286b1cce702) (ScriptedImporter) -> (artifact id: '11af77b9c125f0e6ec95385b1a57a8b1') in 0.023995 seconds
Number of updated asset objects reloaded before import = 0Number of asset objects unloaded after import = 0

========================================================================
Received Import Request.
  Time since last request: 0.000039 seconds.
  path: Assets/CorgiEngine/ThirdParty/MoreMountains/MMFeedbacks/Demos/MMFeedbacksDemo/Materials/FeedbacksDemoBurger.mat
  artifactKey: Guid(6f9a3feda45015847997d62c4695715a) Importer(2089858483,192608db42251d675da83286b1cce702)
Start importing Assets/CorgiEngine/ThirdParty/MoreMountains/MMFeedbacks/Demos/MMFeedbacksDemo/Materials/FeedbacksDemoBurger.mat using Guid(6f9a3feda45015847997d62c4695715a) Importer(2089858483,192608db42251d675da83286b1cce702) (ScriptedImporter) -> (artifact id: '8ee5cc44de72bf750ac082c54775eb8c') in 0.0335437 seconds
Number of updated asset objects reloaded before import = 0Number of asset objects unloaded after import = 1

========================================================================
Received Import Request.
  Time since last request: 0.000061 seconds.
  path: Assets/CorgiEngine/ThirdParty/MoreMountains/MMTools/Core/MMSaveLoad/MMPersistentBase.cs
  artifactKey: Guid(161799775c19ed44495de8edf8935aa2) Importer(2089858483,192608db42251d675da83286b1cce702)
Start importing Assets/CorgiEngine/ThirdParty/MoreMountains/MMTools/Core/MMSaveLoad/MMPersistentBase.cs using Guid(161799775c19ed44495de8edf8935aa2) Importer(2089858483,192608db42251d675da83286b1cce702) (ScriptedImporter) -> (artifact id: '4687a5f6fe24c97c3e4ad35ad012cd60') in 0.0267402 seconds
Number of updated asset objects reloaded before import = 0Number of asset objects unloaded after import = 0

========================================================================
Received Import Request.
  Time since last request: 0.000031 seconds.
  path: Assets/CorgiEngine/ThirdParty/MoreMountains/MMTools/Core/MMSaveLoad/MMSaveLoadManager.cs
  artifactKey: Guid(aa3d0794b4f8e4b40b6a3dde5b794c0b) Importer(2089858483,192608db42251d675da83286b1cce702)
Start importing Assets/CorgiEngine/ThirdParty/MoreMountains/MMTools/Core/MMSaveLoad/MMSaveLoadManager.cs using Guid(aa3d0794b4f8e4b40b6a3dde5b794c0b) Importer(2089858483,192608db42251d675da83286b1cce702) (ScriptedImporter) -> (artifact id: 'e0a53c159f97c04816c1316be0d25f4b') in 0.0200281 seconds
Number of updated asset objects reloaded before import = 0Number of asset objects unloaded after import = 0

========================================================================
Received Import Request.
  Time since last request: 0.000050 seconds.
  path: Assets/CorgiEngine/ThirdParty/MoreMountains/InventoryEngine/Demos/PixelRogue/Scripts/InventoryDemoGameManager.cs
  artifactKey: Guid(88e4b4d6152432d40801a4b70197d0f6) Importer(2089858483,192608db42251d675da83286b1cce702)
Start importing Assets/CorgiEngine/ThirdParty/MoreMountains/InventoryEngine/Demos/PixelRogue/Scripts/InventoryDemoGameManager.cs using Guid(88e4b4d6152432d40801a4b70197d0f6) Importer(2089858483,192608db42251d675da83286b1cce702) (ScriptedImporter) -> (artifact id: '43185e8d1e9a14ed5384de9d57d4f610') in 0.0224154 seconds
Number of updated asset objects reloaded before import = 0Number of asset objects unloaded after import = 0

========================================================================
Received Import Request.
  Time since last request: 0.000025 seconds.
  path: Assets/CorgiEngine/ThirdParty/MoreMountains/MMTools/Core/MMSaveLoad/MMSaveLoadManagerMethod.cs
  artifactKey: Guid(4b4d071b416837d40b9bab019b738769) Importer(2089858483,192608db42251d675da83286b1cce702)
Start importing Assets/CorgiEngine/ThirdParty/MoreMountains/MMTools/Core/MMSaveLoad/MMSaveLoadManagerMethod.cs using Guid(4b4d071b416837d40b9bab019b738769) Importer(2089858483,192608db42251d675da83286b1cce702) (ScriptedImporter) -> (artifact id: '4793ba3c67bcf7158f8e01f2e4108c94') in 0.0251423 seconds
Number of updated asset objects reloaded before import = 0Number of asset objects unloaded after import = 0

========================================================================
Received Import Request.
  Time since last request: 0.000173 seconds.
  path: Assets/CorgiEngine/ThirdParty/MoreMountains/MMFeedbacks/Demos/MMFeedbacksDemo/Models/MMBurger.fbx
  artifactKey: Guid(10f1060b18f7ba34f92053a256e89d10) Importer(2089858483,192608db42251d675da83286b1cce702)
Start importing Assets/CorgiEngine/ThirdParty/MoreMountains/MMFeedbacks/Demos/MMFeedbacksDemo/Models/MMBurger.fbx using Guid(10f1060b18f7ba34f92053a256e89d10) Importer(2089858483,192608db42251d675da83286b1cce702) (ScriptedImporter) -> (artifact id: '698595719c4e1b0919e208acf340f6ae') in 0.0956369 seconds
Number of updated asset objects reloaded before import = 0Number of asset objects unloaded after import = 61

========================================================================
Received Import Request.
  Time since last request: 0.000025 seconds.
  path: Assets/CorgiEngine/ThirdParty/MoreMountains/MMTools/Demos/MMObservable/MMObservableDemoObserverAutoSleep.cs
  artifactKey: Guid(a97d79031ec706140a9e04a5b21e82f7) Importer(2089858483,192608db42251d675da83286b1cce702)
Start importing Assets/CorgiEngine/ThirdParty/MoreMountains/MMTools/Demos/MMObservable/MMObservableDemoObserverAutoSleep.cs using Guid(a97d79031ec706140a9e04a5b21e82f7) Importer(2089858483,192608db42251d675da83286b1cce702) (ScriptedImporter) -> (artifact id: 'f8cffa6a2540958f3b7954a0b26d65e6') in 0.0232405 seconds
Number of updated asset objects reloaded before import = 0Number of asset objects unloaded after import = 0

========================================================================
Received Import Request.
  Time since last request: 0.000044 seconds.
  path: Assets/CorgiEngine/ThirdParty/MoreMountains/MMTools/Foundation/MMControls/MMSwipeZone.cs
  artifactKey: Guid(5a68e615c17d2bf49a1a082e34fd9b6e) Importer(2089858483,192608db42251d675da83286b1cce702)
Start importing Assets/CorgiEngine/ThirdParty/MoreMountains/MMTools/Foundation/MMControls/MMSwipeZone.cs using Guid(5a68e615c17d2bf49a1a082e34fd9b6e) Importer(2089858483,192608db42251d675da83286b1cce702) (ScriptedImporter) -> (artifact id: '5beb1c60498c0b3459c2406a6e34e193') in 0.0247591 seconds
Number of updated asset objects reloaded before import = 0Number of asset objects unloaded after import = 0

========================================================================
Received Import Request.
  Time since last request: 0.000114 seconds.
  path: Assets/CorgiEngine/ThirdParty/MoreMountains/MMTools/Foundation/MMAI/AIBrain.cs
  artifactKey: Guid(eec89e4158bf96841b9bc830fc5385ca) Importer(2089858483,192608db42251d675da83286b1cce702)
Start importing Assets/CorgiEngine/ThirdParty/MoreMountains/MMTools/Foundation/MMAI/AIBrain.cs using Guid(eec89e4158bf96841b9bc830fc5385ca) Importer(2089858483,192608db42251d675da83286b1cce702) (ScriptedImporter) -> (artifact id: 'aaef350d5f8f98ef06e762e364648d23') in 0.024444 seconds
Number of updated asset objects reloaded before import = 0Number of asset objects unloaded after import = 0

========================================================================
Received Import Request.
  Time since last request: 0.000153 seconds.
  path: Assets/CorgiEngine/ThirdParty/MoreMountains/MMFeedbacks/Demos/MMFeedbacksDemo/Models/Rock2.fbx
  artifactKey: Guid(d84a1570448aba14ea2b1badb79fb4b3) Importer(2089858483,192608db42251d675da83286b1cce702)
Start importing Assets/CorgiEngine/ThirdParty/MoreMountains/MMFeedbacks/Demos/MMFeedbacksDemo/Models/Rock2.fbx using Guid(d84a1570448aba14ea2b1badb79fb4b3) Importer(2089858483,192608db42251d675da83286b1cce702) (ScriptedImporter) -> (artifact id: 'eb5302de47735d2be8afd83625fb3f53') in 0.0515292 seconds
Number of updated asset objects reloaded before import = 0Number of asset objects unloaded after import = 8

========================================================================
Received Import Request.
  Time since last request: 0.000021 seconds.
  path: Assets/CorgiEngine/ThirdParty/MoreMountains/InventoryEngine/InventoryEngine/Sounds/DefaultSounds/OpenWav.wav
  artifactKey: Guid(1132a859617ff3f4e891fc697e674bfa) Importer(2089858483,192608db42251d675da83286b1cce702)
Start importing Assets/CorgiEngine/ThirdParty/MoreMountains/InventoryEngine/InventoryEngine/Sounds/DefaultSounds/OpenWav.wav using Guid(1132a859617ff3f4e891fc697e674bfa) Importer(2089858483,192608db42251d675da83286b1cce702) (ScriptedImporter) -> (artifact id: 'e4b362c1a49cbc7b643c05f3de5caad1') in 0.0849986 seconds
Number of updated asset objects reloaded before import = 0Number of asset objects unloaded after import = 1

========================================================================
Received Import Request.
  Time since last request: 0.000039 seconds.
  path: Assets/CorgiEngine/ThirdParty/MoreMountains/MMTools/Core/MMSaveLoad/MMPersistenceManager.cs
  artifactKey: Guid(f66839a3914de3d4db7c5682fc89f2fe) Importer(2089858483,192608db42251d675da83286b1cce702)
Start importing Assets/CorgiEngine/ThirdParty/MoreMountains/MMTools/Core/MMSaveLoad/MMPersistenceManager.cs using Guid(f66839a3914de3d4db7c5682fc89f2fe) Importer(2089858483,192608db42251d675da83286b1cce702) (ScriptedImporter) -> (artifact id: 'c4d0da2a7821e22eaf7e695086ce3853') in 0.0209715 seconds
Number of updated asset objects reloaded before import = 0Number of asset objects unloaded after import = 0

========================================================================
Received Import Request.
  Time since last request: 0.000032 seconds.
  path: Assets/CorgiEngine/ThirdParty/MoreMountains/InventoryEngine/InventoryEngine/Scripts/Core/InventoryItem.cs
  artifactKey: Guid(17123e90e2b62466f8d5abd096f12056) Importer(2089858483,192608db42251d675da83286b1cce702)
Start importing Assets/CorgiEngine/ThirdParty/MoreMountains/InventoryEngine/InventoryEngine/Scripts/Core/InventoryItem.cs using Guid(17123e90e2b62466f8d5abd096f12056) Importer(2089858483,192608db42251d675da83286b1cce702) (ScriptedImporter) -> (artifact id: '4970284637011309d25d2aef23eb0b67') in 0.0249374 seconds
Number of updated asset objects reloaded before import = 0Number of asset objects unloaded after import = 0

========================================================================
Received Import Request.
  Time since last request: 0.000077 seconds.
  path: Assets/CorgiEngine/ThirdParty/MoreMountains/MMInterface/Common/Shaders/HorizontalGradient.shader
  artifactKey: Guid(3c08f0cc4997045449242cfed6dd1120) Importer(2089858483,192608db42251d675da83286b1cce702)
Start importing Assets/CorgiEngine/ThirdParty/MoreMountains/MMInterface/Common/Shaders/HorizontalGradient.shader using Guid(3c08f0cc4997045449242cfed6dd1120) Importer(2089858483,192608db42251d675da83286b1cce702) (ScriptedImporter) -> (artifact id: '29384a7f800936092824ace647525122') in 0.0252113 seconds
Number of updated asset objects reloaded before import = 0Number of asset objects unloaded after import = 1

========================================================================
Received Import Request.
  Time since last request: 0.000177 seconds.
  path: Assets/CorgiEngine/Demos/Corgi2D/Prefabs/Environment/Bricks/Brick6.prefab
  artifactKey: Guid(36665adffdc051e458aa378db68b0d15) Importer(2089858483,192608db42251d675da83286b1cce702)
Start importing Assets/CorgiEngine/Demos/Corgi2D/Prefabs/Environment/Bricks/Brick6.prefab using Guid(36665adffdc051e458aa378db68b0d15) Importer(2089858483,192608db42251d675da83286b1cce702) (ScriptedImporter) -> (artifact id: '7445f2429b97b3530e9971f1eb7af93e') in 0.0468721 seconds
Number of updated asset objects reloaded before import = 0Number of asset objects unloaded after import = 8

========================================================================
Received Import Request.
  Time since last request: 0.000036 seconds.
  path: Assets/CorgiEngine/Demos/Corgi2D/Prefabs/Environment/Mountains/MtnPlatform13.prefab
  artifactKey: Guid(cc885fc972f87ff4582c60ee726d241b) Importer(2089858483,192608db42251d675da83286b1cce702)
Start importing Assets/CorgiEngine/Demos/Corgi2D/Prefabs/Environment/Mountains/MtnPlatform13.prefab using Guid(cc885fc972f87ff4582c60ee726d241b) Importer(2089858483,192608db42251d675da83286b1cce702) (ScriptedImporter) -> (artifact id: '2d94bb3f5205f4878ad59f3bab8c174c') in 0.0714628 seconds
Number of updated asset objects reloaded before import = 0Number of asset objects unloaded after import = 8

========================================================================
Received Import Request.
  Time since last request: 0.000030 seconds.
  path: Assets/CorgiEngine/Demos/Retro/Tilemaps/RetroRocks/RetroRocks_9.asset
  artifactKey: Guid(81151ebe674b62409cef455b02ecc3a1) Importer(2089858483,192608db42251d675da83286b1cce702)
Start importing Assets/CorgiEngine/Demos/Retro/Tilemaps/RetroRocks/RetroRocks_9.asset using Guid(81151ebe674b62409cef455b02ecc3a1) Importer(2089858483,192608db42251d675da83286b1cce702) (ScriptedImporter) -> (artifact id: '103f60694351d4ce48d7f697027c543c') in 0.0273204 seconds
Number of updated asset objects reloaded before import = 0Number of asset objects unloaded after import = 2

========================================================================
Received Import Request.
  Time since last request: 0.000033 seconds.
  path: Assets/CorgiEngine/ThirdParty/MoreMountains/MMFeedbacks/MMFeedbacks/Feedbacks/MMF_AudioFilterLowPass.cs
  artifactKey: Guid(6112045d35430d84797f5786482c0129) Importer(2089858483,192608db42251d675da83286b1cce702)
Start importing Assets/CorgiEngine/ThirdParty/MoreMountains/MMFeedbacks/MMFeedbacks/Feedbacks/MMF_AudioFilterLowPass.cs using Guid(6112045d35430d84797f5786482c0129) Importer(2089858483,192608db42251d675da83286b1cce702) (ScriptedImporter) -> (artifact id: 'f6a475b9f860603c1cd47238e7507c64') in 0.0242554 seconds
Number of updated asset objects reloaded before import = 0Number of asset objects unloaded after import = 0

========================================================================
Received Import Request.
  Time since last request: 0.000033 seconds.
  path: Assets/CorgiEngine/Demos/Retro/Tilemaps/RetroCave/RetroCave_41.asset
  artifactKey: Guid(e26bba35da7cca808c9182610fb60624) Importer(2089858483,192608db42251d675da83286b1cce702)
Start importing Assets/CorgiEngine/Demos/Retro/Tilemaps/RetroCave/RetroCave_41.asset using Guid(e26bba35da7cca808c9182610fb60624) Importer(2089858483,192608db42251d675da83286b1cce702) (ScriptedImporter) -> (artifact id: '1c33105865492fc1fc7a00baed4a1853') in 0.0243222 seconds
Number of updated asset objects reloaded before import = 0Number of asset objects unloaded after import = 2

========================================================================
Received Import Request.
  Time since last request: 0.000037 seconds.
  path: Assets/CorgiEngine/Demos/Retro/Tilemaps/RetroRocks/RetroRocks_4.asset
  artifactKey: Guid(a928c4a7cb97f42d7807431886db2603) Importer(2089858483,192608db42251d675da83286b1cce702)
Start importing Assets/CorgiEngine/Demos/Retro/Tilemaps/RetroRocks/RetroRocks_4.asset using Guid(a928c4a7cb97f42d7807431886db2603) Importer(2089858483,192608db42251d675da83286b1cce702) (ScriptedImporter) -> (artifact id: 'd7efc30cd1ee41c785ad742e61136f4a') in 0.0282174 seconds
Number of updated asset objects reloaded before import = 0Number of asset objects unloaded after import = 2

========================================================================
Received Import Request.
  Time since last request: 0.000035 seconds.
  path: Assets/CorgiEngine/ThirdParty/MoreMountains/MMFeedbacks/MMFeedbacks/Feedbacks/MMF_ImageTextureOffset.cs
  artifactKey: Guid(ff113397ac737b84494337e5512328d8) Importer(2089858483,192608db42251d675da83286b1cce702)
Start importing Assets/CorgiEngine/ThirdParty/MoreMountains/MMFeedbacks/MMFeedbacks/Feedbacks/MMF_ImageTextureOffset.cs using Guid(ff113397ac737b84494337e5512328d8) Importer(2089858483,192608db42251d675da83286b1cce702) (ScriptedImporter) -> (artifact id: 'cbe4c884ea575d5385bb71bcec8bb27c') in 0.0223791 seconds
Number of updated asset objects reloaded before import = 0Number of asset objects unloaded after import = 0

========================================================================
Received Import Request.
  Time since last request: 0.000064 seconds.
  path: Assets/CorgiEngine/Demos/Retro/Tilemaps/RetroCave/RetroCave_25.asset
  artifactKey: Guid(022435ea5dba439990e9690af203bd65) Importer(2089858483,192608db42251d675da83286b1cce702)
Start importing Assets/CorgiEngine/Demos/Retro/Tilemaps/RetroCave/RetroCave_25.asset using Guid(022435ea5dba439990e9690af203bd65) Importer(2089858483,192608db42251d675da83286b1cce702) (ScriptedImporter) -> (artifact id: '74592b65ae6579dfd04d9b41743e0da7') in 0.0270578 seconds
Number of updated asset objects reloaded before import = 0Number of asset objects unloaded after import = 2

========================================================================
Received Import Request.
  Time since last request: 0.000054 seconds.
  path: Assets/CorgiEngine/Demos/Corgi2D/Prefabs/Environment/Mountains/MtnPlatform21.prefab
  artifactKey: Guid(9ef13214bac261446a6d714f0ea15060) Importer(2089858483,192608db42251d675da83286b1cce702)
Start importing Assets/CorgiEngine/Demos/Corgi2D/Prefabs/Environment/Mountains/MtnPlatform21.prefab using Guid(9ef13214bac261446a6d714f0ea15060) Importer(2089858483,192608db42251d675da83286b1cce702) (ScriptedImporter) -> (artifact id: '6eb8fee370f8cc25bf69e87e3b6055e9') in 0.0571934 seconds
Number of updated asset objects reloaded before import = 0Number of asset objects unloaded after import = 8

========================================================================
Received Import Request.
  Time since last request: 0.000028 seconds.
  path: Assets/CorgiEngine/ThirdParty/MoreMountains/MMFeedbacks/MMFeedbacks/MMFloatingText/MMFloatingTextSpawner.cs
  artifactKey: Guid(ca323e22713fb3a40af2f80e436eb449) Importer(2089858483,192608db42251d675da83286b1cce702)
Start importing Assets/CorgiEngine/ThirdParty/MoreMountains/MMFeedbacks/MMFeedbacks/MMFloatingText/MMFloatingTextSpawner.cs using Guid(ca323e22713fb3a40af2f80e436eb449) Importer(2089858483,192608db42251d675da83286b1cce702) (ScriptedImporter) -> (artifact id: 'f095cc9017d82ed6c039dd3c4e5ff18e') in 0.0229465 seconds
Number of updated asset objects reloaded before import = 0Number of asset objects unloaded after import = 0

========================================================================
Received Import Request.
  Time since last request: 0.000111 seconds.
  path: Assets/CorgiEngine/Demos/Corgi2D/Prefabs/Environment/Mesa/Platform17.prefab
  artifactKey: Guid(53cfddbde5e498c42afdf98182070382) Importer(2089858483,192608db42251d675da83286b1cce702)
Start importing Assets/CorgiEngine/Demos/Corgi2D/Prefabs/Environment/Mesa/Platform17.prefab using Guid(53cfddbde5e498c42afdf98182070382) Importer(2089858483,192608db42251d675da83286b1cce702) (ScriptedImporter) -> (artifact id: '64e9539ff8edca7460fc2ec9d109e1cc') in 0.048968 seconds
Number of updated asset objects reloaded before import = 0Number of asset objects unloaded after import = 8

========================================================================
Received Import Request.
  Time since last request: 0.000030 seconds.
  path: Assets/CorgiEngine/Common/Scripts/Agents/AI/Advanced/AIDecisionReloadNeeded.cs
  artifactKey: Guid(6f798ae243af9c948a210e7173a0de82) Importer(2089858483,192608db42251d675da83286b1cce702)
Start importing Assets/CorgiEngine/Common/Scripts/Agents/AI/Advanced/AIDecisionReloadNeeded.cs using Guid(6f798ae243af9c948a210e7173a0de82) Importer(2089858483,192608db42251d675da83286b1cce702) (ScriptedImporter) -> (artifact id: 'c4143b9789ac590b764c1e040f34c91e') in 0.0246281 seconds
Number of updated asset objects reloaded before import = 0Number of asset objects unloaded after import = 0

========================================================================
Received Import Request.
  Time since last request: 0.000141 seconds.
  path: Assets/CorgiEngine/ThirdParty/MoreMountains/MMFeedbacks/Demos/MoreMountains.Feedbacks.Demos.asmref
  artifactKey: Guid(3b89668cc186117448f83b64f2b41a4f) Importer(2089858483,192608db42251d675da83286b1cce702)
Start importing Assets/CorgiEngine/ThirdParty/MoreMountains/MMFeedbacks/Demos/MoreMountains.Feedbacks.Demos.asmref using Guid(3b89668cc186117448f83b64f2b41a4f) Importer(2089858483,192608db42251d675da83286b1cce702) (ScriptedImporter) -> (artifact id: '8b12cc770c6bea84d92778ac6be95b9a') in 0.0396752 seconds
Number of updated asset objects reloaded before import = 0Number of asset objects unloaded after import = 1

========================================================================
Received Import Request.
  Time since last request: 0.000027 seconds.
  path: Assets/CorgiEngine/ThirdParty/MoreMountains/MMFeedbacks/MMFeedbacks/Feedbacks/MMF_Graphic.cs
  artifactKey: Guid(a26c425236d5ebe48ad8c31f240eae65) Importer(2089858483,192608db42251d675da83286b1cce702)
Start importing Assets/CorgiEngine/ThirdParty/MoreMountains/MMFeedbacks/MMFeedbacks/Feedbacks/MMF_Graphic.cs using Guid(a26c425236d5ebe48ad8c31f240eae65) Importer(2089858483,192608db42251d675da83286b1cce702) (ScriptedImporter) -> (artifact id: 'd911bb4ffd4d7867bb3c6d58c5437dc1') in 0.0225129 seconds
Number of updated asset objects reloaded before import = 0Number of asset objects unloaded after import = 0

========================================================================
Received Import Request.
  Time since last request: 0.000078 seconds.
  path: Assets/CorgiEngine/ThirdParty/MoreMountains/MMFeedbacks/Demos/MMFeedbacksDemo/Models/Rock1.fbx
  artifactKey: Guid(01dfcbf4ce9664c41ab1cf3609c59ee6) Importer(2089858483,192608db42251d675da83286b1cce702)
Start importing Assets/CorgiEngine/ThirdParty/MoreMountains/MMFeedbacks/Demos/MMFeedbacksDemo/Models/Rock1.fbx using Guid(01dfcbf4ce9664c41ab1cf3609c59ee6) Importer(2089858483,192608db42251d675da83286b1cce702) (ScriptedImporter) -> (artifact id: '6aaca84585a868fbe2c6c40d4bbaa1c2') in 0.0483843 seconds
Number of updated asset objects reloaded before import = 0Number of asset objects unloaded after import = 8

========================================================================
Received Import Request.
  Time since last request: 0.000025 seconds.
  path: Assets/CorgiEngine/ThirdParty/MoreMountains/MMTools/Core/MMSingletons/MMReferencedScriptableObject.cs
  artifactKey: Guid(cfb03c2bcbc7bd64fbf6cc6081b9c441) Importer(2089858483,192608db42251d675da83286b1cce702)
Start importing Assets/CorgiEngine/ThirdParty/MoreMountains/MMTools/Core/MMSingletons/MMReferencedScriptableObject.cs using Guid(cfb03c2bcbc7bd64fbf6cc6081b9c441) Importer(2089858483,192608db42251d675da83286b1cce702) (ScriptedImporter) -> (artifact id: '7acbbef9500baabe4c98ace31785133c') in 0.0210841 seconds
Number of updated asset objects reloaded before import = 0Number of asset objects unloaded after import = 0

========================================================================
Received Import Request.
  Time since last request: 0.000073 seconds.
  path: Assets/CorgiEngine/ThirdParty/MoreMountains/InventoryEngine/Demos/PixelRogue/Scripts/DemoCharacterInputManager.cs
  artifactKey: Guid(1b857286496f10d45859bf8948c79134) Importer(2089858483,192608db42251d675da83286b1cce702)
Start importing Assets/CorgiEngine/ThirdParty/MoreMountains/InventoryEngine/Demos/PixelRogue/Scripts/DemoCharacterInputManager.cs using Guid(1b857286496f10d45859bf8948c79134) Importer(2089858483,192608db42251d675da83286b1cce702) (ScriptedImporter) -> (artifact id: '359dfde7013708237daac23b2256815a') in 0.0262487 seconds
Number of updated asset objects reloaded before import = 0Number of asset objects unloaded after import = 0

========================================================================
Received Import Request.
  Time since last request: 0.000202 seconds.
  path: Assets/CorgiEngine/ThirdParty/MoreMountains/MMTools/Demos/MMSceneLoading/SceneStartsTester.prefab
  artifactKey: Guid(e991e8338c2853d44b4bc3ad13aee865) Importer(2089858483,192608db42251d675da83286b1cce702)
Start importing Assets/CorgiEngine/ThirdParty/MoreMountains/MMTools/Demos/MMSceneLoading/SceneStartsTester.prefab using Guid(e991e8338c2853d44b4bc3ad13aee865) Importer(2089858483,192608db42251d675da83286b1cce702) (ScriptedImporter) -> (artifact id: '84b94bb275c76c3caa1ccf009ba194d6') in 0.0458182 seconds
Number of updated asset objects reloaded before import = 0Number of asset objects unloaded after import = 5

========================================================================
Received Import Request.
  Time since last request: 0.000032 seconds.
  path: Assets/CorgiEngine/ThirdParty/MoreMountains/MMTools/Accessories/MMShaders/MMControlledEmission.shader
  artifactKey: Guid(c15834894887d4c4b935cfe9df6f1c89) Importer(2089858483,192608db42251d675da83286b1cce702)
Start importing Assets/CorgiEngine/ThirdParty/MoreMountains/MMTools/Accessories/MMShaders/MMControlledEmission.shader using Guid(c15834894887d4c4b935cfe9df6f1c89) Importer(2089858483,192608db42251d675da83286b1cce702) (ScriptedImporter) -> (artifact id: '25c2175df5c7c1b51310358fc642dc9d') in 0.0284483 seconds
Number of updated asset objects reloaded before import = 0Number of asset objects unloaded after import = 1

========================================================================
Received Import Request.
  Time since last request: 0.000156 seconds.
  path: Assets/CorgiEngine/ThirdParty/MoreMountains/MMTools/Accessories/MMActivation/MMTimedDestruction.cs
  artifactKey: Guid(9e71ad30bf1524741b90c1bd0354e1e0) Importer(2089858483,192608db42251d675da83286b1cce702)
Start importing Assets/CorgiEngine/ThirdParty/MoreMountains/MMTools/Accessories/MMActivation/MMTimedDestruction.cs using Guid(9e71ad30bf1524741b90c1bd0354e1e0) Importer(2089858483,192608db42251d675da83286b1cce702) (ScriptedImporter) -> (artifact id: '4339099bfc97457f91da221956ef6f70') in 0.0236057 seconds
Number of updated asset objects reloaded before import = 0Number of asset objects unloaded after import = 0

========================================================================
Received Import Request.
  Time since last request: 0.000126 seconds.
  path: Assets/CorgiEngine/ThirdParty/MoreMountains/MMTools/Core/MMAttributes/MMRequiresConstantRepaintAttribute.cs
  artifactKey: Guid(ca6eb3d6d3c09444ca79e5047b01e58c) Importer(2089858483,192608db42251d675da83286b1cce702)
Start importing Assets/CorgiEngine/ThirdParty/MoreMountains/MMTools/Core/MMAttributes/MMRequiresConstantRepaintAttribute.cs using Guid(ca6eb3d6d3c09444ca79e5047b01e58c) Importer(2089858483,192608db42251d675da83286b1cce702) (ScriptedImporter) -> (artifact id: 'd1a220209df98a0ff6e68be318f36241') in 0.0257885 seconds
Number of updated asset objects reloaded before import = 0Number of asset objects unloaded after import = 0

========================================================================
Received Import Request.
  Time since last request: 0.000100 seconds.
  path: Assets/CorgiEngine/ThirdParty/MoreMountains/InventoryEngine/Demos/PixelRogue/Minimal1/LightingData.asset
  artifactKey: Guid(1683057a53648254f8979fc85415758a) Importer(2089858483,192608db42251d675da83286b1cce702)
Start importing Assets/CorgiEngine/ThirdParty/MoreMountains/InventoryEngine/Demos/PixelRogue/Minimal1/LightingData.asset using Guid(1683057a53648254f8979fc85415758a) Importer(2089858483,192608db42251d675da83286b1cce702) (ScriptedImporter) -> (artifact id: 'a81a9047729a10592c47db1f6802c913') in 0.0284152 seconds
Number of updated asset objects reloaded before import = 0Number of asset objects unloaded after import = 2

========================================================================
Received Import Request.
  Time since last request: 0.000021 seconds.
  path: Assets/CorgiEngine/ThirdParty/MoreMountains/InventoryEngine/InventoryEngine/Scripts/Items/BaseItem.cs
  artifactKey: Guid(9fac9bd89dcafc049b19f543ccf8fd57) Importer(2089858483,192608db42251d675da83286b1cce702)
Start importing Assets/CorgiEngine/ThirdParty/MoreMountains/InventoryEngine/InventoryEngine/Scripts/Items/BaseItem.cs using Guid(9fac9bd89dcafc049b19f543ccf8fd57) Importer(2089858483,192608db42251d675da83286b1cce702) (ScriptedImporter) -> (artifact id: '9dba68156dacde4dc7e8c6942b046878') in 0.0259866 seconds
Number of updated asset objects reloaded before import = 0Number of asset objects unloaded after import = 0

========================================================================
Received Import Request.
  Time since last request: 0.000112 seconds.
  path: Assets/CorgiEngine/ThirdParty/MoreMountains/MMTools/Accessories/MMParticles/MMTrailRendererSortingLayer.cs
  artifactKey: Guid(e334a8b808ebad34dbfc09a6aa9f1102) Importer(2089858483,192608db42251d675da83286b1cce702)
Start importing Assets/CorgiEngine/ThirdParty/MoreMountains/MMTools/Accessories/MMParticles/MMTrailRendererSortingLayer.cs using Guid(e334a8b808ebad34dbfc09a6aa9f1102) Importer(2089858483,192608db42251d675da83286b1cce702) (ScriptedImporter) -> (artifact id: 'd84b226fcfa05fccb4aea5210aba39d8') in 0.0241709 seconds
Number of updated asset objects reloaded before import = 0Number of asset objects unloaded after import = 0

========================================================================
Received Import Request.
  Time since last request: 0.000152 seconds.
  path: Assets/CorgiEngine/ThirdParty/MoreMountains/MMTools/Core/MMExtensions/MMRectExtensions.cs
  artifactKey: Guid(caa7c923e7ca83849a4da9421e095559) Importer(2089858483,192608db42251d675da83286b1cce702)
Start importing Assets/CorgiEngine/ThirdParty/MoreMountains/MMTools/Core/MMExtensions/MMRectExtensions.cs using Guid(caa7c923e7ca83849a4da9421e095559) Importer(2089858483,192608db42251d675da83286b1cce702) (ScriptedImporter) -> (artifact id: 'e43d8fec4a6817a6ab26b4d66e91e3e5') in 0.0279199 seconds
Number of updated asset objects reloaded before import = 0Number of asset objects unloaded after import = 0

========================================================================
Received Import Request.
  Time since last request: 0.000150 seconds.
  path: Assets/CorgiEngine/ThirdParty/MoreMountains/InventoryEngine/InventoryEngine/Editor/Core/InventoryItemEditor.cs
  artifactKey: Guid(189e81ecb4e6ccd49b809f6558a73d38) Importer(2089858483,192608db42251d675da83286b1cce702)
Start importing Assets/CorgiEngine/ThirdParty/MoreMountains/InventoryEngine/InventoryEngine/Editor/Core/InventoryItemEditor.cs using Guid(189e81ecb4e6ccd49b809f6558a73d38) Importer(2089858483,192608db42251d675da83286b1cce702) (ScriptedImporter) -> (artifact id: 'de94dc0a0509e7289cf2fb9349897411') in 0.0202167 seconds
Number of updated asset objects reloaded before import = 0Number of asset objects unloaded after import = 0

========================================================================
Received Import Request.
  Time since last request: 0.000033 seconds.
  path: Assets/CorgiEngine/ThirdParty/MoreMountains/MMTools/Accessories/MMActivation/MMOnMouse.cs
  artifactKey: Guid(80361f5e0185bb247a814457c589c1f3) Importer(2089858483,192608db42251d675da83286b1cce702)
Start importing Assets/CorgiEngine/ThirdParty/MoreMountains/MMTools/Accessories/MMActivation/MMOnMouse.cs using Guid(80361f5e0185bb247a814457c589c1f3) Importer(2089858483,192608db42251d675da83286b1cce702) (ScriptedImporter) -> (artifact id: '1882ecd5525ff7201aad7654219abe29') in 0.0229851 seconds
Number of updated asset objects reloaded before import = 0Number of asset objects unloaded after import = 0

========================================================================
Received Import Request.
  Time since last request: 0.000236 seconds.
  path: Assets/CorgiEngine/ThirdParty/MoreMountains/MMTools/Core/MMExtensions/MMListExtensions.cs
  artifactKey: Guid(273f85de13f3ea84a9fe0139daf01c37) Importer(2089858483,192608db42251d675da83286b1cce702)
Start importing Assets/CorgiEngine/ThirdParty/MoreMountains/MMTools/Core/MMExtensions/MMListExtensions.cs using Guid(273f85de13f3ea84a9fe0139daf01c37) Importer(2089858483,192608db42251d675da83286b1cce702) (ScriptedImporter) -> (artifact id: '1c3e34fcb8c206d87abeeba99d0eeb86') in 0.0246294 seconds
Number of updated asset objects reloaded before import = 0Number of asset objects unloaded after import = 0

========================================================================
Received Import Request.
  Time since last request: 0.000107 seconds.
  path: Assets/CorgiEngine/Demos/TheHunt/Models/Soldier/Materials/Colors/YellowMaterial2.mat
  artifactKey: Guid(e6b661c0511eb644f8c9e46709cc7611) Importer(2089858483,192608db42251d675da83286b1cce702)
Start importing Assets/CorgiEngine/Demos/TheHunt/Models/Soldier/Materials/Colors/YellowMaterial2.mat using Guid(e6b661c0511eb644f8c9e46709cc7611) Importer(2089858483,192608db42251d675da83286b1cce702) (ScriptedImporter) -> (artifact id: 'bcdfecd3cb2f0378760f6136b35d26df') in 0.0211924 seconds
Number of updated asset objects reloaded before import = 0Number of asset objects unloaded after import = 1

========================================================================
Received Import Request.
  Time since last request: 0.000104 seconds.
  path: Assets/CorgiEngine/ThirdParty/MoreMountains/MMTools/Core/MMObjectPool/MMMultipleObjectPooler.cs
  artifactKey: Guid(73098ca8f002adc4f9debdbe47a78c9a) Importer(2089858483,192608db42251d675da83286b1cce702)
Start importing Assets/CorgiEngine/ThirdParty/MoreMountains/MMTools/Core/MMObjectPool/MMMultipleObjectPooler.cs using Guid(73098ca8f002adc4f9debdbe47a78c9a) Importer(2089858483,192608db42251d675da83286b1cce702) (ScriptedImporter) -> (artifact id: 'f6c06d698a5471df446a59e0e408a649') in 0.0229042 seconds
Number of updated asset objects reloaded before import = 0Number of asset objects unloaded after import = 0

========================================================================
Received Import Request.
  Time since last request: 0.000084 seconds.
  path: Assets/CorgiEngine/ThirdParty/MoreMountains/InventoryEngine/InventoryEngine/Scripts/Core/SerializedInventory.cs
  artifactKey: Guid(96c5b96cfffdb88498e213fa7ed9edef) Importer(2089858483,192608db42251d675da83286b1cce702)
Start importing Assets/CorgiEngine/ThirdParty/MoreMountains/InventoryEngine/InventoryEngine/Scripts/Core/SerializedInventory.cs using Guid(96c5b96cfffdb88498e213fa7ed9edef) Importer(2089858483,192608db42251d675da83286b1cce702) (ScriptedImporter) -> (artifact id: '777a79357618444db62771a2ff812c0e') in 0.026431 seconds
Number of updated asset objects reloaded before import = 0Number of asset objects unloaded after import = 0

========================================================================
Received Import Request.
  Time since last request: 0.000022 seconds.
  path: Assets/CorgiEngine/ThirdParty/MoreMountains/InventoryEngine/Demos/PixelRogue/Prefabs/Adventurer.prefab
  artifactKey: Guid(0ca555e6f01353f409523346d86ea89f) Importer(2089858483,192608db42251d675da83286b1cce702)
Start importing Assets/CorgiEngine/ThirdParty/MoreMountains/InventoryEngine/Demos/PixelRogue/Prefabs/Adventurer.prefab using Guid(0ca555e6f01353f409523346d86ea89f) Importer(2089858483,192608db42251d675da83286b1cce702) (ScriptedImporter) -> (artifact id: 'fe98d12bfc7a9d6ac466483aa241cded') in 0.0642369 seconds
Number of updated asset objects reloaded before import = 0Number of asset objects unloaded after import = 34

========================================================================
Received Import Request.
  Time since last request: 0.000032 seconds.
  path: Assets/CorgiEngine/ThirdParty/MoreMountains/MMTools/Demos/MMDebugMenu/MMDebugMenu.unity
  artifactKey: Guid(4edfcb4bd71ee754eb5f904db75d5758) Importer(2089858483,192608db42251d675da83286b1cce702)
Start importing Assets/CorgiEngine/ThirdParty/MoreMountains/MMTools/Demos/MMDebugMenu/MMDebugMenu.unity using Guid(4edfcb4bd71ee754eb5f904db75d5758) Importer(2089858483,192608db42251d675da83286b1cce702) (ScriptedImporter) -> (artifact id: '6aebcc714843a6afe78e4bf0e795e09c') in 0.0375714 seconds
Number of updated asset objects reloaded before import = 0Number of asset objects unloaded after import = 1

========================================================================
Received Import Request.
  Time since last request: 0.000048 seconds.
  path: Assets/CorgiEngine/ThirdParty/MoreMountains/MMTools/Demos/MMBezierLineRenderer/MMBezierLineRendererDemoDude.png
  artifactKey: Guid(0e4040556b24d6040826b165baa18a21) Importer(2089858483,192608db42251d675da83286b1cce702)
Start importing Assets/CorgiEngine/ThirdParty/MoreMountains/MMTools/Demos/MMBezierLineRenderer/MMBezierLineRendererDemoDude.png using Guid(0e4040556b24d6040826b165baa18a21) Importer(2089858483,192608db42251d675da83286b1cce702) (ScriptedImporter) -> (artifact id: '4c6aab7faa8c80dad1ba9365cb175860') in 0.0622424 seconds
Number of updated asset objects reloaded before import = 0Number of asset objects unloaded after import = 3

========================================================================
Received Import Request.
  Time since last request: 0.000024 seconds.
  path: Assets/CorgiEngine/ThirdParty/MoreMountains/MMFeedbacks/Demos/MMFeedbacksDemo/Models/MMCupcake.fbx
  artifactKey: Guid(9b87c0dd981e72b4abff6b56929b3e68) Importer(2089858483,192608db42251d675da83286b1cce702)
Start importing Assets/CorgiEngine/ThirdParty/MoreMountains/MMFeedbacks/Demos/MMFeedbacksDemo/Models/MMCupcake.fbx using Guid(9b87c0dd981e72b4abff6b56929b3e68) Importer(2089858483,192608db42251d675da83286b1cce702) (ScriptedImporter) -> (artifact id: '8f7ac8ca27704a8f7ae69b7fa827f49a') in 0.0820974 seconds
Number of updated asset objects reloaded before import = 0Number of asset objects unloaded after import = 39

========================================================================
Received Import Request.
  Time since last request: 0.000031 seconds.
  path: Assets/CorgiEngine/ThirdParty/MoreMountains/MMFeedbacks/Demos/SequencingDemo/DemoSequences/DrumSequence.asset
  artifactKey: Guid(2563bec7af20480498217ee7cd699b29) Importer(2089858483,192608db42251d675da83286b1cce702)
Start importing Assets/CorgiEngine/ThirdParty/MoreMountains/MMFeedbacks/Demos/SequencingDemo/DemoSequences/DrumSequence.asset using Guid(2563bec7af20480498217ee7cd699b29) Importer(2089858483,192608db42251d675da83286b1cce702) (ScriptedImporter) -> (artifact id: '0983ebcc8384cc9ff5441db9741a0d14') in 0.027436 seconds
Number of updated asset objects reloaded before import = 0Number of asset objects unloaded after import = 1

========================================================================
Received Import Request.
  Time since last request: 0.000021 seconds.
  path: Assets/CorgiEngine/ThirdParty/MoreMountains/MMFeedbacks/Demos/MMFeedbacksDemo/TMP/Lato-Black SDF MMFeedbacks Outline Demo.mat
  artifactKey: Guid(183051d3d39b2f4438c17e8ba8958555) Importer(2089858483,192608db42251d675da83286b1cce702)
Start importing Assets/CorgiEngine/ThirdParty/MoreMountains/MMFeedbacks/Demos/MMFeedbacksDemo/TMP/Lato-Black SDF MMFeedbacks Outline Demo.mat using Guid(183051d3d39b2f4438c17e8ba8958555) Importer(2089858483,192608db42251d675da83286b1cce702) (ScriptedImporter) -> (artifact id: '3e3abda009ec086bdaee4196c2c3fa04') in 0.0246011 seconds
Number of updated asset objects reloaded before import = 0Number of asset objects unloaded after import = 1

========================================================================
Received Import Request.
  Time since last request: 0.000023 seconds.
  path: Assets/CorgiEngine/ThirdParty/MoreMountains/MMFeedbacks/Demos/SequencingDemo/Materials/SequencerChristmasTree.mat
  artifactKey: Guid(42f6c546a723b3d4ab88b45506f17330) Importer(2089858483,192608db42251d675da83286b1cce702)
Start importing Assets/CorgiEngine/ThirdParty/MoreMountains/MMFeedbacks/Demos/SequencingDemo/Materials/SequencerChristmasTree.mat using Guid(42f6c546a723b3d4ab88b45506f17330) Importer(2089858483,192608db42251d675da83286b1cce702) (ScriptedImporter) -> (artifact id: 'd2aa246a5323e9c50cbbd6aa91ceb839') in 0.1151031 seconds
Number of updated asset objects reloaded before import = 0Number of asset objects unloaded after import = 4

========================================================================
Received Import Request.
  Time since last request: 0.000023 seconds.
  path: Assets/CorgiEngine/ThirdParty/MoreMountains/MMFeedbacks/Demos/SequencingDemo/Textures/Tiles60_col.png
  artifactKey: Guid(5c72a4623f4c14a408e5a1fbac028750) Importer(2089858483,192608db42251d675da83286b1cce702)
Start importing Assets/CorgiEngine/ThirdParty/MoreMountains/MMFeedbacks/Demos/SequencingDemo/Textures/Tiles60_col.png using Guid(5c72a4623f4c14a408e5a1fbac028750) Importer(2089858483,192608db42251d675da83286b1cce702) (ScriptedImporter) -> (artifact id: 'f980fd22984a966b5e2f152193139e62') in 0.0601942 seconds
Number of updated asset objects reloaded before import = 0Number of asset objects unloaded after import = 1

========================================================================
Received Import Request.
  Time since last request: 0.000077 seconds.
  path: Assets/CorgiEngine/ThirdParty/MoreMountains/MMFeedbacks/Editor/Core/UIToolkit/MMF_PlayerEditorUITKStyleSheet_FeedbacksList.uss
  artifactKey: Guid(9377959c627301448afdcf8613b13e77) Importer(2089858483,192608db42251d675da83286b1cce702)
Start importing Assets/CorgiEngine/ThirdParty/MoreMountains/MMFeedbacks/Editor/Core/UIToolkit/MMF_PlayerEditorUITKStyleSheet_FeedbacksList.uss using Guid(9377959c627301448afdcf8613b13e77) Importer(2089858483,192608db42251d675da83286b1cce702) (ScriptedImporter) -> (artifact id: 'ea45ca4fc862ff08e1494ef6eafe174d') in 0.0379263 seconds
Number of updated asset objects reloaded before import = 0Number of asset objects unloaded after import = 1

========================================================================
Received Import Request.
  Time since last request: 0.000061 seconds.
  path: Assets/CorgiEngine/ThirdParty/MoreMountains/MMFeedbacks/Demos/SequencingDemo/DemoSequences/RecordedSequence.asset
  artifactKey: Guid(93ad4be8fe21349468146612eea82b1b) Importer(2089858483,192608db42251d675da83286b1cce702)
Start importing Assets/CorgiEngine/ThirdParty/MoreMountains/MMFeedbacks/Demos/SequencingDemo/DemoSequences/RecordedSequence.asset using Guid(93ad4be8fe21349468146612eea82b1b) Importer(2089858483,192608db42251d675da83286b1cce702) (ScriptedImporter) -> (artifact id: 'decf2a3807d1b3e8ce72ac6934324089') in 0.0305795 seconds
Number of updated asset objects reloaded before import = 0Number of asset objects unloaded after import = 1

========================================================================
Received Import Request.
  Time since last request: 0.000020 seconds.
  path: Assets/CorgiEngine/ThirdParty/MoreMountains/MMFeedbacks/MMFeedbacks/Sequencing/Scripts/MMAudioSourceSequencer.cs
  artifactKey: Guid(ede43f27f84b01545832f1dee8880684) Importer(2089858483,192608db42251d675da83286b1cce702)
Start importing Assets/CorgiEngine/ThirdParty/MoreMountains/MMFeedbacks/MMFeedbacks/Sequencing/Scripts/MMAudioSourceSequencer.cs using Guid(ede43f27f84b01545832f1dee8880684) Importer(2089858483,192608db42251d675da83286b1cce702) (ScriptedImporter) -> (artifact id: 'a181030c69d76989b6fe06b671f3d88f') in 0.0226139 seconds
Number of updated asset objects reloaded before import = 0Number of asset objects unloaded after import = 0

========================================================================
Received Import Request.
  Time since last request: 0.000079 seconds.
  path: Assets/CorgiEngine/ThirdParty/MoreMountains/MMFeedbacks/MMFeedbacksForThirdParty/HDRP/Feedbacks/MMF_ChannelMixer_HDRP.cs
  artifactKey: Guid(4a8a0c934ca68d7418c2a935f4d8f7c7) Importer(2089858483,192608db42251d675da83286b1cce702)
Start importing Assets/CorgiEngine/ThirdParty/MoreMountains/MMFeedbacks/MMFeedbacksForThirdParty/HDRP/Feedbacks/MMF_ChannelMixer_HDRP.cs using Guid(4a8a0c934ca68d7418c2a935f4d8f7c7) Importer(2089858483,192608db42251d675da83286b1cce702) (ScriptedImporter) -> (artifact id: 'e87fd5d50bb77b2c6dede0c1537a659c') in 0.0237406 seconds
Number of updated asset objects reloaded before import = 0Number of asset objects unloaded after import = 0

========================================================================
Received Import Request.
  Time since last request: 0.000037 seconds.
  path: Assets/CorgiEngine/ThirdParty/MoreMountains/MMFeedbacks/MMFeedbacks/Core/MMF_Player/MMF_FeedbackAttributes.cs
  artifactKey: Guid(ecda383e35cc53e4ca2b9d5857dbd8f4) Importer(2089858483,192608db42251d675da83286b1cce702)
Start importing Assets/CorgiEngine/ThirdParty/MoreMountains/MMFeedbacks/MMFeedbacks/Core/MMF_Player/MMF_FeedbackAttributes.cs using Guid(ecda383e35cc53e4ca2b9d5857dbd8f4) Importer(2089858483,192608db42251d675da83286b1cce702) (ScriptedImporter) -> (artifact id: '211464ab20f95279820526e773d8ec57') in 0.0265326 seconds
Number of updated asset objects reloaded before import = 0Number of asset objects unloaded after import = 0

========================================================================
Received Import Request.
  Time since last request: 0.000129 seconds.
  path: Assets/CorgiEngine/ThirdParty/MoreMountains/MMFeedbacks/Editor/Core/UIToolkit/FeelGearIcon@2x.png
  artifactKey: Guid(13a276490eda9164f86cc22771d27073) Importer(2089858483,192608db42251d675da83286b1cce702)
Start importing Assets/CorgiEngine/ThirdParty/MoreMountains/MMFeedbacks/Editor/Core/UIToolkit/FeelGearIcon@2x.png using Guid(13a276490eda9164f86cc22771d27073) Importer(2089858483,192608db42251d675da83286b1cce702) (ScriptedImporter) -> (artifact id: '8bf108e4b0867a5787dc31bf08075d3e') in 0.0441569 seconds
Number of updated asset objects reloaded before import = 0Number of asset objects unloaded after import = 3

========================================================================
Received Import Request.
  Time since last request: 0.000030 seconds.
  path: Assets/CorgiEngine/ThirdParty/MoreMountains/MMFeedbacks/MMFeedbacks/Springs/Springs/MMSpringImageFillAmount.cs
  artifactKey: Guid(5bea8581ef5d28a4bb265a7720c925e0) Importer(2089858483,192608db42251d675da83286b1cce702)
Start importing Assets/CorgiEngine/ThirdParty/MoreMountains/MMFeedbacks/MMFeedbacks/Springs/Springs/MMSpringImageFillAmount.cs using Guid(5bea8581ef5d28a4bb265a7720c925e0) Importer(2089858483,192608db42251d675da83286b1cce702) (ScriptedImporter) -> (artifact id: '669961253149e72663bc064d1fde8ef9') in 0.026087 seconds
Number of updated asset objects reloaded before import = 0Number of asset objects unloaded after import = 0

========================================================================
Received Import Request.
  Time since last request: 0.000035 seconds.
  path: Assets/CorgiEngine/ThirdParty/MoreMountains/MMFeedbacks/MMFeedbacks/Springs/Springs/MMSpringMMTimeScale.cs
  artifactKey: Guid(11ac693b84e2c634d8baf89d406335ab) Importer(2089858483,192608db42251d675da83286b1cce702)
Start importing Assets/CorgiEngine/ThirdParty/MoreMountains/MMFeedbacks/MMFeedbacks/Springs/Springs/MMSpringMMTimeScale.cs using Guid(11ac693b84e2c634d8baf89d406335ab) Importer(2089858483,192608db42251d675da83286b1cce702) (ScriptedImporter) -> (artifact id: '7516184135df52b11277c8b63bf35d46') in 0.0190894 seconds
Number of updated asset objects reloaded before import = 0Number of asset objects unloaded after import = 0

========================================================================
Received Import Request.
  Time since last request: 0.000134 seconds.
  path: Assets/CorgiEngine/ThirdParty/MoreMountains/MMFeedbacks/MMFeedbacks/Springs/Springs/MMSpringTMPFontSize.cs
  artifactKey: Guid(2082a521ddffd7144aca9043d2728a9a) Importer(2089858483,192608db42251d675da83286b1cce702)
Start importing Assets/CorgiEngine/ThirdParty/MoreMountains/MMFeedbacks/MMFeedbacks/Springs/Springs/MMSpringTMPFontSize.cs using Guid(2082a521ddffd7144aca9043d2728a9a) Importer(2089858483,192608db42251d675da83286b1cce702) (ScriptedImporter) -> (artifact id: '6826d642bf533d265bddf86ecf6d3d01') in 0.0195076 seconds
Number of updated asset objects reloaded before import = 0Number of asset objects unloaded after import = 0

========================================================================
Received Import Request.
  Time since last request: 0.000102 seconds.
  path: Assets/CorgiEngine/ThirdParty/MoreMountains/MMFeedbacks/Demos/SequencingDemo/Textures/ChristmasTreeOrnament01_rgh.png
  artifactKey: Guid(85c1b8e457f4f5f4aa5ca06347392250) Importer(2089858483,192608db42251d675da83286b1cce702)
Start importing Assets/CorgiEngine/ThirdParty/MoreMountains/MMFeedbacks/Demos/SequencingDemo/Textures/ChristmasTreeOrnament01_rgh.png using Guid(85c1b8e457f4f5f4aa5ca06347392250) Importer(2089858483,192608db42251d675da83286b1cce702) (ScriptedImporter) -> (artifact id: '1e75a8428c75c3d39fd732a42acb35ae') in 0.0535592 seconds
Number of updated asset objects reloaded before import = 0Number of asset objects unloaded after import = 1

========================================================================
Received Import Request.
  Time since last request: 0.000023 seconds.
  path: Assets/CorgiEngine/ThirdParty/MoreMountains/MMFeedbacks/MMFeedbacks/Springs/Feedbacks/MMF_SpringColor.cs
  artifactKey: Guid(ed6b74fe854687046873209aef2e5498) Importer(2089858483,192608db42251d675da83286b1cce702)
Start importing Assets/CorgiEngine/ThirdParty/MoreMountains/MMFeedbacks/MMFeedbacks/Springs/Feedbacks/MMF_SpringColor.cs using Guid(ed6b74fe854687046873209aef2e5498) Importer(2089858483,192608db42251d675da83286b1cce702) (ScriptedImporter) -> (artifact id: 'c1ff321ab1b376e06581726d52eb9df5') in 0.025606 seconds
Number of updated asset objects reloaded before import = 0Number of asset objects unloaded after import = 0

========================================================================
Received Import Request.
  Time since last request: 0.000068 seconds.
  path: Assets/CorgiEngine/ThirdParty/MoreMountains/MMFeedbacks/Demos/SequencingDemo/Textures/Fabric09_nrm.png
  artifactKey: Guid(9396d0fe95f11db4c99c3403ea2912be) Importer(2089858483,192608db42251d675da83286b1cce702)
Start importing Assets/CorgiEngine/ThirdParty/MoreMountains/MMFeedbacks/Demos/SequencingDemo/Textures/Fabric09_nrm.png using Guid(9396d0fe95f11db4c99c3403ea2912be) Importer(2089858483,192608db42251d675da83286b1cce702) (ScriptedImporter) -> (artifact id: 'd5805a3a33c728ac70d36feb4202069b') in 0.0463581 seconds
Number of updated asset objects reloaded before import = 0Number of asset objects unloaded after import = 1

========================================================================
Received Import Request.
  Time since last request: 0.000021 seconds.
  path: Assets/CorgiEngine/ThirdParty/MoreMountains/MMFeedbacks/MMFeedbacksForThirdParty/Cinemachine/Feedbacks/MMF_CinemachineImpulse.cs
  artifactKey: Guid(2ee48f409bf2e3e4baf85ca77d2ca0af) Importer(2089858483,192608db42251d675da83286b1cce702)
Start importing Assets/CorgiEngine/ThirdParty/MoreMountains/MMFeedbacks/MMFeedbacksForThirdParty/Cinemachine/Feedbacks/MMF_CinemachineImpulse.cs using Guid(2ee48f409bf2e3e4baf85ca77d2ca0af) Importer(2089858483,192608db42251d675da83286b1cce702) (ScriptedImporter) -> (artifact id: '470db3229f0686099e16b9061a58aa63') in 0.02399 seconds
Number of updated asset objects reloaded before import = 0Number of asset objects unloaded after import = 0

========================================================================
Received Import Request.
  Time since last request: 0.000066 seconds.
  path: Assets/CorgiEngine/ThirdParty/MoreMountains/MMFeedbacks/MMFeedbacks/Springs/Feedbacks/MMF_SpringFloat.cs
  artifactKey: Guid(d948bd127b797e94fbf989672ffe1847) Importer(2089858483,192608db42251d675da83286b1cce702)
Start importing Assets/CorgiEngine/ThirdParty/MoreMountains/MMFeedbacks/MMFeedbacks/Springs/Feedbacks/MMF_SpringFloat.cs using Guid(d948bd127b797e94fbf989672ffe1847) Importer(2089858483,192608db42251d675da83286b1cce702) (ScriptedImporter) -> (artifact id: '0c06185e619f3604d58210087da6a2c0') in 0.0300454 seconds
Number of updated asset objects reloaded before import = 0Number of asset objects unloaded after import = 0

========================================================================
Received Import Request.
  Time since last request: 0.000079 seconds.
  path: Assets/CorgiEngine/ThirdParty/MoreMountains/MMFeedbacks/MMFeedbacks/Springs/Core/MMSpringVector2.cs
  artifactKey: Guid(3e7af6eb6162e4f41a19087b663c52eb) Importer(2089858483,192608db42251d675da83286b1cce702)
Start importing Assets/CorgiEngine/ThirdParty/MoreMountains/MMFeedbacks/MMFeedbacks/Springs/Core/MMSpringVector2.cs using Guid(3e7af6eb6162e4f41a19087b663c52eb) Importer(2089858483,192608db42251d675da83286b1cce702) (ScriptedImporter) -> (artifact id: '56e638b733dcc6eb43661b6d12507bab') in 0.0201554 seconds
Number of updated asset objects reloaded before import = 0Number of asset objects unloaded after import = 0

========================================================================
Received Import Request.
  Time since last request: 0.000112 seconds.
  path: Assets/CorgiEngine/ThirdParty/MoreMountains/MMFeedbacks/Editor/Sequencing/Resources/SequencerDotBackground.png
  artifactKey: Guid(82c9d5c8726c57249b51c39e76eee072) Importer(2089858483,192608db42251d675da83286b1cce702)
Start importing Assets/CorgiEngine/ThirdParty/MoreMountains/MMFeedbacks/Editor/Sequencing/Resources/SequencerDotBackground.png using Guid(82c9d5c8726c57249b51c39e76eee072) Importer(2089858483,192608db42251d675da83286b1cce702) (ScriptedImporter) -> (artifact id: '1bb7aa82bd5b18be1e0948e561f32e11') in 0.0593357 seconds
Number of updated asset objects reloaded before import = 0Number of asset objects unloaded after import = 3

========================================================================
Received Import Request.
  Time since last request: 0.000019 seconds.
  path: Assets/CorgiEngine/ThirdParty/MoreMountains/MMFeedbacks/MMFeedbacksForThirdParty/Cinemachine/Feedbacks/MMF_CinemachineImpulseSource.cs
  artifactKey: Guid(0f6892e7c981ffa45ad8e24c33bdac4e) Importer(2089858483,192608db42251d675da83286b1cce702)
Start importing Assets/CorgiEngine/ThirdParty/MoreMountains/MMFeedbacks/MMFeedbacksForThirdParty/Cinemachine/Feedbacks/MMF_CinemachineImpulseSource.cs using Guid(0f6892e7c981ffa45ad8e24c33bdac4e) Importer(2089858483,192608db42251d675da83286b1cce702) (ScriptedImporter) -> (artifact id: '0637f66b2d974f6a9adcf8c7dddeba48') in 0.0217815 seconds
Number of updated asset objects reloaded before import = 0Number of asset objects unloaded after import = 0

========================================================================
Received Import Request.
  Time since last request: 0.000037 seconds.
  path: Assets/CorgiEngine/ThirdParty/MoreMountains/MMFeedbacks/Demos/SequencingDemo/Textures/Carpet05_col.png
  artifactKey: Guid(2e3ff3919f6749446b2aed1782b493ce) Importer(2089858483,192608db42251d675da83286b1cce702)
Start importing Assets/CorgiEngine/ThirdParty/MoreMountains/MMFeedbacks/Demos/SequencingDemo/Textures/Carpet05_col.png using Guid(2e3ff3919f6749446b2aed1782b493ce) Importer(2089858483,192608db42251d675da83286b1cce702) (ScriptedImporter) -> (artifact id: 'c5203ef5e92cbb34a97de184a67772a5') in 0.0419405 seconds
Number of updated asset objects reloaded before import = 0Number of asset objects unloaded after import = 1

========================================================================
Received Import Request.
  Time since last request: 0.000064 seconds.
  path: Assets/CorgiEngine/ThirdParty/MoreMountains/MMFeedbacks/Demos/SequencingDemo/Textures/Metal03_nrm.png
  artifactKey: Guid(8ca0015824b8de04ca5bb02b8bb335ab) Importer(2089858483,192608db42251d675da83286b1cce702)
Start importing Assets/CorgiEngine/ThirdParty/MoreMountains/MMFeedbacks/Demos/SequencingDemo/Textures/Metal03_nrm.png using Guid(8ca0015824b8de04ca5bb02b8bb335ab) Importer(2089858483,192608db42251d675da83286b1cce702) (ScriptedImporter) -> (artifact id: '94b95edd5f27f66daa592ae71f3c094c') in 0.0405366 seconds
Number of updated asset objects reloaded before import = 0Number of asset objects unloaded after import = 1

========================================================================
Received Import Request.
  Time since last request: 0.000022 seconds.
  path: Assets/CorgiEngine/ThirdParty/MoreMountains/MMFeedbacks/Demos/SequencingDemo/Textures/Tiles69_AO.png
  artifactKey: Guid(a0f66098c829e3744add65091aeac085) Importer(2089858483,192608db42251d675da83286b1cce702)
Start importing Assets/CorgiEngine/ThirdParty/MoreMountains/MMFeedbacks/Demos/SequencingDemo/Textures/Tiles69_AO.png using Guid(a0f66098c829e3744add65091aeac085) Importer(2089858483,192608db42251d675da83286b1cce702) (ScriptedImporter) -> (artifact id: '0a012eab52229709d03ef3ed8af3a00c') in 0.0551439 seconds
Number of updated asset objects reloaded before import = 0Number of asset objects unloaded after import = 1

========================================================================
Received Import Request.
  Time since last request: 0.000020 seconds.
  path: Assets/CorgiEngine/ThirdParty/MoreMountains/MMFeedbacks/MMFeedbacksForThirdParty/Cinemachine/Shakers/MMCinemachineClippingPlanesShaker.cs
  artifactKey: Guid(9ff80f834f6ca564da816a2f08bc75f0) Importer(2089858483,192608db42251d675da83286b1cce702)
Start importing Assets/CorgiEngine/ThirdParty/MoreMountains/MMFeedbacks/MMFeedbacksForThirdParty/Cinemachine/Shakers/MMCinemachineClippingPlanesShaker.cs using Guid(9ff80f834f6ca564da816a2f08bc75f0) Importer(2089858483,192608db42251d675da83286b1cce702) (ScriptedImporter) -> (artifact id: '3b28a85bad663754632c593e1e03eb55') in 0.0235129 seconds
Number of updated asset objects reloaded before import = 0Number of asset objects unloaded after import = 0

========================================================================
Received Import Request.
  Time since last request: 0.000080 seconds.
  path: Assets/CorgiEngine/ThirdParty/MoreMountains/MMFeedbacks/Demos/SequencingDemo/Textures/Carpet10_col.png
  artifactKey: Guid(266fdb673ee304446a348171d871e1c5) Importer(2089858483,192608db42251d675da83286b1cce702)
Start importing Assets/CorgiEngine/ThirdParty/MoreMountains/MMFeedbacks/Demos/SequencingDemo/Textures/Carpet10_col.png using Guid(266fdb673ee304446a348171d871e1c5) Importer(2089858483,192608db42251d675da83286b1cce702) (ScriptedImporter) -> (artifact id: '1bac6c8ad675fe788384a0da8e6e51ef') in 0.0424216 seconds
Number of updated asset objects reloaded before import = 0Number of asset objects unloaded after import = 1

========================================================================
Received Import Request.
  Time since last request: 0.000064 seconds.
  path: Assets/CorgiEngine/ThirdParty/MoreMountains/MMFeedbacks/Demos/SequencingDemo/Textures/ChristmasTreeOrnament01_col.png
  artifactKey: Guid(5c8f179e332547d4f8b75a7f84edb510) Importer(2089858483,192608db42251d675da83286b1cce702)
Start importing Assets/CorgiEngine/ThirdParty/MoreMountains/MMFeedbacks/Demos/SequencingDemo/Textures/ChristmasTreeOrnament01_col.png using Guid(5c8f179e332547d4f8b75a7f84edb510) Importer(2089858483,192608db42251d675da83286b1cce702) (ScriptedImporter) -> (artifact id: '015fab9bc239d5b230354913cd4136f9') in 0.0433252 seconds
Number of updated asset objects reloaded before import = 0Number of asset objects unloaded after import = 1

========================================================================
Received Import Request.
  Time since last request: 0.000039 seconds.
  path: Assets/CorgiEngine/ThirdParty/MoreMountains/MMFeedbacks/Demos/SequencingDemo/Textures/Fabric09_mask2.png
  artifactKey: Guid(654d169c76f317c459a7fc6530e3ada0) Importer(2089858483,192608db42251d675da83286b1cce702)
Start importing Assets/CorgiEngine/ThirdParty/MoreMountains/MMFeedbacks/Demos/SequencingDemo/Textures/Fabric09_mask2.png using Guid(654d169c76f317c459a7fc6530e3ada0) Importer(2089858483,192608db42251d675da83286b1cce702) (ScriptedImporter) -> (artifact id: 'c14ed8ca12a378e7a94d6e7e160aec9a') in 0.0379811 seconds
Number of updated asset objects reloaded before import = 0Number of asset objects unloaded after import = 1

========================================================================
Received Import Request.
  Time since last request: 0.000023 seconds.
  path: Assets/CorgiEngine/ThirdParty/MoreMountains/MMFeedbacks/MMFeedbacks/Springs/Springs/MMSpringPosition.cs
  artifactKey: Guid(fcada72f36389ee498301db873e7cd1a) Importer(2089858483,192608db42251d675da83286b1cce702)
Start importing Assets/CorgiEngine/ThirdParty/MoreMountains/MMFeedbacks/MMFeedbacks/Springs/Springs/MMSpringPosition.cs using Guid(fcada72f36389ee498301db873e7cd1a) Importer(2089858483,192608db42251d675da83286b1cce702) (ScriptedImporter) -> (artifact id: 'eea636cdca9404fa84489c6d80db0b2e') in 0.0280948 seconds
Number of updated asset objects reloaded before import = 0Number of asset objects unloaded after import = 0

========================================================================
Received Import Request.
  Time since last request: 0.000095 seconds.
  path: Assets/CorgiEngine/ThirdParty/MoreMountains/MMFeedbacks/Demos/SequencingDemo/Textures/Facade02_mask.png
  artifactKey: Guid(925913603f5ff4247b0eb934ea908dc0) Importer(2089858483,192608db42251d675da83286b1cce702)
Start importing Assets/CorgiEngine/ThirdParty/MoreMountains/MMFeedbacks/Demos/SequencingDemo/Textures/Facade02_mask.png using Guid(925913603f5ff4247b0eb934ea908dc0) Importer(2089858483,192608db42251d675da83286b1cce702) (ScriptedImporter) -> (artifact id: '5bf1182defa1d697d07aa899de43aa45') in 0.0538071 seconds
Number of updated asset objects reloaded before import = 0Number of asset objects unloaded after import = 1

========================================================================
Received Import Request.
  Time since last request: 0.000055 seconds.
  path: Assets/CorgiEngine/ThirdParty/MoreMountains/MMFeedbacks/MMFeedbacksForThirdParty/HDRP/Feedbacks/MMF_Vignette_HDRP.cs
  artifactKey: Guid(294ea96cd093b544b8428037f5a17b43) Importer(2089858483,192608db42251d675da83286b1cce702)
Start importing Assets/CorgiEngine/ThirdParty/MoreMountains/MMFeedbacks/MMFeedbacksForThirdParty/HDRP/Feedbacks/MMF_Vignette_HDRP.cs using Guid(294ea96cd093b544b8428037f5a17b43) Importer(2089858483,192608db42251d675da83286b1cce702) (ScriptedImporter) -> (artifact id: 'e5fafb055fabfb659e5e65b40abf10f2') in 0.0253262 seconds
Number of updated asset objects reloaded before import = 0Number of asset objects unloaded after import = 0

========================================================================
Received Import Request.
  Time since last request: 0.000099 seconds.
  path: Assets/CorgiEngine/ThirdParty/MoreMountains/MMFeedbacks/Demos/SequencingDemo/Textures/Tiles65_col.png
  artifactKey: Guid(7118ba5396a068440bdd06e9b3cc0cd6) Importer(2089858483,192608db42251d675da83286b1cce702)
Start importing Assets/CorgiEngine/ThirdParty/MoreMountains/MMFeedbacks/Demos/SequencingDemo/Textures/Tiles65_col.png using Guid(7118ba5396a068440bdd06e9b3cc0cd6) Importer(2089858483,192608db42251d675da83286b1cce702) (ScriptedImporter) -> (artifact id: 'f641bef3c4ea286c5fc287d54a3af7ab') in 0.0384757 seconds
Number of updated asset objects reloaded before import = 0Number of asset objects unloaded after import = 1

========================================================================
Received Import Request.
  Time since last request: 0.000025 seconds.
  path: Assets/CorgiEngine/ThirdParty/MoreMountains/MMFeedbacks/MMFeedbacksForThirdParty/Cinemachine/Shakers/MMCinemachinePriorityListener.cs
  artifactKey: Guid(f8650a79a9f5e38449718559d1d6a2f5) Importer(2089858483,192608db42251d675da83286b1cce702)
Start importing Assets/CorgiEngine/ThirdParty/MoreMountains/MMFeedbacks/MMFeedbacksForThirdParty/Cinemachine/Shakers/MMCinemachinePriorityListener.cs using Guid(f8650a79a9f5e38449718559d1d6a2f5) Importer(2089858483,192608db42251d675da83286b1cce702) (ScriptedImporter) -> (artifact id: '6e95fdcc208fc4ca607f93deb314c6ba') in 0.0279322 seconds
Number of updated asset objects reloaded before import = 0Number of asset objects unloaded after import = 0

========================================================================
Received Import Request.
  Time since last request: 0.000098 seconds.
  path: Assets/CorgiEngine/ThirdParty/MoreMountains/MMFeedbacks/Demos/SequencingDemo/Textures/Carpet06_col.png
  artifactKey: Guid(0a5a24e49e8b5814ebe400a0f609cf27) Importer(2089858483,192608db42251d675da83286b1cce702)
Start importing Assets/CorgiEngine/ThirdParty/MoreMountains/MMFeedbacks/Demos/SequencingDemo/Textures/Carpet06_col.png using Guid(0a5a24e49e8b5814ebe400a0f609cf27) Importer(2089858483,192608db42251d675da83286b1cce702) (ScriptedImporter) -> (artifact id: '6bd14aa5310ab73a94d4277dd40ff2a2') in 0.0539723 seconds
Number of updated asset objects reloaded before import = 0Number of asset objects unloaded after import = 1

========================================================================
Received Import Request.
  Time since last request: 0.000024 seconds.
  path: Assets/CorgiEngine/ThirdParty/MoreMountains/MMFeedbacks/Demos/SequencingDemo/Textures/Facade02_nrm.png
  artifactKey: Guid(7265ff7f2929b8f4b95685c795b5dfd0) Importer(2089858483,192608db42251d675da83286b1cce702)
Start importing Assets/CorgiEngine/ThirdParty/MoreMountains/MMFeedbacks/Demos/SequencingDemo/Textures/Facade02_nrm.png using Guid(7265ff7f2929b8f4b95685c795b5dfd0) Importer(2089858483,192608db42251d675da83286b1cce702) (ScriptedImporter) -> (artifact id: '85fa836ee509355c6249f2481c6ed5ee') in 0.0455072 seconds
Number of updated asset objects reloaded before import = 0Number of asset objects unloaded after import = 1

========================================================================
Received Import Request.
  Time since last request: 0.000052 seconds.
  path: Assets/CorgiEngine/ThirdParty/MoreMountains/MMFeedbacks/Demos/MMFeedbacksDemo/Sounds/MMFeedbacksDemoTrack.wav
  artifactKey: Guid(e99b6c5ad04e7474d98b5d3425dd7f82) Importer(2089858483,192608db42251d675da83286b1cce702)
Start importing Assets/CorgiEngine/ThirdParty/MoreMountains/MMFeedbacks/Demos/MMFeedbacksDemo/Sounds/MMFeedbacksDemoTrack.wav using Guid(e99b6c5ad04e7474d98b5d3425dd7f82) Importer(2089858483,192608db42251d675da83286b1cce702) (ScriptedImporter) -> (artifact id: '2add5f73903ea4c282033a3ef253eed0') in 0.2021998 seconds
Number of updated asset objects reloaded before import = 0Number of asset objects unloaded after import = 1

========================================================================
Received Import Request.
  Time since last request: 0.000029 seconds.
  path: Assets/CorgiEngine/ThirdParty/MoreMountains/MMFeedbacks/MMFeedbacksForThirdParty/Cinemachine/Feedbacks/MMF_CinemachineTransition.cs
  artifactKey: Guid(2838524600839f84591c1d8a457b2176) Importer(2089858483,192608db42251d675da83286b1cce702)
Start importing Assets/CorgiEngine/ThirdParty/MoreMountains/MMFeedbacks/MMFeedbacksForThirdParty/Cinemachine/Feedbacks/MMF_CinemachineTransition.cs using Guid(2838524600839f84591c1d8a457b2176) Importer(2089858483,192608db42251d675da83286b1cce702) (ScriptedImporter) -> (artifact id: 'acc6ce2d16bffcefe0ed0e9c7a07eb97') in 0.0263793 seconds
Number of updated asset objects reloaded before import = 0Number of asset objects unloaded after import = 0

========================================================================
Received Import Request.
  Time since last request: 0.000087 seconds.
  path: Assets/CorgiEngine/ThirdParty/MoreMountains/MMFeedbacks/MMFeedbacks/Sequencing/Scripts/MMSequencer.cs
  artifactKey: Guid(1049f71bc5747d14fa10e114f6cfcfe5) Importer(2089858483,192608db42251d675da83286b1cce702)
Start importing Assets/CorgiEngine/ThirdParty/MoreMountains/MMFeedbacks/MMFeedbacks/Sequencing/Scripts/MMSequencer.cs using Guid(1049f71bc5747d14fa10e114f6cfcfe5) Importer(2089858483,192608db42251d675da83286b1cce702) (ScriptedImporter) -> (artifact id: 'f99d3b432b86a5b62d34ed002f4fe255') in 0.0230192 seconds
Number of updated asset objects reloaded before import = 0Number of asset objects unloaded after import = 0

========================================================================
Received Import Request.
  Time since last request: 0.000106 seconds.
  path: Assets/CorgiEngine/ThirdParty/MoreMountains/MMFeedbacks/Demos/SequencingDemo/Materials/SequencerTiles44.mat
  artifactKey: Guid(e69503b16837c6d4fb7e7c787b6bbd80) Importer(2089858483,192608db42251d675da83286b1cce702)
Start importing Assets/CorgiEngine/ThirdParty/MoreMountains/MMFeedbacks/Demos/SequencingDemo/Materials/SequencerTiles44.mat using Guid(e69503b16837c6d4fb7e7c787b6bbd80) Importer(2089858483,192608db42251d675da83286b1cce702) (ScriptedImporter) -> (artifact id: 'efc2a940a38ec8c3ec3c2e84bffa861b') in 0.0433028 seconds
Number of updated asset objects reloaded before import = 0Number of asset objects unloaded after import = 4

========================================================================
Received Import Request.
  Time since last request: 0.000034 seconds.
  path: Assets/CorgiEngine/ThirdParty/MoreMountains/MMFeedbacks/Demos/SequencingDemo/Materials/SequencerPaintedMetal.mat
  artifactKey: Guid(c010297598d35b24ea0bf283a1f77386) Importer(2089858483,192608db42251d675da83286b1cce702)
Start importing Assets/CorgiEngine/ThirdParty/MoreMountains/MMFeedbacks/Demos/SequencingDemo/Materials/SequencerPaintedMetal.mat using Guid(c010297598d35b24ea0bf283a1f77386) Importer(2089858483,192608db42251d675da83286b1cce702) (ScriptedImporter) -> (artifact id: '5ee79eebe30276e696b09953eea64a69') in 0.0546586 seconds
Number of updated asset objects reloaded before import = 0Number of asset objects unloaded after import = 4

========================================================================
Received Import Request.
  Time since last request: 0.000024 seconds.
  path: Assets/CorgiEngine/ThirdParty/MoreMountains/MMTools/Accessories/MMSprites/MMAutoOrderInLayer.cs
  artifactKey: Guid(aeb67f1f5c67282488b877818e410f30) Importer(2089858483,192608db42251d675da83286b1cce702)
Start importing Assets/CorgiEngine/ThirdParty/MoreMountains/MMTools/Accessories/MMSprites/MMAutoOrderInLayer.cs using Guid(aeb67f1f5c67282488b877818e410f30) Importer(2089858483,192608db42251d675da83286b1cce702) (ScriptedImporter) -> (artifact id: '715f7c076b72870ac480c8d2ea19c5f0') in 0.021606 seconds
Number of updated asset objects reloaded before import = 0Number of asset objects unloaded after import = 0

========================================================================
Received Import Request.
  Time since last request: 0.000055 seconds.
  path: Assets/CorgiEngine/ThirdParty/MoreMountains/MMTools/Core/MMExtensions/MMCameraExtensions.cs
  artifactKey: Guid(285d55c3a8191984c848a8ecaee30c9d) Importer(2089858483,192608db42251d675da83286b1cce702)
Start importing Assets/CorgiEngine/ThirdParty/MoreMountains/MMTools/Core/MMExtensions/MMCameraExtensions.cs using Guid(285d55c3a8191984c848a8ecaee30c9d) Importer(2089858483,192608db42251d675da83286b1cce702) (ScriptedImporter) -> (artifact id: 'fb74a43a2b4f25cc1fe45413adac668d') in 0.025197 seconds
Number of updated asset objects reloaded before import = 0Number of asset objects unloaded after import = 0

========================================================================
Received Import Request.
  Time since last request: 0.000099 seconds.
  path: Assets/CorgiEngine/ThirdParty/MoreMountains/MMTools/Core/MMHelpers/MMUIToolkit.cs
  artifactKey: Guid(150c5cade457df34bad2938a9cebc395) Importer(2089858483,192608db42251d675da83286b1cce702)
Start importing Assets/CorgiEngine/ThirdParty/MoreMountains/MMTools/Core/MMHelpers/MMUIToolkit.cs using Guid(150c5cade457df34bad2938a9cebc395) Importer(2089858483,192608db42251d675da83286b1cce702) (ScriptedImporter) -> (artifact id: '01706e571943c82f3658828bc34c1093') in 0.0249332 seconds
Number of updated asset objects reloaded before import = 0Number of asset objects unloaded after import = 0

========================================================================
Received Import Request.
  Time since last request: 0.000059 seconds.
  path: Assets/CorgiEngine/ThirdParty/MoreMountains/MMFeedbacks/MMFeedbacksForThirdParty/HDRP/Feedbacks/MMF_MotionBlur_HDRP.cs
  artifactKey: Guid(1bc2946b57a0e7f40a9cb297b9f96923) Importer(2089858483,192608db42251d675da83286b1cce702)
Start importing Assets/CorgiEngine/ThirdParty/MoreMountains/MMFeedbacks/MMFeedbacksForThirdParty/HDRP/Feedbacks/MMF_MotionBlur_HDRP.cs using Guid(1bc2946b57a0e7f40a9cb297b9f96923) Importer(2089858483,192608db42251d675da83286b1cce702) (ScriptedImporter) -> (artifact id: '9c4c2057c00f129f555f72154ff1d79b') in 0.0235382 seconds
Number of updated asset objects reloaded before import = 0Number of asset objects unloaded after import = 0

========================================================================
Received Import Request.
  Time since last request: 0.000104 seconds.
  path: Assets/CorgiEngine/ThirdParty/MoreMountains/MMFeedbacks/Editor/Core/UIToolkit/FeelSetupRequired@2x.png
  artifactKey: Guid(69bdc1f611c0f8d4dbc71613a9b04b9b) Importer(2089858483,192608db42251d675da83286b1cce702)
Start importing Assets/CorgiEngine/ThirdParty/MoreMountains/MMFeedbacks/Editor/Core/UIToolkit/FeelSetupRequired@2x.png using Guid(69bdc1f611c0f8d4dbc71613a9b04b9b) Importer(2089858483,192608db42251d675da83286b1cce702) (ScriptedImporter) -> (artifact id: 'e9b438ce4e145eac8ef35a24441da9a6') in 0.0535574 seconds
Number of updated asset objects reloaded before import = 0Number of asset objects unloaded after import = 3

========================================================================
Received Import Request.
  Time since last request: 0.000030 seconds.
  path: Assets/CorgiEngine/ThirdParty/MoreMountains/MMFeedbacks/MMFeedbacksForThirdParty/MMTools/Feedbacks/MMF_LoadScene.cs
  artifactKey: Guid(b4f6df1207b1c5e478e225b94a41fa42) Importer(2089858483,192608db42251d675da83286b1cce702)
Start importing Assets/CorgiEngine/ThirdParty/MoreMountains/MMFeedbacks/MMFeedbacksForThirdParty/MMTools/Feedbacks/MMF_LoadScene.cs using Guid(b4f6df1207b1c5e478e225b94a41fa42) Importer(2089858483,192608db42251d675da83286b1cce702) (ScriptedImporter) -> (artifact id: '84c178a2a0c288d9e3755dac8caddb87') in 0.0372173 seconds
Number of updated asset objects reloaded before import = 0Number of asset objects unloaded after import = 0

========================================================================
Received Import Request.
  Time since last request: 0.000025 seconds.
  path: Assets/CorgiEngine/ThirdParty/MoreMountains/MMFeedbacks/MMFeedbacksForThirdParty/URP/Springs/MMSpringWhiteBalanceTemperature_URP.cs
  artifactKey: Guid(1ffac7400616d3f44b99ca936f6ab406) Importer(2089858483,192608db42251d675da83286b1cce702)
Start importing Assets/CorgiEngine/ThirdParty/MoreMountains/MMFeedbacks/MMFeedbacksForThirdParty/URP/Springs/MMSpringWhiteBalanceTemperature_URP.cs using Guid(1ffac7400616d3f44b99ca936f6ab406) Importer(2089858483,192608db42251d675da83286b1cce702) (ScriptedImporter) -> (artifact id: 'ff225fe77d3a9d1760b478dbb28099bc') in 0.0247599 seconds
Number of updated asset objects reloaded before import = 0Number of asset objects unloaded after import = 0

========================================================================
Received Import Request.
  Time since last request: 0.000071 seconds.
  path: Assets/CorgiEngine/ThirdParty/MoreMountains/MMFeedbacks/MMFeedbacksForThirdParty/MMTools/Feedbacks/MMF_RectTransformSizeDelta.cs
  artifactKey: Guid(58875ceee40a651498d6e840f42a38bd) Importer(2089858483,192608db42251d675da83286b1cce702)
Start importing Assets/CorgiEngine/ThirdParty/MoreMountains/MMFeedbacks/MMFeedbacksForThirdParty/MMTools/Feedbacks/MMF_RectTransformSizeDelta.cs using Guid(58875ceee40a651498d6e840f42a38bd) Importer(2089858483,192608db42251d675da83286b1cce702) (ScriptedImporter) -> (artifact id: '3f038c59b096c651a07b1b250ec88283') in 0.0258086 seconds
Number of updated asset objects reloaded before import = 0Number of asset objects unloaded after import = 0

========================================================================
Received Import Request.
  Time since last request: 0.000097 seconds.
  path: Assets/CorgiEngine/ThirdParty/MoreMountains/MMFeedbacks/MMFeedbacksForThirdParty/UIToolkit/Feedbacks/MMF_UIToolkitTranslate.cs
  artifactKey: Guid(0e932172a6c02a94c9cc24b921edb17e) Importer(2089858483,192608db42251d675da83286b1cce702)
Start importing Assets/CorgiEngine/ThirdParty/MoreMountains/MMFeedbacks/MMFeedbacksForThirdParty/UIToolkit/Feedbacks/MMF_UIToolkitTranslate.cs using Guid(0e932172a6c02a94c9cc24b921edb17e) Importer(2089858483,192608db42251d675da83286b1cce702) (ScriptedImporter) -> (artifact id: 'df7a008ed03555b25cb3b1dbc20f3f2c') in 0.0282029 seconds
Number of updated asset objects reloaded before import = 0Number of asset objects unloaded after import = 0

========================================================================
Received Import Request.
  Time since last request: 0.000055 seconds.
  path: Assets/CorgiEngine/ThirdParty/MoreMountains/MMFeedbacks/MMFeedbacksForThirdParty/MMTools/Feedbacks/MMF_PPMovingFilter.cs
  artifactKey: Guid(bad88d19339cd824eae939fb6492e1db) Importer(2089858483,192608db42251d675da83286b1cce702)
Start importing Assets/CorgiEngine/ThirdParty/MoreMountains/MMFeedbacks/MMFeedbacksForThirdParty/MMTools/Feedbacks/MMF_PPMovingFilter.cs using Guid(bad88d19339cd824eae939fb6492e1db) Importer(2089858483,192608db42251d675da83286b1cce702) (ScriptedImporter) -> (artifact id: 'c5999c9caf3f92a32ad076d5ac7abe97') in 0.024167 seconds
Number of updated asset objects reloaded before import = 0Number of asset objects unloaded after import = 0

========================================================================
Received Import Request.
  Time since last request: 0.000123 seconds.
  path: Assets/CorgiEngine/ThirdParty/MoreMountains/MMFeedbacks/MMFeedbacksForThirdParty/PostProcessing/Feedbacks/MMF_ChromaticAberration.cs
  artifactKey: Guid(68f2e968d11ecbf46882dff546d9da6b) Importer(2089858483,192608db42251d675da83286b1cce702)
Start importing Assets/CorgiEngine/ThirdParty/MoreMountains/MMFeedbacks/MMFeedbacksForThirdParty/PostProcessing/Feedbacks/MMF_ChromaticAberration.cs using Guid(68f2e968d11ecbf46882dff546d9da6b) Importer(2089858483,192608db42251d675da83286b1cce702) (ScriptedImporter) -> (artifact id: 'ba9a31cf275cdab35fb3929ec55e0cd6') in 0.0298673 seconds
Number of updated asset objects reloaded before import = 0Number of asset objects unloaded after import = 0

========================================================================
Received Import Request.
  Time since last request: 0.000062 seconds.
  path: Assets/CorgiEngine/ThirdParty/MoreMountains/MMFeedbacks/MMFeedbacksForThirdParty/PostProcessing/Springs/MMSpringVignetteColor.cs
  artifactKey: Guid(17b834b8463b2c344871f84ca5852a03) Importer(2089858483,192608db42251d675da83286b1cce702)
Start importing Assets/CorgiEngine/ThirdParty/MoreMountains/MMFeedbacks/MMFeedbacksForThirdParty/PostProcessing/Springs/MMSpringVignetteColor.cs using Guid(17b834b8463b2c344871f84ca5852a03) Importer(2089858483,192608db42251d675da83286b1cce702) (ScriptedImporter) -> (artifact id: '717e7433f59a18a6a543d5b9d3d97893') in 0.027498 seconds
Number of updated asset objects reloaded before import = 0Number of asset objects unloaded after import = 0

========================================================================
Received Import Request.
  Time since last request: 0.000029 seconds.
  path: Assets/CorgiEngine/ThirdParty/MoreMountains/MMFeedbacks/MMFeedbacksForThirdParty/URP/Shakers/MMMotionBlurShaker_URP.cs
  artifactKey: Guid(9f83ea5980293ee4bb6961962edb0cc1) Importer(2089858483,192608db42251d675da83286b1cce702)
Start importing Assets/CorgiEngine/ThirdParty/MoreMountains/MMFeedbacks/MMFeedbacksForThirdParty/URP/Shakers/MMMotionBlurShaker_URP.cs using Guid(9f83ea5980293ee4bb6961962edb0cc1) Importer(2089858483,192608db42251d675da83286b1cce702) (ScriptedImporter) -> (artifact id: '2fa03b7cf8048ccbe48b631e20b7cd31') in 0.0250677 seconds
Number of updated asset objects reloaded before import = 0Number of asset objects unloaded after import = 0

========================================================================
Received Import Request.
  Time since last request: 0.000109 seconds.
  path: Assets/CorgiEngine/ThirdParty/MoreMountains/MMFeedbacks/MMFeedbacksForThirdParty/UIToolkit/Feedbacks/MMF_UIToolkitSize.cs
  artifactKey: Guid(6b08364980f6e884695f3959f374f6ad) Importer(2089858483,192608db42251d675da83286b1cce702)
Start importing Assets/CorgiEngine/ThirdParty/MoreMountains/MMFeedbacks/MMFeedbacksForThirdParty/UIToolkit/Feedbacks/MMF_UIToolkitSize.cs using Guid(6b08364980f6e884695f3959f374f6ad) Importer(2089858483,192608db42251d675da83286b1cce702) (ScriptedImporter) -> (artifact id: '121609e610486ef5f039dd8b71a206f4') in 0.0256776 seconds
Number of updated asset objects reloaded before import = 0Number of asset objects unloaded after import = 0

========================================================================
Received Import Request.
  Time since last request: 0.000073 seconds.
  path: Assets/CorgiEngine/ThirdParty/MoreMountains/MMFeedbacks/MMFeedbacksForThirdParty/UIToolkit/Feedbacks/MMF_UIToolkitClass.cs
  artifactKey: Guid(6f494035fcb1bd449ba11daf0b0280f2) Importer(2089858483,192608db42251d675da83286b1cce702)
Start importing Assets/CorgiEngine/ThirdParty/MoreMountains/MMFeedbacks/MMFeedbacksForThirdParty/UIToolkit/Feedbacks/MMF_UIToolkitClass.cs using Guid(6f494035fcb1bd449ba11daf0b0280f2) Importer(2089858483,192608db42251d675da83286b1cce702) (ScriptedImporter) -> (artifact id: 'd7c10535d37444baadabd6680c555c20') in 0.0276153 seconds
Number of updated asset objects reloaded before import = 0Number of asset objects unloaded after import = 0

========================================================================
Received Import Request.
  Time since last request: 0.000051 seconds.
  path: Assets/CorgiEngine/ThirdParty/MoreMountains/MMFeedbacks/MMFeedbacksForThirdParty/PostProcessing/Feedbacks/MMF_GlobalPPVolumeAutoBlend.cs
  artifactKey: Guid(9004edcd6234bf449a2d7812b79b5806) Importer(2089858483,192608db42251d675da83286b1cce702)
Start importing Assets/CorgiEngine/ThirdParty/MoreMountains/MMFeedbacks/MMFeedbacksForThirdParty/PostProcessing/Feedbacks/MMF_GlobalPPVolumeAutoBlend.cs using Guid(9004edcd6234bf449a2d7812b79b5806) Importer(2089858483,192608db42251d675da83286b1cce702) (ScriptedImporter) -> (artifact id: '02c01d7d7fade72a435ce7068bc13d09') in 0.0241923 seconds
Number of updated asset objects reloaded before import = 0Number of asset objects unloaded after import = 0

========================================================================
Received Import Request.
  Time since last request: 0.000143 seconds.
  path: Assets/CorgiEngine/ThirdParty/MoreMountains/MMFeedbacks/MMFeedbacksForThirdParty/TextMeshPro/Feedbacks/MMF_TMPOutlineWidth.cs
  artifactKey: Guid(932d7950b01edc04d8d29d2669394cf5) Importer(2089858483,192608db42251d675da83286b1cce702)
Start importing Assets/CorgiEngine/ThirdParty/MoreMountains/MMFeedbacks/MMFeedbacksForThirdParty/TextMeshPro/Feedbacks/MMF_TMPOutlineWidth.cs using Guid(932d7950b01edc04d8d29d2669394cf5) Importer(2089858483,192608db42251d675da83286b1cce702) (ScriptedImporter) -> (artifact id: '4db9224a5b336202a57d023db8582953') in 0.0252907 seconds
Number of updated asset objects reloaded before import = 0Number of asset objects unloaded after import = 0

========================================================================
Received Import Request.
  Time since last request: 0.000119 seconds.
  path: Assets/CorgiEngine/ThirdParty/MoreMountains/MMFeedbacks/MMFeedbacksForThirdParty/UIToolkit/Feedbacks/MMF_UIToolkitTransformOrigin.cs
  artifactKey: Guid(20a16824553d34440a2d4a0aef9f6305) Importer(2089858483,192608db42251d675da83286b1cce702)
Start importing Assets/CorgiEngine/ThirdParty/MoreMountains/MMFeedbacks/MMFeedbacksForThirdParty/UIToolkit/Feedbacks/MMF_UIToolkitTransformOrigin.cs using Guid(20a16824553d34440a2d4a0aef9f6305) Importer(2089858483,192608db42251d675da83286b1cce702) (ScriptedImporter) -> (artifact id: '8ce3400bf3b3142b95913aa6d8c9455c') in 0.0255415 seconds
Number of updated asset objects reloaded before import = 0Number of asset objects unloaded after import = 0

========================================================================
Received Import Request.
  Time since last request: 0.000028 seconds.
  path: Assets/CorgiEngine/ThirdParty/MoreMountains/MMFeedbacks/MMFeedbacksForThirdParty/MMTools/Feedbacks/MMF_Blink.cs
  artifactKey: Guid(2b3c116d0e316af4f98aea90424ad690) Importer(2089858483,192608db42251d675da83286b1cce702)
Start importing Assets/CorgiEngine/ThirdParty/MoreMountains/MMFeedbacks/MMFeedbacksForThirdParty/MMTools/Feedbacks/MMF_Blink.cs using Guid(2b3c116d0e316af4f98aea90424ad690) Importer(2089858483,192608db42251d675da83286b1cce702) (ScriptedImporter) -> (artifact id: 'c32ce936b0e3693bb789db7906082f6b') in 0.0222883 seconds
Number of updated asset objects reloaded before import = 0Number of asset objects unloaded after import = 0

========================================================================
Received Import Request.
  Time since last request: 0.000093 seconds.
  path: Assets/CorgiEngine/ThirdParty/MoreMountains/MMFeedbacks/MMFeedbacksForThirdParty/HDRP/Shakers/MMColorAdjustmentsShaker_HDRP.cs
  artifactKey: Guid(74e91560821f43e47a56cefccaf584cc) Importer(2089858483,192608db42251d675da83286b1cce702)
Start importing Assets/CorgiEngine/ThirdParty/MoreMountains/MMFeedbacks/MMFeedbacksForThirdParty/HDRP/Shakers/MMColorAdjustmentsShaker_HDRP.cs using Guid(74e91560821f43e47a56cefccaf584cc) Importer(2089858483,192608db42251d675da83286b1cce702) (ScriptedImporter) -> (artifact id: 'c87773a56a7b11293febfa8e4d1a35f2') in 0.0284997 seconds
Number of updated asset objects reloaded before import = 0Number of asset objects unloaded after import = 0

========================================================================
Received Import Request.
  Time since last request: 0.000033 seconds.
  path: Assets/CorgiEngine/ThirdParty/MoreMountains/MMFeedbacks/MMFeedbacksForThirdParty/URP/Springs/MMSpringVignetteIntensity_URP.cs
  artifactKey: Guid(df5cccc1b626f954881aee460f519752) Importer(2089858483,192608db42251d675da83286b1cce702)
Start importing Assets/CorgiEngine/ThirdParty/MoreMountains/MMFeedbacks/MMFeedbacksForThirdParty/URP/Springs/MMSpringVignetteIntensity_URP.cs using Guid(df5cccc1b626f954881aee460f519752) Importer(2089858483,192608db42251d675da83286b1cce702) (ScriptedImporter) -> (artifact id: '715dcaa3b3919e9ce1b8f3f7abef8d30') in 0.0261652 seconds
Number of updated asset objects reloaded before import = 0Number of asset objects unloaded after import = 0

========================================================================
Received Import Request.
  Time since last request: 0.000045 seconds.
  path: Assets/CorgiEngine/ThirdParty/MoreMountains/MMFeedbacks/MMFeedbacksForThirdParty/PostProcessing/Springs/MMSpringColorGradingContrast.cs
  artifactKey: Guid(273314aadc2d09c4b8f7b497c86f6d3a) Importer(2089858483,192608db42251d675da83286b1cce702)
Start importing Assets/CorgiEngine/ThirdParty/MoreMountains/MMFeedbacks/MMFeedbacksForThirdParty/PostProcessing/Springs/MMSpringColorGradingContrast.cs using Guid(273314aadc2d09c4b8f7b497c86f6d3a) Importer(2089858483,192608db42251d675da83286b1cce702) (ScriptedImporter) -> (artifact id: 'fefcf93127f42be3a3dd548b14cb7a56') in 0.0229872 seconds
Number of updated asset objects reloaded before import = 0Number of asset objects unloaded after import = 0

========================================================================
Received Import Request.
  Time since last request: 0.000064 seconds.
  path: Assets/CorgiEngine/ThirdParty/MoreMountains/MMFeedbacks/MMFeedbacksForThirdParty/URP/Shakers/MMChannelMixerShaker_URP.cs
  artifactKey: Guid(e79061224d0604740b66d87c50047581) Importer(2089858483,192608db42251d675da83286b1cce702)
Start importing Assets/CorgiEngine/ThirdParty/MoreMountains/MMFeedbacks/MMFeedbacksForThirdParty/URP/Shakers/MMChannelMixerShaker_URP.cs using Guid(e79061224d0604740b66d87c50047581) Importer(2089858483,192608db42251d675da83286b1cce702) (ScriptedImporter) -> (artifact id: 'a3af4aae3b396deb50dc35ab4dbb628c') in 0.0297527 seconds
Number of updated asset objects reloaded before import = 0Number of asset objects unloaded after import = 0

========================================================================
Received Import Request.
  Time since last request: 0.000096 seconds.
  path: Assets/CorgiEngine/ThirdParty/MoreMountains/MMFeedbacks/MMFeedbacksForThirdParty/MMTools/Feedbacks/MMF_RectTransformOffset.cs
  artifactKey: Guid(0d18225582eee064fa0fefcd74282b2b) Importer(2089858483,192608db42251d675da83286b1cce702)
Start importing Assets/CorgiEngine/ThirdParty/MoreMountains/MMFeedbacks/MMFeedbacksForThirdParty/MMTools/Feedbacks/MMF_RectTransformOffset.cs using Guid(0d18225582eee064fa0fefcd74282b2b) Importer(2089858483,192608db42251d675da83286b1cce702) (ScriptedImporter) -> (artifact id: 'cf409ccd50ddd2a063956cbf768733f6') in 0.0255014 seconds
Number of updated asset objects reloaded before import = 0Number of asset objects unloaded after import = 0

========================================================================
Received Import Request.
  Time since last request: 0.000122 seconds.
  path: Assets/CorgiEngine/ThirdParty/MoreMountains/MMFeedbacks/MMFeedbacksForThirdParty/UIToolkit/Feedbacks/MMF_UIToolkitBorderColor.cs
  artifactKey: Guid(72c972a1271fae14a92c46848763b4c0) Importer(2089858483,192608db42251d675da83286b1cce702)
Start importing Assets/CorgiEngine/ThirdParty/MoreMountains/MMFeedbacks/MMFeedbacksForThirdParty/UIToolkit/Feedbacks/MMF_UIToolkitBorderColor.cs using Guid(72c972a1271fae14a92c46848763b4c0) Importer(2089858483,192608db42251d675da83286b1cce702) (ScriptedImporter) -> (artifact id: 'e1e535620d894c08e71d83bb7a2cb40d') in 0.0224972 seconds
Number of updated asset objects reloaded before import = 0Number of asset objects unloaded after import = 0

========================================================================
Received Import Request.
  Time since last request: 0.000082 seconds.
  path: Assets/CorgiEngine/ThirdParty/MoreMountains/MMFeedbacks/MMFeedbacksForThirdParty/URP/Feedbacks/MMF_Bloom_URP.cs
  artifactKey: Guid(2745b12389b632b4793a46c0329b78a3) Importer(2089858483,192608db42251d675da83286b1cce702)
Start importing Assets/CorgiEngine/ThirdParty/MoreMountains/MMFeedbacks/MMFeedbacksForThirdParty/URP/Feedbacks/MMF_Bloom_URP.cs using Guid(2745b12389b632b4793a46c0329b78a3) Importer(2089858483,192608db42251d675da83286b1cce702) (ScriptedImporter) -> (artifact id: 'a48f05dc1a1f3754e79234683cc44cb8') in 0.025106 seconds
Number of updated asset objects reloaded before import = 0Number of asset objects unloaded after import = 0

========================================================================
Received Import Request.
  Time since last request: 0.000053 seconds.
  path: Assets/CorgiEngine/ThirdParty/MoreMountains/MMFeedbacks/MMFeedbacksForThirdParty/MMTools/Feedbacks/MMF_LineRenderer.cs
  artifactKey: Guid(d9316d13625724948a6824fbd529a617) Importer(2089858483,192608db42251d675da83286b1cce702)
Start importing Assets/CorgiEngine/ThirdParty/MoreMountains/MMFeedbacks/MMFeedbacksForThirdParty/MMTools/Feedbacks/MMF_LineRenderer.cs using Guid(d9316d13625724948a6824fbd529a617) Importer(2089858483,192608db42251d675da83286b1cce702) (ScriptedImporter) -> (artifact id: '71852df0b61fce1cf72e81dfcb324300') in 0.0237603 seconds
Number of updated asset objects reloaded before import = 0Number of asset objects unloaded after import = 0

========================================================================
Received Import Request.
  Time since last request: 0.000131 seconds.
  path: Assets/CorgiEngine/ThirdParty/MoreMountains/MMFeedbacks/MMFeedbacksForThirdParty/URP/Shakers/MMBloomShaker_URP.cs
  artifactKey: Guid(485e02e02c638cf4b9ca8344fd6213a9) Importer(2089858483,192608db42251d675da83286b1cce702)
Start importing Assets/CorgiEngine/ThirdParty/MoreMountains/MMFeedbacks/MMFeedbacksForThirdParty/URP/Shakers/MMBloomShaker_URP.cs using Guid(485e02e02c638cf4b9ca8344fd6213a9) Importer(2089858483,192608db42251d675da83286b1cce702) (ScriptedImporter) -> (artifact id: '1e6a341be04e4488fc672b4fc1224360') in 0.022875 seconds
Number of updated asset objects reloaded before import = 0Number of asset objects unloaded after import = 0

========================================================================
Received Import Request.
  Time since last request: 0.000128 seconds.
  path: Assets/CorgiEngine/ThirdParty/MoreMountains/MMFeedbacks/MMFeedbacksForThirdParty/UIToolkit/Base/MMF_UIToolkitVector2Base.cs
  artifactKey: Guid(2ac2960c7e2121849bdf55de52559dd9) Importer(2089858483,192608db42251d675da83286b1cce702)
Start importing Assets/CorgiEngine/ThirdParty/MoreMountains/MMFeedbacks/MMFeedbacksForThirdParty/UIToolkit/Base/MMF_UIToolkitVector2Base.cs using Guid(2ac2960c7e2121849bdf55de52559dd9) Importer(2089858483,192608db42251d675da83286b1cce702) (ScriptedImporter) -> (artifact id: 'a4997ba6880c26a478a1ba57f75226cd') in 0.0302549 seconds
Number of updated asset objects reloaded before import = 0Number of asset objects unloaded after import = 0

========================================================================
Received Import Request.
  Time since last request: 0.000147 seconds.
  path: Assets/CorgiEngine/ThirdParty/MoreMountains/MMFeedbacks/MMFeedbacksForThirdParty/URP/Shakers/MMAutoFocus_URP.cs
  artifactKey: Guid(97e17950a649fa84189ca3446539280b) Importer(2089858483,192608db42251d675da83286b1cce702)
Start importing Assets/CorgiEngine/ThirdParty/MoreMountains/MMFeedbacks/MMFeedbacksForThirdParty/URP/Shakers/MMAutoFocus_URP.cs using Guid(97e17950a649fa84189ca3446539280b) Importer(2089858483,192608db42251d675da83286b1cce702) (ScriptedImporter) -> (artifact id: 'cd5f442f00fb50908b2f560cc3ff323a') in 0.0247329 seconds
Number of updated asset objects reloaded before import = 0Number of asset objects unloaded after import = 0

========================================================================
Received Import Request.
  Time since last request: 0.000123 seconds.
  path: Assets/CorgiEngine/ThirdParty/MoreMountains/MMFeedbacks/MMFeedbacksForThirdParty/TextMeshPro/Feedbacks/MMF_TMPCountTo.cs
  artifactKey: Guid(76ee492955c4d2f4fa9c0dd9f9a59f12) Importer(2089858483,192608db42251d675da83286b1cce702)
Start importing Assets/CorgiEngine/ThirdParty/MoreMountains/MMFeedbacks/MMFeedbacksForThirdParty/TextMeshPro/Feedbacks/MMF_TMPCountTo.cs using Guid(76ee492955c4d2f4fa9c0dd9f9a59f12) Importer(2089858483,192608db42251d675da83286b1cce702) (ScriptedImporter) -> (artifact id: '1c4e67f769787364a85a969d2d3136bc') in 0.0225495 seconds
Number of updated asset objects reloaded before import = 0Number of asset objects unloaded after import = 0

========================================================================
Received Import Request.
  Time since last request: 0.000093 seconds.
  path: Assets/CorgiEngine/ThirdParty/MoreMountains/MMFeedbacks/MMFeedbacksForThirdParty/URP/Shakers/MMLensDistortionShaker_URP.cs
  artifactKey: Guid(bbf0ffd851dbe2d4fb5d79335529e131) Importer(2089858483,192608db42251d675da83286b1cce702)
Start importing Assets/CorgiEngine/ThirdParty/MoreMountains/MMFeedbacks/MMFeedbacksForThirdParty/URP/Shakers/MMLensDistortionShaker_URP.cs using Guid(bbf0ffd851dbe2d4fb5d79335529e131) Importer(2089858483,192608db42251d675da83286b1cce702) (ScriptedImporter) -> (artifact id: 'e0ef0b4fab646d0dde614f7d0f2fec81') in 0.0297819 seconds
Number of updated asset objects reloaded before import = 0Number of asset objects unloaded after import = 0

========================================================================
Received Import Request.
  Time since last request: 0.000033 seconds.
  path: Assets/CorgiEngine/ThirdParty/MoreMountains/MMFeedbacks/MMFeedbacksForThirdParty/URP/Feedbacks/MMF_WhiteBalance_URP.cs
  artifactKey: Guid(3ea237bea7ee0284eb3c367668540cdc) Importer(2089858483,192608db42251d675da83286b1cce702)
Start importing Assets/CorgiEngine/ThirdParty/MoreMountains/MMFeedbacks/MMFeedbacksForThirdParty/URP/Feedbacks/MMF_WhiteBalance_URP.cs using Guid(3ea237bea7ee0284eb3c367668540cdc) Importer(2089858483,192608db42251d675da83286b1cce702) (ScriptedImporter) -> (artifact id: 'f3020c80001bd6224330a362a543d8d0') in 0.0238093 seconds
Number of updated asset objects reloaded before import = 0Number of asset objects unloaded after import = 0

========================================================================
Received Import Request.
  Time since last request: 0.000113 seconds.
  path: Assets/CorgiEngine/ThirdParty/MoreMountains/MMFeedbacks/MMFeedbacksForThirdParty/URP/Springs/MMSpringBloomIntensity_URP.cs
  artifactKey: Guid(474936ac5716a714abf16bab43955d3d) Importer(2089858483,192608db42251d675da83286b1cce702)
Start importing Assets/CorgiEngine/ThirdParty/MoreMountains/MMFeedbacks/MMFeedbacksForThirdParty/URP/Springs/MMSpringBloomIntensity_URP.cs using Guid(474936ac5716a714abf16bab43955d3d) Importer(2089858483,192608db42251d675da83286b1cce702) (ScriptedImporter) -> (artifact id: '72fc8c57d906d29d6ebebfd1eae4456a') in 0.0214437 seconds
Number of updated asset objects reloaded before import = 0Number of asset objects unloaded after import = 0

========================================================================
Received Import Request.
  Time since last request: 0.000123 seconds.
  path: Assets/CorgiEngine/ThirdParty/MoreMountains/MMFeedbacks/MMFeedbacksForThirdParty/HDRP/Shakers/MMMotionBlurShaker_HDRP.cs
  artifactKey: Guid(bbf1b6f8b44acf042a0f2bed486492e9) Importer(2089858483,192608db42251d675da83286b1cce702)
Start importing Assets/CorgiEngine/ThirdParty/MoreMountains/MMFeedbacks/MMFeedbacksForThirdParty/HDRP/Shakers/MMMotionBlurShaker_HDRP.cs using Guid(bbf1b6f8b44acf042a0f2bed486492e9) Importer(2089858483,192608db42251d675da83286b1cce702) (ScriptedImporter) -> (artifact id: '6fa22e25a37efddf6bc3b26349d4eaa7') in 0.0247601 seconds
Number of updated asset objects reloaded before import = 0Number of asset objects unloaded after import = 0

========================================================================
Received Import Request.
  Time since last request: 0.000038 seconds.
  path: Assets/CorgiEngine/ThirdParty/MoreMountains/MMFeedbacks/MMFeedbacksForThirdParty/NiceVibrations/Feedbacks/MMF_NVContinuous.cs
  artifactKey: Guid(67fc7d627b6e1074895b5ed483eb737d) Importer(2089858483,192608db42251d675da83286b1cce702)
Start importing Assets/CorgiEngine/ThirdParty/MoreMountains/MMFeedbacks/MMFeedbacksForThirdParty/NiceVibrations/Feedbacks/MMF_NVContinuous.cs using Guid(67fc7d627b6e1074895b5ed483eb737d) Importer(2089858483,192608db42251d675da83286b1cce702) (ScriptedImporter) -> (artifact id: 'd8331deb9de386ad7b916f5786187491') in 0.0244642 seconds
Number of updated asset objects reloaded before import = 0Number of asset objects unloaded after import = 0

========================================================================
Received Import Request.
  Time since last request: 0.000066 seconds.
  path: Assets/CorgiEngine/ThirdParty/MoreMountains/MMFeedbacks/MMFeedbacksForThirdParty/TextMeshPro/MMFloatingText/MMFloatingTextMeshPro.cs
  artifactKey: Guid(2192c456bb84f804aa4b04b6c64a7acb) Importer(2089858483,192608db42251d675da83286b1cce702)
Start importing Assets/CorgiEngine/ThirdParty/MoreMountains/MMFeedbacks/MMFeedbacksForThirdParty/TextMeshPro/MMFloatingText/MMFloatingTextMeshPro.cs using Guid(2192c456bb84f804aa4b04b6c64a7acb) Importer(2089858483,192608db42251d675da83286b1cce702) (ScriptedImporter) -> (artifact id: 'd89465f5bb57e614c6fb88b2450c9270') in 0.021552 seconds
Number of updated asset objects reloaded before import = 0Number of asset objects unloaded after import = 0

========================================================================
Received Import Request.
  Time since last request: 0.000090 seconds.
  path: Assets/CorgiEngine/ThirdParty/MoreMountains/MMFeedbacks/MMFeedbacksForThirdParty/URP/Springs/MMSpringPaniniProjectionDistance_URP.cs
  artifactKey: Guid(f96d4bb1a57044c4baa681871d059ec3) Importer(2089858483,192608db42251d675da83286b1cce702)
Start importing Assets/CorgiEngine/ThirdParty/MoreMountains/MMFeedbacks/MMFeedbacksForThirdParty/URP/Springs/MMSpringPaniniProjectionDistance_URP.cs using Guid(f96d4bb1a57044c4baa681871d059ec3) Importer(2089858483,192608db42251d675da83286b1cce702) (ScriptedImporter) -> (artifact id: '6d211a0d11f3d74050fe4e86fb0c1557') in 0.0241714 seconds
Number of updated asset objects reloaded before import = 0Number of asset objects unloaded after import = 0

========================================================================
Received Import Request.
  Time since last request: 0.000126 seconds.
  path: Assets/CorgiEngine/ThirdParty/MoreMountains/MMTools/Core/MMSaveLoad/MMSaveLoadManagerMethodBinaryEncrypted.cs
  artifactKey: Guid(12d7216a3e967954ca8945932aa92fd4) Importer(2089858483,192608db42251d675da83286b1cce702)
Start importing Assets/CorgiEngine/ThirdParty/MoreMountains/MMTools/Core/MMSaveLoad/MMSaveLoadManagerMethodBinaryEncrypted.cs using Guid(12d7216a3e967954ca8945932aa92fd4) Importer(2089858483,192608db42251d675da83286b1cce702) (ScriptedImporter) -> (artifact id: '0a63de65f43a4c25572606621c3ecbab') in 0.029243 seconds
Number of updated asset objects reloaded before import = 0Number of asset objects unloaded after import = 0

========================================================================
Received Import Request.
  Time since last request: 0.000070 seconds.
  path: Assets/CorgiEngine/ThirdParty/MoreMountains/MMFeedbacks/MMFeedbacksForThirdParty/PostProcessing/Shakers/MMBloomShaker.cs
  artifactKey: Guid(04189ce672fd8c349b61eb900b1dc0ec) Importer(2089858483,192608db42251d675da83286b1cce702)
Start importing Assets/CorgiEngine/ThirdParty/MoreMountains/MMFeedbacks/MMFeedbacksForThirdParty/PostProcessing/Shakers/MMBloomShaker.cs using Guid(04189ce672fd8c349b61eb900b1dc0ec) Importer(2089858483,192608db42251d675da83286b1cce702) (ScriptedImporter) -> (artifact id: '07d8f2001154f6a97c4d943282f90c81') in 0.0210219 seconds
Number of updated asset objects reloaded before import = 0Number of asset objects unloaded after import = 0

========================================================================
Received Import Request.
  Time since last request: 0.000086 seconds.
  path: Assets/CorgiEngine/ThirdParty/MoreMountains/MMFeedbacks/MMFeedbacks/Core/MMF_Player/MMF_Player.cs
  artifactKey: Guid(6da43522623d4704e979466dc7650b65) Importer(2089858483,192608db42251d675da83286b1cce702)
Start importing Assets/CorgiEngine/ThirdParty/MoreMountains/MMFeedbacks/MMFeedbacks/Core/MMF_Player/MMF_Player.cs using Guid(6da43522623d4704e979466dc7650b65) Importer(2089858483,192608db42251d675da83286b1cce702) (ScriptedImporter) -> (artifact id: 'd70b66e14fbc2668ed9779befd0e3b2f') in 0.0218211 seconds
Number of updated asset objects reloaded before import = 0Number of asset objects unloaded after import = 0

========================================================================
Received Import Request.
  Time since last request: 0.000071 seconds.
  path: Assets/CorgiEngine/ThirdParty/MoreMountains/MMFeedbacks/Demos/SequencingDemo/Textures/Tiles44_rgh.png
  artifactKey: Guid(26b6cbb95d0d71c4cb728778641aec2b) Importer(2089858483,192608db42251d675da83286b1cce702)
Start importing Assets/CorgiEngine/ThirdParty/MoreMountains/MMFeedbacks/Demos/SequencingDemo/Textures/Tiles44_rgh.png using Guid(26b6cbb95d0d71c4cb728778641aec2b) Importer(2089858483,192608db42251d675da83286b1cce702) (ScriptedImporter) -> (artifact id: '7acb7c8e8e07312074c0a86649ed778d') in 0.0407271 seconds
Number of updated asset objects reloaded before import = 0Number of asset objects unloaded after import = 1

========================================================================
Received Import Request.
  Time since last request: 0.000021 seconds.
  path: Assets/CorgiEngine/ThirdParty/MoreMountains/InventoryEngine/Demos/PixelRogue/Scripts/MoreMountains.InventoryEngine.Demos.asmref
  artifactKey: Guid(17e06417e9433554ab294b8813d63c50) Importer(2089858483,192608db42251d675da83286b1cce702)
Start importing Assets/CorgiEngine/ThirdParty/MoreMountains/InventoryEngine/Demos/PixelRogue/Scripts/MoreMountains.InventoryEngine.Demos.asmref using Guid(17e06417e9433554ab294b8813d63c50) Importer(2089858483,192608db42251d675da83286b1cce702) (ScriptedImporter) -> (artifact id: 'fbc95e699697d1d497e2bce3f9943656') in 0.0331152 seconds
Number of updated asset objects reloaded before import = 0Number of asset objects unloaded after import = 1

========================================================================
Received Import Request.
  Time since last request: 0.000023 seconds.
  path: Assets/CorgiEngine/ThirdParty/MoreMountains/MMFeedbacks/Editor/Core/UIToolkit/FeelContextMenu@2x.png
  artifactKey: Guid(ab4146e63d28b4c479103682a751663c) Importer(2089858483,192608db42251d675da83286b1cce702)
Start importing Assets/CorgiEngine/ThirdParty/MoreMountains/MMFeedbacks/Editor/Core/UIToolkit/FeelContextMenu@2x.png using Guid(ab4146e63d28b4c479103682a751663c) Importer(2089858483,192608db42251d675da83286b1cce702) (ScriptedImporter) -> (artifact id: 'dbcb1d6b61ac6d37ee04df0d1b9638b0') in 0.0542703 seconds
Number of updated asset objects reloaded before import = 0Number of asset objects unloaded after import = 3

========================================================================
Received Import Request.
  Time since last request: 0.000023 seconds.
  path: Assets/CorgiEngine/ThirdParty/MoreMountains/MMFeedbacks/MMFeedbacks/Feedbacks/MMF_ImageMaterial.cs
  artifactKey: Guid(2021724c083d14e468ef1f53b7d99472) Importer(2089858483,192608db42251d675da83286b1cce702)
Start importing Assets/CorgiEngine/ThirdParty/MoreMountains/MMFeedbacks/MMFeedbacks/Feedbacks/MMF_ImageMaterial.cs using Guid(2021724c083d14e468ef1f53b7d99472) Importer(2089858483,192608db42251d675da83286b1cce702) (ScriptedImporter) -> (artifact id: '0f3e2954b6f0c3ed123a83bfaaa444bb') in 0.0221934 seconds
Number of updated asset objects reloaded before import = 0Number of asset objects unloaded after import = 0

========================================================================
Received Import Request.
  Time since last request: 0.000084 seconds.
  path: Assets/CorgiEngine/Demos/Corgi2D/Sprites/Environment/Mountains/mountains-bg-2.png
  artifactKey: Guid(fa5f61fb0eff1ef4da37d0db06dd5cf5) Importer(2089858483,192608db42251d675da83286b1cce702)
Start importing Assets/CorgiEngine/Demos/Corgi2D/Sprites/Environment/Mountains/mountains-bg-2.png using Guid(fa5f61fb0eff1ef4da37d0db06dd5cf5) Importer(2089858483,192608db42251d675da83286b1cce702) (ScriptedImporter) -> (artifact id: 'd2de15027396407eb0f54eaf024ee8bc') in 0.0588362 seconds
Number of updated asset objects reloaded before import = 0Number of asset objects unloaded after import = 3

========================================================================
Received Import Request.
  Time since last request: 0.000053 seconds.
  path: Assets/CorgiEngine/ThirdParty/MoreMountains/MMFeedbacks/Editor/Springs/MMSpringDebugPropertyDrawer.cs
  artifactKey: Guid(35b7126fb201e074ea5a3421ba27c5b1) Importer(2089858483,192608db42251d675da83286b1cce702)
Start importing Assets/CorgiEngine/ThirdParty/MoreMountains/MMFeedbacks/Editor/Springs/MMSpringDebugPropertyDrawer.cs using Guid(35b7126fb201e074ea5a3421ba27c5b1) Importer(2089858483,192608db42251d675da83286b1cce702) (ScriptedImporter) -> (artifact id: '2c1b2adfec0487ffbc7d500f97f5d6c7') in 0.0248266 seconds
Number of updated asset objects reloaded before import = 0Number of asset objects unloaded after import = 0

========================================================================
Received Import Request.
  Time since last request: 0.000025 seconds.
  path: Assets/CorgiEngine/Demos/Corgi2D/Spine/NativeSpineCorgi/ExportedFromSpine/space-corgi.atlas.txt
  artifactKey: Guid(3fad318142da92a41b79f8b952f48924) Importer(2089858483,192608db42251d675da83286b1cce702)
Start importing Assets/CorgiEngine/Demos/Corgi2D/Spine/NativeSpineCorgi/ExportedFromSpine/space-corgi.atlas.txt using Guid(3fad318142da92a41b79f8b952f48924) Importer(2089858483,192608db42251d675da83286b1cce702) (ScriptedImporter) -> (artifact id: '0efbee728ff8efc713b8f94d056df464') in 0.0258575 seconds
Number of updated asset objects reloaded before import = 0Number of asset objects unloaded after import = 1

========================================================================
Received Import Request.
  Time since last request: 0.000023 seconds.
  path: Assets/CorgiEngine/ThirdParty/MoreMountains/MMTools/Foundation/MMLoot/MMLootTable.cs
  artifactKey: Guid(5e6301cb44b6ff94f98077ceb3446fe2) Importer(2089858483,192608db42251d675da83286b1cce702)
Start importing Assets/CorgiEngine/ThirdParty/MoreMountains/MMTools/Foundation/MMLoot/MMLootTable.cs using Guid(5e6301cb44b6ff94f98077ceb3446fe2) Importer(2089858483,192608db42251d675da83286b1cce702) (ScriptedImporter) -> (artifact id: 'e2c004b9713ab456905dc7b5861df9f8') in 0.0227212 seconds
Number of updated asset objects reloaded before import = 0Number of asset objects unloaded after import = 0

========================================================================
Received Import Request.
  Time since last request: 0.000117 seconds.
  path: Assets/CorgiEngine/ThirdParty/MoreMountains/MMFeedbacks/MMFeedbacksForThirdParty/URP/Helpers/MMGlobalPostProcessingVolumeAutoBlend_URP.cs
  artifactKey: Guid(863e22bb4bee3884e8c0e9d1823db321) Importer(2089858483,192608db42251d675da83286b1cce702)
Start importing Assets/CorgiEngine/ThirdParty/MoreMountains/MMFeedbacks/MMFeedbacksForThirdParty/URP/Helpers/MMGlobalPostProcessingVolumeAutoBlend_URP.cs using Guid(863e22bb4bee3884e8c0e9d1823db321) Importer(2089858483,192608db42251d675da83286b1cce702) (ScriptedImporter) -> (artifact id: '03b4359e6638595d8f598c407e665a8a') in 0.0253788 seconds
Number of updated asset objects reloaded before import = 0Number of asset objects unloaded after import = 0

========================================================================
Received Import Request.
  Time since last request: 0.000157 seconds.
  path: Assets/CorgiEngine/ThirdParty/MoreMountains/MMTools/Accessories/MMInstantiation/MMSpawnAround.cs
  artifactKey: Guid(b9f71c3d801e5f84b88c2cb7256503ee) Importer(2089858483,192608db42251d675da83286b1cce702)
Start importing Assets/CorgiEngine/ThirdParty/MoreMountains/MMTools/Accessories/MMInstantiation/MMSpawnAround.cs using Guid(b9f71c3d801e5f84b88c2cb7256503ee) Importer(2089858483,192608db42251d675da83286b1cce702) (ScriptedImporter) -> (artifact id: '39df53fc0d5b737e7bdde250412682b5') in 0.0241486 seconds
Number of updated asset objects reloaded before import = 0Number of asset objects unloaded after import = 0

========================================================================
Received Import Request.
  Time since last request: 0.000125 seconds.
  path: Assets/CorgiEngine/ThirdParty/MoreMountains/MMFeedbacks/Demos/SequencingDemo/Materials/SequencerCarpet06.mat
  artifactKey: Guid(1a56e529cc6f9354ebe7986cb56493be) Importer(2089858483,192608db42251d675da83286b1cce702)
Start importing Assets/CorgiEngine/ThirdParty/MoreMountains/MMFeedbacks/Demos/SequencingDemo/Materials/SequencerCarpet06.mat using Guid(1a56e529cc6f9354ebe7986cb56493be) Importer(2089858483,192608db42251d675da83286b1cce702) (ScriptedImporter) -> (artifact id: '05ca1fa74d2693752a0d8b6ba7a21488') in 0.033746 seconds
Number of updated asset objects reloaded before import = 0Number of asset objects unloaded after import = 5

========================================================================
Received Import Request.
  Time since last request: 0.000024 seconds.
  path: Assets/CorgiEngine/ThirdParty/MoreMountains/MMFeedbacks/MMFeedbacks/Springs/Springs/MMSpringTMPSoftness.cs
  artifactKey: Guid(49fca3db2731cab418491d2611d6577b) Importer(2089858483,192608db42251d675da83286b1cce702)
Start importing Assets/CorgiEngine/ThirdParty/MoreMountains/MMFeedbacks/MMFeedbacks/Springs/Springs/MMSpringTMPSoftness.cs using Guid(49fca3db2731cab418491d2611d6577b) Importer(2089858483,192608db42251d675da83286b1cce702) (ScriptedImporter) -> (artifact id: 'ef427966c82cc5c2f8cf1f6d70d0a51e') in 0.0237532 seconds
Number of updated asset objects reloaded before import = 0Number of asset objects unloaded after import = 0

========================================================================
Received Import Request.
  Time since last request: 0.000126 seconds.
  path: Assets/CorgiEngine/Demos/Corgi2D/Prefabs/Environment/Props/OrangeVortex.prefab
  artifactKey: Guid(6381d412970881d4b9f06ddbec65b5b1) Importer(2089858483,192608db42251d675da83286b1cce702)
Start importing Assets/CorgiEngine/Demos/Corgi2D/Prefabs/Environment/Props/OrangeVortex.prefab using Guid(6381d412970881d4b9f06ddbec65b5b1) Importer(2089858483,192608db42251d675da83286b1cce702) (ScriptedImporter) -> (artifact id: '86ff16aa7cb01dab3fa036fb9110ebd6') in 0.1299593 seconds
Number of updated asset objects reloaded before import = 0Number of asset objects unloaded after import = 21

========================================================================
Received Import Request.
  Time since last request: 0.000033 seconds.
  path: Assets/CorgiEngine/Demos/Corgi2D/Prefabs/Environment/Mountains/MtnPlatform19.prefab
  artifactKey: Guid(1e2ef77e02a786343b8a471871afc2bf) Importer(2089858483,192608db42251d675da83286b1cce702)
Start importing Assets/CorgiEngine/Demos/Corgi2D/Prefabs/Environment/Mountains/MtnPlatform19.prefab using Guid(1e2ef77e02a786343b8a471871afc2bf) Importer(2089858483,192608db42251d675da83286b1cce702) (ScriptedImporter) -> (artifact id: 'caeb6f5187fc449f9147e52b3cc8b9c6') in 0.0623719 seconds
Number of updated asset objects reloaded before import = 0Number of asset objects unloaded after import = 8

========================================================================
Received Import Request.
  Time since last request: 0.000030 seconds.
  path: Assets/CorgiEngine/ThirdParty/MoreMountains/MMFeedbacks/MMFeedbacks/Feedbacks/MMF_AnimatorSpeed.cs
  artifactKey: Guid(42453e475524af140ac923a2fe1e86f6) Importer(2089858483,192608db42251d675da83286b1cce702)
Start importing Assets/CorgiEngine/ThirdParty/MoreMountains/MMFeedbacks/MMFeedbacks/Feedbacks/MMF_AnimatorSpeed.cs using Guid(42453e475524af140ac923a2fe1e86f6) Importer(2089858483,192608db42251d675da83286b1cce702) (ScriptedImporter) -> (artifact id: '02d07941ac82f7a48b8558818e43642d') in 0.0197668 seconds
Number of updated asset objects reloaded before import = 0Number of asset objects unloaded after import = 0

========================================================================
Received Import Request.
  Time since last request: 0.000182 seconds.
  path: Assets/CorgiEngine/ThirdParty/MoreMountains/InventoryEngine/InventoryEngine/Scripts/Tests/InventoryTester.cs
  artifactKey: Guid(0ee6d2b1861fd204ab25ce27384aa4ef) Importer(2089858483,192608db42251d675da83286b1cce702)
Start importing Assets/CorgiEngine/ThirdParty/MoreMountains/InventoryEngine/InventoryEngine/Scripts/Tests/InventoryTester.cs using Guid(0ee6d2b1861fd204ab25ce27384aa4ef) Importer(2089858483,192608db42251d675da83286b1cce702) (ScriptedImporter) -> (artifact id: '52f8e2262f648eb7901f46aa2f3ac56a') in 0.0217117 seconds
Number of updated asset objects reloaded before import = 0Number of asset objects unloaded after import = 0

========================================================================
Received Import Request.
  Time since last request: 0.000058 seconds.
  path: Assets/CorgiEngine/ThirdParty/MoreMountains/MMFeedbacks/Demos/SequencingDemo/Textures/PaintedMetal02_rgh.png
  artifactKey: Guid(6bc2e1672a8cb54438176cf823602d2c) Importer(2089858483,192608db42251d675da83286b1cce702)
Start importing Assets/CorgiEngine/ThirdParty/MoreMountains/MMFeedbacks/Demos/SequencingDemo/Textures/PaintedMetal02_rgh.png using Guid(6bc2e1672a8cb54438176cf823602d2c) Importer(2089858483,192608db42251d675da83286b1cce702) (ScriptedImporter) -> (artifact id: 'cb6e2ed2a8c8208ed2fb250b6ab5f812') in 0.0546797 seconds
Number of updated asset objects reloaded before import = 0Number of asset objects unloaded after import = 1

========================================================================
Received Import Request.
  Time since last request: 0.000025 seconds.
  path: Assets/CorgiEngine/ThirdParty/MoreMountains/MMTools/Accessories/MMPrototypeTextures/MMBRP_Materials/MMBPR_BlueDots.mat
  artifactKey: Guid(391d11fb65b61014eb313e127073582f) Importer(2089858483,192608db42251d675da83286b1cce702)
Start importing Assets/CorgiEngine/ThirdParty/MoreMountains/MMTools/Accessories/MMPrototypeTextures/MMBRP_Materials/MMBPR_BlueDots.mat using Guid(391d11fb65b61014eb313e127073582f) Importer(2089858483,192608db42251d675da83286b1cce702) (ScriptedImporter) -> (artifact id: '3eeb9f1837d655ca24494174c40af6d3') in 0.0548069 seconds
Number of updated asset objects reloaded before import = 0Number of asset objects unloaded after import = 4

========================================================================
Received Import Request.
  Time since last request: 0.000021 seconds.
  path: Assets/CorgiEngine/ThirdParty/MoreMountains/MMInterface/Styles/Mini/Sprites/OnOff.png
  artifactKey: Guid(a3e5ea080f0643849822180f1eb82eb9) Importer(2089858483,192608db42251d675da83286b1cce702)
Start importing Assets/CorgiEngine/ThirdParty/MoreMountains/MMInterface/Styles/Mini/Sprites/OnOff.png using Guid(a3e5ea080f0643849822180f1eb82eb9) Importer(2089858483,192608db42251d675da83286b1cce702) (ScriptedImporter) -> (artifact id: '7350e016bf12f2290bf0bb03f40009c3') in 0.0477518 seconds
Number of updated asset objects reloaded before import = 0Number of asset objects unloaded after import = 4

========================================================================
Received Import Request.
  Time since last request: 0.000026 seconds.
  path: Assets/CorgiEngine/ThirdParty/MoreMountains/MMInterface/Styles/Mini/Sprites/UIElements1.png
  artifactKey: Guid(ec0a251a9989ca146897920b837ec83a) Importer(2089858483,192608db42251d675da83286b1cce702)
Start importing Assets/CorgiEngine/ThirdParty/MoreMountains/MMInterface/Styles/Mini/Sprites/UIElements1.png using Guid(ec0a251a9989ca146897920b837ec83a) Importer(2089858483,192608db42251d675da83286b1cce702) (ScriptedImporter) -> (artifact id: 'a243f1891a960cbb0ad7364e88f347c0') in 0.1627972 seconds
Number of updated asset objects reloaded before import = 0Number of asset objects unloaded after import = 34

========================================================================
Received Import Request.
  Time since last request: 0.000031 seconds.
  path: Assets/CorgiEngine/ThirdParty/MoreMountains/MMInterface/Styles/Mini/Prefabs/Fader.prefab
  artifactKey: Guid(f9c1d2640980b3944ad3815c18cc1cad) Importer(2089858483,192608db42251d675da83286b1cce702)
Start importing Assets/CorgiEngine/ThirdParty/MoreMountains/MMInterface/Styles/Mini/Prefabs/Fader.prefab using Guid(f9c1d2640980b3944ad3815c18cc1cad) Importer(2089858483,192608db42251d675da83286b1cce702) (ScriptedImporter) -> (artifact id: 'a0969b273ea9d83beaa296af8c8f5060') in 0.0521686 seconds
Number of updated asset objects reloaded before import = 0Number of asset objects unloaded after import = 8

========================================================================
Received Import Request.
  Time since last request: 0.000042 seconds.
  path: Assets/CorgiEngine/ThirdParty/MoreMountains/MMTools/Accessories/MMPrototypeTextures/MMBRP_Materials/MMBPR_BlueCrosses.mat
  artifactKey: Guid(3aa8708b27bfe524b8280cdc746690d3) Importer(2089858483,192608db42251d675da83286b1cce702)
Start importing Assets/CorgiEngine/ThirdParty/MoreMountains/MMTools/Accessories/MMPrototypeTextures/MMBRP_Materials/MMBPR_BlueCrosses.mat using Guid(3aa8708b27bfe524b8280cdc746690d3) Importer(2089858483,192608db42251d675da83286b1cce702) (ScriptedImporter) -> (artifact id: 'c9511958d7436e2f1caa7d751835d0aa') in 0.0569496 seconds
Number of updated asset objects reloaded before import = 0Number of asset objects unloaded after import = 4

========================================================================
Received Import Request.
  Time since last request: 0.000043 seconds.
  path: Assets/CorgiEngine/ThirdParty/MoreMountains/MMTools/Accessories/MMDebugMenu/Prefabs/MMDebugMenuCheckbox.prefab
  artifactKey: Guid(e48b9501c5356cf4e9c390d40d81438c) Importer(2089858483,192608db42251d675da83286b1cce702)
Start importing Assets/CorgiEngine/ThirdParty/MoreMountains/MMTools/Accessories/MMDebugMenu/Prefabs/MMDebugMenuCheckbox.prefab using Guid(e48b9501c5356cf4e9c390d40d81438c) Importer(2089858483,192608db42251d675da83286b1cce702) (ScriptedImporter) -> (artifact id: 'e5067d1bb97a4c455ba8d755f8c2a0ee') in 0.0445274 seconds
Number of updated asset objects reloaded before import = 0Number of asset objects unloaded after import = 23

========================================================================
Received Import Request.
  Time since last request: 0.000024 seconds.
  path: Assets/CorgiEngine/ThirdParty/MoreMountains/MMInterface/Styles/Mini/Prefabs/InputPasswordDark.prefab
  artifactKey: Guid(fd736005bd229c44fbf46bdb157eb330) Importer(2089858483,192608db42251d675da83286b1cce702)
Start importing Assets/CorgiEngine/ThirdParty/MoreMountains/MMInterface/Styles/Mini/Prefabs/InputPasswordDark.prefab using Guid(fd736005bd229c44fbf46bdb157eb330) Importer(2089858483,192608db42251d675da83286b1cce702) (ScriptedImporter) -> (artifact id: 'c89bed32afd8443f146c6c892940ab12') in 0.1132927 seconds
Number of updated asset objects reloaded before import = 0Number of asset objects unloaded after import = 19

========================================================================
Received Import Request.
  Time since last request: 0.000039 seconds.
  path: Assets/CorgiEngine/ThirdParty/MoreMountains/MMTools/Accessories/MMDebugMenu/Prefabs/MMDebugMenuValue.prefab
  artifactKey: Guid(855a2d614e531f44caecc17a8c3bd51c) Importer(2089858483,192608db42251d675da83286b1cce702)
Start importing Assets/CorgiEngine/ThirdParty/MoreMountains/MMTools/Accessories/MMDebugMenu/Prefabs/MMDebugMenuValue.prefab using Guid(855a2d614e531f44caecc17a8c3bd51c) Importer(2089858483,192608db42251d675da83286b1cce702) (ScriptedImporter) -> (artifact id: 'f1fa2a549a968bff58bc300d33eeab52') in 0.0670252 seconds
Number of updated asset objects reloaded before import = 0Number of asset objects unloaded after import = 21

========================================================================
Received Import Request.
  Time since last request: 0.000032 seconds.
  path: Assets/CorgiEngine/ThirdParty/MoreMountains/MMTools/Accessories/Editor/MMUtilities/MMScreenshotEditor.cs
  artifactKey: Guid(82c6a6e2f2e591a498214d03f76d9f09) Importer(2089858483,192608db42251d675da83286b1cce702)
Start importing Assets/CorgiEngine/ThirdParty/MoreMountains/MMTools/Accessories/Editor/MMUtilities/MMScreenshotEditor.cs using Guid(82c6a6e2f2e591a498214d03f76d9f09) Importer(2089858483,192608db42251d675da83286b1cce702) (ScriptedImporter) -> (artifact id: 'cfa5233d85c0614d112541d2e01c557d') in 0.0261285 seconds
Number of updated asset objects reloaded before import = 0Number of asset objects unloaded after import = 0

========================================================================
Received Import Request.
  Time since last request: 0.000069 seconds.
  path: Assets/CorgiEngine/ThirdParty/MoreMountains/MMTools/Accessories/MMMovement/MMPathMovement/MMPathMovement.cs
  artifactKey: Guid(9e07de691a1179d4c8fc231dc7dcf219) Importer(2089858483,192608db42251d675da83286b1cce702)
Start importing Assets/CorgiEngine/ThirdParty/MoreMountains/MMTools/Accessories/MMMovement/MMPathMovement/MMPathMovement.cs using Guid(9e07de691a1179d4c8fc231dc7dcf219) Importer(2089858483,192608db42251d675da83286b1cce702) (ScriptedImporter) -> (artifact id: '483f4de743590013bd839f45c6848b7e') in 0.019865 seconds
Number of updated asset objects reloaded before import = 0Number of asset objects unloaded after import = 0

========================================================================
Received Import Request.
  Time since last request: 0.000157 seconds.
  path: Assets/CorgiEngine/ThirdParty/MoreMountains/MMTools/Accessories/MMDebugMenu/Prefabs/MMDebugMenuSlider.prefab
  artifactKey: Guid(addcaa6f7df18984691dc300b3be4f7b) Importer(2089858483,192608db42251d675da83286b1cce702)
Start importing Assets/CorgiEngine/ThirdParty/MoreMountains/MMTools/Accessories/MMDebugMenu/Prefabs/MMDebugMenuSlider.prefab using Guid(addcaa6f7df18984691dc300b3be4f7b) Importer(2089858483,192608db42251d675da83286b1cce702) (ScriptedImporter) -> (artifact id: '9be890735d4b71ede7cf950e87e6b674') in 0.0518421 seconds
Number of updated asset objects reloaded before import = 0Number of asset objects unloaded after import = 33

========================================================================
Received Import Request.
  Time since last request: 0.000021 seconds.
  path: Assets/CorgiEngine/ThirdParty/MoreMountains/MMTools/Accessories/Editor/MMUtilities/MMLayerPropertyDrawer.cs
  artifactKey: Guid(2d8d3d62d1a2e8f429db2998bbdeb237) Importer(2089858483,192608db42251d675da83286b1cce702)
Start importing Assets/CorgiEngine/ThirdParty/MoreMountains/MMTools/Accessories/Editor/MMUtilities/MMLayerPropertyDrawer.cs using Guid(2d8d3d62d1a2e8f429db2998bbdeb237) Importer(2089858483,192608db42251d675da83286b1cce702) (ScriptedImporter) -> (artifact id: 'bced9ce86424ea79bbe214fea2cf5a4a') in 0.0222536 seconds
Number of updated asset objects reloaded before import = 0Number of asset objects unloaded after import = 0

========================================================================
Received Import Request.
  Time since last request: 0.000027 seconds.
  path: Assets/CorgiEngine/ThirdParty/MoreMountains/MMTools/Accessories/Editor/MMProcedural/MMTilemapGeneratorEditor.cs
  artifactKey: Guid(2fad23a01f1d6df49be8215ff24dbe62) Importer(2089858483,192608db42251d675da83286b1cce702)
Start importing Assets/CorgiEngine/ThirdParty/MoreMountains/MMTools/Accessories/Editor/MMProcedural/MMTilemapGeneratorEditor.cs using Guid(2fad23a01f1d6df49be8215ff24dbe62) Importer(2089858483,192608db42251d675da83286b1cce702) (ScriptedImporter) -> (artifact id: '9bce60c6062438798e24a6992cfdf113') in 0.0211883 seconds
Number of updated asset objects reloaded before import = 0Number of asset objects unloaded after import = 0

========================================================================
Received Import Request.
  Time since last request: 0.000079 seconds.
  path: Assets/CorgiEngine/ThirdParty/MoreMountains/MMTools/Accessories/MMVFX/MMBrushes/MMBrush2.png
  artifactKey: Guid(50fa4744924e36d4d86ab98952c0207b) Importer(2089858483,192608db42251d675da83286b1cce702)
Start importing Assets/CorgiEngine/ThirdParty/MoreMountains/MMTools/Accessories/MMVFX/MMBrushes/MMBrush2.png using Guid(50fa4744924e36d4d86ab98952c0207b) Importer(2089858483,192608db42251d675da83286b1cce702) (ScriptedImporter) -> (artifact id: '7b6138c89902abdcf92e6f4effaea6ad') in 0.0600755 seconds
Number of updated asset objects reloaded before import = 0Number of asset objects unloaded after import = 1

========================================================================
Received Import Request.
  Time since last request: 0.000024 seconds.
  path: Assets/CorgiEngine/ThirdParty/MoreMountains/MMTools/Accessories/MMVFX/MMNoise/MMBayerNoise.png
  artifactKey: Guid(0f0e0708166913e448eb6195f7e96bdd) Importer(2089858483,192608db42251d675da83286b1cce702)
Start importing Assets/CorgiEngine/ThirdParty/MoreMountains/MMTools/Accessories/MMVFX/MMNoise/MMBayerNoise.png using Guid(0f0e0708166913e448eb6195f7e96bdd) Importer(2089858483,192608db42251d675da83286b1cce702) (ScriptedImporter) -> (artifact id: '1d0099d61ba6998654aa71c69e95dcf5') in 0.0642866 seconds
Number of updated asset objects reloaded before import = 0Number of asset objects unloaded after import = 1

========================================================================
Received Import Request.
  Time since last request: 0.000031 seconds.
  path: Assets/CorgiEngine/ThirdParty/MoreMountains/MMTools/Accessories/MMVFX/MMParticles/MMParticlesGamma.png
  artifactKey: Guid(6f35f0fe92adb174e8a5fbf7b40eeea9) Importer(2089858483,192608db42251d675da83286b1cce702)
Start importing Assets/CorgiEngine/ThirdParty/MoreMountains/MMTools/Accessories/MMVFX/MMParticles/MMParticlesGamma.png using Guid(6f35f0fe92adb174e8a5fbf7b40eeea9) Importer(2089858483,192608db42251d675da83286b1cce702) (ScriptedImporter) -> (artifact id: '6f7f43921029e1b78547f104eefecfeb') in 0.0618977 seconds
Number of updated asset objects reloaded before import = 0Number of asset objects unloaded after import = 1

========================================================================
Received Import Request.
  Time since last request: 0.000022 seconds.
  path: Assets/CorgiEngine/ThirdParty/MoreMountains/MMTools/Accessories/Editor/MMMaintenance/MMGroupSelection.cs
  artifactKey: Guid(a908ed7f06f3bf34e8ff030a385f46f2) Importer(2089858483,192608db42251d675da83286b1cce702)
Start importing Assets/CorgiEngine/ThirdParty/MoreMountains/MMTools/Accessories/Editor/MMMaintenance/MMGroupSelection.cs using Guid(a908ed7f06f3bf34e8ff030a385f46f2) Importer(2089858483,192608db42251d675da83286b1cce702) (ScriptedImporter) -> (artifact id: 'e039808744235150412f2f972ea122aa') in 0.0307713 seconds
Number of updated asset objects reloaded before import = 0Number of asset objects unloaded after import = 0

========================================================================
Received Import Request.
  Time since last request: 0.000070 seconds.
  path: Assets/CorgiEngine/ThirdParty/MoreMountains/MMTools/Accessories/MMVFX/MMParticles/MMParticlesEclipse.png
  artifactKey: Guid(dbc8c25cc61ce624e96392478c57c2ae) Importer(2089858483,192608db42251d675da83286b1cce702)
Start importing Assets/CorgiEngine/ThirdParty/MoreMountains/MMTools/Accessories/MMVFX/MMParticles/MMParticlesEclipse.png using Guid(dbc8c25cc61ce624e96392478c57c2ae) Importer(2089858483,192608db42251d675da83286b1cce702) (ScriptedImporter) -> (artifact id: '85dc9edeb6b077f52585b085c3d1256c') in 0.1037564 seconds
Number of updated asset objects reloaded before import = 0Number of asset objects unloaded after import = 1

========================================================================
Received Import Request.
  Time since last request: 0.000021 seconds.
  path: Assets/CorgiEngine/ThirdParty/MoreMountains/MMTools/Accessories/MMVFX/MMRipple/MMRippleSquare1.mat
  artifactKey: Guid(30999785952518745bcc38ddb320af2f) Importer(2089858483,192608db42251d675da83286b1cce702)
Start importing Assets/CorgiEngine/ThirdParty/MoreMountains/MMTools/Accessories/MMVFX/MMRipple/MMRippleSquare1.mat using Guid(30999785952518745bcc38ddb320af2f) Importer(2089858483,192608db42251d675da83286b1cce702) (ScriptedImporter) -> (artifact id: '0ddec06906f054b5a930cbc3d0e3d0ad') in 0.0496364 seconds
Number of updated asset objects reloaded before import = 0Number of asset objects unloaded after import = 2

========================================================================
Received Import Request.
  Time since last request: 0.000042 seconds.
  path: Assets/CorgiEngine/ThirdParty/MoreMountains/MMTools/Accessories/MMGUI/Sprites/MMTools_GUI_1x1.png
  artifactKey: Guid(aff4855d499cb7646b344323f4129b58) Importer(2089858483,192608db42251d675da83286b1cce702)
Start importing Assets/CorgiEngine/ThirdParty/MoreMountains/MMTools/Accessories/MMGUI/Sprites/MMTools_GUI_1x1.png using Guid(aff4855d499cb7646b344323f4129b58) Importer(2089858483,192608db42251d675da83286b1cce702) (ScriptedImporter) -> (artifact id: '7775f17f5bdfd43193aa4c8cdd8dd49e') in 0.0527562 seconds
Number of updated asset objects reloaded before import = 0Number of asset objects unloaded after import = 3

========================================================================
Received Import Request.
  Time since last request: 0.000044 seconds.
  path: Assets/CorgiEngine/ThirdParty/MoreMountains/MMTools/Accessories/MMCurves/Plotter/MMPlotterAxis.cs
  artifactKey: Guid(f1ac9205114b9d44a8eed663e283ea09) Importer(2089858483,192608db42251d675da83286b1cce702)
Start importing Assets/CorgiEngine/ThirdParty/MoreMountains/MMTools/Accessories/MMCurves/Plotter/MMPlotterAxis.cs using Guid(f1ac9205114b9d44a8eed663e283ea09) Importer(2089858483,192608db42251d675da83286b1cce702) (ScriptedImporter) -> (artifact id: 'c54e98b5ec517a5409ed93e2b410d2b0') in 0.0307107 seconds
Number of updated asset objects reloaded before import = 0Number of asset objects unloaded after import = 0

========================================================================
Received Import Request.
  Time since last request: 0.000038 seconds.
  path: Assets/CorgiEngine/ThirdParty/MoreMountains/MMTools/Accessories/MMVFX/MMRipple/MMRippleSaw1.mat
  artifactKey: Guid(b5cfff2a54f297f469c90648588cb9dc) Importer(2089858483,192608db42251d675da83286b1cce702)
Start importing Assets/CorgiEngine/ThirdParty/MoreMountains/MMTools/Accessories/MMVFX/MMRipple/MMRippleSaw1.mat using Guid(b5cfff2a54f297f469c90648588cb9dc) Importer(2089858483,192608db42251d675da83286b1cce702) (ScriptedImporter) -> (artifact id: '4c136c74c53ee3bb87fc366882ecec8d') in 0.0356966 seconds
Number of updated asset objects reloaded before import = 0Number of asset objects unloaded after import = 2

========================================================================
Received Import Request.
  Time since last request: 0.000028 seconds.
  path: Assets/CorgiEngine/ThirdParty/MoreMountains/MMTools/Accessories/MMPrototypeTextures/MMBRP_Materials/MMBPR_DarkGreyCrosses.mat
  artifactKey: Guid(2a42e638cd366184aad3203b2732b2e2) Importer(2089858483,192608db42251d675da83286b1cce702)
Start importing Assets/CorgiEngine/ThirdParty/MoreMountains/MMTools/Accessories/MMPrototypeTextures/MMBRP_Materials/MMBPR_DarkGreyCrosses.mat using Guid(2a42e638cd366184aad3203b2732b2e2) Importer(2089858483,192608db42251d675da83286b1cce702) (ScriptedImporter) -> (artifact id: '6039ec762ff61ae0edd71c8226c3b890') in 0.0675207 seconds
Number of updated asset objects reloaded before import = 0Number of asset objects unloaded after import = 4

========================================================================
Received Import Request.
  Time since last request: 0.000027 seconds.
  path: Assets/CorgiEngine/ThirdParty/MoreMountains/MMTools/Accessories/MMPrototypeTextures/MMBRP_Materials/MMBPR_GreenCrosses.mat
  artifactKey: Guid(467db2a28dc1c6a45b450dc6d124de59) Importer(2089858483,192608db42251d675da83286b1cce702)
Start importing Assets/CorgiEngine/ThirdParty/MoreMountains/MMTools/Accessories/MMPrototypeTextures/MMBRP_Materials/MMBPR_GreenCrosses.mat using Guid(467db2a28dc1c6a45b450dc6d124de59) Importer(2089858483,192608db42251d675da83286b1cce702) (ScriptedImporter) -> (artifact id: '17211eb8e62616d334818aa2e6da3278') in 0.0641094 seconds
Number of updated asset objects reloaded before import = 0Number of asset objects unloaded after import = 4

========================================================================
Received Import Request.
  Time since last request: 0.000036 seconds.
  path: Assets/CorgiEngine/ThirdParty/MoreMountains/MMInterface/Common/Animations/Popup/PopupClosed.anim
  artifactKey: Guid(821887bf86595b74b843a8d7be9dcfd3) Importer(2089858483,192608db42251d675da83286b1cce702)
Start importing Assets/CorgiEngine/ThirdParty/MoreMountains/MMInterface/Common/Animations/Popup/PopupClosed.anim using Guid(821887bf86595b74b843a8d7be9dcfd3) Importer(2089858483,192608db42251d675da83286b1cce702) (ScriptedImporter) -> (artifact id: '2ff44af9163076c3b2e0d24e94fe500d') in 0.0329872 seconds
Number of updated asset objects reloaded before import = 0Number of asset objects unloaded after import = 1

========================================================================
Received Import Request.
  Time since last request: 0.000038 seconds.
  path: Assets/CorgiEngine/ThirdParty/MoreMountains/MMTools/Accessories/MMCurves/Plotter/MMPlotter.cs
  artifactKey: Guid(d9b44209469b244478c826d3b44489d5) Importer(2089858483,192608db42251d675da83286b1cce702)
Start importing Assets/CorgiEngine/ThirdParty/MoreMountains/MMTools/Accessories/MMCurves/Plotter/MMPlotter.cs using Guid(d9b44209469b244478c826d3b44489d5) Importer(2089858483,192608db42251d675da83286b1cce702) (ScriptedImporter) -> (artifact id: '9638f785d22cfe070640d60febb99547') in 0.0258643 seconds
Number of updated asset objects reloaded before import = 0Number of asset objects unloaded after import = 0

========================================================================
Received Import Request.
  Time since last request: 0.000074 seconds.
  path: Assets/CorgiEngine/ThirdParty/MoreMountains/MMTools/Accessories/MMVFX/MMRipple/MMRippleWaves1.mat
  artifactKey: Guid(442ea5f325058dd4ea4de3499fd02cf0) Importer(2089858483,192608db42251d675da83286b1cce702)
Start importing Assets/CorgiEngine/ThirdParty/MoreMountains/MMTools/Accessories/MMVFX/MMRipple/MMRippleWaves1.mat using Guid(442ea5f325058dd4ea4de3499fd02cf0) Importer(2089858483,192608db42251d675da83286b1cce702) (ScriptedImporter) -> (artifact id: '5b5220505ed8634316d8a41c79176e41') in 0.0466575 seconds
Number of updated asset objects reloaded before import = 0Number of asset objects unloaded after import = 2

========================================================================
Received Import Request.
  Time since last request: 0.000025 seconds.
  path: Assets/CorgiEngine/ThirdParty/MoreMountains/MMTools/Core/Editor/MMReorderableList/MMReorderableList.cs
  artifactKey: Guid(7524a33cc4881484f94d10e60833382b) Importer(2089858483,192608db42251d675da83286b1cce702)
Start importing Assets/CorgiEngine/ThirdParty/MoreMountains/MMTools/Core/Editor/MMReorderableList/MMReorderableList.cs using Guid(7524a33cc4881484f94d10e60833382b) Importer(2089858483,192608db42251d675da83286b1cce702) (ScriptedImporter) -> (artifact id: '0869ef71bf36df92d69e557fc5195c34') in 0.026091 seconds
Number of updated asset objects reloaded before import = 0Number of asset objects unloaded after import = 0

========================================================================
Received Import Request.
  Time since last request: 0.000032 seconds.
  path: Assets/CorgiEngine/ThirdParty/MoreMountains/MMTools/Foundation/MMAchievements/Scripts/MMAchievementRules.cs
  artifactKey: Guid(2c7c529377dc843a9a2316262550c4d6) Importer(2089858483,192608db42251d675da83286b1cce702)
Start importing Assets/CorgiEngine/ThirdParty/MoreMountains/MMTools/Foundation/MMAchievements/Scripts/MMAchievementRules.cs using Guid(2c7c529377dc843a9a2316262550c4d6) Importer(2089858483,192608db42251d675da83286b1cce702) (ScriptedImporter) -> (artifact id: 'd5d928dc407570bf5d8c325c084baeac') in 0.0274929 seconds
Number of updated asset objects reloaded before import = 0Number of asset objects unloaded after import = 0

========================================================================
Received Import Request.
  Time since last request: 0.000080 seconds.
  path: Assets/CorgiEngine/ThirdParty/MoreMountains/MMTools/Core/Editor/MMSaveLoad/MMSaveLoadMenu.cs
  artifactKey: Guid(c493dd563e694e040a426953b958e68e) Importer(2089858483,192608db42251d675da83286b1cce702)
Start importing Assets/CorgiEngine/ThirdParty/MoreMountains/MMTools/Core/Editor/MMSaveLoad/MMSaveLoadMenu.cs using Guid(c493dd563e694e040a426953b958e68e) Importer(2089858483,192608db42251d675da83286b1cce702) (ScriptedImporter) -> (artifact id: '35ee559bc534ff81634489f63405c4a0') in 0.0221674 seconds
Number of updated asset objects reloaded before import = 0Number of asset objects unloaded after import = 0

========================================================================
Received Import Request.
  Time since last request: 0.000080 seconds.
  path: Assets/CorgiEngine/ThirdParty/MoreMountains/MMTools/Core/Editor/MMPropertyControllers/ShaderControllerEditor.cs
  artifactKey: Guid(09fb9010cab0ccd48b5c336634829ab7) Importer(2089858483,192608db42251d675da83286b1cce702)
Start importing Assets/CorgiEngine/ThirdParty/MoreMountains/MMTools/Core/Editor/MMPropertyControllers/ShaderControllerEditor.cs using Guid(09fb9010cab0ccd48b5c336634829ab7) Importer(2089858483,192608db42251d675da83286b1cce702) (ScriptedImporter) -> (artifact id: '9fbba1a10eac1ec330ba4041fac5f2cd') in 0.019139 seconds
Number of updated asset objects reloaded before import = 0Number of asset objects unloaded after import = 0

========================================================================
Received Import Request.
  Time since last request: 0.000122 seconds.
  path: Assets/CorgiEngine/ThirdParty/MoreMountains/MMTools/Demos/MMTween/Materials/MMPlotterPointMaterial 1.mat
  artifactKey: Guid(323f402f3db10d04686482d5febc26a2) Importer(2089858483,192608db42251d675da83286b1cce702)
Start importing Assets/CorgiEngine/ThirdParty/MoreMountains/MMTools/Demos/MMTween/Materials/MMPlotterPointMaterial 1.mat using Guid(323f402f3db10d04686482d5febc26a2) Importer(2089858483,192608db42251d675da83286b1cce702) (ScriptedImporter) -> (artifact id: '3eddc7702f37ed8b1f635097f2a8556f') in 0.0257186 seconds
Number of updated asset objects reloaded before import = 0Number of asset objects unloaded after import = 1

========================================================================
Received Import Request.
  Time since last request: 0.000028 seconds.
  path: Assets/CorgiEngine/ThirdParty/MoreMountains/MMTools/Core/MMSceneLoading/Sprites/MoreMountainsLogo.png
  artifactKey: Guid(a5240da7fff0bf34da21c7edff42b1d4) Importer(2089858483,192608db42251d675da83286b1cce702)
Start importing Assets/CorgiEngine/ThirdParty/MoreMountains/MMTools/Core/MMSceneLoading/Sprites/MoreMountainsLogo.png using Guid(a5240da7fff0bf34da21c7edff42b1d4) Importer(2089858483,192608db42251d675da83286b1cce702) (ScriptedImporter) -> (artifact id: '703412bbed2ecf01b258ace22b217088') in 0.0503981 seconds
Number of updated asset objects reloaded before import = 0Number of asset objects unloaded after import = 3

========================================================================
Received Import Request.
  Time since last request: 0.000029 seconds.
  path: Assets/CorgiEngine/ThirdParty/MoreMountains/MMTools/Demos/MMTween/Prefabs/Plotter.prefab
  artifactKey: Guid(d4d8e14e51685a04fb93fc4b5e8dd38d) Importer(2089858483,192608db42251d675da83286b1cce702)
Start importing Assets/CorgiEngine/ThirdParty/MoreMountains/MMTools/Demos/MMTween/Prefabs/Plotter.prefab using Guid(d4d8e14e51685a04fb93fc4b5e8dd38d) Importer(2089858483,192608db42251d675da83286b1cce702) (ScriptedImporter) -> (artifact id: '7fc382b0b7139e658e0b2bea41e728e4') in 0.0445571 seconds
Number of updated asset objects reloaded before import = 0Number of asset objects unloaded after import = 107

========================================================================
Received Import Request.
  Time since last request: 0.000040 seconds.
  path: Assets/CorgiEngine/ThirdParty/MoreMountains/MMTools/Accessories/MMVFX/MMRipple/MMRippleWaves1NM.png
  artifactKey: Guid(d821f2e3723c0e14f8ab72b4b064fe65) Importer(2089858483,192608db42251d675da83286b1cce702)
Start importing Assets/CorgiEngine/ThirdParty/MoreMountains/MMTools/Accessories/MMVFX/MMRipple/MMRippleWaves1NM.png using Guid(d821f2e3723c0e14f8ab72b4b064fe65) Importer(2089858483,192608db42251d675da83286b1cce702) (ScriptedImporter) -> (artifact id: '51e497acfeab356f47e9eaa76a199870') in 0.041567 seconds
Number of updated asset objects reloaded before import = 0Number of asset objects unloaded after import = 1

========================================================================
Received Import Request.
  Time since last request: 0.000021 seconds.
  path: Assets/CorgiEngine/ThirdParty/MoreMountains/MMTools/Core/MMRadio/MMEmitterReceiver/MMEmmiterReceiver.cs
  artifactKey: Guid(8fe23ce5bc9554f46aebd960ab58b9eb) Importer(2089858483,192608db42251d675da83286b1cce702)
Start importing Assets/CorgiEngine/ThirdParty/MoreMountains/MMTools/Core/MMRadio/MMEmitterReceiver/MMEmmiterReceiver.cs using Guid(8fe23ce5bc9554f46aebd960ab58b9eb) Importer(2089858483,192608db42251d675da83286b1cce702) (ScriptedImporter) -> (artifact id: 'fc8dde220fa8424f4e3c310ce6e3f4b3') in 0.0264924 seconds
Number of updated asset objects reloaded before import = 0Number of asset objects unloaded after import = 0

========================================================================
Received Import Request.
  Time since last request: 0.000080 seconds.
  path: Assets/CorgiEngine/ThirdParty/MoreMountains/MMTools/Core/MMAudio/MMSoundManager/MMSoundManager.cs
  artifactKey: Guid(614edb33c38bcf949846d5675f29f9fb) Importer(2089858483,192608db42251d675da83286b1cce702)
Start importing Assets/CorgiEngine/ThirdParty/MoreMountains/MMTools/Core/MMAudio/MMSoundManager/MMSoundManager.cs using Guid(614edb33c38bcf949846d5675f29f9fb) Importer(2089858483,192608db42251d675da83286b1cce702) (ScriptedImporter) -> (artifact id: '4f58465cc44086910d5e4517a2210c77') in 0.0201027 seconds
Number of updated asset objects reloaded before import = 0Number of asset objects unloaded after import = 0

========================================================================
Received Import Request.
  Time since last request: 0.000100 seconds.
  path: Assets/CorgiEngine/ThirdParty/MoreMountains/MMTools/Demos/MMTween/Materials/MMPlotterPointMaterial 8.mat
  artifactKey: Guid(a169a75d065778d43bdabbe1097da6d7) Importer(2089858483,192608db42251d675da83286b1cce702)
Start importing Assets/CorgiEngine/ThirdParty/MoreMountains/MMTools/Demos/MMTween/Materials/MMPlotterPointMaterial 8.mat using Guid(a169a75d065778d43bdabbe1097da6d7) Importer(2089858483,192608db42251d675da83286b1cce702) (ScriptedImporter) -> (artifact id: 'd4d9978226230adbf7982bc39ad0c8d4') in 0.0266599 seconds
Number of updated asset objects reloaded before import = 0Number of asset objects unloaded after import = 1

========================================================================
Received Import Request.
  Time since last request: 0.000019 seconds.
  path: Assets/CorgiEngine/ThirdParty/MoreMountains/InventoryEngine/Demos/PixelRogue/Prefabs/ItemsPickers/Axe.prefab
  artifactKey: Guid(91029e093b01d0246b933ad8e3fe3ce1) Importer(2089858483,192608db42251d675da83286b1cce702)
Start importing Assets/CorgiEngine/ThirdParty/MoreMountains/InventoryEngine/Demos/PixelRogue/Prefabs/ItemsPickers/Axe.prefab using Guid(91029e093b01d0246b933ad8e3fe3ce1) Importer(2089858483,192608db42251d675da83286b1cce702) (ScriptedImporter) -> (artifact id: 'f9bb122864f17a1f5824c44ef849a521') in 0.0442819 seconds
Number of updated asset objects reloaded before import = 0Number of asset objects unloaded after import = 11

========================================================================
Received Import Request.
  Time since last request: 0.000032 seconds.
  path: Assets/CorgiEngine/ThirdParty/MoreMountains/MMTools/Demos/MMGhostCamera/Materials/MMGhostCameraBuildings.mat
  artifactKey: Guid(c75a1321fa43aba438cede1bdc76489b) Importer(2089858483,192608db42251d675da83286b1cce702)
Start importing Assets/CorgiEngine/ThirdParty/MoreMountains/MMTools/Demos/MMGhostCamera/Materials/MMGhostCameraBuildings.mat using Guid(c75a1321fa43aba438cede1bdc76489b) Importer(2089858483,192608db42251d675da83286b1cce702) (ScriptedImporter) -> (artifact id: '2f6422814fc9daa4e1599dfe90e8abaa') in 0.0211992 seconds
Number of updated asset objects reloaded before import = 0Number of asset objects unloaded after import = 1

========================================================================
Received Import Request.
  Time since last request: 0.000026 seconds.
  path: Assets/CorgiEngine/ThirdParty/MoreMountains/MMTools/Core/Editor/MMAttributes/MMColorAttributeDrawer.cs
  artifactKey: Guid(6cf9893ce00472244950a7d0b0c4430e) Importer(2089858483,192608db42251d675da83286b1cce702)
Start importing Assets/CorgiEngine/ThirdParty/MoreMountains/MMTools/Core/Editor/MMAttributes/MMColorAttributeDrawer.cs using Guid(6cf9893ce00472244950a7d0b0c4430e) Importer(2089858483,192608db42251d675da83286b1cce702) (ScriptedImporter) -> (artifact id: '7000e878b4f7476304163abed24c52c0') in 0.0250004 seconds
Number of updated asset objects reloaded before import = 0Number of asset objects unloaded after import = 0

========================================================================
Received Import Request.
  Time since last request: 0.000037 seconds.
  path: Assets/CorgiEngine/ThirdParty/MoreMountains/MMTools/Core/Editor/MMAttributes/MMConditionAttributeDrawer.cs
  artifactKey: Guid(a7418ffb631904a47b36fa84af828aa9) Importer(2089858483,192608db42251d675da83286b1cce702)
Start importing Assets/CorgiEngine/ThirdParty/MoreMountains/MMTools/Core/Editor/MMAttributes/MMConditionAttributeDrawer.cs using Guid(a7418ffb631904a47b36fa84af828aa9) Importer(2089858483,192608db42251d675da83286b1cce702) (ScriptedImporter) -> (artifact id: '21408c9763421babc50adc736e8d2c94') in 0.0234421 seconds
Number of updated asset objects reloaded before import = 0Number of asset objects unloaded after import = 0

========================================================================
Received Import Request.
  Time since last request: 0.000125 seconds.
  path: Assets/CorgiEngine/ThirdParty/MoreMountains/MMTools/Foundation/MMAchievements/Scripts/MMAchievement.cs
  artifactKey: Guid(12a7d0ec5f1424c129527c01a444e964) Importer(2089858483,192608db42251d675da83286b1cce702)
Start importing Assets/CorgiEngine/ThirdParty/MoreMountains/MMTools/Foundation/MMAchievements/Scripts/MMAchievement.cs using Guid(12a7d0ec5f1424c129527c01a444e964) Importer(2089858483,192608db42251d675da83286b1cce702) (ScriptedImporter) -> (artifact id: '310e534d2de66cb64eada5d28894a5cf') in 0.0232441 seconds
Number of updated asset objects reloaded before import = 0Number of asset objects unloaded after import = 0

========================================================================
Received Import Request.
  Time since last request: 0.000100 seconds.
  path: Assets/CorgiEngine/ThirdParty/MoreMountains/MMTools/Core/Editor/MMAttributes/MMEnumConditionAttributeDrawer.cs
  artifactKey: Guid(0e88eb20b861cbc49b096ad2baac77cb) Importer(2089858483,192608db42251d675da83286b1cce702)
Start importing Assets/CorgiEngine/ThirdParty/MoreMountains/MMTools/Core/Editor/MMAttributes/MMEnumConditionAttributeDrawer.cs using Guid(0e88eb20b861cbc49b096ad2baac77cb) Importer(2089858483,192608db42251d675da83286b1cce702) (ScriptedImporter) -> (artifact id: '0bd8c3fe91ad4be25dd269a952da876d') in 0.0221136 seconds
Number of updated asset objects reloaded before import = 0Number of asset objects unloaded after import = 0

========================================================================
Received Import Request.
  Time since last request: 0.000094 seconds.
  path: Assets/CorgiEngine/ThirdParty/MoreMountains/MMTools/Core/Editor/MMRadio/MMPropertyPickerDrawer.cs
  artifactKey: Guid(e4e9029e392667449a8e7021ac4d66b4) Importer(2089858483,192608db42251d675da83286b1cce702)
Start importing Assets/CorgiEngine/ThirdParty/MoreMountains/MMTools/Core/Editor/MMRadio/MMPropertyPickerDrawer.cs using Guid(e4e9029e392667449a8e7021ac4d66b4) Importer(2089858483,192608db42251d675da83286b1cce702) (ScriptedImporter) -> (artifact id: '29cd58fd3ed11fe587f6ffa4fe862485') in 0.0253511 seconds
Number of updated asset objects reloaded before import = 0Number of asset objects unloaded after import = 0

========================================================================
Received Import Request.
  Time since last request: 0.000108 seconds.
  path: Assets/CorgiEngine/ThirdParty/MoreMountains/MMInterface/Styles/Mini/Prefabs/Page.prefab
  artifactKey: Guid(1998b737401d6df4ab6d32416a6cfaff) Importer(2089858483,192608db42251d675da83286b1cce702)
Start importing Assets/CorgiEngine/ThirdParty/MoreMountains/MMInterface/Styles/Mini/Prefabs/Page.prefab using Guid(1998b737401d6df4ab6d32416a6cfaff) Importer(2089858483,192608db42251d675da83286b1cce702) (ScriptedImporter) -> (artifact id: '7d40565aa8a76bbd3aae91acda0b3bc4') in 0.0367187 seconds
Number of updated asset objects reloaded before import = 0Number of asset objects unloaded after import = 7

========================================================================
Received Import Request.
  Time since last request: 0.000027 seconds.
  path: Assets/CorgiEngine/ThirdParty/MoreMountains/MMInterface/Styles/Mini/Materials/VerticalGradientOrangeToViolet.mat
  artifactKey: Guid(6fcfd7467f101784d8a960a5a11bbae2) Importer(2089858483,192608db42251d675da83286b1cce702)
Start importing Assets/CorgiEngine/ThirdParty/MoreMountains/MMInterface/Styles/Mini/Materials/VerticalGradientOrangeToViolet.mat using Guid(6fcfd7467f101784d8a960a5a11bbae2) Importer(2089858483,192608db42251d675da83286b1cce702) (ScriptedImporter) -> (artifact id: '2cfc8da93e6205c31ff850b35deac51f') in 0.0336102 seconds
Number of updated asset objects reloaded before import = 0Number of asset objects unloaded after import = 1

========================================================================
Received Import Request.
  Time since last request: 0.000054 seconds.
  path: Assets/CorgiEngine/ThirdParty/MoreMountains/MMTools/Core/Editor/MMAttributes/MMReadOnlyAttributeDrawer.cs
  artifactKey: Guid(8bc90960c2aea754a8ff74069babfa0b) Importer(2089858483,192608db42251d675da83286b1cce702)
Start importing Assets/CorgiEngine/ThirdParty/MoreMountains/MMTools/Core/Editor/MMAttributes/MMReadOnlyAttributeDrawer.cs using Guid(8bc90960c2aea754a8ff74069babfa0b) Importer(2089858483,192608db42251d675da83286b1cce702) (ScriptedImporter) -> (artifact id: '7b6a698a4a9b9e6de5d5ed5be0bd91c4') in 0.0333924 seconds
Number of updated asset objects reloaded before import = 0Number of asset objects unloaded after import = 0

========================================================================
Received Import Request.
  Time since last request: 0.000084 seconds.
  path: Assets/CorgiEngine/ThirdParty/MoreMountains/MMInterface/Styles/Mini/Sprites/ProgressBar.png
  artifactKey: Guid(9e8a6f7a0877f9d4eb6c8be962cb1f7b) Importer(2089858483,192608db42251d675da83286b1cce702)
Start importing Assets/CorgiEngine/ThirdParty/MoreMountains/MMInterface/Styles/Mini/Sprites/ProgressBar.png using Guid(9e8a6f7a0877f9d4eb6c8be962cb1f7b) Importer(2089858483,192608db42251d675da83286b1cce702) (ScriptedImporter) -> (artifact id: '7fc7d073af0a94295f5a9649dc71264e') in 0.0647565 seconds
Number of updated asset objects reloaded before import = 0Number of asset objects unloaded after import = 3

========================================================================
Received Import Request.
  Time since last request: 0.000029 seconds.
  path: Assets/CorgiEngine/ThirdParty/MoreMountains/MMTools/Accessories/MMDebugMenu/Prefabs/MMDebugMenuSpacerSmall.prefab
  artifactKey: Guid(1a4b9ae95443d5a489bd918c848e2390) Importer(2089858483,192608db42251d675da83286b1cce702)
Start importing Assets/CorgiEngine/ThirdParty/MoreMountains/MMTools/Accessories/MMDebugMenu/Prefabs/MMDebugMenuSpacerSmall.prefab using Guid(1a4b9ae95443d5a489bd918c848e2390) Importer(2089858483,192608db42251d675da83286b1cce702) (ScriptedImporter) -> (artifact id: '6f6f1168cd4ecd386f321e250641454c') in 0.0545542 seconds
Number of updated asset objects reloaded before import = 0Number of asset objects unloaded after import = 6

========================================================================
Received Import Request.
  Time since last request: 0.000029 seconds.
  path: Assets/CorgiEngine/ThirdParty/MoreMountains/MMTools/Accessories/MMVFX/MMPalette/MMLowPolyPalette.png
  artifactKey: Guid(0f7538ff15051d14c9a387d4773180bc) Importer(2089858483,192608db42251d675da83286b1cce702)
Start importing Assets/CorgiEngine/ThirdParty/MoreMountains/MMTools/Accessories/MMVFX/MMPalette/MMLowPolyPalette.png using Guid(0f7538ff15051d14c9a387d4773180bc) Importer(2089858483,192608db42251d675da83286b1cce702) (ScriptedImporter) -> (artifact id: '98cd784bb57c34f97a56b25a2f721ef4') in 0.0643771 seconds
Number of updated asset objects reloaded before import = 0Number of asset objects unloaded after import = 3

========================================================================
Received Import Request.
  Time since last request: 0.000033 seconds.
  path: Assets/CorgiEngine/ThirdParty/MoreMountains/MMTools/Accessories/MMDebugMenu/Prefabs/MMDebugMenuTextTiny.prefab
  artifactKey: Guid(57336066c3d7ff5418ae88b7880aafed) Importer(2089858483,192608db42251d675da83286b1cce702)
Start importing Assets/CorgiEngine/ThirdParty/MoreMountains/MMTools/Accessories/MMDebugMenu/Prefabs/MMDebugMenuTextTiny.prefab using Guid(57336066c3d7ff5418ae88b7880aafed) Importer(2089858483,192608db42251d675da83286b1cce702) (ScriptedImporter) -> (artifact id: '54c187568747f12924724f0c666ce4ed') in 0.039401 seconds
Number of updated asset objects reloaded before import = 0Number of asset objects unloaded after import = 13

========================================================================
Received Import Request.
  Time since last request: 0.000025 seconds.
  path: Assets/CorgiEngine/ThirdParty/MoreMountains/MMTools/Core/Editor/MMReorderableList/ReorderableDrawer.cs
  artifactKey: Guid(3b5cb2f0917b1f34f8aceb725a71bfe7) Importer(2089858483,192608db42251d675da83286b1cce702)
Start importing Assets/CorgiEngine/ThirdParty/MoreMountains/MMTools/Core/Editor/MMReorderableList/ReorderableDrawer.cs using Guid(3b5cb2f0917b1f34f8aceb725a71bfe7) Importer(2089858483,192608db42251d675da83286b1cce702) (ScriptedImporter) -> (artifact id: 'a66a0f894848ad502ebeb936e259c804') in 0.0219654 seconds
Number of updated asset objects reloaded before import = 0Number of asset objects unloaded after import = 0

========================================================================
Received Import Request.
  Time since last request: 0.000078 seconds.
  path: Assets/CorgiEngine/ThirdParty/MoreMountains/MMTools/Core/Editor/MMAttributes/MMMonoBehaviourUITKEditor.cs
  artifactKey: Guid(117d5758fb780a14d91b570328c048da) Importer(2089858483,192608db42251d675da83286b1cce702)
Start importing Assets/CorgiEngine/ThirdParty/MoreMountains/MMTools/Core/Editor/MMAttributes/MMMonoBehaviourUITKEditor.cs using Guid(117d5758fb780a14d91b570328c048da) Importer(2089858483,192608db42251d675da83286b1cce702) (ScriptedImporter) -> (artifact id: '1480036d67a7a7d0b9cd286bec49fc2b') in 0.0338662 seconds
Number of updated asset objects reloaded before import = 0Number of asset objects unloaded after import = 0

========================================================================
Received Import Request.
  Time since last request: 0.000098 seconds.
  path: Assets/CorgiEngine/ThirdParty/MoreMountains/MMTools/Accessories/MMPrototypeTextures/MMBRP_Materials/MMBPR_YellowSquares.mat
  artifactKey: Guid(b6acb67784ba02a46b350cd11c745e4c) Importer(2089858483,192608db42251d675da83286b1cce702)
Start importing Assets/CorgiEngine/ThirdParty/MoreMountains/MMTools/Accessories/MMPrototypeTextures/MMBRP_Materials/MMBPR_YellowSquares.mat using Guid(b6acb67784ba02a46b350cd11c745e4c) Importer(2089858483,192608db42251d675da83286b1cce702) (ScriptedImporter) -> (artifact id: '183e83ff9960017e06187a0102eb8da2') in 0.0620936 seconds
Number of updated asset objects reloaded before import = 0Number of asset objects unloaded after import = 4

========================================================================
Received Import Request.
  Time since last request: 0.000058 seconds.
  path: Assets/CorgiEngine/ThirdParty/MoreMountains/MMTools/Accessories/MMVFX/MMParticles/MMParticlesExplosion.png
  artifactKey: Guid(2457d6fbb1971a54ab6b08c4d4769b1e) Importer(2089858483,192608db42251d675da83286b1cce702)
Start importing Assets/CorgiEngine/ThirdParty/MoreMountains/MMTools/Accessories/MMVFX/MMParticles/MMParticlesExplosion.png using Guid(2457d6fbb1971a54ab6b08c4d4769b1e) Importer(2089858483,192608db42251d675da83286b1cce702) (ScriptedImporter) -> (artifact id: 'd0bdff35d22060835ca10dc6755e9ebe') in 0.0619742 seconds
Number of updated asset objects reloaded before import = 0Number of asset objects unloaded after import = 1

========================================================================
Received Import Request.
  Time since last request: 0.000036 seconds.
  path: Assets/CorgiEngine/ThirdParty/MoreMountains/MMTools/Foundation/MMAchievements/Prefabs/AchievementDisplay.prefab
  artifactKey: Guid(bf6e65de4f70a4dcf99ceb68e999d287) Importer(2089858483,192608db42251d675da83286b1cce702)
Start importing Assets/CorgiEngine/ThirdParty/MoreMountains/MMTools/Foundation/MMAchievements/Prefabs/AchievementDisplay.prefab using Guid(bf6e65de4f70a4dcf99ceb68e999d287) Importer(2089858483,192608db42251d675da83286b1cce702) (ScriptedImporter) -> (artifact id: 'ddaab0b7358bc1d71490f92d142d2e9f') in 0.044651 seconds
Number of updated asset objects reloaded before import = 0Number of asset objects unloaded after import = 40

========================================================================
Received Import Request.
  Time since last request: 0.000026 seconds.
  path: Assets/CorgiEngine/ThirdParty/MoreMountains/MMInterface/Styles/Mini/Materials/VerticalGradientBlueToPurple.mat
  artifactKey: Guid(d828178b1f941354ba3af616daaf7559) Importer(2089858483,192608db42251d675da83286b1cce702)
Start importing Assets/CorgiEngine/ThirdParty/MoreMountains/MMInterface/Styles/Mini/Materials/VerticalGradientBlueToPurple.mat using Guid(d828178b1f941354ba3af616daaf7559) Importer(2089858483,192608db42251d675da83286b1cce702) (ScriptedImporter) -> (artifact id: 'c885e23e1e628666fbc279eb25d586b0') in 0.0282797 seconds
Number of updated asset objects reloaded before import = 0Number of asset objects unloaded after import = 1

========================================================================
Received Import Request.
  Time since last request: 0.000048 seconds.
  path: Assets/CorgiEngine/ThirdParty/MoreMountains/MMTools/Accessories/MMProcedural/MMGridGenerators/MMGridGeneratorPerlinNoise.cs
  artifactKey: Guid(6a6c4a44291630848b8d616911bd8c47) Importer(2089858483,192608db42251d675da83286b1cce702)
Start importing Assets/CorgiEngine/ThirdParty/MoreMountains/MMTools/Accessories/MMProcedural/MMGridGenerators/MMGridGeneratorPerlinNoise.cs using Guid(6a6c4a44291630848b8d616911bd8c47) Importer(2089858483,192608db42251d675da83286b1cce702) (ScriptedImporter) -> (artifact id: 'd3ba8395172aef90e17218f60efa7f30') in 0.024204 seconds
Number of updated asset objects reloaded before import = 0Number of asset objects unloaded after import = 0

========================================================================
Received Import Request.
  Time since last request: 0.000097 seconds.
  path: Assets/CorgiEngine/ThirdParty/MoreMountains/MMInterface/Styles/Mini/Sprites/Circle.png
  artifactKey: Guid(057df9ab7aa5fee41a160c087c4d635d) Importer(2089858483,192608db42251d675da83286b1cce702)
Start importing Assets/CorgiEngine/ThirdParty/MoreMountains/MMInterface/Styles/Mini/Sprites/Circle.png using Guid(057df9ab7aa5fee41a160c087c4d635d) Importer(2089858483,192608db42251d675da83286b1cce702) (ScriptedImporter) -> (artifact id: 'ba46e255136d4efbd415bd3d034a4f96') in 0.0469211 seconds
Number of updated asset objects reloaded before import = 0Number of asset objects unloaded after import = 3

========================================================================
Received Import Request.
  Time since last request: 0.000032 seconds.
  path: Assets/CorgiEngine/ThirdParty/MoreMountains/MMTools/Accessories/MMPrototypeTextures/MMBRP_Materials/MMBPR_RedFrame.mat
  artifactKey: Guid(959bef68856013d4da4cbe9176c989c0) Importer(2089858483,192608db42251d675da83286b1cce702)
Start importing Assets/CorgiEngine/ThirdParty/MoreMountains/MMTools/Accessories/MMPrototypeTextures/MMBRP_Materials/MMBPR_RedFrame.mat using Guid(959bef68856013d4da4cbe9176c989c0) Importer(2089858483,192608db42251d675da83286b1cce702) (ScriptedImporter) -> (artifact id: '7dc2cddbaa4a7a920ae034430a2de9ae') in 0.0560675 seconds
Number of updated asset objects reloaded before import = 0Number of asset objects unloaded after import = 4

========================================================================
Received Import Request.
  Time since last request: 0.000034 seconds.
  path: Assets/CorgiEngine/ThirdParty/MoreMountains/MMTools/Foundation/MMAchievements/Scripts/MMAchievementDisplayer.cs
  artifactKey: Guid(f759f536b039f2b46881cfc8ea77c496) Importer(2089858483,192608db42251d675da83286b1cce702)
Start importing Assets/CorgiEngine/ThirdParty/MoreMountains/MMTools/Foundation/MMAchievements/Scripts/MMAchievementDisplayer.cs using Guid(f759f536b039f2b46881cfc8ea77c496) Importer(2089858483,192608db42251d675da83286b1cce702) (ScriptedImporter) -> (artifact id: 'faf05b95854bda6d0572cc74ae6a6c11') in 0.0225991 seconds
Number of updated asset objects reloaded before import = 0Number of asset objects unloaded after import = 0

========================================================================
Received Import Request.
  Time since last request: 0.000030 seconds.
  path: Assets/CorgiEngine/ThirdParty/MoreMountains/MMInterface/Styles/Mini/Sprites/Icons/MMiconSoundOff.png
  artifactKey: Guid(4fdedeada12450943898e7cb3b4b305c) Importer(2089858483,192608db42251d675da83286b1cce702)
Start importing Assets/CorgiEngine/ThirdParty/MoreMountains/MMInterface/Styles/Mini/Sprites/Icons/MMiconSoundOff.png using Guid(4fdedeada12450943898e7cb3b4b305c) Importer(2089858483,192608db42251d675da83286b1cce702) (ScriptedImporter) -> (artifact id: 'd4759e2209159ea762a16987410c795c') in 0.0502098 seconds
Number of updated asset objects reloaded before import = 0Number of asset objects unloaded after import = 3

========================================================================
Received Import Request.
  Time since last request: 0.000027 seconds.
  path: Assets/CorgiEngine/ThirdParty/MoreMountains/MMFeedbacks/Demos/MMFeedbacksDemo/Textures/Paper/PaperDisp.png
  artifactKey: Guid(d2f55d20cd432914583e1c23ce001291) Importer(2089858483,192608db42251d675da83286b1cce702)
Start importing Assets/CorgiEngine/ThirdParty/MoreMountains/MMFeedbacks/Demos/MMFeedbacksDemo/Textures/Paper/PaperDisp.png using Guid(d2f55d20cd432914583e1c23ce001291) Importer(2089858483,192608db42251d675da83286b1cce702) (ScriptedImporter) -> (artifact id: 'b5613ddbaa6444f2c3d2abdc747d2084') in 0.053752 seconds
Number of updated asset objects reloaded before import = 0Number of asset objects unloaded after import = 1

========================================================================
Received Import Request.
  Time since last request: 0.000048 seconds.
  path: Assets/CorgiEngine/ThirdParty/MoreMountains/MMInterface/Styles/Mini/Fonts/Lato/Lato-Black.ttf
  artifactKey: Guid(8261aa344a446cc4d8fed11f893904eb) Importer(2089858483,192608db42251d675da83286b1cce702)
Start importing Assets/CorgiEngine/ThirdParty/MoreMountains/MMInterface/Styles/Mini/Fonts/Lato/Lato-Black.ttf using Guid(8261aa344a446cc4d8fed11f893904eb) Importer(2089858483,192608db42251d675da83286b1cce702) (ScriptedImporter) -> (artifact id: '4370794a6cbeee2f9def91da46f35718') in 0.0358856 seconds
Number of updated asset objects reloaded before import = 0Number of asset objects unloaded after import = 3

========================================================================
Received Import Request.
  Time since last request: 0.000021 seconds.
  path: Assets/CorgiEngine/ThirdParty/MoreMountains/MMInterface/Styles/Mini/Prefabs/Backgrounds/DemoBackgroundYellow.prefab
  artifactKey: Guid(16cc9c38c66c5284fafe24a0a5f5ced2) Importer(2089858483,192608db42251d675da83286b1cce702)
Start importing Assets/CorgiEngine/ThirdParty/MoreMountains/MMInterface/Styles/Mini/Prefabs/Backgrounds/DemoBackgroundYellow.prefab using Guid(16cc9c38c66c5284fafe24a0a5f5ced2) Importer(2089858483,192608db42251d675da83286b1cce702) (ScriptedImporter) -> (artifact id: '9e810fde518ffdcc84fb817f325518f0') in 0.0356807 seconds
Number of updated asset objects reloaded before import = 0Number of asset objects unloaded after import = 6

========================================================================
Received Import Request.
  Time since last request: 0.000036 seconds.
  path: Assets/CorgiEngine/ThirdParty/MoreMountains/MMInterface/Styles/Mini/Fonts/Lato/Lato-ThinItalic.ttf
  artifactKey: Guid(b63e08fda9960f54a91153646c5dfa94) Importer(2089858483,192608db42251d675da83286b1cce702)
Start importing Assets/CorgiEngine/ThirdParty/MoreMountains/MMInterface/Styles/Mini/Fonts/Lato/Lato-ThinItalic.ttf using Guid(b63e08fda9960f54a91153646c5dfa94) Importer(2089858483,192608db42251d675da83286b1cce702) (ScriptedImporter) -> (artifact id: 'cad1ce5b81d0ec37afa6414e8b11b72e') in 0.0371475 seconds
Number of updated asset objects reloaded before import = 0Number of asset objects unloaded after import = 3

========================================================================
Received Import Request.
  Time since last request: 0.000021 seconds.
  path: Assets/CorgiEngine/ThirdParty/MoreMountains/MMInterface/Styles/Mini/Fonts/Lato/Lato-Light.ttf
  artifactKey: Guid(4de33cef67ce15e4a8cb3d3e6b6b27e2) Importer(2089858483,192608db42251d675da83286b1cce702)
Start importing Assets/CorgiEngine/ThirdParty/MoreMountains/MMInterface/Styles/Mini/Fonts/Lato/Lato-Light.ttf using Guid(4de33cef67ce15e4a8cb3d3e6b6b27e2) Importer(2089858483,192608db42251d675da83286b1cce702) (ScriptedImporter) -> (artifact id: 'ee670bc281204837e6390ff45d81ed81') in 0.0392547 seconds
Number of updated asset objects reloaded before import = 0Number of asset objects unloaded after import = 3

========================================================================
Received Import Request.
  Time since last request: 0.000018 seconds.
  path: Assets/CorgiEngine/ThirdParty/MoreMountains/MMTools/Accessories/MMDebugMenu/Scripts/Commands/MMDebugMenuCommands.cs
  artifactKey: Guid(1e4e4b1cacbffd14ebb3aea93190805f) Importer(2089858483,192608db42251d675da83286b1cce702)
Start importing Assets/CorgiEngine/ThirdParty/MoreMountains/MMTools/Accessories/MMDebugMenu/Scripts/Commands/MMDebugMenuCommands.cs using Guid(1e4e4b1cacbffd14ebb3aea93190805f) Importer(2089858483,192608db42251d675da83286b1cce702) (ScriptedImporter) -> (artifact id: 'a895745582137e9b7cd2b8d20c95deeb') in 0.0217202 seconds
Number of updated asset objects reloaded before import = 0Number of asset objects unloaded after import = 0

========================================================================
Received Import Request.
  Time since last request: 0.000059 seconds.
  path: Assets/CorgiEngine/ThirdParty/MoreMountains/InventoryEngine/Demos/PixelRogue/Resources/Items/ArmorBlue.asset
  artifactKey: Guid(c58f83dbd7ec992468a567ad0968326e) Importer(2089858483,192608db42251d675da83286b1cce702)
Start importing Assets/CorgiEngine/ThirdParty/MoreMountains/InventoryEngine/Demos/PixelRogue/Resources/Items/ArmorBlue.asset using Guid(c58f83dbd7ec992468a567ad0968326e) Importer(2089858483,192608db42251d675da83286b1cce702) (ScriptedImporter) -> (artifact id: '3678af3b5af45a5f2602d024cb0add14') in 0.0441557 seconds
Number of updated asset objects reloaded before import = 0Number of asset objects unloaded after import = 10

========================================================================
Received Import Request.
  Time since last request: 0.000045 seconds.
  path: Assets/CorgiEngine/ThirdParty/MoreMountains/MMFeedbacks/Demos/SequencingDemo/Sounds/Kit/MMSequencingBass3.wav
  artifactKey: Guid(aa8e5b4de103dac4caa0c7b8365d6bb3) Importer(2089858483,192608db42251d675da83286b1cce702)
Start importing Assets/CorgiEngine/ThirdParty/MoreMountains/MMFeedbacks/Demos/SequencingDemo/Sounds/Kit/MMSequencingBass3.wav using Guid(aa8e5b4de103dac4caa0c7b8365d6bb3) Importer(2089858483,192608db42251d675da83286b1cce702) (ScriptedImporter) -> (artifact id: '9d4aec7e9b76c6dc5db5f14de6bab06a') in 0.0499166 seconds
Number of updated asset objects reloaded before import = 0Number of asset objects unloaded after import = 1

========================================================================
Received Import Request.
  Time since last request: 0.000026 seconds.
  path: Assets/CorgiEngine/ThirdParty/MoreMountains/MMInterface/Common/Animations/Buttons/Animators/ButtonAnimatorPressedRubber.overrideController
  artifactKey: Guid(afac7059488dd914d94246822221602b) Importer(2089858483,192608db42251d675da83286b1cce702)
Start importing Assets/CorgiEngine/ThirdParty/MoreMountains/MMInterface/Common/Animations/Buttons/Animators/ButtonAnimatorPressedRubber.overrideController using Guid(afac7059488dd914d94246822221602b) Importer(2089858483,192608db42251d675da83286b1cce702) (ScriptedImporter) -> (artifact id: '91eb412fb26782bb31cfbd390462c57c') in 0.0353151 seconds
Number of updated asset objects reloaded before import = 0Number of asset objects unloaded after import = 20

========================================================================
Received Import Request.
  Time since last request: 0.000021 seconds.
  path: Assets/CorgiEngine/ThirdParty/MoreMountains/MMInterface/Styles/Mini/Sprites/Icons/MMIconHeart.png
  artifactKey: Guid(62a6256a8582c2d4ba68260deb97a142) Importer(2089858483,192608db42251d675da83286b1cce702)
Start importing Assets/CorgiEngine/ThirdParty/MoreMountains/MMInterface/Styles/Mini/Sprites/Icons/MMIconHeart.png using Guid(62a6256a8582c2d4ba68260deb97a142) Importer(2089858483,192608db42251d675da83286b1cce702) (ScriptedImporter) -> (artifact id: 'fe4fa5e5b8157a1c28212048131fcd08') in 0.0481577 seconds
Number of updated asset objects reloaded before import = 0Number of asset objects unloaded after import = 3

========================================================================
Received Import Request.
  Time since last request: 0.000029 seconds.
  path: Assets/CorgiEngine/ThirdParty/MoreMountains/MMInterface/Styles/Mini/Fonts/Lato/Lato-Thin.ttf
  artifactKey: Guid(759b260ae1c853d4694d3adddf541781) Importer(2089858483,192608db42251d675da83286b1cce702)
Start importing Assets/CorgiEngine/ThirdParty/MoreMountains/MMInterface/Styles/Mini/Fonts/Lato/Lato-Thin.ttf using Guid(759b260ae1c853d4694d3adddf541781) Importer(2089858483,192608db42251d675da83286b1cce702) (ScriptedImporter) -> (artifact id: '05bb7ab7221d4a77687810e7eba0d8dc') in 0.0430181 seconds
Number of updated asset objects reloaded before import = 0Number of asset objects unloaded after import = 3

========================================================================
Received Import Request.
  Time since last request: 0.000023 seconds.
  path: Assets/CorgiEngine/ThirdParty/MoreMountains/MMInterface/Styles/Mini/Sprites/Icons/MMIconArrow.png
  artifactKey: Guid(430375f0e86da7748b25a3d31481be4b) Importer(2089858483,192608db42251d675da83286b1cce702)
Start importing Assets/CorgiEngine/ThirdParty/MoreMountains/MMInterface/Styles/Mini/Sprites/Icons/MMIconArrow.png using Guid(430375f0e86da7748b25a3d31481be4b) Importer(2089858483,192608db42251d675da83286b1cce702) (ScriptedImporter) -> (artifact id: '61c730fb42d1d0f562116782a8d6a957') in 0.0505649 seconds
Number of updated asset objects reloaded before import = 0Number of asset objects unloaded after import = 3

========================================================================
Received Import Request.
  Time since last request: 0.000025 seconds.
  path: Assets/CorgiEngine/ThirdParty/MoreMountains/MMInterface/Common/Animations/Buttons/Animations/MMI_ButtonFlipVertical.anim
  artifactKey: Guid(7d6ae69269c5a5e458ff2e111ed96ecc) Importer(2089858483,192608db42251d675da83286b1cce702)
Start importing Assets/CorgiEngine/ThirdParty/MoreMountains/MMInterface/Common/Animations/Buttons/Animations/MMI_ButtonFlipVertical.anim using Guid(7d6ae69269c5a5e458ff2e111ed96ecc) Importer(2089858483,192608db42251d675da83286b1cce702) (ScriptedImporter) -> (artifact id: '88a151e91622e3351297647f38a441a7') in 0.0283279 seconds
Number of updated asset objects reloaded before import = 0Number of asset objects unloaded after import = 1

========================================================================
Received Import Request.
  Time since last request: 0.000076 seconds.
  path: Assets/CorgiEngine/ThirdParty/MoreMountains/MMInterface/Styles/Mini/Sprites/Icons/MMIconCross.png
  artifactKey: Guid(1ef3c70a3ec90854a99ca051196a7384) Importer(2089858483,192608db42251d675da83286b1cce702)
Start importing Assets/CorgiEngine/ThirdParty/MoreMountains/MMInterface/Styles/Mini/Sprites/Icons/MMIconCross.png using Guid(1ef3c70a3ec90854a99ca051196a7384) Importer(2089858483,192608db42251d675da83286b1cce702) (ScriptedImporter) -> (artifact id: '8a81969bd73f47b57f5730c0377e6e39') in 0.0479066 seconds
Number of updated asset objects reloaded before import = 0Number of asset objects unloaded after import = 3

========================================================================
Received Import Request.
  Time since last request: 0.000021 seconds.
  path: Assets/CorgiEngine/ThirdParty/MoreMountains/MMInterface/Common/Animations/Buttons/Animations/MMI_ButtonRubber.anim
  artifactKey: Guid(76a71cc4385c7444f81abc3c660fcbd3) Importer(2089858483,192608db42251d675da83286b1cce702)
Start importing Assets/CorgiEngine/ThirdParty/MoreMountains/MMInterface/Common/Animations/Buttons/Animations/MMI_ButtonRubber.anim using Guid(76a71cc4385c7444f81abc3c660fcbd3) Importer(2089858483,192608db42251d675da83286b1cce702) (ScriptedImporter) -> (artifact id: '2c00ebdf5044aaf8bdd32868248bb504') in 0.0301897 seconds
Number of updated asset objects reloaded before import = 0Number of asset objects unloaded after import = 1

========================================================================
Received Import Request.
  Time since last request: 0.000020 seconds.
  path: Assets/CorgiEngine/ThirdParty/MoreMountains/MMFeedbacks/MMFeedbacks/Springs/Core/Components/MMSpringVector4Component.cs
  artifactKey: Guid(8f249c8f8a47aba49964aa06c41068bd) Importer(2089858483,192608db42251d675da83286b1cce702)
Start importing Assets/CorgiEngine/ThirdParty/MoreMountains/MMFeedbacks/MMFeedbacks/Springs/Core/Components/MMSpringVector4Component.cs using Guid(8f249c8f8a47aba49964aa06c41068bd) Importer(2089858483,192608db42251d675da83286b1cce702) (ScriptedImporter) -> (artifact id: '3e3c8c6dd56c4eef3a510d1524c778ae') in 0.0254751 seconds
Number of updated asset objects reloaded before import = 0Number of asset objects unloaded after import = 0

========================================================================
Received Import Request.
  Time since last request: 0.000084 seconds.
  path: Assets/CorgiEngine/ThirdParty/MoreMountains/MMTools/Accessories/MMDebugMenu/Scripts/Events/MMDebugMenuCheckboxEventListener.cs
  artifactKey: Guid(9091b3d5ef7624b47a328c984fa25e09) Importer(2089858483,192608db42251d675da83286b1cce702)
Start importing Assets/CorgiEngine/ThirdParty/MoreMountains/MMTools/Accessories/MMDebugMenu/Scripts/Events/MMDebugMenuCheckboxEventListener.cs using Guid(9091b3d5ef7624b47a328c984fa25e09) Importer(2089858483,192608db42251d675da83286b1cce702) (ScriptedImporter) -> (artifact id: 'b2445d972d6fc843615c317870f4ab3b') in 0.0281059 seconds
Number of updated asset objects reloaded before import = 0Number of asset objects unloaded after import = 0

========================================================================
Received Import Request.
  Time since last request: 0.000094 seconds.
  path: Assets/CorgiEngine/ThirdParty/MoreMountains/InventoryEngine/Demos/PixelRogue/Scripts/Items/BombItem.cs
  artifactKey: Guid(d950f167cc755b943ac753e0fa223c59) Importer(2089858483,192608db42251d675da83286b1cce702)
Start importing Assets/CorgiEngine/ThirdParty/MoreMountains/InventoryEngine/Demos/PixelRogue/Scripts/Items/BombItem.cs using Guid(d950f167cc755b943ac753e0fa223c59) Importer(2089858483,192608db42251d675da83286b1cce702) (ScriptedImporter) -> (artifact id: 'c2a0654228fd86bb1344ffb68cfc165d') in 0.0282193 seconds
Number of updated asset objects reloaded before import = 0Number of asset objects unloaded after import = 0

========================================================================
Received Import Request.
  Time since last request: 0.000090 seconds.
  path: Assets/CorgiEngine/ThirdParty/MoreMountains/MMInterface/Styles/Mini/Prefabs/Backgrounds/DemoBackgroundBlur.prefab
  artifactKey: Guid(1faa883050aba2348a6485e80554d408) Importer(2089858483,192608db42251d675da83286b1cce702)
Start importing Assets/CorgiEngine/ThirdParty/MoreMountains/MMInterface/Styles/Mini/Prefabs/Backgrounds/DemoBackgroundBlur.prefab using Guid(1faa883050aba2348a6485e80554d408) Importer(2089858483,192608db42251d675da83286b1cce702) (ScriptedImporter) -> (artifact id: 'e6267da32abc39ba5fe748ae0a25f472') in 0.0356419 seconds
Number of updated asset objects reloaded before import = 0Number of asset objects unloaded after import = 6

========================================================================
Received Import Request.
  Time since last request: 0.000022 seconds.
  path: Assets/CorgiEngine/ThirdParty/MoreMountains/MMTools/Accessories/MMDebugMenu/Scripts/Events/MMDebugMenuCheckboxEvent.cs
  artifactKey: Guid(d039e33a2be33f14e98835c8a207cc1d) Importer(2089858483,192608db42251d675da83286b1cce702)
Start importing Assets/CorgiEngine/ThirdParty/MoreMountains/MMTools/Accessories/MMDebugMenu/Scripts/Events/MMDebugMenuCheckboxEvent.cs using Guid(d039e33a2be33f14e98835c8a207cc1d) Importer(2089858483,192608db42251d675da83286b1cce702) (ScriptedImporter) -> (artifact id: '6db698fa55df9ba50233c958ef5b15d6') in 0.0330352 seconds
Number of updated asset objects reloaded before import = 0Number of asset objects unloaded after import = 0

========================================================================
Received Import Request.
  Time since last request: 0.000062 seconds.
  path: Assets/CorgiEngine/ThirdParty/MoreMountains/MMFeedbacks/Demos/SequencingDemo/Sounds/Kit/MMSequencingCrash1.wav
  artifactKey: Guid(b0b6bf001722eb242a5aaa4ed9dbe251) Importer(2089858483,192608db42251d675da83286b1cce702)
Start importing Assets/CorgiEngine/ThirdParty/MoreMountains/MMFeedbacks/Demos/SequencingDemo/Sounds/Kit/MMSequencingCrash1.wav using Guid(b0b6bf001722eb242a5aaa4ed9dbe251) Importer(2089858483,192608db42251d675da83286b1cce702) (ScriptedImporter) -> (artifact id: '573ba1260894eb92768f8d3a72bd88c5') in 0.0574647 seconds
Number of updated asset objects reloaded before import = 0Number of asset objects unloaded after import = 1

========================================================================
Received Import Request.
  Time since last request: 0.000020 seconds.
  path: Assets/CorgiEngine/ThirdParty/MoreMountains/MMInterface/Common/Animations/Buttons/Animations/MMI_ButtonPushDown.anim
  artifactKey: Guid(149b386dc314a5a4ca1768da39c89501) Importer(2089858483,192608db42251d675da83286b1cce702)
Start importing Assets/CorgiEngine/ThirdParty/MoreMountains/MMInterface/Common/Animations/Buttons/Animations/MMI_ButtonPushDown.anim using Guid(149b386dc314a5a4ca1768da39c89501) Importer(2089858483,192608db42251d675da83286b1cce702) (ScriptedImporter) -> (artifact id: 'b48fc8fc69ce91519e90691c25564c2a') in 0.0335557 seconds
Number of updated asset objects reloaded before import = 0Number of asset objects unloaded after import = 1

========================================================================
Received Import Request.
  Time since last request: 0.000106 seconds.
  path: Assets/CorgiEngine/ThirdParty/MoreMountains/MMFeedbacks/Demos/SequencingDemo/Sounds/Kit/MMSequencingBass1.wav
  artifactKey: Guid(ed067cd4ccfcda447b0bf119397fc305) Importer(2089858483,192608db42251d675da83286b1cce702)
Start importing Assets/CorgiEngine/ThirdParty/MoreMountains/MMFeedbacks/Demos/SequencingDemo/Sounds/Kit/MMSequencingBass1.wav using Guid(ed067cd4ccfcda447b0bf119397fc305) Importer(2089858483,192608db42251d675da83286b1cce702) (ScriptedImporter) -> (artifact id: 'ff023ec49018cc50d8b90404a0196dc5') in 0.0558194 seconds
Number of updated asset objects reloaded before import = 0Number of asset objects unloaded after import = 1

========================================================================
Received Import Request.
  Time since last request: 0.000029 seconds.
  path: Assets/CorgiEngine/ThirdParty/MoreMountains/MMTools/Accessories/MMDebugMenu/Scripts/MMDebugMenuItems/MMDebugMenuItemCheckbox.cs
  artifactKey: Guid(28ad17ba84c916d499cb74e758d28e8e) Importer(2089858483,192608db42251d675da83286b1cce702)
Start importing Assets/CorgiEngine/ThirdParty/MoreMountains/MMTools/Accessories/MMDebugMenu/Scripts/MMDebugMenuItems/MMDebugMenuItemCheckbox.cs using Guid(28ad17ba84c916d499cb74e758d28e8e) Importer(2089858483,192608db42251d675da83286b1cce702) (ScriptedImporter) -> (artifact id: 'ff8c305e670fd7a2fac3eba79810761e') in 0.0275719 seconds
Number of updated asset objects reloaded before import = 0Number of asset objects unloaded after import = 0

========================================================================
Received Import Request.
  Time since last request: 0.000116 seconds.
  path: Assets/CorgiEngine/ThirdParty/MoreMountains/MMInterface/Common/Animations/Buttons/Animations/MMI_ButtonDarken.anim
  artifactKey: Guid(934cc00f7026a084c85d92a2c7d1bc62) Importer(2089858483,192608db42251d675da83286b1cce702)
Start importing Assets/CorgiEngine/ThirdParty/MoreMountains/MMInterface/Common/Animations/Buttons/Animations/MMI_ButtonDarken.anim using Guid(934cc00f7026a084c85d92a2c7d1bc62) Importer(2089858483,192608db42251d675da83286b1cce702) (ScriptedImporter) -> (artifact id: '0ab8af574a8d8adb2d023d878e0cb5db') in 0.0249345 seconds
Number of updated asset objects reloaded before import = 0Number of asset objects unloaded after import = 1

========================================================================
Received Import Request.
  Time since last request: 0.000020 seconds.
  path: Assets/CorgiEngine/ThirdParty/MoreMountains/MMInterface/Styles/Mini/Fonts/Lato/OFL.txt
  artifactKey: Guid(a74495672d9d4e54b946ed1244a2a222) Importer(2089858483,192608db42251d675da83286b1cce702)
Start importing Assets/CorgiEngine/ThirdParty/MoreMountains/MMInterface/Styles/Mini/Fonts/Lato/OFL.txt using Guid(a74495672d9d4e54b946ed1244a2a222) Importer(2089858483,192608db42251d675da83286b1cce702) (ScriptedImporter) -> (artifact id: '8e78e1e692410a452f172a300669968a') in 0.024456 seconds
Number of updated asset objects reloaded before import = 0Number of asset objects unloaded after import = 1

========================================================================
Received Import Request.
  Time since last request: 0.000066 seconds.
  path: Assets/CorgiEngine/ThirdParty/MoreMountains/MMInterface/Styles/Mini/Fonts/Lato/Lato-Medium.ttf
  artifactKey: Guid(bb961471fe4fd6a479d7dc5efb3d4fd5) Importer(2089858483,192608db42251d675da83286b1cce702)
Start importing Assets/CorgiEngine/ThirdParty/MoreMountains/MMInterface/Styles/Mini/Fonts/Lato/Lato-Medium.ttf using Guid(bb961471fe4fd6a479d7dc5efb3d4fd5) Importer(2089858483,192608db42251d675da83286b1cce702) (ScriptedImporter) -> (artifact id: 'ecd339b3da68e787109a7e0413b67518') in 0.0409996 seconds
Number of updated asset objects reloaded before import = 0Number of asset objects unloaded after import = 3

========================================================================
Received Import Request.
  Time since last request: 0.000021 seconds.
  path: Assets/CorgiEngine/ThirdParty/MoreMountains/MMTools/Accessories/Editor/MMMovement/MMPathMovement/MMPathEditor.cs
  artifactKey: Guid(d103290728e03b448829fc4b58e285ac) Importer(2089858483,192608db42251d675da83286b1cce702)
Start importing Assets/CorgiEngine/ThirdParty/MoreMountains/MMTools/Accessories/Editor/MMMovement/MMPathMovement/MMPathEditor.cs using Guid(d103290728e03b448829fc4b58e285ac) Importer(2089858483,192608db42251d675da83286b1cce702) (ScriptedImporter) -> (artifact id: 'a183bc43fa47bdb8e2db27e2ad5dd242') in 0.0215225 seconds
Number of updated asset objects reloaded before import = 0Number of asset objects unloaded after import = 0

========================================================================
Received Import Request.
  Time since last request: 0.000025 seconds.
  path: Assets/CorgiEngine/ThirdParty/MoreMountains/MMTools/Accessories/MMVFX/MMRamps/MMRamp4.png
  artifactKey: Guid(fd68bdcc37e59784a83e37ec1c26d400) Importer(2089858483,192608db42251d675da83286b1cce702)
Start importing Assets/CorgiEngine/ThirdParty/MoreMountains/MMTools/Accessories/MMVFX/MMRamps/MMRamp4.png using Guid(fd68bdcc37e59784a83e37ec1c26d400) Importer(2089858483,192608db42251d675da83286b1cce702) (ScriptedImporter) -> (artifact id: 'd82d088ef4697e7fd7cb5d0693e927e4') in 0.0534478 seconds
Number of updated asset objects reloaded before import = 0Number of asset objects unloaded after import = 1

========================================================================
Received Import Request.
  Time since last request: 0.000027 seconds.
  path: Assets/CorgiEngine/ThirdParty/MoreMountains/MMTools/Accessories/MMPrototypeTextures/MMBRP_Materials/MMBPR_RedDots.mat
  artifactKey: Guid(40702ed620cf055428c35adf00a2c9b1) Importer(2089858483,192608db42251d675da83286b1cce702)
Start importing Assets/CorgiEngine/ThirdParty/MoreMountains/MMTools/Accessories/MMPrototypeTextures/MMBRP_Materials/MMBPR_RedDots.mat using Guid(40702ed620cf055428c35adf00a2c9b1) Importer(2089858483,192608db42251d675da83286b1cce702) (ScriptedImporter) -> (artifact id: '4be9bb030f2b006c049c7f106dbba6db') in 0.0518258 seconds
Number of updated asset objects reloaded before import = 0Number of asset objects unloaded after import = 4

========================================================================
Received Import Request.
  Time since last request: 0.000046 seconds.
  path: Assets/CorgiEngine/ThirdParty/MoreMountains/MMTools/Accessories/MMDebugMenu/Scripts/UIClasses/MMDebugMenuSwitch.cs
  artifactKey: Guid(752e7f2cbc3684a4ca1c13a049c09d5d) Importer(2089858483,192608db42251d675da83286b1cce702)
Start importing Assets/CorgiEngine/ThirdParty/MoreMountains/MMTools/Accessories/MMDebugMenu/Scripts/UIClasses/MMDebugMenuSwitch.cs using Guid(752e7f2cbc3684a4ca1c13a049c09d5d) Importer(2089858483,192608db42251d675da83286b1cce702) (ScriptedImporter) -> (artifact id: 'add4db01b16597dcd9e9af1f1ffe5aa5') in 0.0252625 seconds
Number of updated asset objects reloaded before import = 0Number of asset objects unloaded after import = 0

========================================================================
Received Import Request.
  Time since last request: 0.000024 seconds.
  path: Assets/CorgiEngine/ThirdParty/MoreMountains/MMTools/Core/MMSceneLoading/Scripts/Managers/MMAdditiveSceneLoadingManager.cs
  artifactKey: Guid(85f9f16a22943814196e731ffb6b0f62) Importer(2089858483,192608db42251d675da83286b1cce702)
Start importing Assets/CorgiEngine/ThirdParty/MoreMountains/MMTools/Core/MMSceneLoading/Scripts/Managers/MMAdditiveSceneLoadingManager.cs using Guid(85f9f16a22943814196e731ffb6b0f62) Importer(2089858483,192608db42251d675da83286b1cce702) (ScriptedImporter) -> (artifact id: 'f9b442c6a82cda7113322643254509fe') in 0.0227083 seconds
Number of updated asset objects reloaded before import = 0Number of asset objects unloaded after import = 0

========================================================================
Received Import Request.
  Time since last request: 0.000033 seconds.
  path: Assets/CorgiEngine/ThirdParty/MoreMountains/MMTools/Core/Editor/MMAudio/AudioAnalyzer/MMAudioAnalyzerEditor.cs
  artifactKey: Guid(e70ed4c65521d064daf6f4fb01c8a707) Importer(2089858483,192608db42251d675da83286b1cce702)
Start importing Assets/CorgiEngine/ThirdParty/MoreMountains/MMTools/Core/Editor/MMAudio/AudioAnalyzer/MMAudioAnalyzerEditor.cs using Guid(e70ed4c65521d064daf6f4fb01c8a707) Importer(2089858483,192608db42251d675da83286b1cce702) (ScriptedImporter) -> (artifact id: '519605e927d232872d3d8830e8a31ed9') in 0.0266159 seconds
Number of updated asset objects reloaded before import = 0Number of asset objects unloaded after import = 0

========================================================================
Received Import Request.
  Time since last request: 0.000052 seconds.
  path: Assets/CorgiEngine/ThirdParty/MoreMountains/MMTools/Core/MMSceneLoading/Scripts/Helpers/MMSceneLoadingTextProgress.cs
  artifactKey: Guid(a6b4439955a5ebf4eaa4285bc875fcc6) Importer(2089858483,192608db42251d675da83286b1cce702)
Start importing Assets/CorgiEngine/ThirdParty/MoreMountains/MMTools/Core/MMSceneLoading/Scripts/Helpers/MMSceneLoadingTextProgress.cs using Guid(a6b4439955a5ebf4eaa4285bc875fcc6) Importer(2089858483,192608db42251d675da83286b1cce702) (ScriptedImporter) -> (artifact id: '602565a42e6f9f0645da6c89e4f64043') in 0.0287612 seconds
Number of updated asset objects reloaded before import = 0Number of asset objects unloaded after import = 0

========================================================================
Received Import Request.
  Time since last request: 0.000094 seconds.
  path: Assets/CorgiEngine/ThirdParty/MoreMountains/MMInterface/Common/Animations/Buttons/Animations/DefaultPlaceholders/MMI_ButtonIdle.anim
  artifactKey: Guid(ad315fa173c699e43ad323bee918f2b1) Importer(2089858483,192608db42251d675da83286b1cce702)
Start importing Assets/CorgiEngine/ThirdParty/MoreMountains/MMInterface/Common/Animations/Buttons/Animations/DefaultPlaceholders/MMI_ButtonIdle.anim using Guid(ad315fa173c699e43ad323bee918f2b1) Importer(2089858483,192608db42251d675da83286b1cce702) (ScriptedImporter) -> (artifact id: '79610075dd52fa5dd95ebc0a252ca21d') in 0.0274265 seconds
Number of updated asset objects reloaded before import = 0Number of asset objects unloaded after import = 1

========================================================================
Received Import Request.
  Time since last request: 0.000017 seconds.
  path: Assets/CorgiEngine/ThirdParty/MoreMountains/MMTools/Core/MMSceneLoading/Scripts/Managers/MMSceneLoadingAntiSpill.cs
  artifactKey: Guid(11a82a4f9d8826e43b281ce3d781d6f4) Importer(2089858483,192608db42251d675da83286b1cce702)
Start importing Assets/CorgiEngine/ThirdParty/MoreMountains/MMTools/Core/MMSceneLoading/Scripts/Managers/MMSceneLoadingAntiSpill.cs using Guid(11a82a4f9d8826e43b281ce3d781d6f4) Importer(2089858483,192608db42251d675da83286b1cce702) (ScriptedImporter) -> (artifact id: 'acd1c8b43b9437e0285e22cb49d0be11') in 0.0259983 seconds
Number of updated asset objects reloaded before import = 0Number of asset objects unloaded after import = 0

========================================================================
Received Import Request.
  Time since last request: 0.000146 seconds.
  path: Assets/CorgiEngine/ThirdParty/MoreMountains/MMTools/Core/MMRadio/MMProperty/MMPropertyLink/MMPropertyLinkInt.cs
  artifactKey: Guid(f6dcec9f2c4bea14baa2582a1bae072a) Importer(2089858483,192608db42251d675da83286b1cce702)
Start importing Assets/CorgiEngine/ThirdParty/MoreMountains/MMTools/Core/MMRadio/MMProperty/MMPropertyLink/MMPropertyLinkInt.cs using Guid(f6dcec9f2c4bea14baa2582a1bae072a) Importer(2089858483,192608db42251d675da83286b1cce702) (ScriptedImporter) -> (artifact id: '76f2b35457838ae3a34fb3e986366496') in 0.0231522 seconds
Number of updated asset objects reloaded before import = 0Number of asset objects unloaded after import = 0

========================================================================
Received Import Request.
  Time since last request: 0.000091 seconds.
  path: Assets/CorgiEngine/ThirdParty/MoreMountains/MMTools/Accessories/MMPrototypeTextures/Textures/MMProtoTextures/MMProtoTextures_LightGreyFrame.png
  artifactKey: Guid(a6bacc483b5f80645a74c1382418b149) Importer(2089858483,192608db42251d675da83286b1cce702)
Start importing Assets/CorgiEngine/ThirdParty/MoreMountains/MMTools/Accessories/MMPrototypeTextures/Textures/MMProtoTextures/MMProtoTextures_LightGreyFrame.png using Guid(a6bacc483b5f80645a74c1382418b149) Importer(2089858483,192608db42251d675da83286b1cce702) (ScriptedImporter) -> (artifact id: 'fbee7cd7938c8ae2dcfbc411056180e1') in 0.0401859 seconds
Number of updated asset objects reloaded before import = 0Number of asset objects unloaded after import = 1

========================================================================
Received Import Request.
  Time since last request: 0.000055 seconds.
  path: Assets/CorgiEngine/ThirdParty/MoreMountains/MMTools/Accessories/MMPrototypeTextures/Textures/MMProtoTextures/MMProtoTextures_GreenFrame.png
  artifactKey: Guid(563d63a1a6da33c43a2b5c5a9e398c0f) Importer(2089858483,192608db42251d675da83286b1cce702)
Start importing Assets/CorgiEngine/ThirdParty/MoreMountains/MMTools/Accessories/MMPrototypeTextures/Textures/MMProtoTextures/MMProtoTextures_GreenFrame.png using Guid(563d63a1a6da33c43a2b5c5a9e398c0f) Importer(2089858483,192608db42251d675da83286b1cce702) (ScriptedImporter) -> (artifact id: '49680fd15b87a811f97c7da3e224527a') in 0.0459517 seconds
Number of updated asset objects reloaded before import = 0Number of asset objects unloaded after import = 1

========================================================================
Received Import Request.
  Time since last request: 0.000022 seconds.
  path: Assets/CorgiEngine/ThirdParty/MoreMountains/MMTools/Accessories/MMPrototypeTextures/Textures/MMProtoTextures/MMProtoTextures_DarkGreyCrosses.png
  artifactKey: Guid(4113553176e622441936eaf5a3cfd2ae) Importer(2089858483,192608db42251d675da83286b1cce702)
Start importing Assets/CorgiEngine/ThirdParty/MoreMountains/MMTools/Accessories/MMPrototypeTextures/Textures/MMProtoTextures/MMProtoTextures_DarkGreyCrosses.png using Guid(4113553176e622441936eaf5a3cfd2ae) Importer(2089858483,192608db42251d675da83286b1cce702) (ScriptedImporter) -> (artifact id: '1719760ba6e2bd852dce0842d947f589') in 0.0425304 seconds
Number of updated asset objects reloaded before import = 0Number of asset objects unloaded after import = 1

========================================================================
Received Import Request.
  Time since last request: 0.000038 seconds.
  path: Assets/CorgiEngine/ThirdParty/MoreMountains/MMInterface/Styles/Mini/Prefabs/Buttons/Blue/ButtonCircleCoin.prefab
  artifactKey: Guid(b0ee36187685a3b4381d17db67e0c31b) Importer(2089858483,192608db42251d675da83286b1cce702)
Start importing Assets/CorgiEngine/ThirdParty/MoreMountains/MMInterface/Styles/Mini/Prefabs/Buttons/Blue/ButtonCircleCoin.prefab using Guid(b0ee36187685a3b4381d17db67e0c31b) Importer(2089858483,192608db42251d675da83286b1cce702) (ScriptedImporter) -> (artifact id: 'a83882c61a322cc8b60e7f0aacd15d2c') in 0.0362945 seconds
Number of updated asset objects reloaded before import = 0Number of asset objects unloaded after import = 41

========================================================================
Received Import Request.
  Time since last request: 0.000037 seconds.
  path: Assets/CorgiEngine/ThirdParty/MoreMountains/MMInterface/Styles/Mini/Prefabs/Buttons/Blue/ButtonCircleStar.prefab
  artifactKey: Guid(39579ebd590675f4fac58bbbcc0b9b53) Importer(2089858483,192608db42251d675da83286b1cce702)
Start importing Assets/CorgiEngine/ThirdParty/MoreMountains/MMInterface/Styles/Mini/Prefabs/Buttons/Blue/ButtonCircleStar.prefab using Guid(39579ebd590675f4fac58bbbcc0b9b53) Importer(2089858483,192608db42251d675da83286b1cce702) (ScriptedImporter) -> (artifact id: 'fb47a8ea1179de8017eb2d1fc5b140c6') in 0.0428432 seconds
Number of updated asset objects reloaded before import = 0Number of asset objects unloaded after import = 41

========================================================================
Received Import Request.
  Time since last request: 0.000032 seconds.
  path: Assets/CorgiEngine/ThirdParty/MoreMountains/MMInterface/Styles/Mini/Prefabs/Buttons/Blue/ButtonSquareHome.prefab
  artifactKey: Guid(d5fffb717e587c2498694955514264fa) Importer(2089858483,192608db42251d675da83286b1cce702)
Start importing Assets/CorgiEngine/ThirdParty/MoreMountains/MMInterface/Styles/Mini/Prefabs/Buttons/Blue/ButtonSquareHome.prefab using Guid(d5fffb717e587c2498694955514264fa) Importer(2089858483,192608db42251d675da83286b1cce702) (ScriptedImporter) -> (artifact id: 'c8458f544d990f488e81b19d977afa80') in 0.045335 seconds
Number of updated asset objects reloaded before import = 0Number of asset objects unloaded after import = 41

========================================================================
Received Import Request.
  Time since last request: 0.000038 seconds.
  path: Assets/CorgiEngine/ThirdParty/MoreMountains/MMInterface/Styles/Mini/Prefabs/Buttons/Blue/ButtonCircleHeart.prefab
  artifactKey: Guid(3c4908c755b9a6e4b8ae1444f3f230b8) Importer(2089858483,192608db42251d675da83286b1cce702)
Start importing Assets/CorgiEngine/ThirdParty/MoreMountains/MMInterface/Styles/Mini/Prefabs/Buttons/Blue/ButtonCircleHeart.prefab using Guid(3c4908c755b9a6e4b8ae1444f3f230b8) Importer(2089858483,192608db42251d675da83286b1cce702) (ScriptedImporter) -> (artifact id: 'f322eb33804d55cbb4abbc07eb15e436') in 0.0535466 seconds
Number of updated asset objects reloaded before import = 0Number of asset objects unloaded after import = 41

========================================================================
Received Import Request.
  Time since last request: 0.000042 seconds.
  path: Assets/CorgiEngine/ThirdParty/MoreMountains/MMInterface/Styles/Mini/Prefabs/Buttons/Blue/ButtonCircleDoubleChevron.prefab
  artifactKey: Guid(853f4fe4c55dddf43b60e3b56fe81ce2) Importer(2089858483,192608db42251d675da83286b1cce702)
Start importing Assets/CorgiEngine/ThirdParty/MoreMountains/MMInterface/Styles/Mini/Prefabs/Buttons/Blue/ButtonCircleDoubleChevron.prefab using Guid(853f4fe4c55dddf43b60e3b56fe81ce2) Importer(2089858483,192608db42251d675da83286b1cce702) (ScriptedImporter) -> (artifact id: 'c029ed8329bbce25aa71fd2114701279') in 0.0465143 seconds
Number of updated asset objects reloaded before import = 0Number of asset objects unloaded after import = 41

========================================================================
Received Import Request.
  Time since last request: 0.000044 seconds.
  path: Assets/CorgiEngine/ThirdParty/MoreMountains/MMTools/Core/MMAudio/MMSoundManager/Settings/MMSoundManagerSettings.asset
  artifactKey: Guid(07ea3ff88e1ecb84d91f58aa804badc6) Importer(2089858483,192608db42251d675da83286b1cce702)
Start importing Assets/CorgiEngine/ThirdParty/MoreMountains/MMTools/Core/MMAudio/MMSoundManager/Settings/MMSoundManagerSettings.asset using Guid(07ea3ff88e1ecb84d91f58aa804badc6) Importer(2089858483,192608db42251d675da83286b1cce702) (ScriptedImporter)Refreshing native plugins compatible for Editor in 9.56 ms, found 2 plugins.
Preloading 0 native plugins for Editor in 0.00 ms.
Refreshing native plugins compatible for Editor in 7.44 ms, found 2 plugins.
Preloading 0 native plugins for Editor in 0.00 ms.
Refreshing native plugins compatible for Editor in 8.53 ms, found 2 plugins.
Preloading 0 native plugins for Editor in 0.00 ms.
Refreshing native plugins compatible for Editor in 6.35 ms, found 2 plugins.
Preloading 0 native plugins for Editor in 0.00 ms.
Refreshing native plugins compatible for Editor in 8.27 ms, found 2 plugins.
Preloading 0 native plugins for Editor in 0.00 ms.
 -> (artifact id: 'f3195a6ccbb18142a08a93f8adefe3f3') in 0.0819253 seconds
Number of updated asset objects reloaded before import = 0Number of asset objects unloaded after import = 11

========================================================================
Received Import Request.
  Time since last request: 0.000034 seconds.
  path: Assets/CorgiEngine/ThirdParty/MoreMountains/MMTools/Accessories/MMPrototypeTextures/Textures/MMPlastic/MMPlasticAO.png
  artifactKey: Guid(6380989b56d512c498442aa08d0dfe03) Importer(2089858483,192608db42251d675da83286b1cce702)
Start importing Assets/CorgiEngine/ThirdParty/MoreMountains/MMTools/Accessories/MMPrototypeTextures/Textures/MMPlastic/MMPlasticAO.png using Guid(6380989b56d512c498442aa08d0dfe03) Importer(2089858483,192608db42251d675da83286b1cce702) (ScriptedImporter) -> (artifact id: '171ae9db547a96f82f81b4060d753883') in 0.0463948 seconds
Number of updated asset objects reloaded before import = 0Number of asset objects unloaded after import = 1

========================================================================
Received Import Request.
  Time since last request: 0.000060 seconds.
  path: Assets/CorgiEngine/ThirdParty/MoreMountains/MMTools/Core/MMRadio/MMProperty/MMPropertyPicker/MMPropertyReceiver.cs
  artifactKey: Guid(003f6640c70f0c74085aeba7df48fe55) Importer(2089858483,192608db42251d675da83286b1cce702)
Start importing Assets/CorgiEngine/ThirdParty/MoreMountains/MMTools/Core/MMRadio/MMProperty/MMPropertyPicker/MMPropertyReceiver.cs using Guid(003f6640c70f0c74085aeba7df48fe55) Importer(2089858483,192608db42251d675da83286b1cce702) (ScriptedImporter) -> (artifact id: '16a844b343d3764a961116188d69452d') in 0.0273783 seconds
Number of updated asset objects reloaded before import = 0Number of asset objects unloaded after import = 0

========================================================================
Received Import Request.
  Time since last request: 0.000090 seconds.
  path: Assets/CorgiEngine/ThirdParty/MoreMountains/MMInterface/Common/Animations/Buttons/Animations/DefaultPlaceholders/MMI_ButtonPressedFirstTime.anim
  artifactKey: Guid(61145038cdf1b5445bd5e1647208fc03) Importer(2089858483,192608db42251d675da83286b1cce702)
Start importing Assets/CorgiEngine/ThirdParty/MoreMountains/MMInterface/Common/Animations/Buttons/Animations/DefaultPlaceholders/MMI_ButtonPressedFirstTime.anim using Guid(61145038cdf1b5445bd5e1647208fc03) Importer(2089858483,192608db42251d675da83286b1cce702) (ScriptedImporter) -> (artifact id: '3744d7d6ced664aa1ff074009bcbae51') in 0.0300453 seconds
Number of updated asset objects reloaded before import = 0Number of asset objects unloaded after import = 1

========================================================================
Received Import Request.
  Time since last request: 0.000092 seconds.
  path: Assets/CorgiEngine/ThirdParty/MoreMountains/MMTools/Accessories/MMDebugMenu/Scripts/UIClasses/MMDebugMenuRadioButton.cs
  artifactKey: Guid(17217ce8411bdf240a5e6ab4b8ad0a65) Importer(2089858483,192608db42251d675da83286b1cce702)
Start importing Assets/CorgiEngine/ThirdParty/MoreMountains/MMTools/Accessories/MMDebugMenu/Scripts/UIClasses/MMDebugMenuRadioButton.cs using Guid(17217ce8411bdf240a5e6ab4b8ad0a65) Importer(2089858483,192608db42251d675da83286b1cce702) (ScriptedImporter) -> (artifact id: '4edce591a071f0dd23a571a3df8d8d7d') in 0.020957 seconds
Number of updated asset objects reloaded before import = 0Number of asset objects unloaded after import = 0

========================================================================
Received Import Request.
  Time since last request: 0.000123 seconds.
  path: Assets/CorgiEngine/ThirdParty/MoreMountains/MMTools/Accessories/MMDebugMenu/Scripts/Tabs/MMDebugMenuDebugTab.cs
  artifactKey: Guid(5f28e9eb155c32542978f8e9ecbc19f3) Importer(2089858483,192608db42251d675da83286b1cce702)
Start importing Assets/CorgiEngine/ThirdParty/MoreMountains/MMTools/Accessories/MMDebugMenu/Scripts/Tabs/MMDebugMenuDebugTab.cs using Guid(5f28e9eb155c32542978f8e9ecbc19f3) Importer(2089858483,192608db42251d675da83286b1cce702) (ScriptedImporter) -> (artifact id: 'f50098f8eb3b2fbe6addaa34fd424dc7') in 0.023966 seconds
Number of updated asset objects reloaded before import = 0Number of asset objects unloaded after import = 0

========================================================================
Received Import Request.
  Time since last request: 0.000201 seconds.
  path: Assets/CorgiEngine/ThirdParty/MoreMountains/MMInterface/Styles/Mini/Prefabs/Buttons/Blue/ButtonSquareDoubleChevron.prefab
  artifactKey: Guid(6eb03f0d0e7b7cf449f405687e1b7b2d) Importer(2089858483,192608db42251d675da83286b1cce702)
Start importing Assets/CorgiEngine/ThirdParty/MoreMountains/MMInterface/Styles/Mini/Prefabs/Buttons/Blue/ButtonSquareDoubleChevron.prefab using Guid(6eb03f0d0e7b7cf449f405687e1b7b2d) Importer(2089858483,192608db42251d675da83286b1cce702) (ScriptedImporter) -> (artifact id: '5b4021105b5f71bf24f55aa72685a3dd') in 0.0459834 seconds
Number of updated asset objects reloaded before import = 0Number of asset objects unloaded after import = 41

========================================================================
Received Import Request.
  Time since last request: 0.000037 seconds.
  path: Assets/CorgiEngine/ThirdParty/MoreMountains/MMTools/Accessories/MMPrototypeTextures/MMBRP_Materials/Skybox/MMBRP_BlueSkybox.mat
  artifactKey: Guid(071011635f1949c46a85b7caac317267) Importer(2089858483,192608db42251d675da83286b1cce702)
Start importing Assets/CorgiEngine/ThirdParty/MoreMountains/MMTools/Accessories/MMPrototypeTextures/MMBRP_Materials/Skybox/MMBRP_BlueSkybox.mat using Guid(071011635f1949c46a85b7caac317267) Importer(2089858483,192608db42251d675da83286b1cce702) (ScriptedImporter) -> (artifact id: '380e842f4f699279164cd62fe9a0c5cf') in 0.0259939 seconds
Number of updated asset objects reloaded before import = 0Number of asset objects unloaded after import = 1

========================================================================
Received Import Request.
  Time since last request: 0.000072 seconds.
  path: Assets/CorgiEngine/ThirdParty/MoreMountains/MMInterface/Styles/Mini/Prefabs/Buttons/Blue/ButtonSquareCheck.prefab
  artifactKey: Guid(1994d900dd677884ba8bcc7630713635) Importer(2089858483,192608db42251d675da83286b1cce702)
Start importing Assets/CorgiEngine/ThirdParty/MoreMountains/MMInterface/Styles/Mini/Prefabs/Buttons/Blue/ButtonSquareCheck.prefab using Guid(1994d900dd677884ba8bcc7630713635) Importer(2089858483,192608db42251d675da83286b1cce702) (ScriptedImporter) -> (artifact id: '9da83833fc542f674f10c1b3bf5bfe0d') in 0.0488589 seconds
Number of updated asset objects reloaded before import = 0Number of asset objects unloaded after import = 41

========================================================================
Received Import Request.
  Time since last request: 0.000025 seconds.
  path: Assets/CorgiEngine/ThirdParty/MoreMountains/MMTools/Accessories/MMDebugMenu/Prefabs/MMDebugMenuTabContents.prefab
  artifactKey: Guid(f2f0b25301bf93e43ac5ecc33208a420) Importer(2089858483,192608db42251d675da83286b1cce702)
Start importing Assets/CorgiEngine/ThirdParty/MoreMountains/MMTools/Accessories/MMDebugMenu/Prefabs/MMDebugMenuTabContents.prefab using Guid(f2f0b25301bf93e43ac5ecc33208a420) Importer(2089858483,192608db42251d675da83286b1cce702) (ScriptedImporter) -> (artifact id: '7d399b804ce29c3e83c5ab5e4c09831a') in 0.0665558 seconds
Number of updated asset objects reloaded before import = 0Number of asset objects unloaded after import = 28

========================================================================
Received Import Request.
  Time since last request: 0.000028 seconds.
  path: Assets/CorgiEngine/ThirdParty/MoreMountains/MMTools/Accessories/MMGUI/Materials/MMFaderRoundMaterialMask.mat
  artifactKey: Guid(d9497e52f2de0254eaec18ccb13d788f) Importer(2089858483,192608db42251d675da83286b1cce702)
Start importing Assets/CorgiEngine/ThirdParty/MoreMountains/MMTools/Accessories/MMGUI/Materials/MMFaderRoundMaterialMask.mat using Guid(d9497e52f2de0254eaec18ccb13d788f) Importer(2089858483,192608db42251d675da83286b1cce702) (ScriptedImporter) -> (artifact id: 'c8ed51428747c37013d2f50f4fe71493') in 0.0247529 seconds
Number of updated asset objects reloaded before import = 0Number of asset objects unloaded after import = 1

========================================================================
Received Import Request.
  Time since last request: 0.000030 seconds.
  path: Assets/CorgiEngine/ThirdParty/MoreMountains/MMInterface/Common/Animations/Popup/PopupClose.anim
  artifactKey: Guid(38c6cee51ca08b244a39d147c73e4a92) Importer(2089858483,192608db42251d675da83286b1cce702)
Start importing Assets/CorgiEngine/ThirdParty/MoreMountains/MMInterface/Common/Animations/Popup/PopupClose.anim using Guid(38c6cee51ca08b244a39d147c73e4a92) Importer(2089858483,192608db42251d675da83286b1cce702) (ScriptedImporter) -> (artifact id: '1b6cadac01cf0ff15c84c2e7145d8e17') in 0.0258652 seconds
Number of updated asset objects reloaded before import = 0Number of asset objects unloaded after import = 1

========================================================================
Received Import Request.
  Time since last request: 0.000022 seconds.
  path: Assets/CorgiEngine/ThirdParty/MoreMountains/MMFeedbacks/MMFeedbacksForThirdParty/HDRP/Springs/MMSpringMotionBlurIntensity_HDRP.cs
  artifactKey: Guid(eab722862e080484cab1481e2481a922) Importer(2089858483,192608db42251d675da83286b1cce702)
Start importing Assets/CorgiEngine/ThirdParty/MoreMountains/MMFeedbacks/MMFeedbacksForThirdParty/HDRP/Springs/MMSpringMotionBlurIntensity_HDRP.cs using Guid(eab722862e080484cab1481e2481a922) Importer(2089858483,192608db42251d675da83286b1cce702) (ScriptedImporter) -> (artifact id: '3057c3d63addc98adabc532e66063e31') in 0.0233013 seconds
Number of updated asset objects reloaded before import = 0Number of asset objects unloaded after import = 0

========================================================================
Received Import Request.
  Time since last request: 0.000022 seconds.
  path: Assets/CorgiEngine/ThirdParty/MoreMountains/MMInterface/Styles/Mini/Prefabs/Buttons/DarkGrey/ButtonCircleCross.prefab
  artifactKey: Guid(b3082c35ee43fee418736a3ee74977bb) Importer(2089858483,192608db42251d675da83286b1cce702)
Start importing Assets/CorgiEngine/ThirdParty/MoreMountains/MMInterface/Styles/Mini/Prefabs/Buttons/DarkGrey/ButtonCircleCross.prefab using Guid(b3082c35ee43fee418736a3ee74977bb) Importer(2089858483,192608db42251d675da83286b1cce702) (ScriptedImporter) -> (artifact id: '627c181574faaf8671c946da9d4e8424') in 0.0390825 seconds
Number of updated asset objects reloaded before import = 0Number of asset objects unloaded after import = 42

========================================================================
Received Import Request.
  Time since last request: 0.000021 seconds.
  path: Assets/CorgiEngine/ThirdParty/MoreMountains/MMInterface/Styles/Mini/Prefabs/Buttons/Green/ButtonCircleDoubleChevron.prefab
  artifactKey: Guid(28b1793f8da95eb489ea2adb61ff11e3) Importer(2089858483,192608db42251d675da83286b1cce702)
Start importing Assets/CorgiEngine/ThirdParty/MoreMountains/MMInterface/Styles/Mini/Prefabs/Buttons/Green/ButtonCircleDoubleChevron.prefab using Guid(28b1793f8da95eb489ea2adb61ff11e3) Importer(2089858483,192608db42251d675da83286b1cce702) (ScriptedImporter) -> (artifact id: 'd33b3ceb8e30aee23060fd8245770991') in 0.0509032 seconds
Number of updated asset objects reloaded before import = 0Number of asset objects unloaded after import = 42

========================================================================
Received Import Request.
  Time since last request: 0.000060 seconds.
  path: Assets/CorgiEngine/ThirdParty/MoreMountains/MMInterface/Styles/Mini/Prefabs/Buttons/DarkGrey/ButtonCircleDoubleChevron.prefab
  artifactKey: Guid(ddf945d622a71dc42a8df6d47f26b679) Importer(2089858483,192608db42251d675da83286b1cce702)
Start importing Assets/CorgiEngine/ThirdParty/MoreMountains/MMInterface/Styles/Mini/Prefabs/Buttons/DarkGrey/ButtonCircleDoubleChevron.prefab using Guid(ddf945d622a71dc42a8df6d47f26b679) Importer(2089858483,192608db42251d675da83286b1cce702) (ScriptedImporter) -> (artifact id: 'fbe9478dd60b81a09b3212a4cfaf69e2') in 0.053923 seconds
Number of updated asset objects reloaded before import = 0Number of asset objects unloaded after import = 42

========================================================================
Received Import Request.
  Time since last request: 0.000054 seconds.
  path: Assets/CorgiEngine/ThirdParty/MoreMountains/MMInterface/Styles/Mini/Prefabs/Buttons/Cyan/ButtonCircleStar.prefab
  artifactKey: Guid(64362514d46075545ab1c2d425d405d6) Importer(2089858483,192608db42251d675da83286b1cce702)
Start importing Assets/CorgiEngine/ThirdParty/MoreMountains/MMInterface/Styles/Mini/Prefabs/Buttons/Cyan/ButtonCircleStar.prefab using Guid(64362514d46075545ab1c2d425d405d6) Importer(2089858483,192608db42251d675da83286b1cce702) (ScriptedImporter) -> (artifact id: 'a8922c262f5e2e90c8451bb957ca73c9') in 0.0527741 seconds
Number of updated asset objects reloaded before import = 0Number of asset objects unloaded after import = 41

========================================================================
Received Import Request.
  Time since last request: 0.000029 seconds.
  path: Assets/CorgiEngine/ThirdParty/MoreMountains/MMInterface/Styles/Mini/Prefabs/Buttons/DarkGrey/ButtonSquareArrow.prefab
  artifactKey: Guid(c518ace1a9d3ecc4795dadce0ea7ccf6) Importer(2089858483,192608db42251d675da83286b1cce702)
Start importing Assets/CorgiEngine/ThirdParty/MoreMountains/MMInterface/Styles/Mini/Prefabs/Buttons/DarkGrey/ButtonSquareArrow.prefab using Guid(c518ace1a9d3ecc4795dadce0ea7ccf6) Importer(2089858483,192608db42251d675da83286b1cce702) (ScriptedImporter) -> (artifact id: '355f7674d3c8448b9bb70d272f5b0b1d') in 0.0486833 seconds
Number of updated asset objects reloaded before import = 0Number of asset objects unloaded after import = 41

========================================================================
Received Import Request.
  Time since last request: 0.000024 seconds.
  path: Assets/CorgiEngine/ThirdParty/MoreMountains/MMInterface/Styles/Mini/Prefabs/Buttons/Green/ButtonSquareCross.prefab
  artifactKey: Guid(dd36decc556a83843af84c0d816e31d0) Importer(2089858483,192608db42251d675da83286b1cce702)
Start importing Assets/CorgiEngine/ThirdParty/MoreMountains/MMInterface/Styles/Mini/Prefabs/Buttons/Green/ButtonSquareCross.prefab using Guid(dd36decc556a83843af84c0d816e31d0) Importer(2089858483,192608db42251d675da83286b1cce702) (ScriptedImporter) -> (artifact id: 'fce21bf43bc0206d85767d3bd4f427de') in 0.043351 seconds
Number of updated asset objects reloaded before import = 0Number of asset objects unloaded after import = 42

========================================================================
Received Import Request.
  Time since last request: 0.000041 seconds.
  path: Assets/CorgiEngine/ThirdParty/MoreMountains/MMInterface/Styles/Mini/Prefabs/Buttons/DarkerGrey/ButtonRound.prefab
  artifactKey: Guid(ea4aaeea6e39ef943b801514577ca507) Importer(2089858483,192608db42251d675da83286b1cce702)
Start importing Assets/CorgiEngine/ThirdParty/MoreMountains/MMInterface/Styles/Mini/Prefabs/Buttons/DarkerGrey/ButtonRound.prefab using Guid(ea4aaeea6e39ef943b801514577ca507) Importer(2089858483,192608db42251d675da83286b1cce702) (ScriptedImporter) -> (artifact id: 'a302b68592bc331c27f09357bcc428e6') in 0.0440065 seconds
Number of updated asset objects reloaded before import = 0Number of asset objects unloaded after import = 43

========================================================================
Received Import Request.
  Time since last request: 0.000041 seconds.
  path: Assets/CorgiEngine/ThirdParty/MoreMountains/MMInterface/Styles/Mini/Prefabs/Buttons/Cyan/ButtonSquareSoundOff.prefab
  artifactKey: Guid(5aaac4b6cec7ac74bb0480f62a13c708) Importer(2089858483,192608db42251d675da83286b1cce702)
Start importing Assets/CorgiEngine/ThirdParty/MoreMountains/MMInterface/Styles/Mini/Prefabs/Buttons/Cyan/ButtonSquareSoundOff.prefab using Guid(5aaac4b6cec7ac74bb0480f62a13c708) Importer(2089858483,192608db42251d675da83286b1cce702) (ScriptedImporter) -> (artifact id: '5ba5ac677bd0100ad926c03364c84322') in 0.0449533 seconds
Number of updated asset objects reloaded before import = 0Number of asset objects unloaded after import = 41

========================================================================
Received Import Request.
  Time since last request: 0.000028 seconds.
  path: Assets/CorgiEngine/ThirdParty/MoreMountains/MMInterface/Styles/Mini/Prefabs/Buttons/Green/ButtonSquareArrow.prefab
  artifactKey: Guid(cf35cdc33ee35bd4f8ac5fdb90940ca3) Importer(2089858483,192608db42251d675da83286b1cce702)
Start importing Assets/CorgiEngine/ThirdParty/MoreMountains/MMInterface/Styles/Mini/Prefabs/Buttons/Green/ButtonSquareArrow.prefab using Guid(cf35cdc33ee35bd4f8ac5fdb90940ca3) Importer(2089858483,192608db42251d675da83286b1cce702) (ScriptedImporter) -> (artifact id: 'a630801200fd5b7d5babd4e063d3a3a3') in 0.0399675 seconds
Number of updated asset objects reloaded before import = 0Number of asset objects unloaded after import = 41

========================================================================
Received Import Request.
  Time since last request: 0.000032 seconds.
  path: Assets/CorgiEngine/ThirdParty/MoreMountains/MMInterface/Styles/Mini/Prefabs/Buttons/Cyan/ButtonSquareMusic.prefab
  artifactKey: Guid(075f5bb24bb4d104e897277bd329252d) Importer(2089858483,192608db42251d675da83286b1cce702)
Start importing Assets/CorgiEngine/ThirdParty/MoreMountains/MMInterface/Styles/Mini/Prefabs/Buttons/Cyan/ButtonSquareMusic.prefab using Guid(075f5bb24bb4d104e897277bd329252d) Importer(2089858483,192608db42251d675da83286b1cce702) (ScriptedImporter) -> (artifact id: 'e811b9384e5b14d6d723b847712723e0') in 0.0502732 seconds
Number of updated asset objects reloaded before import = 0Number of asset objects unloaded after import = 41

========================================================================
Received Import Request.
  Time since last request: 0.000033 seconds.
  path: Assets/CorgiEngine/ThirdParty/MoreMountains/MMInterface/Styles/Mini/Prefabs/Buttons/Green/ButtonSquareMusic.prefab
  artifactKey: Guid(795286982dfc4c54b9130207b6b7aec2) Importer(2089858483,192608db42251d675da83286b1cce702)
Start importing Assets/CorgiEngine/ThirdParty/MoreMountains/MMInterface/Styles/Mini/Prefabs/Buttons/Green/ButtonSquareMusic.prefab using Guid(795286982dfc4c54b9130207b6b7aec2) Importer(2089858483,192608db42251d675da83286b1cce702) (ScriptedImporter) -> (artifact id: '7b0977bc657a4dd39fbd603e26e4077e') in 0.0399633 seconds
Number of updated asset objects reloaded before import = 0Number of asset objects unloaded after import = 42

========================================================================
Received Import Request.
  Time since last request: 0.000024 seconds.
  path: Assets/CorgiEngine/ThirdParty/MoreMountains/MMInterface/Styles/Mini/Prefabs/Buttons/DarkGrey/ButtonCircleArrow.prefab
  artifactKey: Guid(6240aeb87dac5cd4b8f121375b2e00ab) Importer(2089858483,192608db42251d675da83286b1cce702)
Start importing Assets/CorgiEngine/ThirdParty/MoreMountains/MMInterface/Styles/Mini/Prefabs/Buttons/DarkGrey/ButtonCircleArrow.prefab using Guid(6240aeb87dac5cd4b8f121375b2e00ab) Importer(2089858483,192608db42251d675da83286b1cce702) (ScriptedImporter) -> (artifact id: '49a3b23170c07403106cfa2d6c51853f') in 0.0440823 seconds
Number of updated asset objects reloaded before import = 0Number of asset objects unloaded after import = 42

========================================================================
Received Import Request.
  Time since last request: 0.000030 seconds.
  path: Assets/CorgiEngine/ThirdParty/MoreMountains/MMInterface/Styles/Mini/Prefabs/Buttons/DarkGrey/ButtonSquareMusic.prefab
  artifactKey: Guid(85e068b390b380949b2eae79209a5a97) Importer(2089858483,192608db42251d675da83286b1cce702)
Start importing Assets/CorgiEngine/ThirdParty/MoreMountains/MMInterface/Styles/Mini/Prefabs/Buttons/DarkGrey/ButtonSquareMusic.prefab using Guid(85e068b390b380949b2eae79209a5a97) Importer(2089858483,192608db42251d675da83286b1cce702) (ScriptedImporter) -> (artifact id: 'c2e26aaba30c937638a81ef18c8ee08a') in 0.0393469 seconds
Number of updated asset objects reloaded before import = 0Number of asset objects unloaded after import = 42

========================================================================
Received Import Request.
  Time since last request: 0.000036 seconds.
  path: Assets/CorgiEngine/ThirdParty/MoreMountains/MMInterface/Styles/Mini/Prefabs/Buttons/Cyan/ButtonSquareSoundOn.prefab
  artifactKey: Guid(4104a57b66659484280a629f8e736a85) Importer(2089858483,192608db42251d675da83286b1cce702)
Start importing Assets/CorgiEngine/ThirdParty/MoreMountains/MMInterface/Styles/Mini/Prefabs/Buttons/Cyan/ButtonSquareSoundOn.prefab using Guid(4104a57b66659484280a629f8e736a85) Importer(2089858483,192608db42251d675da83286b1cce702) (ScriptedImporter) -> (artifact id: '689fb189557d7eb71a7b25c22221be7c') in 0.0459709 seconds
Number of updated asset objects reloaded before import = 0Number of asset objects unloaded after import = 41

========================================================================
Received Import Request.
  Time since last request: 0.000034 seconds.
  path: Assets/CorgiEngine/ThirdParty/MoreMountains/MMInterface/Styles/Mini/Prefabs/Buttons/DarkGrey/ButtonCircleHeart.prefab
  artifactKey: Guid(28caa0b333861d94ba9f4779ef62b6ff) Importer(2089858483,192608db42251d675da83286b1cce702)
Start importing Assets/CorgiEngine/ThirdParty/MoreMountains/MMInterface/Styles/Mini/Prefabs/Buttons/DarkGrey/ButtonCircleHeart.prefab using Guid(28caa0b333861d94ba9f4779ef62b6ff) Importer(2089858483,192608db42251d675da83286b1cce702) (ScriptedImporter) -> (artifact id: 'f2ab9b998cab1401db4086163315da94') in 0.0392255 seconds
Number of updated asset objects reloaded before import = 0Number of asset objects unloaded after import = 42

========================================================================
Received Import Request.
  Time since last request: 0.000028 seconds.
  path: Assets/CorgiEngine/ThirdParty/MoreMountains/MMInterface/Styles/Mini/Prefabs/Buttons/Green/ButtonCircleChevron.prefab
  artifactKey: Guid(f05f543703bbf2a49ba8223e760c9a68) Importer(2089858483,192608db42251d675da83286b1cce702)
Start importing Assets/CorgiEngine/ThirdParty/MoreMountains/MMInterface/Styles/Mini/Prefabs/Buttons/Green/ButtonCircleChevron.prefab using Guid(f05f543703bbf2a49ba8223e760c9a68) Importer(2089858483,192608db42251d675da83286b1cce702) (ScriptedImporter) -> (artifact id: 'e03bbda07fa4448c91e100ec94a6ed7b') in 0.0451973 seconds
Number of updated asset objects reloaded before import = 0Number of asset objects unloaded after import = 42

========================================================================
Received Import Request.
  Time since last request: 0.000033 seconds.
  path: Assets/CorgiEngine/ThirdParty/MoreMountains/MMInterface/Styles/Mini/Prefabs/Buttons/DarkerGrey/ButtonCircleCoin.prefab
  artifactKey: Guid(f32c7838f6ccc714697b26ad56ec6a6c) Importer(2089858483,192608db42251d675da83286b1cce702)
Start importing Assets/CorgiEngine/ThirdParty/MoreMountains/MMInterface/Styles/Mini/Prefabs/Buttons/DarkerGrey/ButtonCircleCoin.prefab using Guid(f32c7838f6ccc714697b26ad56ec6a6c) Importer(2089858483,192608db42251d675da83286b1cce702) (ScriptedImporter) -> (artifact id: 'e9c0d824991dc98f53b2d049e4e256b0') in 0.0423233 seconds
Number of updated asset objects reloaded before import = 0Number of asset objects unloaded after import = 41

========================================================================
Received Import Request.
  Time since last request: 0.000089 seconds.
  path: Assets/CorgiEngine/ThirdParty/MoreMountains/MMInterface/Styles/Mini/Prefabs/Buttons/Green/ButtonCircleCross.prefab
  artifactKey: Guid(11566280fc0b25f4c9a12c7a8ffca4eb) Importer(2089858483,192608db42251d675da83286b1cce702)
Start importing Assets/CorgiEngine/ThirdParty/MoreMountains/MMInterface/Styles/Mini/Prefabs/Buttons/Green/ButtonCircleCross.prefab using Guid(11566280fc0b25f4c9a12c7a8ffca4eb) Importer(2089858483,192608db42251d675da83286b1cce702) (ScriptedImporter) -> (artifact id: 'a5abb9152bb8766cb774db8badaf7d9d') in 0.0398528 seconds
Number of updated asset objects reloaded before import = 0Number of asset objects unloaded after import = 42

========================================================================
Received Import Request.
  Time since last request: 0.000030 seconds.
  path: Assets/CorgiEngine/ThirdParty/MoreMountains/MMInterface/Styles/Mini/Prefabs/Buttons/DarkerGrey/ButtonSquareChevron.prefab
  artifactKey: Guid(979080f714fcc6f44a153ca39baa1ac6) Importer(2089858483,192608db42251d675da83286b1cce702)
Start importing Assets/CorgiEngine/ThirdParty/MoreMountains/MMInterface/Styles/Mini/Prefabs/Buttons/DarkerGrey/ButtonSquareChevron.prefab using Guid(979080f714fcc6f44a153ca39baa1ac6) Importer(2089858483,192608db42251d675da83286b1cce702) (ScriptedImporter) -> (artifact id: '2cbdb61623bb21ae712379fd65b8a131') in 0.0440097 seconds
Number of updated asset objects reloaded before import = 0Number of asset objects unloaded after import = 41

========================================================================
Received Import Request.
  Time since last request: 0.000042 seconds.
  path: Assets/CorgiEngine/ThirdParty/MoreMountains/MMInterface/Styles/Mini/Prefabs/Buttons/DarkerGrey/ButtonAlt.prefab
  artifactKey: Guid(fb812a2205d9b914eb071710eb0b5333) Importer(2089858483,192608db42251d675da83286b1cce702)
Start importing Assets/CorgiEngine/ThirdParty/MoreMountains/MMInterface/Styles/Mini/Prefabs/Buttons/DarkerGrey/ButtonAlt.prefab using Guid(fb812a2205d9b914eb071710eb0b5333) Importer(2089858483,192608db42251d675da83286b1cce702) (ScriptedImporter) -> (artifact id: 'ea4c6345eb1a7176a018b5ab0a5546ab') in 0.0390271 seconds
Number of updated asset objects reloaded before import = 0Number of asset objects unloaded after import = 43

========================================================================
Received Import Request.
  Time since last request: 0.000015 seconds.
  path: Assets/CorgiEngine/ThirdParty/MoreMountains/MMInterface/Styles/Mini/Prefabs/Buttons/Green/ButtonAlt.prefab
  artifactKey: Guid(48337c20d0ff5e240b3c160290c17080) Importer(2089858483,192608db42251d675da83286b1cce702)
Start importing Assets/CorgiEngine/ThirdParty/MoreMountains/MMInterface/Styles/Mini/Prefabs/Buttons/Green/ButtonAlt.prefab using Guid(48337c20d0ff5e240b3c160290c17080) Importer(2089858483,192608db42251d675da83286b1cce702) (ScriptedImporter) -> (artifact id: '7c12b627c20b358c59965f5afa28741e') in 0.0422557 seconds
Number of updated asset objects reloaded before import = 0Number of asset objects unloaded after import = 44

========================================================================
Received Import Request.
  Time since last request: 0.000022 seconds.
  path: Assets/CorgiEngine/ThirdParty/MoreMountains/MMInterface/Styles/Mini/Prefabs/Buttons/Grey/ButtonSquareChevron.prefab
  artifactKey: Guid(0f9e2c6faf55d9f4abe9d5bdec4e164e) Importer(2089858483,192608db42251d675da83286b1cce702)
Start importing Assets/CorgiEngine/ThirdParty/MoreMountains/MMInterface/Styles/Mini/Prefabs/Buttons/Grey/ButtonSquareChevron.prefab using Guid(0f9e2c6faf55d9f4abe9d5bdec4e164e) Importer(2089858483,192608db42251d675da83286b1cce702) (ScriptedImporter) -> (artifact id: '33d863bcd7c1c790c2f9acd159a24042') in 0.0461787 seconds
Number of updated asset objects reloaded before import = 0Number of asset objects unloaded after import = 42

========================================================================
Received Import Request.
  Time since last request: 0.000029 seconds.
  path: Assets/CorgiEngine/ThirdParty/MoreMountains/MMInterface/Styles/Mini/Prefabs/Buttons/HorizontalGradientGreenToBlue/ButtonCircleChevron.prefab
  artifactKey: Guid(bacc6e2e701477a46bb033c7b874e242) Importer(2089858483,192608db42251d675da83286b1cce702)
Start importing Assets/CorgiEngine/ThirdParty/MoreMountains/MMInterface/Styles/Mini/Prefabs/Buttons/HorizontalGradientGreenToBlue/ButtonCircleChevron.prefab using Guid(bacc6e2e701477a46bb033c7b874e242) Importer(2089858483,192608db42251d675da83286b1cce702) (ScriptedImporter) -> (artifact id: '7c80c019c2331aa375adc93c18c73088') in 0.050866 seconds
Number of updated asset objects reloaded before import = 0Number of asset objects unloaded after import = 43

========================================================================
Received Import Request.
  Time since last request: 0.000036 seconds.
  path: Assets/CorgiEngine/ThirdParty/MoreMountains/MMInterface/Styles/Mini/Prefabs/Buttons/HorizontalGradientOrangeToPink/ButtonSquareGear.prefab
  artifactKey: Guid(6d3f9a642b6c6c14eb7fe79de11d0505) Importer(2089858483,192608db42251d675da83286b1cce702)
Start importing Assets/CorgiEngine/ThirdParty/MoreMountains/MMInterface/Styles/Mini/Prefabs/Buttons/HorizontalGradientOrangeToPink/ButtonSquareGear.prefab using Guid(6d3f9a642b6c6c14eb7fe79de11d0505) Importer(2089858483,192608db42251d675da83286b1cce702) (ScriptedImporter) -> (artifact id: '9eae545da3b568f3a4f2e4c6929b0090') in 0.0389991 seconds
Number of updated asset objects reloaded before import = 0Number of asset objects unloaded after import = 43

========================================================================
Received Import Request.
  Time since last request: 0.000028 seconds.
  path: Assets/CorgiEngine/ThirdParty/MoreMountains/MMInterface/Styles/Mini/Prefabs/Buttons/HorizontalGradientOrangeToPink/ButtonCircleCoin.prefab
  artifactKey: Guid(a1e3d8ec8ea8c54488cb6860e1612bf2) Importer(2089858483,192608db42251d675da83286b1cce702)
Start importing Assets/CorgiEngine/ThirdParty/MoreMountains/MMInterface/Styles/Mini/Prefabs/Buttons/HorizontalGradientOrangeToPink/ButtonCircleCoin.prefab using Guid(a1e3d8ec8ea8c54488cb6860e1612bf2) Importer(2089858483,192608db42251d675da83286b1cce702) (ScriptedImporter) -> (artifact id: '3e78bf2d588405f6d1bc0d58beecdd09') in 0.0457151 seconds
Number of updated asset objects reloaded before import = 0Number of asset objects unloaded after import = 43

========================================================================
Received Import Request.
  Time since last request: 0.000033 seconds.
  path: Assets/CorgiEngine/ThirdParty/MoreMountains/MMInterface/Styles/Mini/Prefabs/Buttons/HorizontalGradientOrangeToPink/ButtonAlt.prefab
  artifactKey: Guid(1dab4821ffe29bc4eaebb6009f8537d2) Importer(2089858483,192608db42251d675da83286b1cce702)
Start importing Assets/CorgiEngine/ThirdParty/MoreMountains/MMInterface/Styles/Mini/Prefabs/Buttons/HorizontalGradientOrangeToPink/ButtonAlt.prefab using Guid(1dab4821ffe29bc4eaebb6009f8537d2) Importer(2089858483,192608db42251d675da83286b1cce702) (ScriptedImporter) -> (artifact id: '92f1c22c95a74dea65bf82b200ef6fe3') in 0.045526 seconds
Number of updated asset objects reloaded before import = 0Number of asset objects unloaded after import = 45

========================================================================
Received Import Request.
  Time since last request: 0.000038 seconds.
  path: Assets/CorgiEngine/ThirdParty/MoreMountains/MMInterface/Styles/Mini/Prefabs/Buttons/HorizontalGradientGreenToBlue/ButtonSquareDoubleChevron.prefab
  artifactKey: Guid(b6961ddbbb80b1e428a53e5544a5417e) Importer(2089858483,192608db42251d675da83286b1cce702)
Start importing Assets/CorgiEngine/ThirdParty/MoreMountains/MMInterface/Styles/Mini/Prefabs/Buttons/HorizontalGradientGreenToBlue/ButtonSquareDoubleChevron.prefab using Guid(b6961ddbbb80b1e428a53e5544a5417e) Importer(2089858483,192608db42251d675da83286b1cce702) (ScriptedImporter) -> (artifact id: 'b7a43b39db56760c58cda395e1eca0c4') in 0.0431115 seconds
Number of updated asset objects reloaded before import = 0Number of asset objects unloaded after import = 43

========================================================================
Received Import Request.
  Time since last request: 0.000032 seconds.
  path: Assets/CorgiEngine/ThirdParty/MoreMountains/MMInterface/Styles/Mini/Prefabs/Buttons/HorizontalGradientOrangeToPink/ButtonCircleSoundOff.prefab
  artifactKey: Guid(a4164eaf434b64e4c9fbb66d920adbc8) Importer(2089858483,192608db42251d675da83286b1cce702)
Start importing Assets/CorgiEngine/ThirdParty/MoreMountains/MMInterface/Styles/Mini/Prefabs/Buttons/HorizontalGradientOrangeToPink/ButtonCircleSoundOff.prefab using Guid(a4164eaf434b64e4c9fbb66d920adbc8) Importer(2089858483,192608db42251d675da83286b1cce702) (ScriptedImporter) -> (artifact id: 'f2de1590dbf69b6a74f578cca4fa8a39') in 0.0507202 seconds
Number of updated asset objects reloaded before import = 0Number of asset objects unloaded after import = 43

========================================================================
Received Import Request.
  Time since last request: 0.000022 seconds.
  path: Assets/CorgiEngine/ThirdParty/MoreMountains/MMInterface/Styles/Mini/Prefabs/Buttons/HorizontalGradientOrangeToPink/ButtonRound.prefab
  artifactKey: Guid(74bca2dbec15f724180d4a389982b535) Importer(2089858483,192608db42251d675da83286b1cce702)
Start importing Assets/CorgiEngine/ThirdParty/MoreMountains/MMInterface/Styles/Mini/Prefabs/Buttons/HorizontalGradientOrangeToPink/ButtonRound.prefab using Guid(74bca2dbec15f724180d4a389982b535) Importer(2089858483,192608db42251d675da83286b1cce702) (ScriptedImporter) -> (artifact id: '8bdd7ed342292279573c5d8276b20ec1') in 0.0403939 seconds
Number of updated asset objects reloaded before import = 0Number of asset objects unloaded after import = 45

========================================================================
Received Import Request.
  Time since last request: 0.000025 seconds.
  path: Assets/CorgiEngine/ThirdParty/MoreMountains/MMInterface/Styles/Mini/Prefabs/Buttons/Grey/ButtonCircleDoubleChevron.prefab
  artifactKey: Guid(3f2d25444f0aad547b8ae85a26ed1d4e) Importer(2089858483,192608db42251d675da83286b1cce702)
Start importing Assets/CorgiEngine/ThirdParty/MoreMountains/MMInterface/Styles/Mini/Prefabs/Buttons/Grey/ButtonCircleDoubleChevron.prefab using Guid(3f2d25444f0aad547b8ae85a26ed1d4e) Importer(2089858483,192608db42251d675da83286b1cce702) (ScriptedImporter) -> (artifact id: '96379e7f4a1b345c6c0517ad905ba75f') in 0.0427657 seconds
Number of updated asset objects reloaded before import = 0Number of asset objects unloaded after import = 42

========================================================================
Received Import Request.
  Time since last request: 0.000034 seconds.
  path: Assets/CorgiEngine/ThirdParty/MoreMountains/MMInterface/Styles/Mini/Prefabs/Buttons/HorizontalGradientOrangeToPink/ButtonCircleGear.prefab
  artifactKey: Guid(c1fc70acc57f6da4cb4c3c7278f249f7) Importer(2089858483,192608db42251d675da83286b1cce702)
Start importing Assets/CorgiEngine/ThirdParty/MoreMountains/MMInterface/Styles/Mini/Prefabs/Buttons/HorizontalGradientOrangeToPink/ButtonCircleGear.prefab using Guid(c1fc70acc57f6da4cb4c3c7278f249f7) Importer(2089858483,192608db42251d675da83286b1cce702) (ScriptedImporter) -> (artifact id: 'd04ba5616f75c89056dc99cffae2f56b') in 0.039125 seconds
Number of updated asset objects reloaded before import = 0Number of asset objects unloaded after import = 43

========================================================================
Received Import Request.
  Time since last request: 0.000042 seconds.
  path: Assets/CorgiEngine/ThirdParty/MoreMountains/MMInterface/Styles/Mini/Prefabs/Buttons/HorizontalGradientOrangeToPink/ButtonSquareCross.prefab
  artifactKey: Guid(183bb005163e57245ab6ba78be2b932e) Importer(2089858483,192608db42251d675da83286b1cce702)
Start importing Assets/CorgiEngine/ThirdParty/MoreMountains/MMInterface/Styles/Mini/Prefabs/Buttons/HorizontalGradientOrangeToPink/ButtonSquareCross.prefab using Guid(183bb005163e57245ab6ba78be2b932e) Importer(2089858483,192608db42251d675da83286b1cce702) (ScriptedImporter) -> (artifact id: 'bea9b3fe5b3ae544321f6db3ace15477') in 0.0444168 seconds
Number of updated asset objects reloaded before import = 0Number of asset objects unloaded after import = 43

========================================================================
Received Import Request.
  Time since last request: 0.000025 seconds.
  path: Assets/CorgiEngine/ThirdParty/MoreMountains/MMInterface/Styles/Mini/Prefabs/Buttons/HorizontalGradientGreenToBlue/ButtonSquareSoundOff.prefab
  artifactKey: Guid(72ec2f2fcdbd5f643a9a5a91a23a9f1d) Importer(2089858483,192608db42251d675da83286b1cce702)
Start importing Assets/CorgiEngine/ThirdParty/MoreMountains/MMInterface/Styles/Mini/Prefabs/Buttons/HorizontalGradientGreenToBlue/ButtonSquareSoundOff.prefab using Guid(72ec2f2fcdbd5f643a9a5a91a23a9f1d) Importer(2089858483,192608db42251d675da83286b1cce702) (ScriptedImporter) -> (artifact id: 'c77c1fc2a0b78ce07236b7f4fbf324fb') in 0.0380454 seconds
Number of updated asset objects reloaded before import = 0Number of asset objects unloaded after import = 43

========================================================================
Received Import Request.
  Time since last request: 0.000026 seconds.
  path: Assets/CorgiEngine/ThirdParty/MoreMountains/MMInterface/Styles/Mini/Prefabs/Buttons/Grey/ButtonSquareGear.prefab
  artifactKey: Guid(c79498569b44a754085d90fe2e9e878a) Importer(2089858483,192608db42251d675da83286b1cce702)
Start importing Assets/CorgiEngine/ThirdParty/MoreMountains/MMInterface/Styles/Mini/Prefabs/Buttons/Grey/ButtonSquareGear.prefab using Guid(c79498569b44a754085d90fe2e9e878a) Importer(2089858483,192608db42251d675da83286b1cce702) (ScriptedImporter) -> (artifact id: 'cbc55db3db3eb4bb0d18b0b362b3983e') in 0.0427387 seconds
Number of updated asset objects reloaded before import = 0Number of asset objects unloaded after import = 42

========================================================================
Received Import Request.
  Time since last request: 0.000032 seconds.
  path: Assets/CorgiEngine/ThirdParty/MoreMountains/MMInterface/Styles/Mini/Prefabs/Buttons/HorizontalGradientGreenToBlue/ButtonSquareCross.prefab
  artifactKey: Guid(4a84b5973b3c73148a8b59db8a727c4a) Importer(2089858483,192608db42251d675da83286b1cce702)
Start importing Assets/CorgiEngine/ThirdParty/MoreMountains/MMInterface/Styles/Mini/Prefabs/Buttons/HorizontalGradientGreenToBlue/ButtonSquareCross.prefab using Guid(4a84b5973b3c73148a8b59db8a727c4a) Importer(2089858483,192608db42251d675da83286b1cce702) (ScriptedImporter) -> (artifact id: '3455305768c852ef50b7d81016233065') in 0.0470514 seconds
Number of updated asset objects reloaded before import = 0Number of asset objects unloaded after import = 43

========================================================================
Received Import Request.
  Time since last request: 0.000026 seconds.
  path: Assets/CorgiEngine/ThirdParty/MoreMountains/MMInterface/Styles/Mini/Prefabs/Buttons/Grey/ButtonCircleCoin.prefab
  artifactKey: Guid(5979a554c1edb2b488161c62f0e87bdc) Importer(2089858483,192608db42251d675da83286b1cce702)
Start importing Assets/CorgiEngine/ThirdParty/MoreMountains/MMInterface/Styles/Mini/Prefabs/Buttons/Grey/ButtonCircleCoin.prefab using Guid(5979a554c1edb2b488161c62f0e87bdc) Importer(2089858483,192608db42251d675da83286b1cce702) (ScriptedImporter) -> (artifact id: '8cdb7ced82b1ff6059795c084e3ae952') in 0.0378905 seconds
Number of updated asset objects reloaded before import = 0Number of asset objects unloaded after import = 42

========================================================================
Received Import Request.
  Time since last request: 0.000068 seconds.
  path: Assets/CorgiEngine/ThirdParty/MoreMountains/MMInterface/Styles/Mini/Prefabs/Buttons/Grey/ButtonCircleChevron.prefab
  artifactKey: Guid(c7434f5f98bcc4341aa0a60a0a699a10) Importer(2089858483,192608db42251d675da83286b1cce702)
Start importing Assets/CorgiEngine/ThirdParty/MoreMountains/MMInterface/Styles/Mini/Prefabs/Buttons/Grey/ButtonCircleChevron.prefab using Guid(c7434f5f98bcc4341aa0a60a0a699a10) Importer(2089858483,192608db42251d675da83286b1cce702) (ScriptedImporter) -> (artifact id: '2861febae71a507ab8ab52268734360a') in 0.0458852 seconds
Number of updated asset objects reloaded before import = 0Number of asset objects unloaded after import = 42

========================================================================
Received Import Request.
  Time since last request: 0.000036 seconds.
  path: Assets/CorgiEngine/ThirdParty/MoreMountains/MMInterface/Styles/Mini/Prefabs/Buttons/Green/ButtonCircleStar.prefab
  artifactKey: Guid(d5138abc43c3b8f428252e94a49554a9) Importer(2089858483,192608db42251d675da83286b1cce702)
Start importing Assets/CorgiEngine/ThirdParty/MoreMountains/MMInterface/Styles/Mini/Prefabs/Buttons/Green/ButtonCircleStar.prefab using Guid(d5138abc43c3b8f428252e94a49554a9) Importer(2089858483,192608db42251d675da83286b1cce702) (ScriptedImporter) -> (artifact id: '8c7c16e3baf32b2304f14b427438ca4b') in 0.040797 seconds
Number of updated asset objects reloaded before import = 0Number of asset objects unloaded after import = 42

========================================================================
Received Import Request.
  Time since last request: 0.000053 seconds.
  path: Assets/CorgiEngine/ThirdParty/MoreMountains/MMInterface/Styles/Mini/Prefabs/Buttons/DarkGrey/ButtonMain.prefab
  artifactKey: Guid(11b2a33de3ac06744892c3a960fa1315) Importer(2089858483,192608db42251d675da83286b1cce702)
Start importing Assets/CorgiEngine/ThirdParty/MoreMountains/MMInterface/Styles/Mini/Prefabs/Buttons/DarkGrey/ButtonMain.prefab using Guid(11b2a33de3ac06744892c3a960fa1315) Importer(2089858483,192608db42251d675da83286b1cce702) (ScriptedImporter) -> (artifact id: 'c7f56454f02ce82bbf5a2b6781a4706f') in 0.044085 seconds
Number of updated asset objects reloaded before import = 0Number of asset objects unloaded after import = 44

========================================================================
Received Import Request.
  Time since last request: 0.000029 seconds.
  path: Assets/CorgiEngine/ThirdParty/MoreMountains/MMInterface/Styles/Mini/Prefabs/Buttons/DarkerGrey/ButtonSquareHeart.prefab
  artifactKey: Guid(5896e0be4cc89b5438e454ec7faf510b) Importer(2089858483,192608db42251d675da83286b1cce702)
Start importing Assets/CorgiEngine/ThirdParty/MoreMountains/MMInterface/Styles/Mini/Prefabs/Buttons/DarkerGrey/ButtonSquareHeart.prefab using Guid(5896e0be4cc89b5438e454ec7faf510b) Importer(2089858483,192608db42251d675da83286b1cce702) (ScriptedImporter) -> (artifact id: '7e37f59c7ee7645c481b5d09e367eb1e') in 0.0447837 seconds
Number of updated asset objects reloaded before import = 0Number of asset objects unloaded after import = 41

========================================================================
Received Import Request.
  Time since last request: 0.000025 seconds.
  path: Assets/CorgiEngine/ThirdParty/MoreMountains/MMInterface/Styles/Mini/Prefabs/Buttons/LightGreen/ButtonSquareHome.prefab
  artifactKey: Guid(2983e6187d65d2d41acf55f077a4228a) Importer(2089858483,192608db42251d675da83286b1cce702)
Start importing Assets/CorgiEngine/ThirdParty/MoreMountains/MMInterface/Styles/Mini/Prefabs/Buttons/LightGreen/ButtonSquareHome.prefab using Guid(2983e6187d65d2d41acf55f077a4228a) Importer(2089858483,192608db42251d675da83286b1cce702) (ScriptedImporter) -> (artifact id: 'd6a0809a10b659ef60e979f1cea7a88a') in 0.0400296 seconds
Number of updated asset objects reloaded before import = 0Number of asset objects unloaded after import = 42

========================================================================
Received Import Request.
  Time since last request: 0.000021 seconds.
  path: Assets/CorgiEngine/ThirdParty/MoreMountains/MMInterface/Styles/Mini/Prefabs/Buttons/LightGrey/ButtonCircleCheck.prefab
  artifactKey: Guid(45b3b1ad227e6de4ea963db04bcc4b5b) Importer(2089858483,192608db42251d675da83286b1cce702)
Start importing Assets/CorgiEngine/ThirdParty/MoreMountains/MMInterface/Styles/Mini/Prefabs/Buttons/LightGrey/ButtonCircleCheck.prefab using Guid(45b3b1ad227e6de4ea963db04bcc4b5b) Importer(2089858483,192608db42251d675da83286b1cce702) (ScriptedImporter) -> (artifact id: '3f8601caa7ee8e46c8777dd71a2a8d14') in 0.0416806 seconds
Number of updated asset objects reloaded before import = 0Number of asset objects unloaded after import = 42

========================================================================
Received Import Request.
  Time since last request: 0.000042 seconds.
  path: Assets/CorgiEngine/ThirdParty/MoreMountains/MMInterface/Styles/Mini/Prefabs/Buttons/LightGrey/ButtonSquareArrow.prefab
  artifactKey: Guid(7b69173ae47b517439c30471bb46425d) Importer(2089858483,192608db42251d675da83286b1cce702)
Start importing Assets/CorgiEngine/ThirdParty/MoreMountains/MMInterface/Styles/Mini/Prefabs/Buttons/LightGrey/ButtonSquareArrow.prefab using Guid(7b69173ae47b517439c30471bb46425d) Importer(2089858483,192608db42251d675da83286b1cce702) (ScriptedImporter) -> (artifact id: '34dc51df21d084b28eda58c128836fb2') in 0.0422017 seconds
Number of updated asset objects reloaded before import = 0Number of asset objects unloaded after import = 41

========================================================================
Received Import Request.
  Time since last request: 0.000048 seconds.
  path: Assets/CorgiEngine/ThirdParty/MoreMountains/MMInterface/Styles/Mini/Prefabs/Buttons/LightGreen/ButtonSquareDoubleChevron.prefab
  artifactKey: Guid(b3ceaf048ef5a8341a32432299c57658) Importer(2089858483,192608db42251d675da83286b1cce702)
Start importing Assets/CorgiEngine/ThirdParty/MoreMountains/MMInterface/Styles/Mini/Prefabs/Buttons/LightGreen/ButtonSquareDoubleChevron.prefab using Guid(b3ceaf048ef5a8341a32432299c57658) Importer(2089858483,192608db42251d675da83286b1cce702) (ScriptedImporter) -> (artifact id: '30848a16e6cb80aaedb8bbdef0cf1162') in 0.0424548 seconds
Number of updated asset objects reloaded before import = 0Number of asset objects unloaded after import = 42

========================================================================
Received Import Request.
  Time since last request: 0.000044 seconds.
  path: Assets/CorgiEngine/ThirdParty/MoreMountains/MMInterface/Styles/Mini/Prefabs/Buttons/LightGreen/ButtonSquareCoin.prefab
  artifactKey: Guid(9f340c2c5c81e964f88975b4cfa235d7) Importer(2089858483,192608db42251d675da83286b1cce702)
Start importing Assets/CorgiEngine/ThirdParty/MoreMountains/MMInterface/Styles/Mini/Prefabs/Buttons/LightGreen/ButtonSquareCoin.prefab using Guid(9f340c2c5c81e964f88975b4cfa235d7) Importer(2089858483,192608db42251d675da83286b1cce702) (ScriptedImporter) -> (artifact id: 'c66372b388413292240d08872ec45adc') in 0.0471238 seconds
Number of updated asset objects reloaded before import = 0Number of asset objects unloaded after import = 42

========================================================================
Received Import Request.
  Time since last request: 0.000028 seconds.
  path: Assets/CorgiEngine/ThirdParty/MoreMountains/MMInterface/Styles/Mini/Prefabs/Buttons/LightGreen/ButtonMain.prefab
  artifactKey: Guid(95d881f194f010544846d1f3ccd5e853) Importer(2089858483,192608db42251d675da83286b1cce702)
Start importing Assets/CorgiEngine/ThirdParty/MoreMountains/MMInterface/Styles/Mini/Prefabs/Buttons/LightGreen/ButtonMain.prefab using Guid(95d881f194f010544846d1f3ccd5e853) Importer(2089858483,192608db42251d675da83286b1cce702) (ScriptedImporter) -> (artifact id: '7665fc47849fab7e56e73ccbb0e67fc5') in 0.0510078 seconds
Number of updated asset objects reloaded before import = 0Number of asset objects unloaded after import = 44

========================================================================
Received Import Request.
  Time since last request: 0.000041 seconds.
  path: Assets/CorgiEngine/ThirdParty/MoreMountains/MMInterface/Styles/Mini/Prefabs/Buttons/Orange/ButtonCircleSoundOff.prefab
  artifactKey: Guid(1f5e7dac3780eb44abcb3faec6339c8c) Importer(2089858483,192608db42251d675da83286b1cce702)
Start importing Assets/CorgiEngine/ThirdParty/MoreMountains/MMInterface/Styles/Mini/Prefabs/Buttons/Orange/ButtonCircleSoundOff.prefab using Guid(1f5e7dac3780eb44abcb3faec6339c8c) Importer(2089858483,192608db42251d675da83286b1cce702) (ScriptedImporter) -> (artifact id: '42264082aea4bfeeb125f055dd2e6e45') in 0.0502931 seconds
Number of updated asset objects reloaded before import = 0Number of asset objects unloaded after import = 42

========================================================================
Received Import Request.
  Time since last request: 0.000025 seconds.
  path: Assets/CorgiEngine/ThirdParty/MoreMountains/MMInterface/Styles/Mini/Prefabs/Buttons/Orange/ButtonCircleStar.prefab
  artifactKey: Guid(2a435afd56a7aaf41b22bc2476509c37) Importer(2089858483,192608db42251d675da83286b1cce702)
Start importing Assets/CorgiEngine/ThirdParty/MoreMountains/MMInterface/Styles/Mini/Prefabs/Buttons/Orange/ButtonCircleStar.prefab using Guid(2a435afd56a7aaf41b22bc2476509c37) Importer(2089858483,192608db42251d675da83286b1cce702) (ScriptedImporter) -> (artifact id: 'd6f02384d0f543322927aba8cf701c13') in 0.0433738 seconds
Number of updated asset objects reloaded before import = 0Number of asset objects unloaded after import = 42

========================================================================
Received Import Request.
  Time since last request: 0.000036 seconds.
  path: Assets/CorgiEngine/ThirdParty/MoreMountains/MMInterface/Styles/Mini/Prefabs/Buttons/LightGreen/ButtonSquareStar.prefab
  artifactKey: Guid(fd5265734eb2d6d4fb90ef56e481dd79) Importer(2089858483,192608db42251d675da83286b1cce702)
Start importing Assets/CorgiEngine/ThirdParty/MoreMountains/MMInterface/Styles/Mini/Prefabs/Buttons/LightGreen/ButtonSquareStar.prefab using Guid(fd5265734eb2d6d4fb90ef56e481dd79) Importer(2089858483,192608db42251d675da83286b1cce702) (ScriptedImporter) -> (artifact id: 'd9533068a49aed7322b26080671bcf3b') in 0.0386978 seconds
Number of updated asset objects reloaded before import = 0Number of asset objects unloaded after import = 42

========================================================================
Received Import Request.
  Time since last request: 0.000034 seconds.
  path: Assets/CorgiEngine/ThirdParty/MoreMountains/MMInterface/Styles/Mini/Prefabs/Buttons/LightGrey/ButtonAlt.prefab
  artifactKey: Guid(dc9b130b304660a4a99e56949989a469) Importer(2089858483,192608db42251d675da83286b1cce702)
Start importing Assets/CorgiEngine/ThirdParty/MoreMountains/MMInterface/Styles/Mini/Prefabs/Buttons/LightGrey/ButtonAlt.prefab using Guid(dc9b130b304660a4a99e56949989a469) Importer(2089858483,192608db42251d675da83286b1cce702) (ScriptedImporter) -> (artifact id: 'b6135134a9395f8d0fa1d1ecc9969465') in 0.0484387 seconds
Number of updated asset objects reloaded before import = 0Number of asset objects unloaded after import = 44

========================================================================
Received Import Request.
  Time since last request: 0.000029 seconds.
  path: Assets/CorgiEngine/ThirdParty/MoreMountains/MMInterface/Styles/Mini/Prefabs/Buttons/LightGrey/ButtonSquareStar.prefab
  artifactKey: Guid(077865c7e6383004b82d0e8df67125e3) Importer(2089858483,192608db42251d675da83286b1cce702)
Start importing Assets/CorgiEngine/ThirdParty/MoreMountains/MMInterface/Styles/Mini/Prefabs/Buttons/LightGrey/ButtonSquareStar.prefab using Guid(077865c7e6383004b82d0e8df67125e3) Importer(2089858483,192608db42251d675da83286b1cce702) (ScriptedImporter) -> (artifact id: 'b9ccb7bba052713deb9235f16fe75ba7') in 0.045404 seconds
Number of updated asset objects reloaded before import = 0Number of asset objects unloaded after import = 42

========================================================================
Received Import Request.
  Time since last request: 0.000031 seconds.
  path: Assets/CorgiEngine/ThirdParty/MoreMountains/MMInterface/Styles/Mini/Prefabs/Buttons/LightGrey/ButtonSquareSoundOn.prefab
  artifactKey: Guid(be102ba5ffb5e7a4eb3fdb70be3b2e61) Importer(2089858483,192608db42251d675da83286b1cce702)
Start importing Assets/CorgiEngine/ThirdParty/MoreMountains/MMInterface/Styles/Mini/Prefabs/Buttons/LightGrey/ButtonSquareSoundOn.prefab using Guid(be102ba5ffb5e7a4eb3fdb70be3b2e61) Importer(2089858483,192608db42251d675da83286b1cce702) (ScriptedImporter) -> (artifact id: '046420f1434af31ba1127e9673e637d5') in 0.0404229 seconds
Number of updated asset objects reloaded before import = 0Number of asset objects unloaded after import = 42

========================================================================
Received Import Request.
  Time since last request: 0.000027 seconds.
  path: Assets/CorgiEngine/ThirdParty/MoreMountains/MMInterface/Styles/Mini/Prefabs/Buttons/Orange/ButtonCircleMusic.prefab
  artifactKey: Guid(8af3fcb7c1c17164bbb3209d92545168) Importer(2089858483,192608db42251d675da83286b1cce702)
Start importing Assets/CorgiEngine/ThirdParty/MoreMountains/MMInterface/Styles/Mini/Prefabs/Buttons/Orange/ButtonCircleMusic.prefab using Guid(8af3fcb7c1c17164bbb3209d92545168) Importer(2089858483,192608db42251d675da83286b1cce702) (ScriptedImporter) -> (artifact id: '5e70f52a5ac5c41969f467649650d8d8') in 0.0460936 seconds
Number of updated asset objects reloaded before import = 0Number of asset objects unloaded after import = 42

========================================================================
Received Import Request.
  Time since last request: 0.000035 seconds.
  path: Assets/CorgiEngine/ThirdParty/MoreMountains/MMInterface/Styles/Mini/Prefabs/Buttons/LightGrey/ButtonSquareSoundOff.prefab
  artifactKey: Guid(3da8e44b062d1b34b802bd4aeef3caa5) Importer(2089858483,192608db42251d675da83286b1cce702)
Start importing Assets/CorgiEngine/ThirdParty/MoreMountains/MMInterface/Styles/Mini/Prefabs/Buttons/LightGrey/ButtonSquareSoundOff.prefab using Guid(3da8e44b062d1b34b802bd4aeef3caa5) Importer(2089858483,192608db42251d675da83286b1cce702) (ScriptedImporter) -> (artifact id: '677b14d6f226b97e0c070967ca7ff24c') in 0.0501734 seconds
Number of updated asset objects reloaded before import = 0Number of asset objects unloaded after import = 42

========================================================================
Received Import Request.
  Time since last request: 0.000053 seconds.
  path: Assets/CorgiEngine/ThirdParty/MoreMountains/MMInterface/Styles/Mini/Prefabs/Buttons/LightGreen/ButtonSquareGear.prefab
  artifactKey: Guid(b4cd2df052212e94aa2f5cbb88f2e2de) Importer(2089858483,192608db42251d675da83286b1cce702)
Start importing Assets/CorgiEngine/ThirdParty/MoreMountains/MMInterface/Styles/Mini/Prefabs/Buttons/LightGreen/ButtonSquareGear.prefab using Guid(b4cd2df052212e94aa2f5cbb88f2e2de) Importer(2089858483,192608db42251d675da83286b1cce702) (ScriptedImporter) -> (artifact id: '7bc2cc341d39f734aeba0c0455ed8f52') in 0.048324 seconds
Number of updated asset objects reloaded before import = 0Number of asset objects unloaded after import = 42

========================================================================
Received Import Request.
  Time since last request: 0.000023 seconds.
  path: Assets/CorgiEngine/ThirdParty/MoreMountains/MMInterface/Styles/Mini/Prefabs/Buttons/LightGreen/ButtonSquareSoundOff.prefab
  artifactKey: Guid(be605c42deb614f44ac7f6affab9e515) Importer(2089858483,192608db42251d675da83286b1cce702)
Start importing Assets/CorgiEngine/ThirdParty/MoreMountains/MMInterface/Styles/Mini/Prefabs/Buttons/LightGreen/ButtonSquareSoundOff.prefab using Guid(be605c42deb614f44ac7f6affab9e515) Importer(2089858483,192608db42251d675da83286b1cce702) (ScriptedImporter) -> (artifact id: '95f5b8e5eae48cc758155f307c391e02') in 0.0369094 seconds
Number of updated asset objects reloaded before import = 0Number of asset objects unloaded after import = 42

========================================================================
Received Import Request.
  Time since last request: 0.000023 seconds.
  path: Assets/CorgiEngine/ThirdParty/MoreMountains/MMInterface/Styles/Mini/Prefabs/Buttons/LightGreen/ButtonCircleHeart.prefab
  artifactKey: Guid(f3a3c3583fe1ee34cb6db571a099aa74) Importer(2089858483,192608db42251d675da83286b1cce702)
Start importing Assets/CorgiEngine/ThirdParty/MoreMountains/MMInterface/Styles/Mini/Prefabs/Buttons/LightGreen/ButtonCircleHeart.prefab using Guid(f3a3c3583fe1ee34cb6db571a099aa74) Importer(2089858483,192608db42251d675da83286b1cce702) (ScriptedImporter) -> (artifact id: 'e216e8b2df66b2efd3364597729d16f6') in 0.0416701 seconds
Number of updated asset objects reloaded before import = 0Number of asset objects unloaded after import = 42

========================================================================
Received Import Request.
  Time since last request: 0.000026 seconds.
  path: Assets/CorgiEngine/ThirdParty/MoreMountains/MMInterface/Styles/Mini/Prefabs/Buttons/Pink/ButtonCircleArrow.prefab
  artifactKey: Guid(9ce58f39cfc5e6142953e0147db9bc5a) Importer(2089858483,192608db42251d675da83286b1cce702)
Start importing Assets/CorgiEngine/ThirdParty/MoreMountains/MMInterface/Styles/Mini/Prefabs/Buttons/Pink/ButtonCircleArrow.prefab using Guid(9ce58f39cfc5e6142953e0147db9bc5a) Importer(2089858483,192608db42251d675da83286b1cce702) (ScriptedImporter) -> (artifact id: '6de9026b350e42076b690297e05e6e12') in 0.0359584 seconds
Number of updated asset objects reloaded before import = 0Number of asset objects unloaded after import = 42

========================================================================
Received Import Request.
  Time since last request: 0.000017 seconds.
  path: Assets/CorgiEngine/ThirdParty/MoreMountains/MMInterface/Styles/Mini/Prefabs/Buttons/Pink/ButtonSquareHome.prefab
  artifactKey: Guid(9b24e6cb1f14fa3458ddac1fa9f9fd03) Importer(2089858483,192608db42251d675da83286b1cce702)
Start importing Assets/CorgiEngine/ThirdParty/MoreMountains/MMInterface/Styles/Mini/Prefabs/Buttons/Pink/ButtonSquareHome.prefab using Guid(9b24e6cb1f14fa3458ddac1fa9f9fd03) Importer(2089858483,192608db42251d675da83286b1cce702) (ScriptedImporter) -> (artifact id: '8a60fbc0a6dba65d0c63111b6252e080') in 0.0469536 seconds
Number of updated asset objects reloaded before import = 0Number of asset objects unloaded after import = 42

========================================================================
Received Import Request.
  Time since last request: 0.000031 seconds.
  path: Assets/CorgiEngine/ThirdParty/MoreMountains/MMInterface/Styles/Mini/Prefabs/Buttons/Pink/ButtonSquareStar.prefab
  artifactKey: Guid(67fac43531b5c534c8f7181829c78af9) Importer(2089858483,192608db42251d675da83286b1cce702)
Start importing Assets/CorgiEngine/ThirdParty/MoreMountains/MMInterface/Styles/Mini/Prefabs/Buttons/Pink/ButtonSquareStar.prefab using Guid(67fac43531b5c534c8f7181829c78af9) Importer(2089858483,192608db42251d675da83286b1cce702) (ScriptedImporter) -> (artifact id: '2f515faf3f22f022ae3376ec9416e799') in 0.0424697 seconds
Number of updated asset objects reloaded before import = 0Number of asset objects unloaded after import = 42

========================================================================
Received Import Request.
  Time since last request: 0.000035 seconds.
  path: Assets/CorgiEngine/ThirdParty/MoreMountains/MMInterface/Styles/Mini/Prefabs/Buttons/Purple/ButtonCircleCross.prefab
  artifactKey: Guid(2098e4b716a57564b968696658126fd5) Importer(2089858483,192608db42251d675da83286b1cce702)
Start importing Assets/CorgiEngine/ThirdParty/MoreMountains/MMInterface/Styles/Mini/Prefabs/Buttons/Purple/ButtonCircleCross.prefab using Guid(2098e4b716a57564b968696658126fd5) Importer(2089858483,192608db42251d675da83286b1cce702) (ScriptedImporter) -> (artifact id: 'c6b5258f2f4b666466bda8ef49bdbee9') in 0.0423485 seconds
Number of updated asset objects reloaded before import = 0Number of asset objects unloaded after import = 42

========================================================================
Received Import Request.
  Time since last request: 0.000023 seconds.
  path: Assets/CorgiEngine/ThirdParty/MoreMountains/MMInterface/Styles/Mini/Prefabs/Buttons/Orange/ButtonSquareCross.prefab
  artifactKey: Guid(ba9b9e1546685ed45b8d54e05f8c41e2) Importer(2089858483,192608db42251d675da83286b1cce702)
Start importing Assets/CorgiEngine/ThirdParty/MoreMountains/MMInterface/Styles/Mini/Prefabs/Buttons/Orange/ButtonSquareCross.prefab using Guid(ba9b9e1546685ed45b8d54e05f8c41e2) Importer(2089858483,192608db42251d675da83286b1cce702) (ScriptedImporter) -> (artifact id: '821e710ebec211d0981ea498495e6973') in 0.0385202 seconds
Number of updated asset objects reloaded before import = 0Number of asset objects unloaded after import = 42

========================================================================
Received Import Request.
  Time since last request: 0.000039 seconds.
  path: Assets/CorgiEngine/ThirdParty/MoreMountains/MMInterface/Styles/Mini/Prefabs/Buttons/Pink/ButtonSquareChevron.prefab
  artifactKey: Guid(ae7c2268e48551d45bd501a9621d6ec2) Importer(2089858483,192608db42251d675da83286b1cce702)
Start importing Assets/CorgiEngine/ThirdParty/MoreMountains/MMInterface/Styles/Mini/Prefabs/Buttons/Pink/ButtonSquareChevron.prefab using Guid(ae7c2268e48551d45bd501a9621d6ec2) Importer(2089858483,192608db42251d675da83286b1cce702) (ScriptedImporter) -> (artifact id: '9048a1f8d91889c07b6680315b06a7ad') in 0.0436941 seconds
Number of updated asset objects reloaded before import = 0Number of asset objects unloaded after import = 42

========================================================================
Received Import Request.
  Time since last request: 0.000022 seconds.
  path: Assets/CorgiEngine/ThirdParty/MoreMountains/MMInterface/Styles/Mini/Prefabs/Buttons/Purple/ButtonCircleMusic.prefab
  artifactKey: Guid(743a91e13c3236c488400aecbf42cf63) Importer(2089858483,192608db42251d675da83286b1cce702)
Start importing Assets/CorgiEngine/ThirdParty/MoreMountains/MMInterface/Styles/Mini/Prefabs/Buttons/Purple/ButtonCircleMusic.prefab using Guid(743a91e13c3236c488400aecbf42cf63) Importer(2089858483,192608db42251d675da83286b1cce702) (ScriptedImporter) -> (artifact id: '61cd259de244f478a50520c3c907caa2') in 0.0369123 seconds
Number of updated asset objects reloaded before import = 0Number of asset objects unloaded after import = 42

========================================================================
Received Import Request.
  Time since last request: 0.000023 seconds.
  path: Assets/CorgiEngine/ThirdParty/MoreMountains/MMInterface/Styles/Mini/Prefabs/Buttons/Purple/ButtonSquareCheck.prefab
  artifactKey: Guid(4980a5f0b88611344b36960e3f007b9f) Importer(2089858483,192608db42251d675da83286b1cce702)
Start importing Assets/CorgiEngine/ThirdParty/MoreMountains/MMInterface/Styles/Mini/Prefabs/Buttons/Purple/ButtonSquareCheck.prefab using Guid(4980a5f0b88611344b36960e3f007b9f) Importer(2089858483,192608db42251d675da83286b1cce702) (ScriptedImporter) -> (artifact id: 'f2967ee3187f1efe17df45838168810f') in 0.0415995 seconds
Number of updated asset objects reloaded before import = 0Number of asset objects unloaded after import = 42

========================================================================
Received Import Request.
  Time since last request: 0.000025 seconds.
  path: Assets/CorgiEngine/ThirdParty/MoreMountains/MMInterface/Styles/Mini/Prefabs/Buttons/Orange/ButtonSquareStar.prefab
  artifactKey: Guid(cabd34e82b488cc4c9bc6b76a519572d) Importer(2089858483,192608db42251d675da83286b1cce702)
Start importing Assets/CorgiEngine/ThirdParty/MoreMountains/MMInterface/Styles/Mini/Prefabs/Buttons/Orange/ButtonSquareStar.prefab using Guid(cabd34e82b488cc4c9bc6b76a519572d) Importer(2089858483,192608db42251d675da83286b1cce702) (ScriptedImporter) -> (artifact id: '1b91f91b5f2cadd34c52247636eb665d') in 0.0417003 seconds
Number of updated asset objects reloaded before import = 0Number of asset objects unloaded after import = 42

========================================================================
Received Import Request.
  Time since last request: 0.000038 seconds.
  path: Assets/CorgiEngine/ThirdParty/MoreMountains/MMInterface/Styles/Mini/Prefabs/Buttons/Pink/ButtonSquareMusic.prefab
  artifactKey: Guid(2bd44bbf561398641878add1fb48bfa9) Importer(2089858483,192608db42251d675da83286b1cce702)
Start importing Assets/CorgiEngine/ThirdParty/MoreMountains/MMInterface/Styles/Mini/Prefabs/Buttons/Pink/ButtonSquareMusic.prefab using Guid(2bd44bbf561398641878add1fb48bfa9) Importer(2089858483,192608db42251d675da83286b1cce702) (ScriptedImporter) -> (artifact id: '1436212aa25146950e4f9602368cc425') in 0.0401391 seconds
Number of updated asset objects reloaded before import = 0Number of asset objects unloaded after import = 42

========================================================================
Received Import Request.
  Time since last request: 0.000024 seconds.
  path: Assets/CorgiEngine/ThirdParty/MoreMountains/MMInterface/Styles/Mini/Prefabs/Buttons/Pink/ButtonMain.prefab
  artifactKey: Guid(2b71dfa2846f98f4389d55ee3cad3d62) Importer(2089858483,192608db42251d675da83286b1cce702)
Start importing Assets/CorgiEngine/ThirdParty/MoreMountains/MMInterface/Styles/Mini/Prefabs/Buttons/Pink/ButtonMain.prefab using Guid(2b71dfa2846f98f4389d55ee3cad3d62) Importer(2089858483,192608db42251d675da83286b1cce702) (ScriptedImporter) -> (artifact id: '8286932ae26770ea92983d41d44a660a') in 0.0430001 seconds
Number of updated asset objects reloaded before import = 0Number of asset objects unloaded after import = 44

========================================================================
Received Import Request.
  Time since last request: 0.000024 seconds.
  path: Assets/CorgiEngine/ThirdParty/MoreMountains/MMInterface/Styles/Mini/Prefabs/Buttons/Purple/ButtonSquareChevron.prefab
  artifactKey: Guid(afef8ee33aa724a4996197eca6910f67) Importer(2089858483,192608db42251d675da83286b1cce702)
Start importing Assets/CorgiEngine/ThirdParty/MoreMountains/MMInterface/Styles/Mini/Prefabs/Buttons/Purple/ButtonSquareChevron.prefab using Guid(afef8ee33aa724a4996197eca6910f67) Importer(2089858483,192608db42251d675da83286b1cce702) (ScriptedImporter) -> (artifact id: 'bcaec4334feb7481cddf093ec19d9aa4') in 0.0453466 seconds
Number of updated asset objects reloaded before import = 0Number of asset objects unloaded after import = 42

========================================================================
Received Import Request.
  Time since last request: 0.000026 seconds.
  path: Assets/CorgiEngine/ThirdParty/MoreMountains/MMInterface/Styles/Mini/Prefabs/Buttons/Purple/ButtonSquareGear.prefab
  artifactKey: Guid(f8f57e3dbb3c8ce448befd93eed66136) Importer(2089858483,192608db42251d675da83286b1cce702)
Start importing Assets/CorgiEngine/ThirdParty/MoreMountains/MMInterface/Styles/Mini/Prefabs/Buttons/Purple/ButtonSquareGear.prefab using Guid(f8f57e3dbb3c8ce448befd93eed66136) Importer(2089858483,192608db42251d675da83286b1cce702) (ScriptedImporter) -> (artifact id: 'ee8a942a27f2b1d8a3bb1ea225e5f188') in 0.0443429 seconds
Number of updated asset objects reloaded before import = 0Number of asset objects unloaded after import = 42

========================================================================
Received Import Request.
  Time since last request: 0.000039 seconds.
  path: Assets/CorgiEngine/ThirdParty/MoreMountains/MMInterface/Styles/Mini/Prefabs/Buttons/Pink/ButtonSquareCoin.prefab
  artifactKey: Guid(fef34a19799110e4c8b406fd9d31bdcd) Importer(2089858483,192608db42251d675da83286b1cce702)
Start importing Assets/CorgiEngine/ThirdParty/MoreMountains/MMInterface/Styles/Mini/Prefabs/Buttons/Pink/ButtonSquareCoin.prefab using Guid(fef34a19799110e4c8b406fd9d31bdcd) Importer(2089858483,192608db42251d675da83286b1cce702) (ScriptedImporter) -> (artifact id: 'ff5e6d49bc417f601d3dca415b9136fe') in 0.0393349 seconds
Number of updated asset objects reloaded before import = 0Number of asset objects unloaded after import = 42

========================================================================
Received Import Request.
  Time since last request: 0.000031 seconds.
  path: Assets/CorgiEngine/ThirdParty/MoreMountains/MMInterface/Styles/Mini/Prefabs/Buttons/Orange/ButtonSquareChevron.prefab
  artifactKey: Guid(71de800b5648e3a42b26b0f70369acda) Importer(2089858483,192608db42251d675da83286b1cce702)
Start importing Assets/CorgiEngine/ThirdParty/MoreMountains/MMInterface/Styles/Mini/Prefabs/Buttons/Orange/ButtonSquareChevron.prefab using Guid(71de800b5648e3a42b26b0f70369acda) Importer(2089858483,192608db42251d675da83286b1cce702) (ScriptedImporter) -> (artifact id: '2e10800b6f29b0918e180dc222247a1f') in 0.0420949 seconds
Number of updated asset objects reloaded before import = 0Number of asset objects unloaded after import = 42

========================================================================
Received Import Request.
  Time since last request: 0.000048 seconds.
  path: Assets/CorgiEngine/ThirdParty/MoreMountains/MMInterface/Styles/Mini/Prefabs/Buttons/LightGreen/ButtonSquareChevron.prefab
  artifactKey: Guid(8abac0217bc85584f84a232016041ff3) Importer(2089858483,192608db42251d675da83286b1cce702)
Start importing Assets/CorgiEngine/ThirdParty/MoreMountains/MMInterface/Styles/Mini/Prefabs/Buttons/LightGreen/ButtonSquareChevron.prefab using Guid(8abac0217bc85584f84a232016041ff3) Importer(2089858483,192608db42251d675da83286b1cce702) (ScriptedImporter) -> (artifact id: '79530a261cd1aa36ad2d595cd5c49e15') in 0.0573129 seconds
Number of updated asset objects reloaded before import = 0Number of asset objects unloaded after import = 42

========================================================================
Received Import Request.
  Time since last request: 0.000027 seconds.
  path: Assets/CorgiEngine/ThirdParty/MoreMountains/MMInterface/Styles/Mini/Prefabs/Buttons/LightGrey/ButtonSquareChevron.prefab
  artifactKey: Guid(7d5356cf4579da24eae45632a7f07aa1) Importer(2089858483,192608db42251d675da83286b1cce702)
Start importing Assets/CorgiEngine/ThirdParty/MoreMountains/MMInterface/Styles/Mini/Prefabs/Buttons/LightGrey/ButtonSquareChevron.prefab using Guid(7d5356cf4579da24eae45632a7f07aa1) Importer(2089858483,192608db42251d675da83286b1cce702) (ScriptedImporter) -> (artifact id: '389893c50e4bfc44d1ee5953f20b1924') in 0.046297 seconds
Number of updated asset objects reloaded before import = 0Number of asset objects unloaded after import = 42

========================================================================
Received Import Request.
  Time since last request: 0.000019 seconds.
  path: Assets/CorgiEngine/ThirdParty/MoreMountains/MMInterface/Styles/Mini/Prefabs/Buttons/VerticalGradientGreenToCyan/ButtonCircleDoubleChevron.prefab
  artifactKey: Guid(4dfcbb3167a480c47a5a97629bed571d) Importer(2089858483,192608db42251d675da83286b1cce702)
Start importing Assets/CorgiEngine/ThirdParty/MoreMountains/MMInterface/Styles/Mini/Prefabs/Buttons/VerticalGradientGreenToCyan/ButtonCircleDoubleChevron.prefab using Guid(4dfcbb3167a480c47a5a97629bed571d) Importer(2089858483,192608db42251d675da83286b1cce702) (ScriptedImporter) -> (artifact id: 'dca9e1f6e7679139b7b034cfcb45b1b4') in 0.0431201 seconds
Number of updated asset objects reloaded before import = 0Number of asset objects unloaded after import = 43

========================================================================
Received Import Request.
  Time since last request: 0.000022 seconds.
  path: Assets/CorgiEngine/ThirdParty/MoreMountains/MMInterface/Styles/Mini/Prefabs/Buttons/VerticalGradientBlueToPurple/ButtonCircleSoundOff.prefab
  artifactKey: Guid(3cb633858c6b5f249b5ffa7058f7a0be) Importer(2089858483,192608db42251d675da83286b1cce702)
Start importing Assets/CorgiEngine/ThirdParty/MoreMountains/MMInterface/Styles/Mini/Prefabs/Buttons/VerticalGradientBlueToPurple/ButtonCircleSoundOff.prefab using Guid(3cb633858c6b5f249b5ffa7058f7a0be) Importer(2089858483,192608db42251d675da83286b1cce702) (ScriptedImporter) -> (artifact id: 'd9fca18c7966d1661e16994b5c7d6cec') in 0.0386414 seconds
Number of updated asset objects reloaded before import = 0Number of asset objects unloaded after import = 43

========================================================================
Received Import Request.
  Time since last request: 0.000029 seconds.
  path: Assets/CorgiEngine/ThirdParty/MoreMountains/MMInterface/Styles/Mini/Prefabs/Buttons/VerticalGradientBlueToPurple/ButtonSquareSoundOff.prefab
  artifactKey: Guid(7bc475f4467f1334aa85bc87ed2a4b0f) Importer(2089858483,192608db42251d675da83286b1cce702)
Start importing Assets/CorgiEngine/ThirdParty/MoreMountains/MMInterface/Styles/Mini/Prefabs/Buttons/VerticalGradientBlueToPurple/ButtonSquareSoundOff.prefab using Guid(7bc475f4467f1334aa85bc87ed2a4b0f) Importer(2089858483,192608db42251d675da83286b1cce702) (ScriptedImporter) -> (artifact id: '1e8b70a40a941359b3cd36abb71ecefe') in 0.0444283 seconds
Number of updated asset objects reloaded before import = 0Number of asset objects unloaded after import = 43

========================================================================
Received Import Request.
  Time since last request: 0.000044 seconds.
  path: Assets/CorgiEngine/ThirdParty/MoreMountains/MMInterface/Styles/Mini/Prefabs/Buttons/VerticalGradientBlueToPurple/ButtonCircleMusic.prefab
  artifactKey: Guid(3b665891386247241924d1ac46f17431) Importer(2089858483,192608db42251d675da83286b1cce702)
Start importing Assets/CorgiEngine/ThirdParty/MoreMountains/MMInterface/Styles/Mini/Prefabs/Buttons/VerticalGradientBlueToPurple/ButtonCircleMusic.prefab using Guid(3b665891386247241924d1ac46f17431) Importer(2089858483,192608db42251d675da83286b1cce702) (ScriptedImporter) -> (artifact id: 'd2d7145a4796a23fdfa7aba9c3074578') in 0.0438469 seconds
Number of updated asset objects reloaded before import = 0Number of asset objects unloaded after import = 43

========================================================================
Received Import Request.
  Time since last request: 0.000044 seconds.
  path: Assets/CorgiEngine/ThirdParty/MoreMountains/MMInterface/Styles/Mini/Prefabs/Buttons/VerticalGradientGreenToCyan/ButtonCircleCross.prefab
  artifactKey: Guid(db8bcc7d6c5601d46a33a989288646b5) Importer(2089858483,192608db42251d675da83286b1cce702)
Start importing Assets/CorgiEngine/ThirdParty/MoreMountains/MMInterface/Styles/Mini/Prefabs/Buttons/VerticalGradientGreenToCyan/ButtonCircleCross.prefab using Guid(db8bcc7d6c5601d46a33a989288646b5) Importer(2089858483,192608db42251d675da83286b1cce702) (ScriptedImporter) -> (artifact id: '587e3b43079eca9e42e13cba74ae3ff7') in 0.0408825 seconds
Number of updated asset objects reloaded before import = 0Number of asset objects unloaded after import = 43

========================================================================
Received Import Request.
  Time since last request: 0.000025 seconds.
  path: Assets/CorgiEngine/ThirdParty/MoreMountains/MMInterface/Styles/Mini/Prefabs/Buttons/VerticalGradientBlueToCyan/ButtonSquareDoubleChevron.prefab
  artifactKey: Guid(b98cb3421298c49468680f71e431013d) Importer(2089858483,192608db42251d675da83286b1cce702)
Start importing Assets/CorgiEngine/ThirdParty/MoreMountains/MMInterface/Styles/Mini/Prefabs/Buttons/VerticalGradientBlueToCyan/ButtonSquareDoubleChevron.prefab using Guid(b98cb3421298c49468680f71e431013d) Importer(2089858483,192608db42251d675da83286b1cce702) (ScriptedImporter) -> (artifact id: '61b87b599e76564f060de2f5601da68a') in 0.0454992 seconds
Number of updated asset objects reloaded before import = 0Number of asset objects unloaded after import = 43

========================================================================
Received Import Request.
  Time since last request: 0.000026 seconds.
  path: Assets/CorgiEngine/ThirdParty/MoreMountains/MMInterface/Styles/Mini/Prefabs/Buttons/VerticalGradientBlueToPurple/ButtonCircleHeart.prefab
  artifactKey: Guid(136a3ae2ea62bf64e84781add12b2d15) Importer(2089858483,192608db42251d675da83286b1cce702)
Start importing Assets/CorgiEngine/ThirdParty/MoreMountains/MMInterface/Styles/Mini/Prefabs/Buttons/VerticalGradientBlueToPurple/ButtonCircleHeart.prefab using Guid(136a3ae2ea62bf64e84781add12b2d15) Importer(2089858483,192608db42251d675da83286b1cce702) (ScriptedImporter) -> (artifact id: '3872279c53911d2a76486a85b7dedf12') in 0.0363221 seconds
Number of updated asset objects reloaded before import = 0Number of asset objects unloaded after import = 43

========================================================================
Received Import Request.
  Time since last request: 0.000021 seconds.
  path: Assets/CorgiEngine/ThirdParty/MoreMountains/MMInterface/Styles/Mini/Prefabs/Buttons/VerticalGradientBlueToCyan/ButtonCircleHome.prefab
  artifactKey: Guid(3ca94ecabc99a3f45a58d74f9d20cffd) Importer(2089858483,192608db42251d675da83286b1cce702)
Start importing Assets/CorgiEngine/ThirdParty/MoreMountains/MMInterface/Styles/Mini/Prefabs/Buttons/VerticalGradientBlueToCyan/ButtonCircleHome.prefab using Guid(3ca94ecabc99a3f45a58d74f9d20cffd) Importer(2089858483,192608db42251d675da83286b1cce702) (ScriptedImporter) -> (artifact id: '215329e42379cc6be486e97c7bad1561') in 0.0422541 seconds
Number of updated asset objects reloaded before import = 0Number of asset objects unloaded after import = 43

========================================================================
Received Import Request.
  Time since last request: 0.000024 seconds.
  path: Assets/CorgiEngine/ThirdParty/MoreMountains/MMInterface/Styles/Mini/Prefabs/Buttons/VerticalGradientBlueToCyan/ButtonCircleCross.prefab
  artifactKey: Guid(faa27b84ad722114eb252144c2fc6ee4) Importer(2089858483,192608db42251d675da83286b1cce702)
Start importing Assets/CorgiEngine/ThirdParty/MoreMountains/MMInterface/Styles/Mini/Prefabs/Buttons/VerticalGradientBlueToCyan/ButtonCircleCross.prefab using Guid(faa27b84ad722114eb252144c2fc6ee4) Importer(2089858483,192608db42251d675da83286b1cce702) (ScriptedImporter) -> (artifact id: '10f63131263868a8fab6104b22e22e97') in 0.03621 seconds
Number of updated asset objects reloaded before import = 0Number of asset objects unloaded after import = 43

========================================================================
Received Import Request.
  Time since last request: 0.000032 seconds.
  path: Assets/CorgiEngine/ThirdParty/MoreMountains/MMInterface/Styles/Mini/Prefabs/Buttons/VerticalGradientBlueToPurple/ButtonAlt.prefab
  artifactKey: Guid(acdeb35f28e625b4eaff3dd9a9ada980) Importer(2089858483,192608db42251d675da83286b1cce702)
Start importing Assets/CorgiEngine/ThirdParty/MoreMountains/MMInterface/Styles/Mini/Prefabs/Buttons/VerticalGradientBlueToPurple/ButtonAlt.prefab using Guid(acdeb35f28e625b4eaff3dd9a9ada980) Importer(2089858483,192608db42251d675da83286b1cce702) (ScriptedImporter) -> (artifact id: '5c6d92f8a12960780902d1dea8501029') in 0.0451998 seconds
Number of updated asset objects reloaded before import = 0Number of asset objects unloaded after import = 45

========================================================================
Received Import Request.
  Time since last request: 0.000079 seconds.
  path: Assets/CorgiEngine/ThirdParty/MoreMountains/MMInterface/Styles/Mini/Prefabs/Buttons/VerticalGradientBlueToPurple/ButtonSquareChevron.prefab
  artifactKey: Guid(7c5467fa0553c064391f36f2c864d975) Importer(2089858483,192608db42251d675da83286b1cce702)
Start importing Assets/CorgiEngine/ThirdParty/MoreMountains/MMInterface/Styles/Mini/Prefabs/Buttons/VerticalGradientBlueToPurple/ButtonSquareChevron.prefab using Guid(7c5467fa0553c064391f36f2c864d975) Importer(2089858483,192608db42251d675da83286b1cce702) (ScriptedImporter) -> (artifact id: 'ba56b79d6e5205121aa1e92ad8358604') in 0.0458483 seconds
Number of updated asset objects reloaded before import = 0Number of asset objects unloaded after import = 43

========================================================================
Received Import Request.
  Time since last request: 0.000038 seconds.
  path: Assets/CorgiEngine/ThirdParty/MoreMountains/MMInterface/Styles/Mini/Prefabs/Buttons/VerticalGradientBlueToPurple/ButtonSquareHeart.prefab
  artifactKey: Guid(315097be2bdfc58469db42a8d468cb50) Importer(2089858483,192608db42251d675da83286b1cce702)
Start importing Assets/CorgiEngine/ThirdParty/MoreMountains/MMInterface/Styles/Mini/Prefabs/Buttons/VerticalGradientBlueToPurple/ButtonSquareHeart.prefab using Guid(315097be2bdfc58469db42a8d468cb50) Importer(2089858483,192608db42251d675da83286b1cce702) (ScriptedImporter) -> (artifact id: '1e77f488fe406243375781289c25477d') in 0.0406239 seconds
Number of updated asset objects reloaded before import = 0Number of asset objects unloaded after import = 43

========================================================================
Received Import Request.
  Time since last request: 0.000033 seconds.
  path: Assets/CorgiEngine/ThirdParty/MoreMountains/MMInterface/Styles/Mini/Prefabs/Buttons/VerticalGradientBlueToPurple/ButtonSquareStar.prefab
  artifactKey: Guid(24e025e6c9fd9a24a91c0855ed40ab53) Importer(2089858483,192608db42251d675da83286b1cce702)
Start importing Assets/CorgiEngine/ThirdParty/MoreMountains/MMInterface/Styles/Mini/Prefabs/Buttons/VerticalGradientBlueToPurple/ButtonSquareStar.prefab using Guid(24e025e6c9fd9a24a91c0855ed40ab53) Importer(2089858483,192608db42251d675da83286b1cce702) (ScriptedImporter) -> (artifact id: 'f28d3aa41342a59a441ceda50022cad1') in 0.0470345 seconds
Number of updated asset objects reloaded before import = 0Number of asset objects unloaded after import = 43

========================================================================
Received Import Request.
  Time since last request: 0.000026 seconds.
  path: Assets/CorgiEngine/ThirdParty/MoreMountains/MMInterface/Styles/Mini/Prefabs/Buttons/VerticalGradientBlueToCyan/ButtonRound.prefab
  artifactKey: Guid(d916ec5394475ae4ea0ad62cc88c22c4) Importer(2089858483,192608db42251d675da83286b1cce702)
Start importing Assets/CorgiEngine/ThirdParty/MoreMountains/MMInterface/Styles/Mini/Prefabs/Buttons/VerticalGradientBlueToCyan/ButtonRound.prefab using Guid(d916ec5394475ae4ea0ad62cc88c22c4) Importer(2089858483,192608db42251d675da83286b1cce702) (ScriptedImporter) -> (artifact id: '99fd62f6d878847995b7b8ddc6c938b5') in 0.0402213 seconds
Number of updated asset objects reloaded before import = 0Number of asset objects unloaded after import = 45

========================================================================
Received Import Request.
  Time since last request: 0.000022 seconds.
  path: Assets/CorgiEngine/ThirdParty/MoreMountains/MMInterface/Styles/Mini/Prefabs/Buttons/VerticalGradientGreenToCyan/ButtonCircleChevron.prefab
  artifactKey: Guid(3ff099cba1861c941b6dc450113de31d) Importer(2089858483,192608db42251d675da83286b1cce702)
Start importing Assets/CorgiEngine/ThirdParty/MoreMountains/MMInterface/Styles/Mini/Prefabs/Buttons/VerticalGradientGreenToCyan/ButtonCircleChevron.prefab using Guid(3ff099cba1861c941b6dc450113de31d) Importer(2089858483,192608db42251d675da83286b1cce702) (ScriptedImporter) -> (artifact id: 'aa55583462a5ac7d7113f1946a93c8a1') in 0.045934 seconds
Number of updated asset objects reloaded before import = 0Number of asset objects unloaded after import = 43

========================================================================
Received Import Request.
  Time since last request: 0.000028 seconds.
  path: Assets/CorgiEngine/ThirdParty/MoreMountains/MMInterface/Styles/Mini/Prefabs/Buttons/VerticalGradientOrangeToViolet/ButtonSquareCross.prefab
  artifactKey: Guid(fc4d2856d5d5a35448b7df929ae40f01) Importer(2089858483,192608db42251d675da83286b1cce702)
Start importing Assets/CorgiEngine/ThirdParty/MoreMountains/MMInterface/Styles/Mini/Prefabs/Buttons/VerticalGradientOrangeToViolet/ButtonSquareCross.prefab using Guid(fc4d2856d5d5a35448b7df929ae40f01) Importer(2089858483,192608db42251d675da83286b1cce702) (ScriptedImporter) -> (artifact id: '329795d605df74dcc8608b55634c5855') in 0.0357529 seconds
Number of updated asset objects reloaded before import = 0Number of asset objects unloaded after import = 43

========================================================================
Received Import Request.
  Time since last request: 0.000051 seconds.
  path: Assets/CorgiEngine/ThirdParty/MoreMountains/MMInterface/Styles/Mini/Prefabs/Buttons/VerticalGradientGreenToCyan/ButtonSquareCheck.prefab
  artifactKey: Guid(fd70f3bdb6dab30438ec8094fa90bdea) Importer(2089858483,192608db42251d675da83286b1cce702)
Start importing Assets/CorgiEngine/ThirdParty/MoreMountains/MMInterface/Styles/Mini/Prefabs/Buttons/VerticalGradientGreenToCyan/ButtonSquareCheck.prefab using Guid(fd70f3bdb6dab30438ec8094fa90bdea) Importer(2089858483,192608db42251d675da83286b1cce702) (ScriptedImporter) -> (artifact id: 'ed19a75304ca653364ecc147dbd0e695') in 0.0452535 seconds
Number of updated asset objects reloaded before import = 0Number of asset objects unloaded after import = 43

========================================================================
Received Import Request.
  Time since last request: 0.000028 seconds.
  path: Assets/CorgiEngine/ThirdParty/MoreMountains/MMInterface/Styles/Mini/Prefabs/Buttons/VerticalGradientOrangeToViolet/ButtonSquareArrow.prefab
  artifactKey: Guid(f363593d59ad56045a9f541b338f795f) Importer(2089858483,192608db42251d675da83286b1cce702)
Start importing Assets/CorgiEngine/ThirdParty/MoreMountains/MMInterface/Styles/Mini/Prefabs/Buttons/VerticalGradientOrangeToViolet/ButtonSquareArrow.prefab using Guid(f363593d59ad56045a9f541b338f795f) Importer(2089858483,192608db42251d675da83286b1cce702) (ScriptedImporter) -> (artifact id: '9aba520f1f1b6ef2bd050c813fa770d5') in 0.0409633 seconds
Number of updated asset objects reloaded before import = 0Number of asset objects unloaded after import = 42

========================================================================
Received Import Request.
  Time since last request: 0.000027 seconds.
  path: Assets/CorgiEngine/ThirdParty/MoreMountains/MMInterface/Styles/Mini/Prefabs/Buttons/Yellow/ButtonCircleCheck.prefab
  artifactKey: Guid(788be085b4732e643bba450b943ff745) Importer(2089858483,192608db42251d675da83286b1cce702)
Start importing Assets/CorgiEngine/ThirdParty/MoreMountains/MMInterface/Styles/Mini/Prefabs/Buttons/Yellow/ButtonCircleCheck.prefab using Guid(788be085b4732e643bba450b943ff745) Importer(2089858483,192608db42251d675da83286b1cce702) (ScriptedImporter) -> (artifact id: '53a901ed45edf7ba9bf053be6c15efd4') in 0.0426824 seconds
Number of updated asset objects reloaded before import = 0Number of asset objects unloaded after import = 42

========================================================================
Received Import Request.
  Time since last request: 0.000019 seconds.
  path: Assets/CorgiEngine/ThirdParty/MoreMountains/MMInterface/Styles/Mini/Prefabs/Buttons/VerticalGradientOrangeToViolet/ButtonSquareHome.prefab
  artifactKey: Guid(e181d1171f5cfbc40a02acaf2ef90b94) Importer(2089858483,192608db42251d675da83286b1cce702)
Start importing Assets/CorgiEngine/ThirdParty/MoreMountains/MMInterface/Styles/Mini/Prefabs/Buttons/VerticalGradientOrangeToViolet/ButtonSquareHome.prefab using Guid(e181d1171f5cfbc40a02acaf2ef90b94) Importer(2089858483,192608db42251d675da83286b1cce702) (ScriptedImporter) -> (artifact id: '8fd3fb8c99fb05936edd95013d9d1982') in 0.0415757 seconds
Number of updated asset objects reloaded before import = 0Number of asset objects unloaded after import = 43

========================================================================
Received Import Request.
  Time since last request: 0.000027 seconds.
  path: Assets/CorgiEngine/ThirdParty/MoreMountains/MMInterface/Styles/Mini/Prefabs/Buttons/VerticalGradientGreenToCyan/ButtonSquareDoubleChevron.prefab
  artifactKey: Guid(a86bb00b641f3dc40bed8cc9e6b2b974) Importer(2089858483,192608db42251d675da83286b1cce702)
Start importing Assets/CorgiEngine/ThirdParty/MoreMountains/MMInterface/Styles/Mini/Prefabs/Buttons/VerticalGradientGreenToCyan/ButtonSquareDoubleChevron.prefab using Guid(a86bb00b641f3dc40bed8cc9e6b2b974) Importer(2089858483,192608db42251d675da83286b1cce702) (ScriptedImporter) -> (artifact id: '9f64ab0cef88d7785817b62c22a3261d') in 0.0408669 seconds
Number of updated asset objects reloaded before import = 0Number of asset objects unloaded after import = 43

========================================================================
Received Import Request.
  Time since last request: 0.000026 seconds.
  path: Assets/CorgiEngine/ThirdParty/MoreMountains/MMInterface/Styles/Mini/Prefabs/Buttons/VerticalGradientGreenToCyan/ButtonSquareArrow.prefab
  artifactKey: Guid(9b5c2c6bfb075504f8b911085e8839b1) Importer(2089858483,192608db42251d675da83286b1cce702)
Start importing Assets/CorgiEngine/ThirdParty/MoreMountains/MMInterface/Styles/Mini/Prefabs/Buttons/VerticalGradientGreenToCyan/ButtonSquareArrow.prefab using Guid(9b5c2c6bfb075504f8b911085e8839b1) Importer(2089858483,192608db42251d675da83286b1cce702) (ScriptedImporter) -> (artifact id: '51fd1877fae6e7ece1436b0230e10aba') in 0.0401506 seconds
Number of updated asset objects reloaded before import = 0Number of asset objects unloaded after import = 42

========================================================================
Received Import Request.
  Time since last request: 0.000045 seconds.
  path: Assets/CorgiEngine/ThirdParty/MoreMountains/MMInterface/Styles/Mini/Prefabs/Buttons/VerticalGradientOrangeToViolet/ButtonSquareCheck.prefab
  artifactKey: Guid(5a4559371e7fa80409fb98b0cdf1479b) Importer(2089858483,192608db42251d675da83286b1cce702)
Start importing Assets/CorgiEngine/ThirdParty/MoreMountains/MMInterface/Styles/Mini/Prefabs/Buttons/VerticalGradientOrangeToViolet/ButtonSquareCheck.prefab using Guid(5a4559371e7fa80409fb98b0cdf1479b) Importer(2089858483,192608db42251d675da83286b1cce702) (ScriptedImporter) -> (artifact id: 'c9a1a11378938ade24b298b362b586c4') in 0.0438139 seconds
Number of updated asset objects reloaded before import = 0Number of asset objects unloaded after import = 43

========================================================================
Received Import Request.
  Time since last request: 0.000024 seconds.
  path: Assets/CorgiEngine/ThirdParty/MoreMountains/MMInterface/Styles/Mini/Prefabs/Buttons/VerticalGradientGreenToCyan/ButtonMain.prefab
  artifactKey: Guid(58d5593197ab5614dbfaf881d40ac89b) Importer(2089858483,192608db42251d675da83286b1cce702)
Start importing Assets/CorgiEngine/ThirdParty/MoreMountains/MMInterface/Styles/Mini/Prefabs/Buttons/VerticalGradientGreenToCyan/ButtonMain.prefab using Guid(58d5593197ab5614dbfaf881d40ac89b) Importer(2089858483,192608db42251d675da83286b1cce702) (ScriptedImporter) -> (artifact id: 'f23da52fbba4dea42c97491563e632ff') in 0.0420683 seconds
Number of updated asset objects reloaded before import = 0Number of asset objects unloaded after import = 45

========================================================================
Received Import Request.
  Time since last request: 0.000030 seconds.
  path: Assets/CorgiEngine/ThirdParty/MoreMountains/MMInterface/Styles/Mini/Prefabs/Buttons/VerticalGradientOrangeToViolet/ButtonSquareSoundOff.prefab
  artifactKey: Guid(0a905d9b691dd5d4e8f25ed8497b7054) Importer(2089858483,192608db42251d675da83286b1cce702)
Start importing Assets/CorgiEngine/ThirdParty/MoreMountains/MMInterface/Styles/Mini/Prefabs/Buttons/VerticalGradientOrangeToViolet/ButtonSquareSoundOff.prefab using Guid(0a905d9b691dd5d4e8f25ed8497b7054) Importer(2089858483,192608db42251d675da83286b1cce702) (ScriptedImporter) -> (artifact id: 'b077dea34a6abdd41736369f53594345') in 0.0420991 seconds
Number of updated asset objects reloaded before import = 0Number of asset objects unloaded after import = 43

========================================================================
Received Import Request.
  Time since last request: 0.000032 seconds.
  path: Assets/CorgiEngine/ThirdParty/MoreMountains/MMInterface/Styles/Mini/Prefabs/Buttons/VerticalGradientOrangeToViolet/ButtonCircleMusic.prefab
  artifactKey: Guid(81e34a7e7cc8968458fa1df5955dcbc2) Importer(2089858483,192608db42251d675da83286b1cce702)
Start importing Assets/CorgiEngine/ThirdParty/MoreMountains/MMInterface/Styles/Mini/Prefabs/Buttons/VerticalGradientOrangeToViolet/ButtonCircleMusic.prefab using Guid(81e34a7e7cc8968458fa1df5955dcbc2) Importer(2089858483,192608db42251d675da83286b1cce702) (ScriptedImporter) -> (artifact id: '0396f3a153b5b045c781be3949d1ebe5') in 0.0465633 seconds
Number of updated asset objects reloaded before import = 0Number of asset objects unloaded after import = 43

========================================================================
Received Import Request.
  Time since last request: 0.000032 seconds.
  path: Assets/CorgiEngine/ThirdParty/MoreMountains/MMInterface/Styles/Mini/Prefabs/Buttons/VerticalGradientGreenToCyan/ButtonCircleHeart.prefab
  artifactKey: Guid(41dade618441c984dbb447fd91d30223) Importer(2089858483,192608db42251d675da83286b1cce702)
Start importing Assets/CorgiEngine/ThirdParty/MoreMountains/MMInterface/Styles/Mini/Prefabs/Buttons/VerticalGradientGreenToCyan/ButtonCircleHeart.prefab using Guid(41dade618441c984dbb447fd91d30223) Importer(2089858483,192608db42251d675da83286b1cce702) (ScriptedImporter) -> (artifact id: 'b4084bece77d10e81a65882b09b7de59') in 0.0384753 seconds
Number of updated asset objects reloaded before import = 0Number of asset objects unloaded after import = 43

========================================================================
Received Import Request.
  Time since last request: 0.000025 seconds.
  path: Assets/CorgiEngine/ThirdParty/MoreMountains/MMInterface/Styles/Mini/Prefabs/Buttons/VerticalGradientOrangeToViolet/ButtonSquareCoin.prefab
  artifactKey: Guid(2785d05e70b4bb746a8f0e68a24b4a5f) Importer(2089858483,192608db42251d675da83286b1cce702)
Start importing Assets/CorgiEngine/ThirdParty/MoreMountains/MMInterface/Styles/Mini/Prefabs/Buttons/VerticalGradientOrangeToViolet/ButtonSquareCoin.prefab using Guid(2785d05e70b4bb746a8f0e68a24b4a5f) Importer(2089858483,192608db42251d675da83286b1cce702) (ScriptedImporter) -> (artifact id: '25b5ddeb0f37b0b52565d9460dfa326e') in 0.0442515 seconds
Number of updated asset objects reloaded before import = 0Number of asset objects unloaded after import = 43

========================================================================
Received Import Request.
  Time since last request: 0.000050 seconds.
  path: Assets/CorgiEngine/ThirdParty/MoreMountains/MMInterface/Styles/Mini/Prefabs/Buttons/Purple/ButtonSquareSoundOff.prefab
  artifactKey: Guid(d2604b1a8cdaa8f45b2c355fb111ae34) Importer(2089858483,192608db42251d675da83286b1cce702)
Start importing Assets/CorgiEngine/ThirdParty/MoreMountains/MMInterface/Styles/Mini/Prefabs/Buttons/Purple/ButtonSquareSoundOff.prefab using Guid(d2604b1a8cdaa8f45b2c355fb111ae34) Importer(2089858483,192608db42251d675da83286b1cce702) (ScriptedImporter) -> (artifact id: '9472636a56b206935884084f7c1e96a0') in 0.0432836 seconds
Number of updated asset objects reloaded before import = 0Number of asset objects unloaded after import = 42

========================================================================
Received Import Request.
  Time since last request: 0.000025 seconds.
  path: Assets/CorgiEngine/ThirdParty/MoreMountains/MMInterface/Styles/Mini/Prefabs/Buttons/VerticalGradientBlueToCyan/ButtonCircleStar.prefab
  artifactKey: Guid(197b5760efe0fb94e8e425dd3abce5a1) Importer(2089858483,192608db42251d675da83286b1cce702)
Start importing Assets/CorgiEngine/ThirdParty/MoreMountains/MMInterface/Styles/Mini/Prefabs/Buttons/VerticalGradientBlueToCyan/ButtonCircleStar.prefab using Guid(197b5760efe0fb94e8e425dd3abce5a1) Importer(2089858483,192608db42251d675da83286b1cce702) (ScriptedImporter) -> (artifact id: '11544fbd5935a6295523c65b048c075f') in 0.0490272 seconds
Number of updated asset objects reloaded before import = 0Number of asset objects unloaded after import = 43

========================================================================
Received Import Request.
  Time since last request: 0.000034 seconds.
  path: Assets/CorgiEngine/ThirdParty/MoreMountains/MMTools/Demos/MMTween/Fonts/Lato/TTF/Lato-ThinItalic.ttf
  artifactKey: Guid(098f0fe8d1720804fa6b4f89842e44e2) Importer(2089858483,192608db42251d675da83286b1cce702)
Start importing Assets/CorgiEngine/ThirdParty/MoreMountains/MMTools/Demos/MMTween/Fonts/Lato/TTF/Lato-ThinItalic.ttf using Guid(098f0fe8d1720804fa6b4f89842e44e2) Importer(2089858483,192608db42251d675da83286b1cce702) (ScriptedImporter) -> (artifact id: 'e80a13e12f52c122fe522af112fc520e') in 0.0407901 seconds
Number of updated asset objects reloaded before import = 0Number of asset objects unloaded after import = 3

========================================================================
Received Import Request.
  Time since last request: 0.000021 seconds.
  path: Assets/CorgiEngine/ThirdParty/MoreMountains/MMTools/Demos/MMTween/Fonts/Lato/SDF/Lato-Hairline SDF.asset
  artifactKey: Guid(932db15dad1eb664ab1a91d94a8b6fbf) Importer(2089858483,192608db42251d675da83286b1cce702)
Start importing Assets/CorgiEngine/ThirdParty/MoreMountains/MMTools/Demos/MMTween/Fonts/Lato/SDF/Lato-Hairline SDF.asset using Guid(932db15dad1eb664ab1a91d94a8b6fbf) Importer(2089858483,192608db42251d675da83286b1cce702) (ScriptedImporter) -> (artifact id: '6aad22007a3eb7070268faff30a2e705') in 0.0897705 seconds
Number of updated asset objects reloaded before import = 0Number of asset objects unloaded after import = 3

========================================================================
Received Import Request.
  Time since last request: 0.000034 seconds.
  path: Assets/CorgiEngine/ThirdParty/MoreMountains/MMTools/Demos/MMTween/Fonts/Lato/SDF/Lato-Italic SDF.asset
  artifactKey: Guid(0ba8b0b32b8721048bd7e610207b4ee6) Importer(2089858483,192608db42251d675da83286b1cce702)
Start importing Assets/CorgiEngine/ThirdParty/MoreMountains/MMTools/Demos/MMTween/Fonts/Lato/SDF/Lato-Italic SDF.asset using Guid(0ba8b0b32b8721048bd7e610207b4ee6) Importer(2089858483,192608db42251d675da83286b1cce702) (ScriptedImporter) -> (artifact id: '6a5c6514e88bc0d32de74a3d750f737f') in 0.0572285 seconds
Number of updated asset objects reloaded before import = 0Number of asset objects unloaded after import = 3

========================================================================
Received Import Request.
  Time since last request: 0.000036 seconds.
  path: Assets/CorgiEngine/ThirdParty/MoreMountains/MMInterface/Styles/Mini/Prefabs/Buttons/Yellow/ButtonSquareMusic.prefab
  artifactKey: Guid(d1ddc46cdd3ec9c48b9643eef397d086) Importer(2089858483,192608db42251d675da83286b1cce702)
Start importing Assets/CorgiEngine/ThirdParty/MoreMountains/MMInterface/Styles/Mini/Prefabs/Buttons/Yellow/ButtonSquareMusic.prefab using Guid(d1ddc46cdd3ec9c48b9643eef397d086) Importer(2089858483,192608db42251d675da83286b1cce702) (ScriptedImporter) -> (artifact id: 'ae4a87ed2d9137b439c5e8ab5e23c411') in 0.0424778 seconds
Number of updated asset objects reloaded before import = 0Number of asset objects unloaded after import = 42

========================================================================
Received Import Request.
  Time since last request: 0.000021 seconds.
  path: Assets/CorgiEngine/ThirdParty/MoreMountains/MMTools/Demos/MMTween/Fonts/Lato/SDF/Lato-Medium SDF.asset
  artifactKey: Guid(2f490f72b6ed6ae4d8b31cee2cac3de7) Importer(2089858483,192608db42251d675da83286b1cce702)
Start importing Assets/CorgiEngine/ThirdParty/MoreMountains/MMTools/Demos/MMTween/Fonts/Lato/SDF/Lato-Medium SDF.asset using Guid(2f490f72b6ed6ae4d8b31cee2cac3de7) Importer(2089858483,192608db42251d675da83286b1cce702) (ScriptedImporter) -> (artifact id: '6144e374856bf65268bed8d4aab9eaa0') in 0.0523322 seconds
Number of updated asset objects reloaded before import = 0Number of asset objects unloaded after import = 3

========================================================================
Received Import Request.
  Time since last request: 0.000032 seconds.
  path: Assets/CorgiEngine/ThirdParty/MoreMountains/MMTools/Demos/MMTween/Fonts/Lato/TTF/Lato-Black.ttf
  artifactKey: Guid(462a5605cd4f4de48821603c760ce4a6) Importer(2089858483,192608db42251d675da83286b1cce702)
Start importing Assets/CorgiEngine/ThirdParty/MoreMountains/MMTools/Demos/MMTween/Fonts/Lato/TTF/Lato-Black.ttf using Guid(462a5605cd4f4de48821603c760ce4a6) Importer(2089858483,192608db42251d675da83286b1cce702) (ScriptedImporter) -> (artifact id: 'fde5048625a8e66f68af0624626fbae5') in 0.0368365 seconds
Number of updated asset objects reloaded before import = 0Number of asset objects unloaded after import = 3

========================================================================
Received Import Request.
  Time since last request: 0.000022 seconds.
  path: Assets/CorgiEngine/ThirdParty/MoreMountains/MMTools/Demos/MMTween/Fonts/Lato/TTF/Lato-Medium.ttf
  artifactKey: Guid(53aebb2602873ed4a9807e8a254a7d2f) Importer(2089858483,192608db42251d675da83286b1cce702)
Start importing Assets/CorgiEngine/ThirdParty/MoreMountains/MMTools/Demos/MMTween/Fonts/Lato/TTF/Lato-Medium.ttf using Guid(53aebb2602873ed4a9807e8a254a7d2f) Importer(2089858483,192608db42251d675da83286b1cce702) (ScriptedImporter) -> (artifact id: 'd748cea6daf020cffcf4367c2d00ce6c') in 0.0356795 seconds
Number of updated asset objects reloaded before import = 0Number of asset objects unloaded after import = 3

========================================================================
Received Import Request.
  Time since last request: 0.000033 seconds.
  path: Assets/CorgiEngine/ThirdParty/MoreMountains/MMTools/Demos/MMTween/Fonts/Lato/SDF/Lato-HairlineItalic SDF.asset
  artifactKey: Guid(5c362fec725a413469a94a06a01b6c75) Importer(2089858483,192608db42251d675da83286b1cce702)
Start importing Assets/CorgiEngine/ThirdParty/MoreMountains/MMTools/Demos/MMTween/Fonts/Lato/SDF/Lato-HairlineItalic SDF.asset using Guid(5c362fec725a413469a94a06a01b6c75) Importer(2089858483,192608db42251d675da83286b1cce702) (ScriptedImporter) -> (artifact id: '424354be91b11024f3ba9c15045468ab') in 0.0636894 seconds
Number of updated asset objects reloaded before import = 0Number of asset objects unloaded after import = 3

========================================================================
Received Import Request.
  Time since last request: 0.000025 seconds.
  path: Assets/CorgiEngine/ThirdParty/MoreMountains/MMTools/Demos/MMTween/Fonts/Lato/TTF/Lato-Heavy.ttf
  artifactKey: Guid(010b82bc895978049b69aaf4b855d7ab) Importer(2089858483,192608db42251d675da83286b1cce702)
Start importing Assets/CorgiEngine/ThirdParty/MoreMountains/MMTools/Demos/MMTween/Fonts/Lato/TTF/Lato-Heavy.ttf using Guid(010b82bc895978049b69aaf4b855d7ab) Importer(2089858483,192608db42251d675da83286b1cce702) (ScriptedImporter) -> (artifact id: 'a4075aacc5b11688205d6d9d2268fc4d') in 0.0367917 seconds
Number of updated asset objects reloaded before import = 0Number of asset objects unloaded after import = 3

========================================================================
Received Import Request.
  Time since last request: 0.000171 seconds.
  path: Assets/CorgiEngine/ThirdParty/MoreMountains/MMInterface/Styles/Mini/Prefabs/Buttons/Yellow/ButtonSquareHome.prefab
  artifactKey: Guid(106b54276b733a446b6ca6542e501940) Importer(2089858483,192608db42251d675da83286b1cce702)
Start importing Assets/CorgiEngine/ThirdParty/MoreMountains/MMInterface/Styles/Mini/Prefabs/Buttons/Yellow/ButtonSquareHome.prefab using Guid(106b54276b733a446b6ca6542e501940) Importer(2089858483,192608db42251d675da83286b1cce702) (ScriptedImporter) -> (artifact id: '892b7e87985d6661b4f2a31bc3161d61') in 0.0391349 seconds
Number of updated asset objects reloaded before import = 0Number of asset objects unloaded after import = 42

========================================================================
Received Import Request.
  Time since last request: 0.000037 seconds.
  path: Assets/CorgiEngine/ThirdParty/MoreMountains/MMInterface/Styles/Mini/Prefabs/Buttons/Yellow/ButtonCircleHome.prefab
  artifactKey: Guid(247f5fc76c118c44bbae4f77ffd86419) Importer(2089858483,192608db42251d675da83286b1cce702)
Start importing Assets/CorgiEngine/ThirdParty/MoreMountains/MMInterface/Styles/Mini/Prefabs/Buttons/Yellow/ButtonCircleHome.prefab using Guid(247f5fc76c118c44bbae4f77ffd86419) Importer(2089858483,192608db42251d675da83286b1cce702) (ScriptedImporter) -> (artifact id: '2cf4bced457ce64764bf604d43f4ad3e') in 0.0415465 seconds
Number of updated asset objects reloaded before import = 0Number of asset objects unloaded after import = 42

========================================================================
Received Import Request.
  Time since last request: 0.000021 seconds.
  path: Assets/CorgiEngine/ThirdParty/MoreMountains/MMInterface/Styles/Mini/Prefabs/Buttons/Yellow/ButtonSquareSoundOn.prefab
  artifactKey: Guid(a63a6b3e4d789d146b2b8446152ed7bf) Importer(2089858483,192608db42251d675da83286b1cce702)
Start importing Assets/CorgiEngine/ThirdParty/MoreMountains/MMInterface/Styles/Mini/Prefabs/Buttons/Yellow/ButtonSquareSoundOn.prefab using Guid(a63a6b3e4d789d146b2b8446152ed7bf) Importer(2089858483,192608db42251d675da83286b1cce702) (ScriptedImporter) -> (artifact id: 'a697105b5543286140d74cb93f927536') in 0.0564642 seconds
Number of updated asset objects reloaded before import = 0Number of asset objects unloaded after import = 42

========================================================================
Received Import Request.
  Time since last request: 0.000035 seconds.
  path: Assets/CorgiEngine/ThirdParty/MoreMountains/MMTools/Demos/MMTween/Fonts/Lato/SDF/Lato-ThinItalic SDF.asset
  artifactKey: Guid(9e1695c82df14c74084770f457067f67) Importer(2089858483,192608db42251d675da83286b1cce702)
Start importing Assets/CorgiEngine/ThirdParty/MoreMountains/MMTools/Demos/MMTween/Fonts/Lato/SDF/Lato-ThinItalic SDF.asset using Guid(9e1695c82df14c74084770f457067f67) Importer(2089858483,192608db42251d675da83286b1cce702) (ScriptedImporter) -> (artifact id: 'b4af9f4a967b4f4c5f37c4580b8463e3') in 0.0571978 seconds
Number of updated asset objects reloaded before import = 0Number of asset objects unloaded after import = 3

========================================================================
Received Import Request.
  Time since last request: 0.000026 seconds.
  path: Assets/CorgiEngine/ThirdParty/MoreMountains/MMInterface/Styles/Mini/Prefabs/Buttons/Yellow/ButtonCircleSoundOn.prefab
  artifactKey: Guid(85ad8896261db8a4e97083cf8e0fe590) Importer(2089858483,192608db42251d675da83286b1cce702)
Start importing Assets/CorgiEngine/ThirdParty/MoreMountains/MMInterface/Styles/Mini/Prefabs/Buttons/Yellow/ButtonCircleSoundOn.prefab using Guid(85ad8896261db8a4e97083cf8e0fe590) Importer(2089858483,192608db42251d675da83286b1cce702) (ScriptedImporter) -> (artifact id: '9024d20fecd8d7b2038502c7958eb6c4') in 0.0450348 seconds
Number of updated asset objects reloaded before import = 0Number of asset objects unloaded after import = 42

========================================================================
Received Import Request.
  Time since last request: 0.000033 seconds.
  path: Assets/CorgiEngine/ThirdParty/MoreMountains/MMInterface/Styles/Mini/Prefabs/Buttons/Purple/ButtonAlt.prefab
  artifactKey: Guid(ac9d909e93b75ec408cc8911ad1af9ba) Importer(2089858483,192608db42251d675da83286b1cce702)
Start importing Assets/CorgiEngine/ThirdParty/MoreMountains/MMInterface/Styles/Mini/Prefabs/Buttons/Purple/ButtonAlt.prefab using Guid(ac9d909e93b75ec408cc8911ad1af9ba) Importer(2089858483,192608db42251d675da83286b1cce702) (ScriptedImporter) -> (artifact id: 'f791c02b5cab3c45abbe9d24d578f1af') in 0.0444511 seconds
Number of updated asset objects reloaded before import = 0Number of asset objects unloaded after import = 44

========================================================================
Received Import Request.
  Time since last request: 0.000045 seconds.
  path: Assets/CorgiEngine/ThirdParty/MoreMountains/MMInterface/Styles/Mini/Prefabs/Buttons/Pink/ButtonCircleSoundOn.prefab
  artifactKey: Guid(5f78f4a9ab2238f4897b0037a5b2e776) Importer(2089858483,192608db42251d675da83286b1cce702)
Start importing Assets/CorgiEngine/ThirdParty/MoreMountains/MMInterface/Styles/Mini/Prefabs/Buttons/Pink/ButtonCircleSoundOn.prefab using Guid(5f78f4a9ab2238f4897b0037a5b2e776) Importer(2089858483,192608db42251d675da83286b1cce702) (ScriptedImporter) -> (artifact id: 'f99e967561e6ebbc5cc728438a926ca7') in 0.0475469 seconds
Number of updated asset objects reloaded before import = 0Number of asset objects unloaded after import = 42

========================================================================
Received Import Request.
  Time since last request: 0.000039 seconds.
  path: Assets/CorgiEngine/ThirdParty/MoreMountains/MMInterface/Styles/Mini/Sprites/Empty.png
  artifactKey: Guid(d309fbc0bde10064b814c844754bfedf) Importer(2089858483,192608db42251d675da83286b1cce702)
Start importing Assets/CorgiEngine/ThirdParty/MoreMountains/MMInterface/Styles/Mini/Sprites/Empty.png using Guid(d309fbc0bde10064b814c844754bfedf) Importer(2089858483,192608db42251d675da83286b1cce702) (ScriptedImporter) -> (artifact id: '7bc4d67313f8cae32dcb3a5da1057229') in 0.0699447 seconds
Number of updated asset objects reloaded before import = 0Number of asset objects unloaded after import = 3

========================================================================
Received Import Request.
  Time since last request: 0.000068 seconds.
  path: Assets/CorgiEngine/ThirdParty/MoreMountains/MMInterface/Common/Animations/Popup/PopupOpen.anim
  artifactKey: Guid(9c1b7e0c96c02354a8e8a9c8c23408ad) Importer(2089858483,192608db42251d675da83286b1cce702)
Start importing Assets/CorgiEngine/ThirdParty/MoreMountains/MMInterface/Common/Animations/Popup/PopupOpen.anim using Guid(9c1b7e0c96c02354a8e8a9c8c23408ad) Importer(2089858483,192608db42251d675da83286b1cce702) (ScriptedImporter) -> (artifact id: 'a4ddf2c3e3665b92d0ea2ad0b2b359c0') in 0.0349606 seconds
Number of updated asset objects reloaded before import = 0Number of asset objects unloaded after import = 1

========================================================================
Received Import Request.
  Time since last request: 0.000029 seconds.
  path: Assets/CorgiEngine/ThirdParty/MoreMountains/MMTools/Accessories/MMProcedural/MMGridGenerators/MMGridGeneratorFull.cs
  artifactKey: Guid(fa40f7f3424f6fb41b91e1888ad1d960) Importer(2089858483,192608db42251d675da83286b1cce702)
Start importing Assets/CorgiEngine/ThirdParty/MoreMountains/MMTools/Accessories/MMProcedural/MMGridGenerators/MMGridGeneratorFull.cs using Guid(fa40f7f3424f6fb41b91e1888ad1d960) Importer(2089858483,192608db42251d675da83286b1cce702) (ScriptedImporter) -> (artifact id: 'd3f7a3e0a42f303517f9d2972dc4414a') in 0.0277634 seconds
Number of updated asset objects reloaded before import = 0Number of asset objects unloaded after import = 0

========================================================================
Received Import Request.
  Time since last request: 0.000106 seconds.
  path: Assets/CorgiEngine/ThirdParty/MoreMountains/MMTools/Core/MMSceneLoading/Sprites/LoadingCompleteAnimation.png
  artifactKey: Guid(109174f54ddf71a4fbe62bf30e9cf0e0) Importer(2089858483,192608db42251d675da83286b1cce702)
Start importing Assets/CorgiEngine/ThirdParty/MoreMountains/MMTools/Core/MMSceneLoading/Sprites/LoadingCompleteAnimation.png using Guid(109174f54ddf71a4fbe62bf30e9cf0e0) Importer(2089858483,192608db42251d675da83286b1cce702) (ScriptedImporter) -> (artifact id: '94ec94a02db4d18c82af2a21061b0ad4') in 0.1280106 seconds
Number of updated asset objects reloaded before import = 0Number of asset objects unloaded after import = 13

========================================================================
Received Import Request.
  Time since last request: 0.000025 seconds.
  path: Assets/CorgiEngine/ThirdParty/MoreMountains/MMInterface/Styles/Mini/Materials/VerticalGradientGreenToCyan.mat
  artifactKey: Guid(2a7bcbde760cdb34c81780ff62df6998) Importer(2089858483,192608db42251d675da83286b1cce702)
Start importing Assets/CorgiEngine/ThirdParty/MoreMountains/MMInterface/Styles/Mini/Materials/VerticalGradientGreenToCyan.mat using Guid(2a7bcbde760cdb34c81780ff62df6998) Importer(2089858483,192608db42251d675da83286b1cce702) (ScriptedImporter) -> (artifact id: '49a73d13f71eeb60746f28b17f5684e4') in 0.0273797 seconds
Number of updated asset objects reloaded before import = 0Number of asset objects unloaded after import = 1

========================================================================
Received Import Request.
  Time since last request: 0.000033 seconds.
  path: Assets/CorgiEngine/ThirdParty/MoreMountains/MMInterface/Styles/Mini/Prefabs/TextBaseDark.prefab
  artifactKey: Guid(70992205dfda27f43833ff4529bd070e) Importer(2089858483,192608db42251d675da83286b1cce702)
Start importing Assets/CorgiEngine/ThirdParty/MoreMountains/MMInterface/Styles/Mini/Prefabs/TextBaseDark.prefab using Guid(70992205dfda27f43833ff4529bd070e) Importer(2089858483,192608db42251d675da83286b1cce702) (ScriptedImporter) -> (artifact id: '47646d5ab4aca76048424d603f7e9957') in 0.0574302 seconds
Number of updated asset objects reloaded before import = 0Number of asset objects unloaded after import = 9

========================================================================
Received Import Request.
  Time since last request: 0.000025 seconds.
  path: Assets/CorgiEngine/ThirdParty/MoreMountains/MMTools/Foundation/MMAchievements/Scripts/MMAchievementEvent.cs
  artifactKey: Guid(d8ab561ba77c94d3fafd05ffde7d9f7c) Importer(2089858483,192608db42251d675da83286b1cce702)
Start importing Assets/CorgiEngine/ThirdParty/MoreMountains/MMTools/Foundation/MMAchievements/Scripts/MMAchievementEvent.cs using Guid(d8ab561ba77c94d3fafd05ffde7d9f7c) Importer(2089858483,192608db42251d675da83286b1cce702) (ScriptedImporter) -> (artifact id: '2b11fc78bb259b9e50752f1edd900e91') in 0.0278118 seconds
Number of updated asset objects reloaded before import = 0Number of asset objects unloaded after import = 0

========================================================================
Received Import Request.
  Time since last request: 0.000096 seconds.
  path: Assets/CorgiEngine/ThirdParty/MoreMountains/InventoryEngine/Demos/PixelRogue/Scripts/Items/ArmorItem.cs
  artifactKey: Guid(ebac50667a1e87a4cb566381b6ce3d8f) Importer(2089858483,192608db42251d675da83286b1cce702)
Start importing Assets/CorgiEngine/ThirdParty/MoreMountains/InventoryEngine/Demos/PixelRogue/Scripts/Items/ArmorItem.cs using Guid(ebac50667a1e87a4cb566381b6ce3d8f) Importer(2089858483,192608db42251d675da83286b1cce702) (ScriptedImporter) -> (artifact id: '228b27ef775b8f0ff540a382143f4ac5') in 0.0237473 seconds
Number of updated asset objects reloaded before import = 0Number of asset objects unloaded after import = 0

========================================================================
Received Import Request.
  Time since last request: 0.000093 seconds.
  path: Assets/CorgiEngine/ThirdParty/MoreMountains/MMInterface/Styles/Mini/Prefabs/Buttons/VerticalGradientBlueToPurple/ButtonCircleChevron.prefab
  artifactKey: Guid(aa61002e432c6b849b0f2e42080eea81) Importer(2089858483,192608db42251d675da83286b1cce702)
Start importing Assets/CorgiEngine/ThirdParty/MoreMountains/MMInterface/Styles/Mini/Prefabs/Buttons/VerticalGradientBlueToPurple/ButtonCircleChevron.prefab using Guid(aa61002e432c6b849b0f2e42080eea81) Importer(2089858483,192608db42251d675da83286b1cce702) (ScriptedImporter) -> (artifact id: '412f14aef2272ba4f27c044f159a4f8e') in 0.0465234 seconds
Number of updated asset objects reloaded before import = 0Number of asset objects unloaded after import = 43

========================================================================
Received Import Request.
  Time since last request: 0.000031 seconds.
  path: Assets/CorgiEngine/ThirdParty/MoreMountains/MMTools/Accessories/MMVFX/MMNoise/MMPerlinNoise.png
  artifactKey: Guid(ce8f07304188aca4aa8f7b1c422c92b1) Importer(2089858483,192608db42251d675da83286b1cce702)
Start importing Assets/CorgiEngine/ThirdParty/MoreMountains/MMTools/Accessories/MMVFX/MMNoise/MMPerlinNoise.png using Guid(ce8f07304188aca4aa8f7b1c422c92b1) Importer(2089858483,192608db42251d675da83286b1cce702) (ScriptedImporter) -> (artifact id: '4a0f180e3fbc5a30f90e186c22480d69') in 0.05831 seconds
Number of updated asset objects reloaded before import = 0Number of asset objects unloaded after import = 1

========================================================================
Received Import Request.
  Time since last request: 0.000025 seconds.
  path: Assets/CorgiEngine/ThirdParty/MoreMountains/MMTools/Demos/MMTween/Prefabs/PlotterAxisCanvas.prefab
  artifactKey: Guid(ab92d78e7b8ec184e807821ca0e00568) Importer(2089858483,192608db42251d675da83286b1cce702)
Start importing Assets/CorgiEngine/ThirdParty/MoreMountains/MMTools/Demos/MMTween/Prefabs/PlotterAxisCanvas.prefab using Guid(ab92d78e7b8ec184e807821ca0e00568) Importer(2089858483,192608db42251d675da83286b1cce702) (ScriptedImporter) -> (artifact id: 'f56249c2ea317fef4165dae89db9f9f0') in 0.0540612 seconds
Number of updated asset objects reloaded before import = 0Number of asset objects unloaded after import = 52

========================================================================
Received Import Request.
  Time since last request: 0.000032 seconds.
  path: Assets/CorgiEngine/ThirdParty/MoreMountains/MMTools/Accessories/MMPrototypeTextures/MMBRP_Materials/MMBPR_GreenDots.mat
  artifactKey: Guid(d19e7892e1d87fb4fb8433ec887fb8cc) Importer(2089858483,192608db42251d675da83286b1cce702)
Start importing Assets/CorgiEngine/ThirdParty/MoreMountains/MMTools/Accessories/MMPrototypeTextures/MMBRP_Materials/MMBPR_GreenDots.mat using Guid(d19e7892e1d87fb4fb8433ec887fb8cc) Importer(2089858483,192608db42251d675da83286b1cce702) (ScriptedImporter) -> (artifact id: '0fdfe898810bee399d78638a3058d7a2') in 0.0448629 seconds
Number of updated asset objects reloaded before import = 0Number of asset objects unloaded after import = 4

========================================================================
Received Import Request.
  Time since last request: 0.000042 seconds.
  path: Assets/CorgiEngine/ThirdParty/MoreMountains/MMTools/Core/MMExtensions/MMVector4Extensions.cs
  artifactKey: Guid(75c82ca66be53244b90a3a4794a07e63) Importer(2089858483,192608db42251d675da83286b1cce702)
Start importing Assets/CorgiEngine/ThirdParty/MoreMountains/MMTools/Core/MMExtensions/MMVector4Extensions.cs using Guid(75c82ca66be53244b90a3a4794a07e63) Importer(2089858483,192608db42251d675da83286b1cce702) (ScriptedImporter) -> (artifact id: '3dbef14a0fa1b09f757515c0eb08a2e8') in 0.0295914 seconds
Number of updated asset objects reloaded before import = 0Number of asset objects unloaded after import = 0

========================================================================
Received Import Request.
  Time since last request: 0.000034 seconds.
  path: Assets/CorgiEngine/ThirdParty/MoreMountains/MMFeedbacks/Demos/SequencingDemo/Materials/SequencerWood.mat
  artifactKey: Guid(859110124559f53448796d58be533933) Importer(2089858483,192608db42251d675da83286b1cce702)
Start importing Assets/CorgiEngine/ThirdParty/MoreMountains/MMFeedbacks/Demos/SequencingDemo/Materials/SequencerWood.mat using Guid(859110124559f53448796d58be533933) Importer(2089858483,192608db42251d675da83286b1cce702) (ScriptedImporter) -> (artifact id: 'e61a306fce2045c18469b71af965a3d0') in 0.0356961 seconds
Number of updated asset objects reloaded before import = 0Number of asset objects unloaded after import = 5

========================================================================
Received Import Request.
  Time since last request: 0.000025 seconds.
  path: Assets/CorgiEngine/ThirdParty/MoreMountains/MMFeedbacks/MMFeedbacks/Springs/Springs/MMSpringAudioSourcePitch.cs
  artifactKey: Guid(01d2d7068b8e40b48bdbdfd98d3edf52) Importer(2089858483,192608db42251d675da83286b1cce702)
Start importing Assets/CorgiEngine/ThirdParty/MoreMountains/MMFeedbacks/MMFeedbacks/Springs/Springs/MMSpringAudioSourcePitch.cs using Guid(01d2d7068b8e40b48bdbdfd98d3edf52) Importer(2089858483,192608db42251d675da83286b1cce702) (ScriptedImporter) -> (artifact id: '05ac18887b99ffe73f708018a0157392') in 0.0333745 seconds
Number of updated asset objects reloaded before import = 0Number of asset objects unloaded after import = 0

========================================================================
Received Import Request.
  Time since last request: 0.000115 seconds.
  path: Assets/CorgiEngine/ThirdParty/MoreMountains/MMTools/Accessories/MMVision/MMConeOfLight.shader
  artifactKey: Guid(07e5069cdf9ee934f8d7b768c461452c) Importer(2089858483,192608db42251d675da83286b1cce702)
Start importing Assets/CorgiEngine/ThirdParty/MoreMountains/MMTools/Accessories/MMVision/MMConeOfLight.shader using Guid(07e5069cdf9ee934f8d7b768c461452c) Importer(2089858483,192608db42251d675da83286b1cce702) (ScriptedImporter) -> (artifact id: '5984e5692edf672ea54b871d4ac1e98f') in 0.0273544 seconds
Number of updated asset objects reloaded before import = 0Number of asset objects unloaded after import = 1

========================================================================
Received Import Request.
  Time since last request: 0.000031 seconds.
  path: Assets/CorgiEngine/ThirdParty/MoreMountains/MMFeedbacks/Demos/MMFeedbacksDemo/Prefabs/FeedbackDemoSparks.prefab
  artifactKey: Guid(b5aa6eb09d3dc3847a751290d0edcfe9) Importer(2089858483,192608db42251d675da83286b1cce702)
Start importing Assets/CorgiEngine/ThirdParty/MoreMountains/MMFeedbacks/Demos/MMFeedbacksDemo/Prefabs/FeedbackDemoSparks.prefab using Guid(b5aa6eb09d3dc3847a751290d0edcfe9) Importer(2089858483,192608db42251d675da83286b1cce702) (ScriptedImporter) -> (artifact id: 'ea6db9a8fcaf1b298e3a91f353a71605') in 0.0990609 seconds
Number of updated asset objects reloaded before import = 0Number of asset objects unloaded after import = 6

========================================================================
Received Import Request.
  Time since last request: 0.000029 seconds.
  path: Assets/CorgiEngine/ThirdParty/MoreMountains/MMFeedbacks/Demos/MMFeedbacksDemo/Lighting/LightingData.asset
  artifactKey: Guid(22e7c4573f862d7499a532eaa58d6136) Importer(2089858483,192608db42251d675da83286b1cce702)
Start importing Assets/CorgiEngine/ThirdParty/MoreMountains/MMFeedbacks/Demos/MMFeedbacksDemo/Lighting/LightingData.asset using Guid(22e7c4573f862d7499a532eaa58d6136) Importer(2089858483,192608db42251d675da83286b1cce702) (ScriptedImporter) -> (artifact id: 'cb0e874c203e70ebe7de077b5affaa2d') in 0.039676 seconds
Number of updated asset objects reloaded before import = 0Number of asset objects unloaded after import = 2

========================================================================
Received Import Request.
  Time since last request: 0.000034 seconds.
  path: Assets/CorgiEngine/ThirdParty/MoreMountains/MMFeedbacks/Demos/SequencingDemo/Textures/Fabric09_col.png
  artifactKey: Guid(e1f4bc00167c7604eb9c09d119ade645) Importer(2089858483,192608db42251d675da83286b1cce702)
Start importing Assets/CorgiEngine/ThirdParty/MoreMountains/MMFeedbacks/Demos/SequencingDemo/Textures/Fabric09_col.png using Guid(e1f4bc00167c7604eb9c09d119ade645) Importer(2089858483,192608db42251d675da83286b1cce702) (ScriptedImporter) -> (artifact id: '96d61f1908aa169036718ed7f4157029') in 0.0477387 seconds
Number of updated asset objects reloaded before import = 0Number of asset objects unloaded after import = 1

========================================================================
Received Import Request.
  Time since last request: 0.000023 seconds.
  path: Assets/CorgiEngine/ThirdParty/MoreMountains/MMInterface/Common/Animations/Popup/PopupAnimator.controller
  artifactKey: Guid(a0d7daa0405d2454aae53d6c7a70ecaa) Importer(2089858483,192608db42251d675da83286b1cce702)
Start importing Assets/CorgiEngine/ThirdParty/MoreMountains/MMInterface/Common/Animations/Popup/PopupAnimator.controller using Guid(a0d7daa0405d2454aae53d6c7a70ecaa) Importer(2089858483,192608db42251d675da83286b1cce702) (ScriptedImporter) -> (artifact id: 'd22f0d4aabb0237334655e4c93c649d5') in 0.0292906 seconds
Number of updated asset objects reloaded before import = 0Number of asset objects unloaded after import = 13

========================================================================
Received Import Request.
  Time since last request: 0.000021 seconds.
  path: Assets/CorgiEngine/ThirdParty/MoreMountains/MMTools/Accessories/MMPrototypeTextures/Textures/MMPlastic/MMPlasticMetal.png
  artifactKey: Guid(7e415b31b4facd24eae9598bb7644813) Importer(2089858483,192608db42251d675da83286b1cce702)
Start importing Assets/CorgiEngine/ThirdParty/MoreMountains/MMTools/Accessories/MMPrototypeTextures/Textures/MMPlastic/MMPlasticMetal.png using Guid(7e415b31b4facd24eae9598bb7644813) Importer(2089858483,192608db42251d675da83286b1cce702) (ScriptedImporter) -> (artifact id: '0b47c33d184fc40d8d26be324c1ab8a0') in 0.086521 seconds
Number of updated asset objects reloaded before import = 0Number of asset objects unloaded after import = 1

========================================================================
Received Import Request.
  Time since last request: 0.000030 seconds.
  path: Assets/CorgiEngine/ThirdParty/MoreMountains/InventoryEngine/Demos/PixelRogue/Resources/Items/ArmorGreen.asset
  artifactKey: Guid(0e9c3056cd0243f40bce0e8e2636b8ce) Importer(2089858483,192608db42251d675da83286b1cce702)
Start importing Assets/CorgiEngine/ThirdParty/MoreMountains/InventoryEngine/Demos/PixelRogue/Resources/Items/ArmorGreen.asset using Guid(0e9c3056cd0243f40bce0e8e2636b8ce) Importer(2089858483,192608db42251d675da83286b1cce702) (ScriptedImporter) -> (artifact id: 'a369c153a7c41654868969e4e30529af') in 0.0789645 seconds
Number of updated asset objects reloaded before import = 0Number of asset objects unloaded after import = 10

========================================================================
Received Import Request.
  Time since last request: 0.000041 seconds.
  path: Assets/CorgiEngine/Demos/Minimal/Prefabs/Weapons/AmmoBasedWeapons/MinimalMachineGunWithAmmo.prefab
  artifactKey: Guid(641d9847ff9ca4b74931a6ad56733255) Importer(2089858483,192608db42251d675da83286b1cce702)
Start importing Assets/CorgiEngine/Demos/Minimal/Prefabs/Weapons/AmmoBasedWeapons/MinimalMachineGunWithAmmo.prefab using Guid(641d9847ff9ca4b74931a6ad56733255) Importer(2089858483,192608db42251d675da83286b1cce702) (ScriptedImporter) -> (artifact id: '4e0d5251cdf963fc9a74108f037dfedf') in 0.1600574 seconds
Number of updated asset objects reloaded before import = 0Number of asset objects unloaded after import = 79

========================================================================
Received Import Request.
  Time since last request: 0.000060 seconds.
  path: Assets/CorgiEngine/ThirdParty/MoreMountains/MMTools/Foundation/Editor/MMAI/AIActionInspectorDrawer.cs
  artifactKey: Guid(702bfb9f7cc2a2849a2c16f4087d1c55) Importer(2089858483,192608db42251d675da83286b1cce702)
Start importing Assets/CorgiEngine/ThirdParty/MoreMountains/MMTools/Foundation/Editor/MMAI/AIActionInspectorDrawer.cs using Guid(702bfb9f7cc2a2849a2c16f4087d1c55) Importer(2089858483,192608db42251d675da83286b1cce702) (ScriptedImporter) -> (artifact id: '875c3809d7282962fb3c38ad198bde4e') in 0.0273797 seconds
Number of updated asset objects reloaded before import = 0Number of asset objects unloaded after import = 0

========================================================================
Received Import Request.
  Time since last request: 0.000020 seconds.
  path: Assets/CorgiEngine/ThirdParty/MoreMountains/MMFeedbacks/Demos/SequencingDemo/Textures/PaintedMetal02_met.png
  artifactKey: Guid(10e7c81bccf528b468314ffae2d979ee) Importer(2089858483,192608db42251d675da83286b1cce702)
Start importing Assets/CorgiEngine/ThirdParty/MoreMountains/MMFeedbacks/Demos/SequencingDemo/Textures/PaintedMetal02_met.png using Guid(10e7c81bccf528b468314ffae2d979ee) Importer(2089858483,192608db42251d675da83286b1cce702) (ScriptedImporter) -> (artifact id: 'ad924eae1171532ebfb5fcfe54f35a9d') in 0.0473223 seconds
Number of updated asset objects reloaded before import = 0Number of asset objects unloaded after import = 1

========================================================================
Received Import Request.
  Time since last request: 0.000021 seconds.
  path: Assets/CorgiEngine/ThirdParty/MoreMountains/MMFeedbacks/Editor/Springs/MMSpringFloatPropertyDrawer.cs
  artifactKey: Guid(de1ae83f81ca8aa4ea1a8f2fa8b5a8b2) Importer(2089858483,192608db42251d675da83286b1cce702)
Start importing Assets/CorgiEngine/ThirdParty/MoreMountains/MMFeedbacks/Editor/Springs/MMSpringFloatPropertyDrawer.cs using Guid(de1ae83f81ca8aa4ea1a8f2fa8b5a8b2) Importer(2089858483,192608db42251d675da83286b1cce702) (ScriptedImporter) -> (artifact id: '66e5682a0019ef88014b574d19954050') in 0.0294002 seconds
Number of updated asset objects reloaded before import = 0Number of asset objects unloaded after import = 0

========================================================================
Received Import Request.
  Time since last request: 0.000087 seconds.
  path: Assets/CorgiEngine/ThirdParty/MoreMountains/MMInterface/Common/Animations/Buttons/Animations/MMI_ButtonPressedRubber.anim
  artifactKey: Guid(65b46aceffee1f24580c2da0355150d7) Importer(2089858483,192608db42251d675da83286b1cce702)
Start importing Assets/CorgiEngine/ThirdParty/MoreMountains/MMInterface/Common/Animations/Buttons/Animations/MMI_ButtonPressedRubber.anim using Guid(65b46aceffee1f24580c2da0355150d7) Importer(2089858483,192608db42251d675da83286b1cce702) (ScriptedImporter) -> (artifact id: '968a214447c4680273af450923b5a6db') in 0.0245164 seconds
Number of updated asset objects reloaded before import = 0Number of asset objects unloaded after import = 1

========================================================================
Received Import Request.
  Time since last request: 0.000071 seconds.
  path: Assets/CorgiEngine/ThirdParty/MoreMountains/InventoryEngine/InventoryEngine/Scripts/GUI/InventoryDetails.cs
  artifactKey: Guid(4350bf2b71c28aa4287088b021d7b576) Importer(2089858483,192608db42251d675da83286b1cce702)
Start importing Assets/CorgiEngine/ThirdParty/MoreMountains/InventoryEngine/InventoryEngine/Scripts/GUI/InventoryDetails.cs using Guid(4350bf2b71c28aa4287088b021d7b576) Importer(2089858483,192608db42251d675da83286b1cce702) (ScriptedImporter) -> (artifact id: 'd381fed3139d804a4ff26c2cf34b70b4') in 0.0243249 seconds
Number of updated asset objects reloaded before import = 0Number of asset objects unloaded after import = 0

========================================================================
Received Import Request.
  Time since last request: 0.000073 seconds.
  path: Assets/CorgiEngine/ThirdParty/MoreMountains/MMFeedbacks/MMFeedbacksForThirdParty/HDRP/Shakers/MMLensDistortionShaker_HDRP.cs
  artifactKey: Guid(519fc1b1af1286148b6fbb86b4ef2eeb) Importer(2089858483,192608db42251d675da83286b1cce702)
Start importing Assets/CorgiEngine/ThirdParty/MoreMountains/MMFeedbacks/MMFeedbacksForThirdParty/HDRP/Shakers/MMLensDistortionShaker_HDRP.cs using Guid(519fc1b1af1286148b6fbb86b4ef2eeb) Importer(2089858483,192608db42251d675da83286b1cce702) (ScriptedImporter) -> (artifact id: '2597e2f14749add2d83904ac69c19c05') in 0.0286065 seconds
Number of updated asset objects reloaded before import = 0Number of asset objects unloaded after import = 0

========================================================================
Received Import Request.
  Time since last request: 0.000121 seconds.
  path: Assets/CorgiEngine/ThirdParty/MoreMountains/MMInterface/Styles/Mini/Prefabs/Buttons/Cyan/ButtonSquareArrow.prefab
  artifactKey: Guid(c4fb35b84c6de0941996d5ee8f345813) Importer(2089858483,192608db42251d675da83286b1cce702)
Start importing Assets/CorgiEngine/ThirdParty/MoreMountains/MMInterface/Styles/Mini/Prefabs/Buttons/Cyan/ButtonSquareArrow.prefab using Guid(c4fb35b84c6de0941996d5ee8f345813) Importer(2089858483,192608db42251d675da83286b1cce702) (ScriptedImporter) -> (artifact id: 'add87df49f69a72d60c27090b1a54fa9') in 0.0407816 seconds
Number of updated asset objects reloaded before import = 0Number of asset objects unloaded after import = 41

========================================================================
Received Import Request.
  Time since last request: 0.000027 seconds.
  path: Assets/CorgiEngine/ThirdParty/MoreMountains/MMFeedbacks/Demos/SequencingDemo/Textures/Chip03_met.png
  artifactKey: Guid(a6279a0665b96ba44957b1db2909ad8c) Importer(2089858483,192608db42251d675da83286b1cce702)
Start importing Assets/CorgiEngine/ThirdParty/MoreMountains/MMFeedbacks/Demos/SequencingDemo/Textures/Chip03_met.png using Guid(a6279a0665b96ba44957b1db2909ad8c) Importer(2089858483,192608db42251d675da83286b1cce702) (ScriptedImporter) -> (artifact id: '6a45277fa58497be57b77ef5f98e2578') in 0.0663685 seconds
Number of updated asset objects reloaded before import = 0Number of asset objects unloaded after import = 1

========================================================================
Received Import Request.
  Time since last request: 0.000038 seconds.
  path: Assets/CorgiEngine/Demos/Corgi2D/Prefabs/Environment/Mesa/Platform26.prefab
  artifactKey: Guid(5f5243e7d8c97a44a905f91cabd0a608) Importer(2089858483,192608db42251d675da83286b1cce702)
Start importing Assets/CorgiEngine/Demos/Corgi2D/Prefabs/Environment/Mesa/Platform26.prefab using Guid(5f5243e7d8c97a44a905f91cabd0a608) Importer(2089858483,192608db42251d675da83286b1cce702) (ScriptedImporter) -> (artifact id: 'd86d759a460a7e98573aafc45fa91085') in 0.0612752 seconds
Number of updated asset objects reloaded before import = 0Number of asset objects unloaded after import = 8

========================================================================
Received Import Request.
  Time since last request: 0.000036 seconds.
  path: Assets/CorgiEngine/ThirdParty/MoreMountains/MMInterface/Common/Sounds/Thud.wav
  artifactKey: Guid(741dd3f518b1c2d4d9f2250e297f4dc5) Importer(2089858483,192608db42251d675da83286b1cce702)
Start importing Assets/CorgiEngine/ThirdParty/MoreMountains/MMInterface/Common/Sounds/Thud.wav using Guid(741dd3f518b1c2d4d9f2250e297f4dc5) Importer(2089858483,192608db42251d675da83286b1cce702) (ScriptedImporter) -> (artifact id: 'c925dd67d5f253add53a0257fab60132') in 0.0971064 seconds
Number of updated asset objects reloaded before import = 0Number of asset objects unloaded after import = 1

========================================================================
Received Import Request.
  Time since last request: 0.000022 seconds.
  path: Assets/CorgiEngine/Demos/Retro/Tilemaps/RetroCave/RetroCave_9.asset
  artifactKey: Guid(21f7910254e690c82fac6779c16c6716) Importer(2089858483,192608db42251d675da83286b1cce702)
Start importing Assets/CorgiEngine/Demos/Retro/Tilemaps/RetroCave/RetroCave_9.asset using Guid(21f7910254e690c82fac6779c16c6716) Importer(2089858483,192608db42251d675da83286b1cce702) (ScriptedImporter) -> (artifact id: 'f16316ae463bfadac91d6741556179e7') in 0.0266784 seconds
Number of updated asset objects reloaded before import = 0Number of asset objects unloaded after import = 2

========================================================================
Received Import Request.
  Time since last request: 0.000020 seconds.
  path: Assets/CorgiEngine/ThirdParty/MoreMountains/MMTools/Accessories/MMDebugMenu/Scripts/Events/MMDebugMenuSliderEvent.cs
  artifactKey: Guid(e815f28291646fc47a4ea53fa52db2a4) Importer(2089858483,192608db42251d675da83286b1cce702)
Start importing Assets/CorgiEngine/ThirdParty/MoreMountains/MMTools/Accessories/MMDebugMenu/Scripts/Events/MMDebugMenuSliderEvent.cs using Guid(e815f28291646fc47a4ea53fa52db2a4) Importer(2089858483,192608db42251d675da83286b1cce702) (ScriptedImporter) -> (artifact id: 'eb788e39aa4b63104096a25956bffbd8') in 0.0247259 seconds
Number of updated asset objects reloaded before import = 0Number of asset objects unloaded after import = 0

========================================================================
Received Import Request.
  Time since last request: 0.000126 seconds.
  path: Assets/CorgiEngine/ThirdParty/MoreMountains/MMInterface/Styles/Mini/Prefabs/Buttons/HorizontalGradientGreenToBlue/ButtonCircleSoundOn.prefab
  artifactKey: Guid(90fe10a9990509e45b39764274173014) Importer(2089858483,192608db42251d675da83286b1cce702)
Start importing Assets/CorgiEngine/ThirdParty/MoreMountains/MMInterface/Styles/Mini/Prefabs/Buttons/HorizontalGradientGreenToBlue/ButtonCircleSoundOn.prefab using Guid(90fe10a9990509e45b39764274173014) Importer(2089858483,192608db42251d675da83286b1cce702) (ScriptedImporter) -> (artifact id: 'b92d4fb6c2d4ce5332b6f1e7c53a4d69') in 0.0458746 seconds
Number of updated asset objects reloaded before import = 0Number of asset objects unloaded after import = 43

========================================================================
Received Import Request.
  Time since last request: 0.000027 seconds.
  path: Assets/CorgiEngine/ThirdParty/MoreMountains/MMFeedbacks/MMFeedbacksForThirdParty/URP/Shakers/MMColorAdjustmentsShaker_URP.cs
  artifactKey: Guid(71d1f877a9ca4ed48963fe747f743dfc) Importer(2089858483,192608db42251d675da83286b1cce702)
Start importing Assets/CorgiEngine/ThirdParty/MoreMountains/MMFeedbacks/MMFeedbacksForThirdParty/URP/Shakers/MMColorAdjustmentsShaker_URP.cs using Guid(71d1f877a9ca4ed48963fe747f743dfc) Importer(2089858483,192608db42251d675da83286b1cce702) (ScriptedImporter) -> (artifact id: '88f4d3f522aebe59e550937955904828') in 0.0228999 seconds
Number of updated asset objects reloaded before import = 0Number of asset objects unloaded after import = 0

========================================================================
Received Import Request.
  Time since last request: 0.000092 seconds.
  path: Assets/CorgiEngine/ThirdParty/MoreMountains/MMTools/Accessories/MMUtilities/MMTransformRandomizer.cs
  artifactKey: Guid(07b798a3f371c8f4f9919515319eb447) Importer(2089858483,192608db42251d675da83286b1cce702)
Start importing Assets/CorgiEngine/ThirdParty/MoreMountains/MMTools/Accessories/MMUtilities/MMTransformRandomizer.cs using Guid(07b798a3f371c8f4f9919515319eb447) Importer(2089858483,192608db42251d675da83286b1cce702) (ScriptedImporter) -> (artifact id: 'c19f470831c4a034c0d6dc38ce70605c') in 0.0268319 seconds
Number of updated asset objects reloaded before import = 0Number of asset objects unloaded after import = 0

========================================================================
Received Import Request.
  Time since last request: 0.000080 seconds.
  path: Assets/CorgiEngine/Demos/Minimal/Prefabs/ItemPickers/WeaponWithAmmoPickers/InventoryGrenadeLauncherPicker.prefab
  artifactKey: Guid(975030b0e319a9a4498a9fd55fece32e) Importer(2089858483,192608db42251d675da83286b1cce702)
Start importing Assets/CorgiEngine/Demos/Minimal/Prefabs/ItemPickers/WeaponWithAmmoPickers/InventoryGrenadeLauncherPicker.prefab using Guid(975030b0e319a9a4498a9fd55fece32e) Importer(2089858483,192608db42251d675da83286b1cce702) (ScriptedImporter) -> (artifact id: 'a4ef21507c7e1451483ac29d95289036') in 0.0869971 seconds
Number of updated asset objects reloaded before import = 0Number of asset objects unloaded after import = 92

========================================================================
Received Import Request.
  Time since last request: 0.000034 seconds.
  path: Assets/CorgiEngine/Demos/Retro/Tilemaps/RetroCave/RetroCave_1.asset
  artifactKey: Guid(dd84da0866139fcdecd2ef2e95ce3a8a) Importer(2089858483,192608db42251d675da83286b1cce702)
Start importing Assets/CorgiEngine/Demos/Retro/Tilemaps/RetroCave/RetroCave_1.asset using Guid(dd84da0866139fcdecd2ef2e95ce3a8a) Importer(2089858483,192608db42251d675da83286b1cce702) (ScriptedImporter) -> (artifact id: '4139d7b066e7a5af230aa1ea6a5fcd2f') in 0.0389226 seconds
Number of updated asset objects reloaded before import = 0Number of asset objects unloaded after import = 2

========================================================================
Received Import Request.
  Time since last request: 0.000029 seconds.
  path: Assets/CorgiEngine/ThirdParty/MoreMountains/MMInterface/Styles/Mini/Prefabs/Buttons/Green/ButtonCircleCheck.prefab
  artifactKey: Guid(d0efa52e1d20f2a4697e8d7b2338ccc0) Importer(2089858483,192608db42251d675da83286b1cce702)
Start importing Assets/CorgiEngine/ThirdParty/MoreMountains/MMInterface/Styles/Mini/Prefabs/Buttons/Green/ButtonCircleCheck.prefab using Guid(d0efa52e1d20f2a4697e8d7b2338ccc0) Importer(2089858483,192608db42251d675da83286b1cce702) (ScriptedImporter) -> (artifact id: '2293b03272e2dab74d0c42f66e881497') in 0.0409659 seconds
Number of updated asset objects reloaded before import = 0Number of asset objects unloaded after import = 42

========================================================================
Received Import Request.
  Time since last request: 0.000037 seconds.
  path: Assets/CorgiEngine/ThirdParty/MoreMountains/MMTools/Foundation/MMAchievements/Scripts/MMAchievementDisplayItem.cs
  artifactKey: Guid(4e775494159ed5e4c997035d2df49776) Importer(2089858483,192608db42251d675da83286b1cce702)
Start importing Assets/CorgiEngine/ThirdParty/MoreMountains/MMTools/Foundation/MMAchievements/Scripts/MMAchievementDisplayItem.cs using Guid(4e775494159ed5e4c997035d2df49776) Importer(2089858483,192608db42251d675da83286b1cce702) (ScriptedImporter) -> (artifact id: 'afeb0bec9dbd364d03e7165ca1133da6') in 0.027897 seconds
Number of updated asset objects reloaded before import = 0Number of asset objects unloaded after import = 0

========================================================================
Received Import Request.
  Time since last request: 0.000043 seconds.
  path: Assets/CorgiEngine/ThirdParty/MoreMountains/MMInterface/Styles/Mini/Prefabs/Buttons/Blue/ButtonSquareMusic.prefab
  artifactKey: Guid(aa07bc4142849434fa85def8a446da34) Importer(2089858483,192608db42251d675da83286b1cce702)
Start importing Assets/CorgiEngine/ThirdParty/MoreMountains/MMInterface/Styles/Mini/Prefabs/Buttons/Blue/ButtonSquareMusic.prefab using Guid(aa07bc4142849434fa85def8a446da34) Importer(2089858483,192608db42251d675da83286b1cce702) (ScriptedImporter) -> (artifact id: '30b86b58d7f87a09590ae1e783937fb5') in 0.0407262 seconds
Number of updated asset objects reloaded before import = 0Number of asset objects unloaded after import = 41

========================================================================
Received Import Request.
  Time since last request: 0.000030 seconds.
  path: Assets/CorgiEngine/ThirdParty/MoreMountains/MMTools/Accessories/MMGUI/MMProgressBarDemoAuto.cs
  artifactKey: Guid(8d6b0cf6d1d21694084a7227b664276e) Importer(2089858483,192608db42251d675da83286b1cce702)
Start importing Assets/CorgiEngine/ThirdParty/MoreMountains/MMTools/Accessories/MMGUI/MMProgressBarDemoAuto.cs using Guid(8d6b0cf6d1d21694084a7227b664276e) Importer(2089858483,192608db42251d675da83286b1cce702) (ScriptedImporter) -> (artifact id: '9bfd955091eed7b698e2a1a8831b0b30') in 0.0269596 seconds
Number of updated asset objects reloaded before import = 0Number of asset objects unloaded after import = 0

========================================================================
Received Import Request.
  Time since last request: 0.000091 seconds.
  path: Assets/CorgiEngine/Demos/Retro/Tilemaps/RetroCave/RetroCave_0.asset
  artifactKey: Guid(df02301338094f8374cb74dda58736fb) Importer(2089858483,192608db42251d675da83286b1cce702)
Start importing Assets/CorgiEngine/Demos/Retro/Tilemaps/RetroCave/RetroCave_0.asset using Guid(df02301338094f8374cb74dda58736fb) Importer(2089858483,192608db42251d675da83286b1cce702) (ScriptedImporter) -> (artifact id: '2fbc2c97cc110e3664d59f30942194b8') in 0.0277736 seconds
Number of updated asset objects reloaded before import = 0Number of asset objects unloaded after import = 2

========================================================================
Received Import Request.
  Time since last request: 0.000031 seconds.
  path: Assets/CorgiEngine/ThirdParty/MoreMountains/MMTools/Core/MMRadio/MMProperty/MMPropertyPicker/MMPropertyPicker.cs
  artifactKey: Guid(9c6f9c86f5c6aa14490ae9a264c1e884) Importer(2089858483,192608db42251d675da83286b1cce702)
Start importing Assets/CorgiEngine/ThirdParty/MoreMountains/MMTools/Core/MMRadio/MMProperty/MMPropertyPicker/MMPropertyPicker.cs using Guid(9c6f9c86f5c6aa14490ae9a264c1e884) Importer(2089858483,192608db42251d675da83286b1cce702) (ScriptedImporter) -> (artifact id: '194b0d3138d220921a3c027897b2a06f') in 0.0235169 seconds
Number of updated asset objects reloaded before import = 0Number of asset objects unloaded after import = 0

========================================================================
Received Import Request.
  Time since last request: 0.000079 seconds.
  path: Assets/CorgiEngine/ThirdParty/MoreMountains/MMFeedbacks/MMFeedbacksForThirdParty/URP/Springs/MMSpringVignetteColor_URP.cs
  artifactKey: Guid(e0b0662717e477a49ab069670a2b5bc6) Importer(2089858483,192608db42251d675da83286b1cce702)
Start importing Assets/CorgiEngine/ThirdParty/MoreMountains/MMFeedbacks/MMFeedbacksForThirdParty/URP/Springs/MMSpringVignetteColor_URP.cs using Guid(e0b0662717e477a49ab069670a2b5bc6) Importer(2089858483,192608db42251d675da83286b1cce702) (ScriptedImporter) -> (artifact id: '294a3183de82e0affbc3a69b1732106e') in 0.0252652 seconds
Number of updated asset objects reloaded before import = 0Number of asset objects unloaded after import = 0

========================================================================
Received Import Request.
  Time since last request: 0.000054 seconds.
  path: Assets/CorgiEngine/ThirdParty/MoreMountains/MMTools/Core/MMAudio/MMPlaylist/MMPlaylist.cs
  artifactKey: Guid(2b0a35f7d8f5b3443a41bb74a444220e) Importer(2089858483,192608db42251d675da83286b1cce702)
Start importing Assets/CorgiEngine/ThirdParty/MoreMountains/MMTools/Core/MMAudio/MMPlaylist/MMPlaylist.cs using Guid(2b0a35f7d8f5b3443a41bb74a444220e) Importer(2089858483,192608db42251d675da83286b1cce702) (ScriptedImporter) -> (artifact id: 'abee89b163b4c33fea0cf62b64d83041') in 0.0259692 seconds
Number of updated asset objects reloaded before import = 0Number of asset objects unloaded after import = 0

========================================================================
Received Import Request.
  Time since last request: 0.000101 seconds.
  path: Assets/CorgiEngine/ThirdParty/MoreMountains/MMFeedbacks/MMFeedbacks/Sequencing/Scripts/MMFeedbacksSequencer.cs
  artifactKey: Guid(6e640499a55d3f348b303b7c2ce7d452) Importer(2089858483,192608db42251d675da83286b1cce702)
Start importing Assets/CorgiEngine/ThirdParty/MoreMountains/MMFeedbacks/MMFeedbacks/Sequencing/Scripts/MMFeedbacksSequencer.cs using Guid(6e640499a55d3f348b303b7c2ce7d452) Importer(2089858483,192608db42251d675da83286b1cce702) (ScriptedImporter) -> (artifact id: '33fd62369ca22a89a1f4eaa997569da7') in 0.0222186 seconds
Number of updated asset objects reloaded before import = 0Number of asset objects unloaded after import = 0

========================================================================
Received Import Request.
  Time since last request: 0.000055 seconds.
  path: Assets/CorgiEngine/ThirdParty/MoreMountains/MMTools/Core/MMUI/MMProgressBar.cs
  artifactKey: Guid(0a42a23ce4f9ed24abde69beacbef2f4) Importer(2089858483,192608db42251d675da83286b1cce702)
Start importing Assets/CorgiEngine/ThirdParty/MoreMountains/MMTools/Core/MMUI/MMProgressBar.cs using Guid(0a42a23ce4f9ed24abde69beacbef2f4) Importer(2089858483,192608db42251d675da83286b1cce702) (ScriptedImporter) -> (artifact id: '03f430329ac7708a4698346074101272') in 0.0237092 seconds
Number of updated asset objects reloaded before import = 0Number of asset objects unloaded after import = 0

========================================================================
Received Import Request.
  Time since last request: 0.000028 seconds.
  path: Assets/CorgiEngine/ThirdParty/MoreMountains/MMInterface/Common/Sounds/Danger.wav
  artifactKey: Guid(2450a1e611ef86040a8b9a2c5b16f8be) Importer(2089858483,192608db42251d675da83286b1cce702)
Start importing Assets/CorgiEngine/ThirdParty/MoreMountains/MMInterface/Common/Sounds/Danger.wav using Guid(2450a1e611ef86040a8b9a2c5b16f8be) Importer(2089858483,192608db42251d675da83286b1cce702) (ScriptedImporter) -> (artifact id: 'fbaf37d4de89d69b5ba4b4f7fcfed9a6') in 0.1252405 seconds
Number of updated asset objects reloaded before import = 0Number of asset objects unloaded after import = 1

========================================================================
Received Import Request.
  Time since last request: 0.000028 seconds.
  path: Assets/CorgiEngine/ThirdParty/MoreMountains/MMInterface/Styles/Mini/Prefabs/Buttons/Cyan/ButtonCircleHome.prefab
  artifactKey: Guid(f95dde2d76a8ad544b00eb0c7373364b) Importer(2089858483,192608db42251d675da83286b1cce702)
Start importing Assets/CorgiEngine/ThirdParty/MoreMountains/MMInterface/Styles/Mini/Prefabs/Buttons/Cyan/ButtonCircleHome.prefab using Guid(f95dde2d76a8ad544b00eb0c7373364b) Importer(2089858483,192608db42251d675da83286b1cce702) (ScriptedImporter) -> (artifact id: 'be87ec9a8f2a2db5f7dfe4868fc96bb5') in 0.0422543 seconds
Number of updated asset objects reloaded before import = 0Number of asset objects unloaded after import = 41

========================================================================
Received Import Request.
  Time since last request: 0.000036 seconds.
  path: Assets/CorgiEngine/ThirdParty/MoreMountains/MMFeedbacks/MMFeedbacksForThirdParty/Cinemachine/Shakers/MMCinemachinePriorityBrainListener.cs
  artifactKey: Guid(2436c2ba147129746badf6cfa2ee2d1b) Importer(2089858483,192608db42251d675da83286b1cce702)
Start importing Assets/CorgiEngine/ThirdParty/MoreMountains/MMFeedbacks/MMFeedbacksForThirdParty/Cinemachine/Shakers/MMCinemachinePriorityBrainListener.cs using Guid(2436c2ba147129746badf6cfa2ee2d1b) Importer(2089858483,192608db42251d675da83286b1cce702) (ScriptedImporter) -> (artifact id: 'f5b1b8da72fd2d7a2a80f1b4950c07bb') in 0.0334891 seconds
Number of updated asset objects reloaded before import = 0Number of asset objects unloaded after import = 0

========================================================================
Received Import Request.
  Time since last request: 0.000128 seconds.
  path: Assets/CorgiEngine/ThirdParty/MoreMountains/MMTools/Core/MMPropertyControllers/ShaderController.cs
  artifactKey: Guid(8ad986206bb726846a202cfdedd282dc) Importer(2089858483,192608db42251d675da83286b1cce702)
Start importing Assets/CorgiEngine/ThirdParty/MoreMountains/MMTools/Core/MMPropertyControllers/ShaderController.cs using Guid(8ad986206bb726846a202cfdedd282dc) Importer(2089858483,192608db42251d675da83286b1cce702) (ScriptedImporter) -> (artifact id: '05b1992550952bb315044426a9b4b132') in 0.0219976 seconds
Number of updated asset objects reloaded before import = 0Number of asset objects unloaded after import = 0

========================================================================
Received Import Request.
  Time since last request: 0.000032 seconds.
  path: Assets/CorgiEngine/ThirdParty/MoreMountains/MMFeedbacks/MMFeedbacksForThirdParty/MMTools/Feedbacks/MMF_FloatController.cs
  artifactKey: Guid(35b65ddee73b8544486c63441149886c) Importer(2089858483,192608db42251d675da83286b1cce702)
Start importing Assets/CorgiEngine/ThirdParty/MoreMountains/MMFeedbacks/MMFeedbacksForThirdParty/MMTools/Feedbacks/MMF_FloatController.cs using Guid(35b65ddee73b8544486c63441149886c) Importer(2089858483,192608db42251d675da83286b1cce702) (ScriptedImporter) -> (artifact id: 'd64345896ee1f55fa16cabeea1db54e2') in 0.0215646 seconds
Number of updated asset objects reloaded before import = 0Number of asset objects unloaded after import = 0

========================================================================
Received Import Request.
  Time since last request: 0.000126 seconds.
  path: Assets/CorgiEngine/ThirdParty/MoreMountains/MMFeedbacks/MMFeedbacksForThirdParty/TextMeshPro/Feedbacks/MMF_TMPTextReveal.cs
  artifactKey: Guid(45c7b8525ec6efc459e80a97bb09c688) Importer(2089858483,192608db42251d675da83286b1cce702)
Start importing Assets/CorgiEngine/ThirdParty/MoreMountains/MMFeedbacks/MMFeedbacksForThirdParty/TextMeshPro/Feedbacks/MMF_TMPTextReveal.cs using Guid(45c7b8525ec6efc459e80a97bb09c688) Importer(2089858483,192608db42251d675da83286b1cce702) (ScriptedImporter) -> (artifact id: '534576596c5c1e077b86047ea94bdd80') in 0.0265735 seconds
Number of updated asset objects reloaded before import = 0Number of asset objects unloaded after import = 0

========================================================================
Received Import Request.
  Time since last request: 0.000133 seconds.
  path: Assets/CorgiEngine/Demos/TheHunt/Models/Soldier/Materials/Colors/RedMaterial2.mat
  artifactKey: Guid(4730ffc4bdd75b3429d832d60c15c0ef) Importer(2089858483,192608db42251d675da83286b1cce702)
Start importing Assets/CorgiEngine/Demos/TheHunt/Models/Soldier/Materials/Colors/RedMaterial2.mat using Guid(4730ffc4bdd75b3429d832d60c15c0ef) Importer(2089858483,192608db42251d675da83286b1cce702) (ScriptedImporter) -> (artifact id: '200e6b36dbc95fae628c65b2a767b98d') in 0.0255143 seconds
Number of updated asset objects reloaded before import = 0Number of asset objects unloaded after import = 1

========================================================================
Received Import Request.
  Time since last request: 0.000046 seconds.
  path: Assets/CorgiEngine/ThirdParty/MoreMountains/MMTools/Core/MMAttributes/MMExecutionOrderAttribute.cs
  artifactKey: Guid(7b9d2829e14d10b4ca64457e40710bf2) Importer(2089858483,192608db42251d675da83286b1cce702)
Start importing Assets/CorgiEngine/ThirdParty/MoreMountains/MMTools/Core/MMAttributes/MMExecutionOrderAttribute.cs using Guid(7b9d2829e14d10b4ca64457e40710bf2) Importer(2089858483,192608db42251d675da83286b1cce702) (ScriptedImporter) -> (artifact id: '7a7debf4e8a646c8cc2274ca71932f54') in 0.0224426 seconds
Number of updated asset objects reloaded before import = 0Number of asset objects unloaded after import = 0

========================================================================
Received Import Request.
  Time since last request: 0.000131 seconds.
  path: Assets/CorgiEngine/ThirdParty/MoreMountains/MMTools/Foundation/Editor/MMAchievements/MMAchievementListInspector.cs
  artifactKey: Guid(70d3db55e641fa4428b605f636e0015b) Importer(2089858483,192608db42251d675da83286b1cce702)
Start importing Assets/CorgiEngine/ThirdParty/MoreMountains/MMTools/Foundation/Editor/MMAchievements/MMAchievementListInspector.cs using Guid(70d3db55e641fa4428b605f636e0015b) Importer(2089858483,192608db42251d675da83286b1cce702) (ScriptedImporter) -> (artifact id: '572ce2cb08bca1328cd547f9c0a3cc7a') in 0.0307135 seconds
Number of updated asset objects reloaded before import = 0Number of asset objects unloaded after import = 0

========================================================================
Received Import Request.
  Time since last request: 0.000139 seconds.
  path: Assets/CorgiEngine/ThirdParty/MoreMountains/MMFeedbacks/MMFeedbacks/Feedbacks/MMF_Text.cs
  artifactKey: Guid(6428d294fb684dc48917b398c67f178f) Importer(2089858483,192608db42251d675da83286b1cce702)
Start importing Assets/CorgiEngine/ThirdParty/MoreMountains/MMFeedbacks/MMFeedbacks/Feedbacks/MMF_Text.cs using Guid(6428d294fb684dc48917b398c67f178f) Importer(2089858483,192608db42251d675da83286b1cce702) (ScriptedImporter) -> (artifact id: '73312bcca1c03e18fb4c034808d59824') in 0.0262733 seconds
Number of updated asset objects reloaded before import = 0Number of asset objects unloaded after import = 0

========================================================================
Received Import Request.
  Time since last request: 0.000085 seconds.
  path: Assets/CorgiEngine/ThirdParty/MoreMountains/MMFeedbacks/MMFeedbacksForThirdParty/MMTools/Feedbacks/MMF_MMSoundManagerSound.cs
  artifactKey: Guid(ae23e6af7cee13748b98cf83b79d01c9) Importer(2089858483,192608db42251d675da83286b1cce702)
Start importing Assets/CorgiEngine/ThirdParty/MoreMountains/MMFeedbacks/MMFeedbacksForThirdParty/MMTools/Feedbacks/MMF_MMSoundManagerSound.cs using Guid(ae23e6af7cee13748b98cf83b79d01c9) Importer(2089858483,192608db42251d675da83286b1cce702) (ScriptedImporter) -> (artifact id: '91b6c6e4ac1f27e39aee0240ee93495b') in 0.022659 seconds
Number of updated asset objects reloaded before import = 0Number of asset objects unloaded after import = 0

========================================================================
Received Import Request.
  Time since last request: 0.000107 seconds.
  path: Assets/CorgiEngine/ThirdParty/MoreMountains/InventoryEngine/InventoryEngine/Scripts/Core/ItemPicker.cs
  artifactKey: Guid(86fd837a0abc28d4d91c55590bd2c090) Importer(2089858483,192608db42251d675da83286b1cce702)
Start importing Assets/CorgiEngine/ThirdParty/MoreMountains/InventoryEngine/InventoryEngine/Scripts/Core/ItemPicker.cs using Guid(86fd837a0abc28d4d91c55590bd2c090) Importer(2089858483,192608db42251d675da83286b1cce702) (ScriptedImporter) -> (artifact id: '6d863c6bd2560fcb8affe792453fc03f') in 0.0262371 seconds
Number of updated asset objects reloaded before import = 0Number of asset objects unloaded after import = 0

========================================================================
Received Import Request.
  Time since last request: 0.000113 seconds.
  path: Assets/CorgiEngine/ThirdParty/MoreMountains/MMFeedbacks/MMFeedbacksForThirdParty/PostProcessing/Shakers/MMAutoFocus.cs
  artifactKey: Guid(6b05280df6098734a9d93da081ea29f1) Importer(2089858483,192608db42251d675da83286b1cce702)
Start importing Assets/CorgiEngine/ThirdParty/MoreMountains/MMFeedbacks/MMFeedbacksForThirdParty/PostProcessing/Shakers/MMAutoFocus.cs using Guid(6b05280df6098734a9d93da081ea29f1) Importer(2089858483,192608db42251d675da83286b1cce702) (ScriptedImporter) -> (artifact id: 'f49c42396bd9e1a5c7736b087fad3063') in 0.0263782 seconds
Number of updated asset objects reloaded before import = 0Number of asset objects unloaded after import = 0

========================================================================
Received Import Request.
  Time since last request: 0.000053 seconds.
  path: Assets/CorgiEngine/ThirdParty/MoreMountains/MMFeedbacks/Demos/MMFeedbacksDemo/Textures/FeedbacksDemoFaderMask.png
  artifactKey: Guid(bdd6c77f3b6358b4797992581e75bd64) Importer(2089858483,192608db42251d675da83286b1cce702)
Start importing Assets/CorgiEngine/ThirdParty/MoreMountains/MMFeedbacks/Demos/MMFeedbacksDemo/Textures/FeedbacksDemoFaderMask.png using Guid(bdd6c77f3b6358b4797992581e75bd64) Importer(2089858483,192608db42251d675da83286b1cce702) (ScriptedImporter) -> (artifact id: '6728ab1f6db86f36f32ca55ad0308eeb') in 0.0477527 seconds
Number of updated asset objects reloaded before import = 0Number of asset objects unloaded after import = 3

========================================================================
Received Import Request.
  Time since last request: 0.000030 seconds.
  path: Assets/CorgiEngine/Demos/Corgi2D/Prefabs/Environment/Bricks/Brick12.prefab
  artifactKey: Guid(b7ee8996d8495a44b8a0e09a44d74e56) Importer(2089858483,192608db42251d675da83286b1cce702)
Start importing Assets/CorgiEngine/Demos/Corgi2D/Prefabs/Environment/Bricks/Brick12.prefab using Guid(b7ee8996d8495a44b8a0e09a44d74e56) Importer(2089858483,192608db42251d675da83286b1cce702) (ScriptedImporter) -> (artifact id: '53d96c6345aa0e36cd465f4bc17398a2') in 0.0540001 seconds
Number of updated asset objects reloaded before import = 0Number of asset objects unloaded after import = 8

========================================================================
Received Import Request.
  Time since last request: 0.000047 seconds.
  path: Assets/CorgiEngine/Demos/Retro/Prefabs/Weapons/Ammo/RetroSpacemanMachineGunBullet.prefab
  artifactKey: Guid(7f4bb7f9537ba4978b4751fc618bc3f5) Importer(2089858483,192608db42251d675da83286b1cce702)
Start importing Assets/CorgiEngine/Demos/Retro/Prefabs/Weapons/Ammo/RetroSpacemanMachineGunBullet.prefab using Guid(7f4bb7f9537ba4978b4751fc618bc3f5) Importer(2089858483,192608db42251d675da83286b1cce702) (ScriptedImporter) -> (artifact id: 'dfa1c9668aaccc09e3819548f1da7eb8') in 0.0790642 seconds
Number of updated asset objects reloaded before import = 0Number of asset objects unloaded after import = 28

========================================================================
Received Import Request.
  Time since last request: 0.000038 seconds.
  path: Assets/CorgiEngine/ThirdParty/MoreMountains/MMFeedbacks/MMFeedbacksForThirdParty/URP/Springs/MMSpringWhiteBalanceTint_URP.cs
  artifactKey: Guid(03434ee759b2dcc45b2a246dfc70ec89) Importer(2089858483,192608db42251d675da83286b1cce702)
Start importing Assets/CorgiEngine/ThirdParty/MoreMountains/MMFeedbacks/MMFeedbacksForThirdParty/URP/Springs/MMSpringWhiteBalanceTint_URP.cs using Guid(03434ee759b2dcc45b2a246dfc70ec89) Importer(2089858483,192608db42251d675da83286b1cce702) (ScriptedImporter) -> (artifact id: 'e0780688e0ccf8aa6e11b9980f118ffb') in 0.0205128 seconds
Number of updated asset objects reloaded before import = 0Number of asset objects unloaded after import = 0

========================================================================
Received Import Request.
  Time since last request: 0.000073 seconds.
  path: Assets/CorgiEngine/ThirdParty/MoreMountains/MMTools/Demos/MMTween/Prefabs/PlotterPoint.prefab
  artifactKey: Guid(1c0fc0603e5310a4a81c2da44b541fdc) Importer(2089858483,192608db42251d675da83286b1cce702)
Start importing Assets/CorgiEngine/ThirdParty/MoreMountains/MMTools/Demos/MMTween/Prefabs/PlotterPoint.prefab using Guid(1c0fc0603e5310a4a81c2da44b541fdc) Importer(2089858483,192608db42251d675da83286b1cce702) (ScriptedImporter) -> (artifact id: '3fba3e668318984f04b30045d9151361') in 0.0388217 seconds
Number of updated asset objects reloaded before import = 0Number of asset objects unloaded after import = 8

========================================================================
Received Import Request.
  Time since last request: 0.000024 seconds.
  path: Assets/CorgiEngine/ThirdParty/MoreMountains/MMInterface/Common/Animations/Buttons/Animations/MMI_ButtonFlipHorizontal.anim
  artifactKey: Guid(510bfa84c6b2f2e4d961fa01adbdfec6) Importer(2089858483,192608db42251d675da83286b1cce702)
Start importing Assets/CorgiEngine/ThirdParty/MoreMountains/MMInterface/Common/Animations/Buttons/Animations/MMI_ButtonFlipHorizontal.anim using Guid(510bfa84c6b2f2e4d961fa01adbdfec6) Importer(2089858483,192608db42251d675da83286b1cce702) (ScriptedImporter) -> (artifact id: '157f4425687cdbcd7a996f5eba1f4857') in 0.0333603 seconds
Number of updated asset objects reloaded before import = 0Number of asset objects unloaded after import = 1

========================================================================
Received Import Request.
  Time since last request: 0.000051 seconds.
  path: Assets/CorgiEngine/ThirdParty/MoreMountains/MMTools/Accessories/MMDebugMenu/Sprites/MMDebugMenuSpritesheet.png
  artifactKey: Guid(72f7a32ac9c7676409eb438757bc6b4a) Importer(2089858483,192608db42251d675da83286b1cce702)
Start importing Assets/CorgiEngine/ThirdParty/MoreMountains/MMTools/Accessories/MMDebugMenu/Sprites/MMDebugMenuSpritesheet.png using Guid(72f7a32ac9c7676409eb438757bc6b4a) Importer(2089858483,192608db42251d675da83286b1cce702) (ScriptedImporter) -> (artifact id: '774ff12ff7cc9d0d9c0b9fbadfa23c13') in 0.0929093 seconds
Number of updated asset objects reloaded before import = 0Number of asset objects unloaded after import = 8

========================================================================
Received Import Request.
  Time since last request: 0.000033 seconds.
  path: Assets/CorgiEngine/ThirdParty/MoreMountains/MMTools/Core/MMSceneLoading/LoadingScreens/MMAdditiveLoadingScreenFastFade.unity
  artifactKey: Guid(8101c376367d6e44f84e602722e5ac10) Importer(2089858483,192608db42251d675da83286b1cce702)
Start importing Assets/CorgiEngine/ThirdParty/MoreMountains/MMTools/Core/MMSceneLoading/LoadingScreens/MMAdditiveLoadingScreenFastFade.unity using Guid(8101c376367d6e44f84e602722e5ac10) Importer(2089858483,192608db42251d675da83286b1cce702) (ScriptedImporter) -> (artifact id: 'f51cea66b1b2b1e8889abb03cc8d4fd4') in 0.0302447 seconds
Number of updated asset objects reloaded before import = 0Number of asset objects unloaded after import = 1

========================================================================
Received Import Request.
  Time since last request: 0.000031 seconds.
  path: Assets/CorgiEngine/ThirdParty/MoreMountains/MMTools/Accessories/MMVFX/Scripts/MMPanningTexture.cs
  artifactKey: Guid(00aa79f91c8cbbf498e626608d2dad16) Importer(2089858483,192608db42251d675da83286b1cce702)
Start importing Assets/CorgiEngine/ThirdParty/MoreMountains/MMTools/Accessories/MMVFX/Scripts/MMPanningTexture.cs using Guid(00aa79f91c8cbbf498e626608d2dad16) Importer(2089858483,192608db42251d675da83286b1cce702) (ScriptedImporter) -> (artifact id: 'b74eee6225eaec0f9c1d98e5b9a2245b') in 0.029698 seconds
Number of updated asset objects reloaded before import = 0Number of asset objects unloaded after import = 0

========================================================================
Received Import Request.
  Time since last request: 0.000126 seconds.
  path: Assets/CorgiEngine/ThirdParty/MoreMountains/MMFeedbacks/MMFeedbacksForThirdParty/HDRP/Springs/MMSpringVignetteCenter_HDRP.cs
  artifactKey: Guid(9680118cd018daf4e92199c3b12ba729) Importer(2089858483,192608db42251d675da83286b1cce702)
Start importing Assets/CorgiEngine/ThirdParty/MoreMountains/MMFeedbacks/MMFeedbacksForThirdParty/HDRP/Springs/MMSpringVignetteCenter_HDRP.cs using Guid(9680118cd018daf4e92199c3b12ba729) Importer(2089858483,192608db42251d675da83286b1cce702) (ScriptedImporter) -> (artifact id: '04c50721be2ad7cdadc83e0b00f8d709') in 0.0325921 seconds
Number of updated asset objects reloaded before import = 0Number of asset objects unloaded after import = 0

========================================================================
Received Import Request.
  Time since last request: 0.000064 seconds.
  path: Assets/CorgiEngine/ThirdParty/MoreMountains/MMTools/Core/Editor/MMRadio/MMPropertyReceiverDrawer.cs
  artifactKey: Guid(50fd27fe4d3854042af8178658492f5b) Importer(2089858483,192608db42251d675da83286b1cce702)
Start importing Assets/CorgiEngine/ThirdParty/MoreMountains/MMTools/Core/Editor/MMRadio/MMPropertyReceiverDrawer.cs using Guid(50fd27fe4d3854042af8178658492f5b) Importer(2089858483,192608db42251d675da83286b1cce702) (ScriptedImporter) -> (artifact id: 'c4eb584186a41c627dfa7f5ef72e13c9') in 0.0292662 seconds
Number of updated asset objects reloaded before import = 0Number of asset objects unloaded after import = 0

========================================================================
Received Import Request.
  Time since last request: 0.000086 seconds.
  path: Assets/CorgiEngine/ThirdParty/MoreMountains/MMTools/Accessories/MMDebugMenu/Scripts/Events/MMDebugMenuSliderEventListener.cs
  artifactKey: Guid(186a986c8de07d3478b88dc10e508869) Importer(2089858483,192608db42251d675da83286b1cce702)
Start importing Assets/CorgiEngine/ThirdParty/MoreMountains/MMTools/Accessories/MMDebugMenu/Scripts/Events/MMDebugMenuSliderEventListener.cs using Guid(186a986c8de07d3478b88dc10e508869) Importer(2089858483,192608db42251d675da83286b1cce702) (ScriptedImporter) -> (artifact id: '2cc294de4fc2171ccebb6edef1d29c26') in 0.0308341 seconds
Number of updated asset objects reloaded before import = 0Number of asset objects unloaded after import = 0

========================================================================
Received Import Request.
  Time since last request: 0.000041 seconds.
  path: Assets/CorgiEngine/ThirdParty/MoreMountains/MMFeedbacks/MMFeedbacks/Core/MMFeedbackTiming.cs
  artifactKey: Guid(293c62544284dea419e338a8524a7fb4) Importer(2089858483,192608db42251d675da83286b1cce702)
Start importing Assets/CorgiEngine/ThirdParty/MoreMountains/MMFeedbacks/MMFeedbacks/Core/MMFeedbackTiming.cs using Guid(293c62544284dea419e338a8524a7fb4) Importer(2089858483,192608db42251d675da83286b1cce702) (ScriptedImporter) -> (artifact id: '3eef1baeee33190a600e7b0cf788c010') in 0.0279075 seconds
Number of updated asset objects reloaded before import = 0Number of asset objects unloaded after import = 0

========================================================================
Received Import Request.
  Time since last request: 0.000155 seconds.
  path: Assets/CorgiEngine/ThirdParty/MoreMountains/MMFeedbacks/MMFeedbacks/Core/MMChannels/ChannelC.asset
  artifactKey: Guid(277be439bdc9329468f9e6d0799d54be) Importer(2089858483,192608db42251d675da83286b1cce702)
Start importing Assets/CorgiEngine/ThirdParty/MoreMountains/MMFeedbacks/MMFeedbacks/Core/MMChannels/ChannelC.asset using Guid(277be439bdc9329468f9e6d0799d54be) Importer(2089858483,192608db42251d675da83286b1cce702) (ScriptedImporter) -> (artifact id: '473556959dd83691414d5fb0805a35eb') in 0.0261518 seconds
Number of updated asset objects reloaded before import = 0Number of asset objects unloaded after import = 1

========================================================================
Received Import Request.
  Time since last request: 0.000029 seconds.
  path: Assets/CorgiEngine/ThirdParty/MoreMountains/MMTools/Core/MMRadio/MMProperty/MMPropertyLink/MMPropertyLinkQuaternion.cs
  artifactKey: Guid(1dc025857430aa041b4588942e1f27d7) Importer(2089858483,192608db42251d675da83286b1cce702)
Start importing Assets/CorgiEngine/ThirdParty/MoreMountains/MMTools/Core/MMRadio/MMProperty/MMPropertyLink/MMPropertyLinkQuaternion.cs using Guid(1dc025857430aa041b4588942e1f27d7) Importer(2089858483,192608db42251d675da83286b1cce702) (ScriptedImporter) -> (artifact id: '746f7845d6320d8a58dd80e78708dfe8') in 0.030395 seconds
Number of updated asset objects reloaded before import = 0Number of asset objects unloaded after import = 0

========================================================================
Received Import Request.
  Time since last request: 0.000125 seconds.
  path: Assets/CorgiEngine/ThirdParty/MoreMountains/MMFeedbacks/MMFeedbacks/Feedbacks/MMF_Pause.cs
  artifactKey: Guid(12023ad27a32d0447a80e1043fa53b22) Importer(2089858483,192608db42251d675da83286b1cce702)
Start importing Assets/CorgiEngine/ThirdParty/MoreMountains/MMFeedbacks/MMFeedbacks/Feedbacks/MMF_Pause.cs using Guid(12023ad27a32d0447a80e1043fa53b22) Importer(2089858483,192608db42251d675da83286b1cce702) (ScriptedImporter) -> (artifact id: '02c7a9df88e268809f7362aae5019485') in 0.0237549 seconds
Number of updated asset objects reloaded before import = 0Number of asset objects unloaded after import = 0

========================================================================
Received Import Request.
  Time since last request: 0.000130 seconds.
  path: Assets/CorgiEngine/Common/Scripts/Agents/AI/Advanced/AIDecisionTimeSinceStart.cs
  artifactKey: Guid(c1267c45e899bbb4c8210141f839ec5e) Importer(2089858483,192608db42251d675da83286b1cce702)
Start importing Assets/CorgiEngine/Common/Scripts/Agents/AI/Advanced/AIDecisionTimeSinceStart.cs using Guid(c1267c45e899bbb4c8210141f839ec5e) Importer(2089858483,192608db42251d675da83286b1cce702) (ScriptedImporter) -> (artifact id: '6de86c96b468dcc453618424afc0e12e') in 0.0225365 seconds
Number of updated asset objects reloaded before import = 0Number of asset objects unloaded after import = 0

========================================================================
Received Import Request.
  Time since last request: 0.000064 seconds.
  path: Assets/CorgiEngine/ThirdParty/MoreMountains/MMInterface/Styles/Mini/Prefabs/Palette.prefab
  artifactKey: Guid(43574e4bf0b3f9b498a2ff9e62302b2d) Importer(2089858483,192608db42251d675da83286b1cce702)
Start importing Assets/CorgiEngine/ThirdParty/MoreMountains/MMInterface/Styles/Mini/Prefabs/Palette.prefab using Guid(43574e4bf0b3f9b498a2ff9e62302b2d) Importer(2089858483,192608db42251d675da83286b1cce702) (ScriptedImporter) -> (artifact id: 'e5f506637a56a0c36140f85870e45914') in 0.0338881 seconds
Number of updated asset objects reloaded before import = 0Number of asset objects unloaded after import = 53

========================================================================
Received Import Request.
  Time since last request: 0.000020 seconds.
  path: Assets/CorgiEngine/ThirdParty/MoreMountains/MMTools/Accessories/MMPrototypeTextures/Textures/MMPlastic/MMPlasticNormal.png
  artifactKey: Guid(6fbe7cfe9fb9f934da15400bab41eae9) Importer(2089858483,192608db42251d675da83286b1cce702)
Start importing Assets/CorgiEngine/ThirdParty/MoreMountains/MMTools/Accessories/MMPrototypeTextures/Textures/MMPlastic/MMPlasticNormal.png using Guid(6fbe7cfe9fb9f934da15400bab41eae9) Importer(2089858483,192608db42251d675da83286b1cce702) (ScriptedImporter) -> (artifact id: '0757bc7a89c5b852b637fd720f67157c') in 0.04449 seconds
Number of updated asset objects reloaded before import = 0Number of asset objects unloaded after import = 1

========================================================================
Received Import Request.
  Time since last request: 0.000038 seconds.
  path: Assets/CorgiEngine/ThirdParty/MoreMountains/MMTools/Core/MMSingletons/MMPersistentSingleton.cs
  artifactKey: Guid(32ed9853196ac60439e759122c98a09f) Importer(2089858483,192608db42251d675da83286b1cce702)
Start importing Assets/CorgiEngine/ThirdParty/MoreMountains/MMTools/Core/MMSingletons/MMPersistentSingleton.cs using Guid(32ed9853196ac60439e759122c98a09f) Importer(2089858483,192608db42251d675da83286b1cce702) (ScriptedImporter) -> (artifact id: '8624417d99b222255955180b9a5e4f1c') in 0.0249999 seconds
Number of updated asset objects reloaded before import = 0Number of asset objects unloaded after import = 0

========================================================================
Received Import Request.
  Time since last request: 0.000070 seconds.
  path: Assets/CorgiEngine/Demos/Minimal/Prefabs/PlayableCharacters/CharacterSwap/RectangleSwap4.prefab
  artifactKey: Guid(94c28abfb00646a4d9abfca429a7eaa1) Importer(2089858483,192608db42251d675da83286b1cce702)
Start importing Assets/CorgiEngine/Demos/Minimal/Prefabs/PlayableCharacters/CharacterSwap/RectangleSwap4.prefab using Guid(94c28abfb00646a4d9abfca429a7eaa1) Importer(2089858483,192608db42251d675da83286b1cce702) (ScriptedImporter) -> (artifact id: 'f384e0315338ab08a16ce435d8acbc66') in 0.2860118 seconds
Number of updated asset objects reloaded before import = 0Number of asset objects unloaded after import = 128

========================================================================
Received Import Request.
  Time since last request: 0.000033 seconds.
  path: Assets/CorgiEngine/ThirdParty/MoreMountains/MMInterface/Styles/Mini/Prefabs/Buttons/DarkerGrey/ButtonCircleArrow.prefab
  artifactKey: Guid(01c589f2161e3fa44880d106a2af6de4) Importer(2089858483,192608db42251d675da83286b1cce702)
Start importing Assets/CorgiEngine/ThirdParty/MoreMountains/MMInterface/Styles/Mini/Prefabs/Buttons/DarkerGrey/ButtonCircleArrow.prefab using Guid(01c589f2161e3fa44880d106a2af6de4) Importer(2089858483,192608db42251d675da83286b1cce702) (ScriptedImporter) -> (artifact id: '667a0bbae27b8acd4681fa448ed0ef70') in 0.0555971 seconds
Number of updated asset objects reloaded before import = 0Number of asset objects unloaded after import = 41

========================================================================
Received Import Request.
  Time since last request: 0.000052 seconds.
  path: Assets/CorgiEngine/ThirdParty/MoreMountains/MMFeedbacks/MMFeedbacksForThirdParty/Cinemachine/Shakers/MMCinemachineCameraShaker.cs
  artifactKey: Guid(9d66462bf720d28469c8db4b2e52720c) Importer(2089858483,192608db42251d675da83286b1cce702)
Start importing Assets/CorgiEngine/ThirdParty/MoreMountains/MMFeedbacks/MMFeedbacksForThirdParty/Cinemachine/Shakers/MMCinemachineCameraShaker.cs using Guid(9d66462bf720d28469c8db4b2e52720c) Importer(2089858483,192608db42251d675da83286b1cce702) (ScriptedImporter) -> (artifact id: '8bca9bfc3d2159df13557aa6dc91a62e') in 0.0339093 seconds
Number of updated asset objects reloaded before import = 0Number of asset objects unloaded after import = 0

========================================================================
Received Import Request.
  Time since last request: 0.000076 seconds.
  path: Assets/CorgiEngine/ThirdParty/MoreMountains/MMFeedbacks/Demos/MMFeedbacksDemo/UI/Spacer.prefab
  artifactKey: Guid(b4ba93cf48b1c6b468135361158be27d) Importer(2089858483,192608db42251d675da83286b1cce702)
Start importing Assets/CorgiEngine/ThirdParty/MoreMountains/MMFeedbacks/Demos/MMFeedbacksDemo/UI/Spacer.prefab using Guid(b4ba93cf48b1c6b468135361158be27d) Importer(2089858483,192608db42251d675da83286b1cce702) (ScriptedImporter) -> (artifact id: '4feacd04cba9fcfe4f3b0ddb42d45c5f') in 0.0424811 seconds
Number of updated asset objects reloaded before import = 0Number of asset objects unloaded after import = 6

========================================================================
Received Import Request.
  Time since last request: 0.000032 seconds.
  path: Assets/CorgiEngine/ThirdParty/MoreMountains/MMFeedbacks/MMFeedbacks/Feedbacks/MMF_Image.cs
  artifactKey: Guid(da50fb2dabbb9534fb964920e61a0446) Importer(2089858483,192608db42251d675da83286b1cce702)
Start importing Assets/CorgiEngine/ThirdParty/MoreMountains/MMFeedbacks/MMFeedbacks/Feedbacks/MMF_Image.cs using Guid(da50fb2dabbb9534fb964920e61a0446) Importer(2089858483,192608db42251d675da83286b1cce702) (ScriptedImporter) -> (artifact id: '6914e0d20b81cc683c0c59dd4ffa2e35') in 0.0330233 seconds
Number of updated asset objects reloaded before import = 0Number of asset objects unloaded after import = 0

========================================================================
Received Import Request.
  Time since last request: 0.000097 seconds.
  path: Assets/CorgiEngine/ThirdParty/MoreMountains/MMFeedbacks/MMFeedbacksForThirdParty/TextMeshPro/Feedbacks/MMF_TMPCountToLong.cs
  artifactKey: Guid(9276c6165f72f7046bb1a60b59461c8c) Importer(2089858483,192608db42251d675da83286b1cce702)
Start importing Assets/CorgiEngine/ThirdParty/MoreMountains/MMFeedbacks/MMFeedbacksForThirdParty/TextMeshPro/Feedbacks/MMF_TMPCountToLong.cs using Guid(9276c6165f72f7046bb1a60b59461c8c) Importer(2089858483,192608db42251d675da83286b1cce702) (ScriptedImporter) -> (artifact id: 'fb6ea97e6f3febd988534dd4736d71c8') in 0.026662 seconds
Number of updated asset objects reloaded before import = 0Number of asset objects unloaded after import = 0

========================================================================
Received Import Request.
  Time since last request: 0.000023 seconds.
  path: Assets/CorgiEngine/Demos/Corgi2D/Spine/NativeSpineCorgi/ExportedFromSpine/space-corgi.png
  artifactKey: Guid(4286204fd0c0f7d4a90b5d32fca81904) Importer(2089858483,192608db42251d675da83286b1cce702)
Start importing Assets/CorgiEngine/Demos/Corgi2D/Spine/NativeSpineCorgi/ExportedFromSpine/space-corgi.png using Guid(4286204fd0c0f7d4a90b5d32fca81904) Importer(2089858483,192608db42251d675da83286b1cce702) (ScriptedImporter) -> (artifact id: '797a37438fb64f2f6af93fba7c415028') in 0.0669929 seconds
Number of updated asset objects reloaded before import = 0Number of asset objects unloaded after import = 1

========================================================================
Received Import Request.
  Time since last request: 0.000038 seconds.
  path: Assets/CorgiEngine/ThirdParty/MoreMountains/MMFeedbacks/MMFeedbacksForThirdParty/HDRP/Springs/MMSpringLensDistortionIntensity_HDRP.cs
  artifactKey: Guid(e43c981f3033d36468c3cf0e9cbb5ef2) Importer(2089858483,192608db42251d675da83286b1cce702)
Start importing Assets/CorgiEngine/ThirdParty/MoreMountains/MMFeedbacks/MMFeedbacksForThirdParty/HDRP/Springs/MMSpringLensDistortionIntensity_HDRP.cs using Guid(e43c981f3033d36468c3cf0e9cbb5ef2) Importer(2089858483,192608db42251d675da83286b1cce702) (ScriptedImporter) -> (artifact id: '34ef376d9b89998d28a7f599fa9109fd') in 0.0213944 seconds
Number of updated asset objects reloaded before import = 0Number of asset objects unloaded after import = 0

========================================================================
Received Import Request.
  Time since last request: 0.000057 seconds.
  path: Assets/CorgiEngine/ThirdParty/MoreMountains/MMFeedbacks/MMFeedbacks/Shakers/MMPositionShaker.cs
  artifactKey: Guid(f0a82a086afdc494db67a8b50f091d1e) Importer(2089858483,192608db42251d675da83286b1cce702)
Start importing Assets/CorgiEngine/ThirdParty/MoreMountains/MMFeedbacks/MMFeedbacks/Shakers/MMPositionShaker.cs using Guid(f0a82a086afdc494db67a8b50f091d1e) Importer(2089858483,192608db42251d675da83286b1cce702) (ScriptedImporter) -> (artifact id: '3eb7a1b2597f518ffa1b41a4758a4f2c') in 0.0252629 seconds
Number of updated asset objects reloaded before import = 0Number of asset objects unloaded after import = 0

========================================================================
Received Import Request.
  Time since last request: 0.000146 seconds.
  path: Assets/CorgiEngine/ThirdParty/MoreMountains/MMFeedbacks/MMFeedbacks/Feedbacks/MMF_CameraClippingPlanes.cs
  artifactKey: Guid(b76fc03c4a7392642aa1edd7647ffdac) Importer(2089858483,192608db42251d675da83286b1cce702)
Start importing Assets/CorgiEngine/ThirdParty/MoreMountains/MMFeedbacks/MMFeedbacks/Feedbacks/MMF_CameraClippingPlanes.cs using Guid(b76fc03c4a7392642aa1edd7647ffdac) Importer(2089858483,192608db42251d675da83286b1cce702) (ScriptedImporter) -> (artifact id: '262ea96e0cf2b787194ef9c9de0f1fca') in 0.0273647 seconds
Number of updated asset objects reloaded before import = 0Number of asset objects unloaded after import = 0

========================================================================
Received Import Request.
  Time since last request: 0.000058 seconds.
  path: Assets/CorgiEngine/ThirdParty/MoreMountains/MMInterface/Common/Scripts/MMCarousel.cs
  artifactKey: Guid(10c71da11a2823e4690750bfe46b8bad) Importer(2089858483,192608db42251d675da83286b1cce702)
Start importing Assets/CorgiEngine/ThirdParty/MoreMountains/MMInterface/Common/Scripts/MMCarousel.cs using Guid(10c71da11a2823e4690750bfe46b8bad) Importer(2089858483,192608db42251d675da83286b1cce702) (ScriptedImporter) -> (artifact id: 'e6474e8e30285b410bcbafa0075b597f') in 0.0221282 seconds
Number of updated asset objects reloaded before import = 0Number of asset objects unloaded after import = 0

========================================================================
Received Import Request.
  Time since last request: 0.000126 seconds.
  path: Assets/CorgiEngine/ThirdParty/MoreMountains/MMFeedbacks/MMFeedbacks/Feedbacks/MMF_RotatePositionAround.cs
  artifactKey: Guid(d721bd69a5a65bf4ab07b36ad0883acf) Importer(2089858483,192608db42251d675da83286b1cce702)
Start importing Assets/CorgiEngine/ThirdParty/MoreMountains/MMFeedbacks/MMFeedbacks/Feedbacks/MMF_RotatePositionAround.cs using Guid(d721bd69a5a65bf4ab07b36ad0883acf) Importer(2089858483,192608db42251d675da83286b1cce702) (ScriptedImporter) -> (artifact id: 'e0c5073ec487038e5578c08a986a0e8b') in 0.0320068 seconds
Number of updated asset objects reloaded before import = 0Number of asset objects unloaded after import = 0

========================================================================
Received Import Request.
  Time since last request: 0.000238 seconds.
  path: Assets/CorgiEngine/ThirdParty/MoreMountains/MMFeedbacks/MMFeedbacks/Springs/Springs/MMSpringSquashAndStretch.cs
  artifactKey: Guid(7e08cd56fd2838f45bb3577428403529) Importer(2089858483,192608db42251d675da83286b1cce702)
Start importing Assets/CorgiEngine/ThirdParty/MoreMountains/MMFeedbacks/MMFeedbacks/Springs/Springs/MMSpringSquashAndStretch.cs using Guid(7e08cd56fd2838f45bb3577428403529) Importer(2089858483,192608db42251d675da83286b1cce702) (ScriptedImporter) -> (artifact id: 'cba15a25003cd6fe374ecd1452694a6a') in 0.024448 seconds
Number of updated asset objects reloaded before import = 0Number of asset objects unloaded after import = 0

========================================================================
Received Import Request.
  Time since last request: 0.000093 seconds.
  path: Assets/CorgiEngine/ThirdParty/MoreMountains/MMTools/Foundation/MMControls/MMTouchButton.cs
  artifactKey: Guid(87a286771fa86194e979f187a1691a2a) Importer(2089858483,192608db42251d675da83286b1cce702)
Start importing Assets/CorgiEngine/ThirdParty/MoreMountains/MMTools/Foundation/MMControls/MMTouchButton.cs using Guid(87a286771fa86194e979f187a1691a2a) Importer(2089858483,192608db42251d675da83286b1cce702) (ScriptedImporter) -> (artifact id: '438b1b6dfb81e38ff0c26846473d88db') in 0.0207565 seconds
Number of updated asset objects reloaded before import = 0Number of asset objects unloaded after import = 0

========================================================================
Received Import Request.
  Time since last request: 0.000056 seconds.
  path: Assets/CorgiEngine/Demos/Retro/Tilemaps/RetroCave/RetroCave_22.asset
  artifactKey: Guid(9452c6214ecc0c46c3ae99cba674c5b6) Importer(2089858483,192608db42251d675da83286b1cce702)
Start importing Assets/CorgiEngine/Demos/Retro/Tilemaps/RetroCave/RetroCave_22.asset using Guid(9452c6214ecc0c46c3ae99cba674c5b6) Importer(2089858483,192608db42251d675da83286b1cce702) (ScriptedImporter) -> (artifact id: '87e55ea47b19cf794d2650bdbcc71f73') in 0.0286631 seconds
Number of updated asset objects reloaded before import = 0Number of asset objects unloaded after import = 2

========================================================================
Received Import Request.
  Time since last request: 0.000044 seconds.
  path: Assets/CorgiEngine/ThirdParty/MoreMountains/MMTools/Accessories/MMVFX/MMRamps/MMRamp1.png
  artifactKey: Guid(b3780deb9c64f4e45b529787d0f5d20f) Importer(2089858483,192608db42251d675da83286b1cce702)
Start importing Assets/CorgiEngine/ThirdParty/MoreMountains/MMTools/Accessories/MMVFX/MMRamps/MMRamp1.png using Guid(b3780deb9c64f4e45b529787d0f5d20f) Importer(2089858483,192608db42251d675da83286b1cce702) (ScriptedImporter) -> (artifact id: '48066162ba7ea90a2682d3fdffee46ae') in 0.0563096 seconds
Number of updated asset objects reloaded before import = 0Number of asset objects unloaded after import = 1

========================================================================
Received Import Request.
  Time since last request: 0.000033 seconds.
  path: Assets/CorgiEngine/ThirdParty/MoreMountains/MMFeedbacks/MMFeedbacks/Springs/Feedbacks/MMF_SpringVector3.cs
  artifactKey: Guid(d82dce2d70e40844290719d664b4ed1a) Importer(2089858483,192608db42251d675da83286b1cce702)
Start importing Assets/CorgiEngine/ThirdParty/MoreMountains/MMFeedbacks/MMFeedbacks/Springs/Feedbacks/MMF_SpringVector3.cs using Guid(d82dce2d70e40844290719d664b4ed1a) Importer(2089858483,192608db42251d675da83286b1cce702) (ScriptedImporter) -> (artifact id: '38cd8396359410f2c81db5dec8fa129b') in 0.0294204 seconds
Number of updated asset objects reloaded before import = 0Number of asset objects unloaded after import = 0

========================================================================
Received Import Request.
  Time since last request: 0.000058 seconds.
  path: Assets/CorgiEngine/ThirdParty/MoreMountains/MMFeedbacks/Demos/SequencingDemo/Textures/Chip03_nrm.png
  artifactKey: Guid(bf448ff228ce0954da475e30e2a79e6e) Importer(2089858483,192608db42251d675da83286b1cce702)
Start importing Assets/CorgiEngine/ThirdParty/MoreMountains/MMFeedbacks/Demos/SequencingDemo/Textures/Chip03_nrm.png using Guid(bf448ff228ce0954da475e30e2a79e6e) Importer(2089858483,192608db42251d675da83286b1cce702) (ScriptedImporter) -> (artifact id: '834913e167a7366fce6863ded80f3c02') in 0.0407921 seconds
Number of updated asset objects reloaded before import = 0Number of asset objects unloaded after import = 1

========================================================================
Received Import Request.
  Time since last request: 0.000025 seconds.
  path: Assets/CorgiEngine/ThirdParty/MoreMountains/MMFeedbacks/Demos/MMFeedbacksDemo/Materials/FeedbacksDemoGround.mat
  artifactKey: Guid(da3882387fa6d2d408298e1a82fbf9ed) Importer(2089858483,192608db42251d675da83286b1cce702)
Start importing Assets/CorgiEngine/ThirdParty/MoreMountains/MMFeedbacks/Demos/MMFeedbacksDemo/Materials/FeedbacksDemoGround.mat using Guid(da3882387fa6d2d408298e1a82fbf9ed) Importer(2089858483,192608db42251d675da83286b1cce702) (ScriptedImporter) -> (artifact id: '12b82c0c58f89eb99e9e81b167e6967f') in 0.0333753 seconds
Number of updated asset objects reloaded before import = 0Number of asset objects unloaded after import = 2

========================================================================
Received Import Request.
  Time since last request: 0.000037 seconds.
  path: Assets/CorgiEngine/Demos/Retro/Tilemaps/RetroCave/RetroCave_10.asset
  artifactKey: Guid(43e47628a602b41993591a4492374b9c) Importer(2089858483,192608db42251d675da83286b1cce702)
Start importing Assets/CorgiEngine/Demos/Retro/Tilemaps/RetroCave/RetroCave_10.asset using Guid(43e47628a602b41993591a4492374b9c) Importer(2089858483,192608db42251d675da83286b1cce702) (ScriptedImporter) -> (artifact id: 'd73adab6a365755c126a555e49bcbfb5') in 0.0287424 seconds
Number of updated asset objects reloaded before import = 0Number of asset objects unloaded after import = 2

========================================================================
Received Import Request.
  Time since last request: 0.000025 seconds.
  path: Assets/CorgiEngine/ThirdParty/MoreMountains/MMFeedbacks/MMFeedbacksForThirdParty/UIToolkit/Feedbacks/MMF_UIToolkitBorderWidth.cs
  artifactKey: Guid(c771cf4cdbab1ff43a08d35743880364) Importer(2089858483,192608db42251d675da83286b1cce702)
Start importing Assets/CorgiEngine/ThirdParty/MoreMountains/MMFeedbacks/MMFeedbacksForThirdParty/UIToolkit/Feedbacks/MMF_UIToolkitBorderWidth.cs using Guid(c771cf4cdbab1ff43a08d35743880364) Importer(2089858483,192608db42251d675da83286b1cce702) (ScriptedImporter) -> (artifact id: '4525310c9cdd9760f1b510a67e2e2b64') in 0.0217827 seconds
Number of updated asset objects reloaded before import = 0Number of asset objects unloaded after import = 0

========================================================================
Received Import Request.
  Time since last request: 0.000078 seconds.
  path: Assets/CorgiEngine/ThirdParty/MoreMountains/InventoryEngine/Demos/PixelRogue/Sprites/Icons.png
  artifactKey: Guid(a1fbd1aaf76d0b94e88551b7c406ee2c) Importer(2089858483,192608db42251d675da83286b1cce702)
Start importing Assets/CorgiEngine/ThirdParty/MoreMountains/InventoryEngine/Demos/PixelRogue/Sprites/Icons.png using Guid(a1fbd1aaf76d0b94e88551b7c406ee2c) Importer(2089858483,192608db42251d675da83286b1cce702) (ScriptedImporter) -> (artifact id: '5b708d1f26e92b966ad8ed9bac1261a4') in 0.0933229 seconds
Number of updated asset objects reloaded before import = 0Number of asset objects unloaded after import = 15

========================================================================
Received Import Request.
  Time since last request: 0.000033 seconds.
  path: Assets/CorgiEngine/ThirdParty/MoreMountains/MMTools/Core/MMRadio/MMRadioSignal/MMRadioSignalGenerator.cs
  artifactKey: Guid(65443987bd9048f408777b8d8f4c1994) Importer(2089858483,192608db42251d675da83286b1cce702)
Start importing Assets/CorgiEngine/ThirdParty/MoreMountains/MMTools/Core/MMRadio/MMRadioSignal/MMRadioSignalGenerator.cs using Guid(65443987bd9048f408777b8d8f4c1994) Importer(2089858483,192608db42251d675da83286b1cce702) (ScriptedImporter) -> (artifact id: '11986348061d5612087ae3e2e4e00c93') in 0.0234394 seconds
Number of updated asset objects reloaded before import = 0Number of asset objects unloaded after import = 0

========================================================================
Received Import Request.
  Time since last request: 0.000059 seconds.
  path: Assets/CorgiEngine/Common/Scripts/Agents/AI/Automation/SurfaceCrawler.cs
  artifactKey: Guid(1a4a97152234a0a47ae9ba10cbe712bf) Importer(2089858483,192608db42251d675da83286b1cce702)
Start importing Assets/CorgiEngine/Common/Scripts/Agents/AI/Automation/SurfaceCrawler.cs using Guid(1a4a97152234a0a47ae9ba10cbe712bf) Importer(2089858483,192608db42251d675da83286b1cce702) (ScriptedImporter) -> (artifact id: '4cf1e7e9793d8b4d5729a5fe74e3b887') in 0.0258221 seconds
Number of updated asset objects reloaded before import = 0Number of asset objects unloaded after import = 0

========================================================================
Received Import Request.
  Time since last request: 0.000081 seconds.
  path: Assets/CorgiEngine/ThirdParty/MoreMountains/MMFeedbacks/Demos/SequencingDemo/Materials/SequencerChip.mat
  artifactKey: Guid(1e5b54aaf95dc544996bd98919f83491) Importer(2089858483,192608db42251d675da83286b1cce702)
Start importing Assets/CorgiEngine/ThirdParty/MoreMountains/MMFeedbacks/Demos/SequencingDemo/Materials/SequencerChip.mat using Guid(1e5b54aaf95dc544996bd98919f83491) Importer(2089858483,192608db42251d675da83286b1cce702) (ScriptedImporter) -> (artifact id: '6b356938ba1aaf1b044f6a778e3e6376') in 0.0285607 seconds
Number of updated asset objects reloaded before import = 0Number of asset objects unloaded after import = 4

========================================================================
Received Import Request.
  Time since last request: 0.000033 seconds.
  path: Assets/CorgiEngine/ThirdParty/MoreMountains/MMFeedbacks/Demos/SequencingDemo/Textures/Carpet06_nrm.png
  artifactKey: Guid(0fb31f9631a9bf2449ce788f78d4542e) Importer(2089858483,192608db42251d675da83286b1cce702)
Start importing Assets/CorgiEngine/ThirdParty/MoreMountains/MMFeedbacks/Demos/SequencingDemo/Textures/Carpet06_nrm.png using Guid(0fb31f9631a9bf2449ce788f78d4542e) Importer(2089858483,192608db42251d675da83286b1cce702) (ScriptedImporter) -> (artifact id: 'd33f1aea1d9090884884894be2f55f05') in 0.0421894 seconds
Number of updated asset objects reloaded before import = 0Number of asset objects unloaded after import = 1

========================================================================
Received Import Request.
  Time since last request: 0.000025 seconds.
  path: Assets/CorgiEngine/Demos/Corgi2D/Prefabs/Environment/Bricks/Brick13.prefab
  artifactKey: Guid(cc54266df2458714b9d7d7bccdc839a8) Importer(2089858483,192608db42251d675da83286b1cce702)
Start importing Assets/CorgiEngine/Demos/Corgi2D/Prefabs/Environment/Bricks/Brick13.prefab using Guid(cc54266df2458714b9d7d7bccdc839a8) Importer(2089858483,192608db42251d675da83286b1cce702) (ScriptedImporter) -> (artifact id: '88cc07e1c0b15823c0ba7d5cd7b38b51') in 0.0422278 seconds
Number of updated asset objects reloaded before import = 0Number of asset objects unloaded after import = 8

========================================================================
Received Import Request.
  Time since last request: 0.000026 seconds.
  path: Assets/CorgiEngine/ThirdParty/MoreMountains/MMInterface/Styles/Mini/Prefabs/Buttons/Green/ButtonSquareStar.prefab
  artifactKey: Guid(13aa3f9046ea56a438fb8ba023faa657) Importer(2089858483,192608db42251d675da83286b1cce702)
Start importing Assets/CorgiEngine/ThirdParty/MoreMountains/MMInterface/Styles/Mini/Prefabs/Buttons/Green/ButtonSquareStar.prefab using Guid(13aa3f9046ea56a438fb8ba023faa657) Importer(2089858483,192608db42251d675da83286b1cce702) (ScriptedImporter) -> (artifact id: 'ab5e5c3922ed5f2706c99a08dd5e359d') in 0.0367928 seconds
Number of updated asset objects reloaded before import = 0Number of asset objects unloaded after import = 42

========================================================================
Received Import Request.
  Time since last request: 71.079089 seconds.
  path: Assets/CorgiEngine/Demos/LevelSelection/Sprites/level-map-brobro.png
  artifactKey: Guid(7ab6aa950389007438dbba35ac889390) Importer(815301076,1909f56bfc062723c751e8b465ee728b)
Start importing Assets/CorgiEngine/Demos/LevelSelection/Sprites/level-map-brobro.png using Guid(7ab6aa950389007438dbba35ac889390) Importer(815301076,1909f56bfc062723c751e8b465ee728b) (PreviewImporter) -> (artifact id: '89a8e74c9a5260299b26e626f0e3c619') in 0.084555 seconds
Number of updated asset objects reloaded before import = 0Number of asset objects unloaded after import = 3

========================================================================
Received Import Request.
  Time since last request: 28.128592 seconds.
  path: Assets/CorgiEngine/Demos/Corgi2D/Materials/jetpackParticle.mat
  artifactKey: Guid(1888fd7255deebd458cfba33e8407e1f) Importer(815301076,1909f56bfc062723c751e8b465ee728b)
Start importing Assets/CorgiEngine/Demos/Corgi2D/Materials/jetpackParticle.mat using Guid(1888fd7255deebd458cfba33e8407e1f) Importer(815301076,1909f56bfc062723c751e8b465ee728b) (PreviewImporter) -> (artifact id: '6dca267dcf77609dfe9b69ce772f1405') in 0.081964 seconds
Number of updated asset objects reloaded before import = 0Number of asset objects unloaded after import = 2

========================================================================
Received Import Request.
  Time since last request: 1.105410 seconds.
  path: Assets/CorgiEngine/Demos/Brobro/Prefabs/PlayableCharacters/spine-brobro.prefab
  artifactKey: Guid(88f32f51e1fe76f458a36ab54990f43f) Importer(2089858483,192608db42251d675da83286b1cce702)
Start importing Assets/CorgiEngine/Demos/Brobro/Prefabs/PlayableCharacters/spine-brobro.prefab using Guid(88f32f51e1fe76f458a36ab54990f43f) Importer(2089858483,192608db42251d675da83286b1cce702) (ScriptedImporter) -> (artifact id: 'fae2eeee790bae0cfc7bd48af95564f0') in 0.1390062 seconds
Number of updated asset objects reloaded before import = 0Number of asset objects unloaded after import = 242

========================================================================
Received Import Request.
  Time since last request: 17.300386 seconds.
  path: Assets/CorgiEngine/Demos/Brobro/Prefabs/PlayableCharacters/spine-brobro.prefab
  artifactKey: Guid(88f32f51e1fe76f458a36ab54990f43f) Importer(2089858483,192608db42251d675da83286b1cce702)
Start importing Assets/CorgiEngine/Demos/Brobro/Prefabs/PlayableCharacters/spine-brobro.prefab using Guid(88f32f51e1fe76f458a36ab54990f43f) Importer(2089858483,192608db42251d675da83286b1cce702) (ScriptedImporter) -> (artifact id: 'b33bcf103c039730cd62fca2773556e9') in 0.1064159 seconds
Number of updated asset objects reloaded before import = 0Number of asset objects unloaded after import = 242

========================================================================
Received Import Request.
  Time since last request: 56.734042 seconds.
  path: Assets/CorgiEngine/Demos/Brobro/Prefabs/PlayableCharacters/spine-brobro.prefab
  artifactKey: Guid(88f32f51e1fe76f458a36ab54990f43f) Importer(815301076,1909f56bfc062723c751e8b465ee728b)
Start importing Assets/CorgiEngine/Demos/Brobro/Prefabs/PlayableCharacters/spine-brobro.prefab using Guid(88f32f51e1fe76f458a36ab54990f43f) Importer(815301076,1909f56bfc062723c751e8b465ee728b) (PreviewImporter) -> (artifact id: '12066d82fac392b57b4c3b2291d03b9c') in 0.3399927 seconds
Number of updated asset objects reloaded before import = 0Number of asset objects unloaded after import = 308

========================================================================
Received Import Request.
  Time since last request: 13.285725 seconds.
  path: Assets/CorgiEngine/Demos/Brobro/Sprites/tiles-brobro.png
  artifactKey: Guid(3964e64c5cb9e3140b00b0f2a5b9c241) Importer(815301076,1909f56bfc062723c751e8b465ee728b)
Start importing Assets/CorgiEngine/Demos/Brobro/Sprites/tiles-brobro.png using Guid(3964e64c5cb9e3140b00b0f2a5b9c241) Importer(815301076,1909f56bfc062723c751e8b465ee728b) (PreviewImporter) -> (artifact id: 'edecbc4b4545dfd0c310c93d3b6862ae') in 0.1161584 seconds
Number of updated asset objects reloaded before import = 0Number of asset objects unloaded after import = 18

========================================================================
Received Import Request.
  Time since last request: 23.543368 seconds.
  path: Assets/CorgiEngine/Common/Sprites/GUI/hearts.png
  artifactKey: Guid(523262eb0b12be8439a00daad948aa2f) Importer(815301076,1909f56bfc062723c751e8b465ee728b)
Start importing Assets/CorgiEngine/Common/Sprites/GUI/hearts.png using Guid(523262eb0b12be8439a00daad948aa2f) Importer(815301076,1909f56bfc062723c751e8b465ee728b) (PreviewImporter) -> (artifact id: 'ea10f562c76309da6a1c06488ac2d1e6') in 0.0261619 seconds
Number of updated asset objects reloaded before import = 0Number of asset objects unloaded after import = 4

========================================================================
Received Import Request.
  Time since last request: 0.445420 seconds.
  path: Assets/CorgiEngine/Common/Sprites/GUI/buttons.png
  artifactKey: Guid(904a60f865891d74ca9a42381f907490) Importer(815301076,1909f56bfc062723c751e8b465ee728b)
Start importing Assets/CorgiEngine/Common/Sprites/GUI/buttons.png using Guid(904a60f865891d74ca9a42381f907490) Importer(815301076,1909f56bfc062723c751e8b465ee728b) (PreviewImporter) -> (artifact id: 'a950d6f7145316751c3d8727dcc18e95') in 0.0425297 seconds
Number of updated asset objects reloaded before import = 0Number of asset objects unloaded after import = 7

========================================================================
Received Import Request.
  Time since last request: 0.352010 seconds.
  path: Assets/CorgiEngine/Common/Sprites/GUI/avatar.png
  artifactKey: Guid(9e09c275635a1704f8c95be03fc36589) Importer(815301076,1909f56bfc062723c751e8b465ee728b)
Start importing Assets/CorgiEngine/Common/Sprites/GUI/avatar.png using Guid(9e09c275635a1704f8c95be03fc36589) Importer(815301076,1909f56bfc062723c751e8b465ee728b) (PreviewImporter) -> (artifact id: '057baa8ea1ecd1aa0b4292ced7460a98') in 0.0542181 seconds
Number of updated asset objects reloaded before import = 0Number of asset objects unloaded after import = 6

========================================================================
Received Import Request.
  Time since last request: 0.382856 seconds.
  path: Assets/CorgiEngine/Common/Sprites/GUI/arrow.png
  artifactKey: Guid(59713722f7c1b2b49b3c4ccf35317daa) Importer(815301076,1909f56bfc062723c751e8b465ee728b)
Start importing Assets/CorgiEngine/Common/Sprites/GUI/arrow.png using Guid(59713722f7c1b2b49b3c4ccf35317daa) Importer(815301076,1909f56bfc062723c751e8b465ee728b) (PreviewImporter) -> (artifact id: 'e7f6286ca077327d330df39a920611d4') in 0.0243272 seconds
Number of updated asset objects reloaded before import = 0Number of asset objects unloaded after import = 3

========================================================================
Received Import Request.
  Time since last request: 0.976579 seconds.
  path: Assets/CorgiEngine/Common/Sprites/GUI/startScreenShadow.png
  artifactKey: Guid(5ed729a139be60b4986040cd7542d33d) Importer(815301076,1909f56bfc062723c751e8b465ee728b)
Start importing Assets/CorgiEngine/Common/Sprites/GUI/startScreenShadow.png using Guid(5ed729a139be60b4986040cd7542d33d) Importer(815301076,1909f56bfc062723c751e8b465ee728b) (PreviewImporter) -> (artifact id: '16f886baa8b5f3da65a76a6d27d7aac2') in 0.022969 seconds
Number of updated asset objects reloaded before import = 0Number of asset objects unloaded after import = 3

========================================================================
Received Import Request.
  Time since last request: 0.410601 seconds.
  path: Assets/CorgiEngine/Common/Sprites/GUI/stick.png
  artifactKey: Guid(8c0bcd6bf332d2a4c8370365e0e8a23d) Importer(815301076,1909f56bfc062723c751e8b465ee728b)
Start importing Assets/CorgiEngine/Common/Sprites/GUI/stick.png using Guid(8c0bcd6bf332d2a4c8370365e0e8a23d) Importer(815301076,1909f56bfc062723c751e8b465ee728b) (PreviewImporter) -> (artifact id: '0c3a509ec9837b1ad2b51aaad3375d08') in 0.0245499 seconds
Number of updated asset objects reloaded before import = 0Number of asset objects unloaded after import = 3

========================================================================
Received Import Request.
  Time since last request: 0.612061 seconds.
  path: Assets/CorgiEngine/Common/Sprites/GUI/startScreen.png
  artifactKey: Guid(63987599f87294e30aaba732c8977b3c) Importer(815301076,1909f56bfc062723c751e8b465ee728b)
Start importing Assets/CorgiEngine/Common/Sprites/GUI/startScreen.png using Guid(63987599f87294e30aaba732c8977b3c) Importer(815301076,1909f56bfc062723c751e8b465ee728b) (PreviewImporter) -> (artifact id: '55b2eba9beb8cbd71cb24ed2f6331aea') in 0.0282421 seconds
Number of updated asset objects reloaded before import = 0Number of asset objects unloaded after import = 3

========================================================================
Received Import Request.
  Time since last request: 0.329731 seconds.
  path: Assets/CorgiEngine/Common/Sprites/GUI/rounded-corners-white.png
  artifactKey: Guid(3c2d6119482397f43a379ecb3c9a6271) Importer(815301076,1909f56bfc062723c751e8b465ee728b)
Start importing Assets/CorgiEngine/Common/Sprites/GUI/rounded-corners-white.png using Guid(3c2d6119482397f43a379ecb3c9a6271) Importer(815301076,1909f56bfc062723c751e8b465ee728b) (PreviewImporter) -> (artifact id: '39e9afe3acd15226b0df396a81c06ced') in 0.0212674 seconds
Number of updated asset objects reloaded before import = 0Number of asset objects unloaded after import = 3

========================================================================
Received Import Request.
  Time since last request: 0.442295 seconds.
  path: Assets/CorgiEngine/Common/Sprites/GUI/NiceTouchLogo.png
  artifactKey: Guid(f4fe7dff5bbcdf745b5c1d901e166641) Importer(815301076,1909f56bfc062723c751e8b465ee728b)
Start importing Assets/CorgiEngine/Common/Sprites/GUI/NiceTouchLogo.png using Guid(f4fe7dff5bbcdf745b5c1d901e166641) Importer(815301076,1909f56bfc062723c751e8b465ee728b) (PreviewImporter) -> (artifact id: 'e36298a7aa564f751595133e019eedc0') in 0.0234425 seconds
Number of updated asset objects reloaded before import = 0Number of asset objects unloaded after import = 3

========================================================================
Received Import Request.
  Time since last request: 0.495051 seconds.
  path: Assets/CorgiEngine/Common/Sprites/GUI/InventoryEngineLogo.png
  artifactKey: Guid(8253871584bc2c547a24d74f60c1195f) Importer(815301076,1909f56bfc062723c751e8b465ee728b)
Start importing Assets/CorgiEngine/Common/Sprites/GUI/InventoryEngineLogo.png using Guid(8253871584bc2c547a24d74f60c1195f) Importer(815301076,1909f56bfc062723c751e8b465ee728b) (PreviewImporter) -> (artifact id: '9a6f3e88355fa0a46969b5a4dc87a518') in 0.0273138 seconds
Number of updated asset objects reloaded before import = 0Number of asset objects unloaded after import = 3

