[Licensing::Module] Trying to connect to existing licensing client channel...
Built from '6000.2/respin/6000.2.6f2-cc51a95c03' branch; Version is '6000.2.6f2 (4a4dcaec6541) revision 4869578'; Using compiler version '194234433'; Build Type 'Release'
[Licensing::IpcConnector] Successfully connected to: "LicenseClient-djwls" at "2025-11-03T03:29:17.4818105Z"
OS: 'Windows 10  (10.0.19045) 64bit Core' Language: 'ko' Physical Memory: 15790 MB
BatchMode: 1, IsHumanControllingUs: 0, StartBugReporterOnCrash: 0, Is64bit: 1
Date: 2025-11-03T03:29:17Z

COMMAND LINE ARGUMENTS:
C:\Program Files\Unity\Hub\Editor\6000.2.6f2\Editor\Unity.exe
-adb2
-batchMode
-noUpm
-name
AssetImportWorker5
-projectPath
C:/GitUnity/GitUnityTeamProj/TeamProj/Corgi Engine - 2D + 2.5D Platformer
-logFile
Logs/AssetImportWorker5.log
-srvPort
60594
-job-worker-count
7
-background-job-worker-count
8
-gc-helper-count
1
-name
AssetImport
Successfully changed project path to: C:/GitUnity/GitUnityTeamProj/TeamProj/Corgi Engine - 2D + 2.5D Platformer
C:/GitUnity/GitUnityTeamProj/TeamProj/Corgi Engine - 2D + 2.5D Platformer
[UnityMemory] Configuration Parameters - Can be set up in boot.config
    "memorysetup-allocator-temp-initial-block-size-main=262144"
    "memorysetup-allocator-temp-initial-block-size-worker=262144"
    "memorysetup-bucket-allocator-granularity=16"
    "memorysetup-bucket-allocator-bucket-count=8"
    "memorysetup-bucket-allocator-block-size=33554432"
    "memorysetup-bucket-allocator-block-count=8"
    "memorysetup-main-allocator-block-size=16777216"
    "memorysetup-thread-allocator-block-size=16777216"
    "memorysetup-gfx-main-allocator-block-size=16777216"
    "memorysetup-gfx-thread-allocator-block-size=16777216"
    "memorysetup-cache-allocator-block-size=4194304"
    "memorysetup-typetree-allocator-block-size=2097152"
    "memorysetup-profiler-bucket-allocator-granularity=16"
    "memorysetup-profiler-bucket-allocator-bucket-count=8"
    "memorysetup-profiler-bucket-allocator-block-size=33554432"
    "memorysetup-profiler-bucket-allocator-block-count=8"
    "memorysetup-profiler-allocator-block-size=16777216"
    "memorysetup-profiler-editor-allocator-block-size=1048576"
    "memorysetup-temp-allocator-size-main=16777216"
    "memorysetup-job-temp-allocator-block-size=2097152"
    "memorysetup-job-temp-allocator-block-size-background=1048576"
    "memorysetup-job-temp-allocator-reduction-small-platforms=262144"
    "memorysetup-temp-allocator-size-background-worker=32768"
    "memorysetup-temp-allocator-size-job-worker=262144"
    "memorysetup-temp-allocator-size-preload-manager=33554432"
    "memorysetup-temp-allocator-size-nav-mesh-worker=65536"
    "memorysetup-temp-allocator-size-audio-worker=65536"
    "memorysetup-temp-allocator-size-cloud-worker=32768"
    "memorysetup-temp-allocator-size-gi-baking-worker=262144"
    "memorysetup-temp-allocator-size-gi-baking-worker=262144"
    "memorysetup-temp-allocator-size-gi-baking-worker=262144"
    "memorysetup-temp-allocator-size-gi-baking-worker=262144"
    "memorysetup-temp-allocator-size-gi-baking-worker=262144"
    "memorysetup-temp-allocator-size-gfx=262144"
Player connection [17748]  Target information:

Player connection [17748]  * "[IP] 202.31.251.92 [Port] 0 [Flags] 2 [Guid] 4123913585 [EditorId] 4123913585 [Version] 1048832 [Id] WindowsEditor(7,DESKTOP-O1C3CTK) [Debug] 1 [PackageName] WindowsEditor [ProjectName] Editor" 

Player connection [17748] Host joined multi-casting on [225.0.0.222:54997]...
Player connection [17748] Host joined alternative multi-casting on [225.0.0.222:34997]...
JobSystem: Creating JobQueue using job-worker-count value 7
Input System module state changed to: Initialized.
[Physics::Module] Initialized fallback backend.
[Physics::Module] Id: 0xdecafbad
[Licensing::Client] Code 10 while verifying Licensing Client signature (process Id: 22388, path: "C:/Program Files/Unity Hub/UnityLicensingClient_V1/Unity.Licensing.Client.exe")
[Licensing::Module] LicensingClient has failed validation; ignoring
[Licensing::Client] Handshaking with LicensingClient:
  Version:                 1.17.3+a4e98f1
  Session Id:              647b9fc560824ae3ae3c2dd72c4882ed
  Correlation Id:          120374f1b459645e489b471ea95c7c3f
  External correlation Id: 2150430628032560311
  Machine Id:              5zzcFIlcbwWW5Xys4YCZ7MpAWW8=
[Licensing::Module] Successfully connected to LicensingClient on channel: "LicenseClient-djwls" (connect: 0.00s, validation: 0.00s, handshake: 0.08s)
[Licensing::IpcConnector] Successfully connected to: "LicenseClient-djwls-notifications" at "2025-11-03T03:29:17.5600337Z"
[Licensing::Module] Licensing Background thread has ended after 0.08s
Library Redirect Path: Library/
[Physics::Module] Selected backend.
[Physics::Module] Name: PhysX
[Physics::Module] Id: 0xf2b8ea05
[Physics::Module] SDK Version: 4.1.2
[Physics::Module] Integration Version: 1.0.0
[Physics::Module] Threading Mode: Multi-Threaded
ETC Legacy compression has been deprecated and will be removed in a future release. You can review compressors in "Project Settings > Editor > Texture Compressors".
Refreshing native plugins compatible for Editor in 6.10 ms, found 2 plugins.
Preloading 0 native plugins for Editor in 0.00 ms.
Initialize engine version: 6000.2.6f2 (4a4dcaec6541)
[Subsystems] Discovering subsystems at path C:/Program Files/Unity/Hub/Editor/6000.2.6f2/Editor/Data/Resources/UnitySubsystems
[Subsystems] Discovering subsystems at path C:/GitUnity/GitUnityTeamProj/TeamProj/Corgi Engine - 2D + 2.5D Platformer/Assets
GfxDevice: creating device client; kGfxThreadingModeNonThreaded
d3d12: failed to query info queue interface (0x80004002).
Direct3D:
    Version:         Direct3D 12 [level 12.1]
    Renderer:        AMD Radeon(TM) Graphics (ID=0x1636)
    Vendor:          ATI
    VRAM:            7895 MB
    App VRAM Budget: 7715 MB
    Driver:          31.0.21921.1000
    Unified Memory Architecture
Shader 'MoreMountains/MMRipple': fallback shader 'Particle/AlphaBlended' not found
Initialize mono
Mono path[0] = 'C:/Program Files/Unity/Hub/Editor/6000.2.6f2/Editor/Data/Managed'
Mono path[1] = 'C:/Program Files/Unity/Hub/Editor/6000.2.6f2/Editor/Data/MonoBleedingEdge/lib/mono/unityjit-win32'
Mono config path = 'C:/Program Files/Unity/Hub/Editor/6000.2.6f2/Editor/Data/MonoBleedingEdge/etc'
Using monoOptions --debugger-agent=transport=dt_socket,embedding=1,server=y,suspend=n,address=127.0.0.1:56428
Begin MonoManager ReloadAssembly
Registering precompiled unity dll's ...
Register platform support module: C:/Program Files/Unity/Hub/Editor/6000.2.6f2/Editor/Data/PlaybackEngines/WindowsStandaloneSupport/UnityEditor.WindowsStandalone.Extensions.dll
Registered in 0.002985 seconds.
- Loaded All Assemblies, in  0.544 seconds
Native extension for WindowsStandalone target not found
Mono: successfully reloaded assembly
- Finished resetting the current domain, in  0.419 seconds
Domain Reload Profiling: 961ms
	BeginReloadAssembly (237ms)
		ExecutionOrderSort (0ms)
		DisableScriptedObjects (0ms)
		BackupInstance (0ms)
		ReleaseScriptingObjects (0ms)
		CreateAndSetChildDomain (2ms)
	RebuildCommonClasses (44ms)
	RebuildNativeTypeToScriptingClass (14ms)
	initialDomainReloadingComplete (58ms)
	LoadAllAssembliesAndSetupDomain (189ms)
		LoadAssemblies (232ms)
		RebuildTransferFunctionScriptingTraits (0ms)
		AnalyzeDomain (186ms)
			TypeCache.Refresh (184ms)
				TypeCache.ScanAssembly (170ms)
			BuildScriptInfoCaches (0ms)
			ResolveRequiredComponents (1ms)
	FinalizeReload (420ms)
		ReleaseScriptCaches (0ms)
		RebuildScriptCaches (0ms)
		SetupLoadedEditorAssemblies (367ms)
			LogAssemblyErrors (0ms)
			InitializePlatformSupportModulesInManaged (55ms)
			SetLoadedEditorAssemblies (7ms)
			BeforeProcessingInitializeOnLoad (84ms)
			ProcessInitializeOnLoadAttributes (152ms)
			ProcessInitializeOnLoadMethodAttributes (69ms)
			AfterProcessingInitializeOnLoad (0ms)
			EditorAssembliesLoaded (0ms)
		ExecutionOrderSort2 (0ms)
		AwakeInstancesAfterBackupRestoration (0ms)
Assembly reference Packages/com.unity.cinemachine/Editor/Samples/ExposeHDRPInternals/HDRP-Editor-ref.asmref has no target assembly definition
========================================================================
Worker process is ready to serve import requests
Import Worker Mode flag is 0x00
Assembly reference Packages/com.unity.cinemachine/Editor/Samples/ExposeHDRPInternals/HDRP-Editor-ref.asmref has no target assembly definition
Assembly reference Packages/com.unity.cinemachine/Editor/Samples/ExposeHDRPInternals/HDRP-Editor-ref.asmref has no target assembly definition
Begin MonoManager ReloadAssembly
[Licensing::Client] Successfully resolved entitlement details
[Licensing::Module] License group:
  Id: F4-G4PU-B9V2-DTW5-EJE8-XXXX
  Product: Unity Personal
  Type: ULF
  Expiration: 2025-12-10T03:44:46Z
- Loaded All Assemblies, in  0.976 seconds
Assembly reference Packages/com.unity.cinemachine/Editor/Samples/ExposeHDRPInternals/HDRP-Editor-ref.asmref has no target assembly definition
'Packages/com.unity.cinemachine/Editor/Obsolete/CinemachineVirtualCameraBaseEditor.cs' contains partial class of Unity.Object, exactly 1 of the partial classes needs to be in a file with the same filename. This is to know the one that can be referenced from ie. GameObjects
'Packages/com.unity.cinemachine/Editor/Editors/CinemachineVirtualCameraBaseEditor.cs' contains partial class of Unity.Object, exactly 1 of the partial classes needs to be in a file with the same filename. This is to know the one that can be referenced from ie. GameObjects
Refreshing native plugins compatible for Editor in 6.49 ms, found 2 plugins.
Native extension for WindowsStandalone target not found
Assembly reference Packages/com.unity.cinemachine/Editor/Samples/ExposeHDRPInternals/HDRP-Editor-ref.asmref has no target assembly definition
Package Manager log level set to [2]
[Package Manager] Failed to launch server process. Reason: Unity was launched with the -noUpm command-line argument
[Package Manager] Unable to send message (not connected to server process).
[Package Manager] Cannot connect to Unity Package Manager local server
[Package Manager] Failed to launch server process. Reason: Unity was launched with the -noUpm command-line argument
[Package Manager] Unable to send message (not connected to server process).
[Package Manager] Cannot connect to Unity Package Manager local server
Refreshing native plugins compatible for Editor in 5.55 ms, found 2 plugins.
Mono: successfully reloaded assembly
- Finished resetting the current domain, in  1.326 seconds
Domain Reload Profiling: 2295ms
	BeginReloadAssembly (230ms)
		ExecutionOrderSort (0ms)
		DisableScriptedObjects (8ms)
		BackupInstance (0ms)
		ReleaseScriptingObjects (0ms)
		CreateAndSetChildDomain (34ms)
	RebuildCommonClasses (46ms)
	RebuildNativeTypeToScriptingClass (13ms)
	initialDomainReloadingComplete (45ms)
	LoadAllAssembliesAndSetupDomain (634ms)
		LoadAssemblies (515ms)
		RebuildTransferFunctionScriptingTraits (0ms)
		AnalyzeDomain (250ms)
			TypeCache.Refresh (177ms)
				TypeCache.ScanAssembly (154ms)
			BuildScriptInfoCaches (51ms)
			ResolveRequiredComponents (18ms)
	FinalizeReload (1327ms)
		ReleaseScriptCaches (0ms)
		RebuildScriptCaches (0ms)
		SetupLoadedEditorAssemblies (1158ms)
			LogAssemblyErrors (0ms)
			InitializePlatformSupportModulesInManaged (2ms)
			SetLoadedEditorAssemblies (9ms)
			BeforeProcessingInitializeOnLoad (246ms)
			ProcessInitializeOnLoadAttributes (649ms)
			ProcessInitializeOnLoadMethodAttributes (243ms)
			AfterProcessingInitializeOnLoad (8ms)
			EditorAssembliesLoaded (1ms)
		ExecutionOrderSort2 (0ms)
		AwakeInstancesAfterBackupRestoration (17ms)
ETC Legacy compression has been deprecated and will be removed in a future release. You can review compressors in "Project Settings > Editor > Texture Compressors".
Shader 'MoreMountains/MMRipple': fallback shader 'Particle/AlphaBlended' not found
Launched and connected shader compiler UnityShaderCompiler.exe after 0.01 seconds
Refreshing native plugins compatible for Editor in 5.45 ms, found 2 plugins.
Preloading 0 native plugins for Editor in 0.00 ms.
Unloading 13 Unused Serialized files (Serialized files now loaded: 0)
Unloading 4733 unused Assets / (3.5 MB). Loaded Objects now: 5242.
Memory consumption went from 185.6 MB to 182.1 MB.
Total: 12.355600 ms (FindLiveObjects: 0.593400 ms CreateObjectMapping: 0.249400 ms MarkObjects: 9.493200 ms  DeleteObjects: 2.017500 ms)

========================================================================
Received Import Request.
  Time since last request: 7381.344077 seconds.
  path: Assets/MMData/MMAchievements/AchievementsList.achievements
  artifactKey: Guid(bc6a167d61c708b41b96dbf867e95f2b) Importer(2089858483,192608db42251d675da83286b1cce702)
Start importing Assets/MMData/MMAchievements/AchievementsList.achievements using Guid(bc6a167d61c708b41b96dbf867e95f2b) Importer(2089858483,192608db42251d675da83286b1cce702) (ScriptedImporter) -> (artifact id: '89ed7c6902b3fc3b5dba0b5241b3d798') in 0.0968825 seconds
Number of updated asset objects reloaded before import = 0Number of asset objects unloaded after import = 1

========================================================================
Received Import Request.
  Time since last request: 0.000056 seconds.
  path: Assets/CorgiEngine/Demos/Minimal/FeaturesPlatformsGravityFlipped.unity
  artifactKey: Guid(0ed1a168af3dfbd4d84d743d54fb49e8) Importer(2089858483,192608db42251d675da83286b1cce702)
Start importing Assets/CorgiEngine/Demos/Minimal/FeaturesPlatformsGravityFlipped.unity using Guid(0ed1a168af3dfbd4d84d743d54fb49e8) Importer(2089858483,192608db42251d675da83286b1cce702) (ScriptedImporter) -> (artifact id: 'b35c68de6a3e2fd86fe65a12fb5d8658') in 0.0460353 seconds
Number of updated asset objects reloaded before import = 0Number of asset objects unloaded after import = 1

========================================================================
Received Import Request.
  Time since last request: 0.000085 seconds.
  path: Assets/CorgiEngine/Demos/Retro/RetroCopter.unity
  artifactKey: Guid(9fe3f55d8fbc69e498173731635e42f5) Importer(2089858483,192608db42251d675da83286b1cce702)
Start importing Assets/CorgiEngine/Demos/Retro/RetroCopter.unity using Guid(9fe3f55d8fbc69e498173731635e42f5) Importer(2089858483,192608db42251d675da83286b1cce702) (ScriptedImporter) -> (artifact id: '30baa37f3e22d2189b7cebc8d60f8b52') in 0.0356055 seconds
Number of updated asset objects reloaded before import = 0Number of asset objects unloaded after import = 1

========================================================================
Received Import Request.
  Time since last request: 0.000047 seconds.
  path: Assets/CorgiEngine/Demos/RetroAdventure/RetroAdventure5.unity
  artifactKey: Guid(702b1d26cdfc0ae4e9b4fd1d881b1e8f) Importer(2089858483,192608db42251d675da83286b1cce702)
Start importing Assets/CorgiEngine/Demos/RetroAdventure/RetroAdventure5.unity using Guid(702b1d26cdfc0ae4e9b4fd1d881b1e8f) Importer(2089858483,192608db42251d675da83286b1cce702) (ScriptedImporter) -> (artifact id: '5f2ec4f3e275662166b83b0a07108b6b') in 0.0354831 seconds
Number of updated asset objects reloaded before import = 0Number of asset objects unloaded after import = 1

========================================================================
Received Import Request.
  Time since last request: 0.000049 seconds.
  path: Assets/CorgiEngine/Common/Animations/GUI/startscreen-corgi.anim
  artifactKey: Guid(85fa1ca71c77e1642a688fbf9a570e5c) Importer(2089858483,192608db42251d675da83286b1cce702)
Start importing Assets/CorgiEngine/Common/Animations/GUI/startscreen-corgi.anim using Guid(85fa1ca71c77e1642a688fbf9a570e5c) Importer(2089858483,192608db42251d675da83286b1cce702) (ScriptedImporter) -> (artifact id: '9c4c12d3528a1f13bd21a26af10f71d9') in 0.0828487 seconds
Number of updated asset objects reloaded before import = 0Number of asset objects unloaded after import = 1

========================================================================
Received Import Request.
  Time since last request: 0.000050 seconds.
  path: Assets/CorgiEngine/Common/Scripts/MoreMountains.CorgiEngine.asmdef
  artifactKey: Guid(6beab0bf0f222b74b868dbe4bcfa23cf) Importer(2089858483,192608db42251d675da83286b1cce702)
Start importing Assets/CorgiEngine/Common/Scripts/MoreMountains.CorgiEngine.asmdef using Guid(6beab0bf0f222b74b868dbe4bcfa23cf) Importer(2089858483,192608db42251d675da83286b1cce702) (ScriptedImporter) -> (artifact id: '8b3536459b91e6d48fab5400af311c51') in 0.0381309 seconds
Number of updated asset objects reloaded before import = 0Number of asset objects unloaded after import = 1

========================================================================
Received Import Request.
  Time since last request: 0.000054 seconds.
  path: Assets/CorgiEngine/Demos/Minimal/MinimalCharacterSwap.unity
  artifactKey: Guid(71edfb2fd45021646941033d28e781fb) Importer(2089858483,192608db42251d675da83286b1cce702)
Start importing Assets/CorgiEngine/Demos/Minimal/MinimalCharacterSwap.unity using Guid(71edfb2fd45021646941033d28e781fb) Importer(2089858483,192608db42251d675da83286b1cce702) (ScriptedImporter) -> (artifact id: '7649d830a910fc70515db8e7e6f83f41') in 0.0256642 seconds
Number of updated asset objects reloaded before import = 0Number of asset objects unloaded after import = 1

========================================================================
Received Import Request.
  Time since last request: 0.000022 seconds.
  path: Assets/CorgiEngine/Common/Prefabs/GUI/ButtonPrompt.prefab
  artifactKey: Guid(bb1fc0f1f16f31248b9b4d80aa795609) Importer(2089858483,192608db42251d675da83286b1cce702)
Start importing Assets/CorgiEngine/Common/Prefabs/GUI/ButtonPrompt.prefab using Guid(bb1fc0f1f16f31248b9b4d80aa795609) Importer(2089858483,192608db42251d675da83286b1cce702) (ScriptedImporter) -> (artifact id: 'ed8441205a02e1fa2c6467930af0a51a') in 0.1175884 seconds
Number of updated asset objects reloaded before import = 0Number of asset objects unloaded after import = 40

========================================================================
Received Import Request.
  Time since last request: 0.000037 seconds.
  path: Assets/CorgiEngine/Common/Animations/ButtonPrompt.controller
  artifactKey: Guid(f35db27b90b9df34d9f911c5afae060d) Importer(2089858483,192608db42251d675da83286b1cce702)
Start importing Assets/CorgiEngine/Common/Animations/ButtonPrompt.controller using Guid(f35db27b90b9df34d9f911c5afae060d) Importer(2089858483,192608db42251d675da83286b1cce702) (ScriptedImporter) -> (artifact id: '984225182d73cfdbb5ea78d7d5faa2a2') in 0.0217773 seconds
Number of updated asset objects reloaded before import = 0Number of asset objects unloaded after import = 8

========================================================================
Received Import Request.
  Time since last request: 0.000020 seconds.
  path: Assets/CorgiEngine/Common/Animations/ButtonPromptError.anim
  artifactKey: Guid(510b09c87d483344bb2c3741234cd505) Importer(2089858483,192608db42251d675da83286b1cce702)
Start importing Assets/CorgiEngine/Common/Animations/ButtonPromptError.anim using Guid(510b09c87d483344bb2c3741234cd505) Importer(2089858483,192608db42251d675da83286b1cce702) (ScriptedImporter) -> (artifact id: '3c68ca0560b5249039e2aa0576ef9a13') in 0.0260862 seconds
Number of updated asset objects reloaded before import = 0Number of asset objects unloaded after import = 1

========================================================================
Received Import Request.
  Time since last request: 0.000020 seconds.
  path: Assets/CorgiEngine/Demos/Retro/RetroPush.unity
  artifactKey: Guid(6941630460bbb2649a30eea54b4ef6ea) Importer(2089858483,192608db42251d675da83286b1cce702)
Start importing Assets/CorgiEngine/Demos/Retro/RetroPush.unity using Guid(6941630460bbb2649a30eea54b4ef6ea) Importer(2089858483,192608db42251d675da83286b1cce702) (ScriptedImporter) -> (artifact id: '4e9fb3714551debc2b75f1a11831b918') in 0.0380276 seconds
Number of updated asset objects reloaded before import = 0Number of asset objects unloaded after import = 1

========================================================================
Received Import Request.
  Time since last request: 0.000027 seconds.
  path: Assets/CorgiEngine/Demos/Corgi2D/Mesa1.unity
  artifactKey: Guid(3255dcacf4a25fc4c8070322156f10cd) Importer(2089858483,192608db42251d675da83286b1cce702)
Start importing Assets/CorgiEngine/Demos/Corgi2D/Mesa1.unity using Guid(3255dcacf4a25fc4c8070322156f10cd) Importer(2089858483,192608db42251d675da83286b1cce702) (ScriptedImporter) -> (artifact id: 'c9f14bb21e88badb9d51a539fb6e8569') in 0.0438872 seconds
Number of updated asset objects reloaded before import = 0Number of asset objects unloaded after import = 1

========================================================================
Received Import Request.
  Time since last request: 0.000051 seconds.
  path: Assets/CorgiEngine/Demos/Minimal/MinimalModelSwitch.unity
  artifactKey: Guid(d7b557f6a71b64946a3fe442e825d5fb) Importer(2089858483,192608db42251d675da83286b1cce702)
Start importing Assets/CorgiEngine/Demos/Minimal/MinimalModelSwitch.unity using Guid(d7b557f6a71b64946a3fe442e825d5fb) Importer(2089858483,192608db42251d675da83286b1cce702) (ScriptedImporter) -> (artifact id: '41188e4c6927df9a91601eabb9756eae') in 0.0293838 seconds
Number of updated asset objects reloaded before import = 0Number of asset objects unloaded after import = 1

========================================================================
Received Import Request.
  Time since last request: 0.000076 seconds.
  path: Assets/CorgiEngine/Demos/Brobro/BrobroLevel.unity
  artifactKey: Guid(a4b03f0bea3ef6444819e45677eee09f) Importer(2089858483,192608db42251d675da83286b1cce702)
Start importing Assets/CorgiEngine/Demos/Brobro/BrobroLevel.unity using Guid(a4b03f0bea3ef6444819e45677eee09f) Importer(2089858483,192608db42251d675da83286b1cce702) (ScriptedImporter) -> (artifact id: 'ad666cfc5d22362e8af63f27d033a571') in 0.0592916 seconds
Number of updated asset objects reloaded before import = 0Number of asset objects unloaded after import = 1

========================================================================
Received Import Request.
  Time since last request: 0.000039 seconds.
  path: Assets/CorgiEngine/Demos/RetroAdventure/RetroAdventure3.unity
  artifactKey: Guid(46fcc2c18a399f747b0673aacb693b94) Importer(2089858483,192608db42251d675da83286b1cce702)
Start importing Assets/CorgiEngine/Demos/RetroAdventure/RetroAdventure3.unity using Guid(46fcc2c18a399f747b0673aacb693b94) Importer(2089858483,192608db42251d675da83286b1cce702) (ScriptedImporter) -> (artifact id: '5535bceaffcfc4164f9852acbcecd4b7') in 0.0329674 seconds
Number of updated asset objects reloaded before import = 0Number of asset objects unloaded after import = 1

========================================================================
Received Import Request.
  Time since last request: 0.000032 seconds.
  path: Assets/CorgiEngine/Demos/Minimal/MinimalCharacterSwitch.unity
  artifactKey: Guid(e88faf07b1c65904c9a50ac65f300878) Importer(2089858483,192608db42251d675da83286b1cce702)
Start importing Assets/CorgiEngine/Demos/Minimal/MinimalCharacterSwitch.unity using Guid(e88faf07b1c65904c9a50ac65f300878) Importer(2089858483,192608db42251d675da83286b1cce702) (ScriptedImporter) -> (artifact id: 'f4b53e8ff4a40572719b9a85a5cde5f7') in 0.0272098 seconds
Number of updated asset objects reloaded before import = 0Number of asset objects unloaded after import = 1

========================================================================
Received Import Request.
  Time since last request: 0.000064 seconds.
  path: Assets/CorgiEngine/Common/Materials/LitSprite.mat
  artifactKey: Guid(d495202727fc00a49b844e4efcd5d960) Importer(2089858483,192608db42251d675da83286b1cce702)
Start importing Assets/CorgiEngine/Common/Materials/LitSprite.mat using Guid(d495202727fc00a49b844e4efcd5d960) Importer(2089858483,192608db42251d675da83286b1cce702) (ScriptedImporter) -> (artifact id: '2a0fba88c16cabd790eeb0fa839c3044') in 0.0668344 seconds
Number of updated asset objects reloaded before import = 0Number of asset objects unloaded after import = 1

========================================================================
Received Import Request.
  Time since last request: 0.000030 seconds.
  path: Assets/CorgiEngine/Demos/Minimal/Minimal4Players.unity
  artifactKey: Guid(473ff282eb94d494290a75136e630771) Importer(2089858483,192608db42251d675da83286b1cce702)
Start importing Assets/CorgiEngine/Demos/Minimal/Minimal4Players.unity using Guid(473ff282eb94d494290a75136e630771) Importer(2089858483,192608db42251d675da83286b1cce702) (ScriptedImporter) -> (artifact id: '03ff8de0cf9644a3516d63f5a155d405') in 0.0373803 seconds
Number of updated asset objects reloaded before import = 0Number of asset objects unloaded after import = 1

========================================================================
Received Import Request.
  Time since last request: 0.000019 seconds.
  path: Assets/CorgiEngine/Demos/Minimal/MinimalAutoMovement.unity
  artifactKey: Guid(00bc6681f52186e429e065009169f47d) Importer(2089858483,192608db42251d675da83286b1cce702)
Start importing Assets/CorgiEngine/Demos/Minimal/MinimalAutoMovement.unity using Guid(00bc6681f52186e429e065009169f47d) Importer(2089858483,192608db42251d675da83286b1cce702) (ScriptedImporter) -> (artifact id: 'bd56568c08b2d3e3026711402a907e88') in 0.0268945 seconds
Number of updated asset objects reloaded before import = 0Number of asset objects unloaded after import = 1

========================================================================
Received Import Request.
  Time since last request: 0.000070 seconds.
  path: Assets/CorgiEngine/Common/Fonts/Gotham-Ultra.ttf
  artifactKey: Guid(955296f4b4df04345b06197dc1151a1c) Importer(2089858483,192608db42251d675da83286b1cce702)
Start importing Assets/CorgiEngine/Common/Fonts/Gotham-Ultra.ttf using Guid(955296f4b4df04345b06197dc1151a1c) Importer(2089858483,192608db42251d675da83286b1cce702) (ScriptedImporter) -> (artifact id: '0fcd221392fa905835adf10ee86f03b1') in 0.0499999 seconds
Number of updated asset objects reloaded before import = 0Number of asset objects unloaded after import = 3

========================================================================
Received Import Request.
  Time since last request: 0.000022 seconds.
  path: Assets/CorgiEngine/Common/ScriptsInputSystem/MoreMountains.CorgiEngine.InputSystem.asmdef
  artifactKey: Guid(a993ac63f630bb149852f7c04ec40dea) Importer(2089858483,192608db42251d675da83286b1cce702)
Start importing Assets/CorgiEngine/Common/ScriptsInputSystem/MoreMountains.CorgiEngine.InputSystem.asmdef using Guid(a993ac63f630bb149852f7c04ec40dea) Importer(2089858483,192608db42251d675da83286b1cce702) (ScriptedImporter) -> (artifact id: '922facc225f72935d90a12c8c877e957') in 0.0304329 seconds
Number of updated asset objects reloaded before import = 0Number of asset objects unloaded after import = 1

========================================================================
Received Import Request.
  Time since last request: 0.000032 seconds.
  path: Assets/CorgiEngine/Demos/RetroAdventure/RetroAdventure4.unity
  artifactKey: Guid(a263b887440dd564983da172c7fe783d) Importer(2089858483,192608db42251d675da83286b1cce702)
Start importing Assets/CorgiEngine/Demos/RetroAdventure/RetroAdventure4.unity using Guid(a263b887440dd564983da172c7fe783d) Importer(2089858483,192608db42251d675da83286b1cce702) (ScriptedImporter) -> (artifact id: 'ba2c1aba78c326e12cea50ac108253df') in 0.0344994 seconds
Number of updated asset objects reloaded before import = 0Number of asset objects unloaded after import = 1

========================================================================
Received Import Request.
  Time since last request: 0.000021 seconds.
  path: Assets/CorgiEngine/Demos/RetroAdventure/RetroAdventureCharacterSelection.unity
  artifactKey: Guid(5716dd8c709a03142b13533ed057a262) Importer(2089858483,192608db42251d675da83286b1cce702)
Start importing Assets/CorgiEngine/Demos/RetroAdventure/RetroAdventureCharacterSelection.unity using Guid(5716dd8c709a03142b13533ed057a262) Importer(2089858483,192608db42251d675da83286b1cce702) (ScriptedImporter) -> (artifact id: '499e89ebede5e09faf24154d0e622144') in 0.0294402 seconds
Number of updated asset objects reloaded before import = 0Number of asset objects unloaded after import = 1

========================================================================
Received Import Request.
  Time since last request: 8.977827 seconds.
  path: Assets/CorgiEngine/Common/Prefabs/GUI/startScreen.prefab
  artifactKey: Guid(304802c89d19bf249b2833bd071fa591) Importer(2089858483,192608db42251d675da83286b1cce702)
Start importing Assets/CorgiEngine/Common/Prefabs/GUI/startScreen.prefab using Guid(304802c89d19bf249b2833bd071fa591) Importer(2089858483,192608db42251d675da83286b1cce702) (ScriptedImporter) -> (artifact id: '8eaeebdce38f94ce0e85f977a81969cf') in 0.0800136 seconds
Number of updated asset objects reloaded before import = 0Number of asset objects unloaded after import = 8

========================================================================
Received Import Request.
  Time since last request: 0.000027 seconds.
  path: Assets/CorgiEngine/Common/Prefabs/Sounds/NFF-zing.wav
  artifactKey: Guid(7e35d4187d17244c78d16918da47f1ca) Importer(2089858483,192608db42251d675da83286b1cce702)
Start importing Assets/CorgiEngine/Common/Prefabs/Sounds/NFF-zing.wav using Guid(7e35d4187d17244c78d16918da47f1ca) Importer(2089858483,192608db42251d675da83286b1cce702) (ScriptedImporter) -> (artifact id: 'ead3c74282275810195a55d6e1dfc825') in 0.0861927 seconds
Number of updated asset objects reloaded before import = 0Number of asset objects unloaded after import = 1

========================================================================
Received Import Request.
  Time since last request: 0.000024 seconds.
  path: Assets/CorgiEngine/Common/Prefabs/LevelManagers/Restarter.prefab
  artifactKey: Guid(3f15e6a6d457cec46922a46723358e16) Importer(2089858483,192608db42251d675da83286b1cce702)
Start importing Assets/CorgiEngine/Common/Prefabs/LevelManagers/Restarter.prefab using Guid(3f15e6a6d457cec46922a46723358e16) Importer(2089858483,192608db42251d675da83286b1cce702) (ScriptedImporter) -> (artifact id: 'db023b7464aa6dbb821e8e24c136801b') in 0.0419249 seconds
Number of updated asset objects reloaded before import = 0Number of asset objects unloaded after import = 6

========================================================================
Received Import Request.
  Time since last request: 0.000033 seconds.
  path: Assets/CorgiEngine/Common/Prefabs/LevelManagers/Managers.prefab
  artifactKey: Guid(22108ba7e70b42a4bba3865f11ca6549) Importer(2089858483,192608db42251d675da83286b1cce702)
Start importing Assets/CorgiEngine/Common/Prefabs/LevelManagers/Managers.prefab using Guid(22108ba7e70b42a4bba3865f11ca6549) Importer(2089858483,192608db42251d675da83286b1cce702) (ScriptedImporter) -> (artifact id: '7e8c8a083ff3babed57e750e1d017b52') in 0.0228911 seconds
Number of updated asset objects reloaded before import = 0Number of asset objects unloaded after import = 10

========================================================================
Received Import Request.
  Time since last request: 0.000081 seconds.
  path: Assets/CorgiEngine/Common/Scripts/Environment/TimeZone.cs
  artifactKey: Guid(441cd1284ae7e8247852d6b565e519a5) Importer(2089858483,192608db42251d675da83286b1cce702)
Start importing Assets/CorgiEngine/Common/Scripts/Environment/TimeZone.cs using Guid(441cd1284ae7e8247852d6b565e519a5) Importer(2089858483,192608db42251d675da83286b1cce702) (ScriptedImporter) -> (artifact id: '5e56a27ca15bb153f901542bec55541b') in 0.0192403 seconds
Number of updated asset objects reloaded before import = 0Number of asset objects unloaded after import = 0

========================================================================
Received Import Request.
  Time since last request: 0.000061 seconds.
  path: Assets/CorgiEngine/Common/Scripts/GUI/AmmoDisplay.cs
  artifactKey: Guid(be2ed47ab80837c49838644a53d1e18c) Importer(2089858483,192608db42251d675da83286b1cce702)
Start importing Assets/CorgiEngine/Common/Scripts/GUI/AmmoDisplay.cs using Guid(be2ed47ab80837c49838644a53d1e18c) Importer(2089858483,192608db42251d675da83286b1cce702) (ScriptedImporter) -> (artifact id: '3b2d72b4d5a06c1bb9ecb60ae022601f') in 0.0177352 seconds
Number of updated asset objects reloaded before import = 0Number of asset objects unloaded after import = 0

========================================================================
Received Import Request.
  Time since last request: 0.000028 seconds.
  path: Assets/CorgiEngine/Common/Prefabs/Sounds/hit-wav.wav
  artifactKey: Guid(fc6a8ed8f767ee7449dc2f51593060a7) Importer(2089858483,192608db42251d675da83286b1cce702)
Start importing Assets/CorgiEngine/Common/Prefabs/Sounds/hit-wav.wav using Guid(fc6a8ed8f767ee7449dc2f51593060a7) Importer(2089858483,192608db42251d675da83286b1cce702) (ScriptedImporter) -> (artifact id: 'fca5d697c9ff85f569c3a9a8eaad2787') in 0.095465 seconds
Number of updated asset objects reloaded before import = 0Number of asset objects unloaded after import = 1

========================================================================
Received Import Request.
  Time since last request: 0.000023 seconds.
  path: Assets/CorgiEngine/Common/Prefabs/Sounds/NFF-jump.wav
  artifactKey: Guid(69f16f41c19a745a6aa143ad005dbaaa) Importer(2089858483,192608db42251d675da83286b1cce702)
Start importing Assets/CorgiEngine/Common/Prefabs/Sounds/NFF-jump.wav using Guid(69f16f41c19a745a6aa143ad005dbaaa) Importer(2089858483,192608db42251d675da83286b1cce702) (ScriptedImporter) -> (artifact id: 'e0be9171d00f997a094745add0102ce6') in 0.0855093 seconds
Number of updated asset objects reloaded before import = 0Number of asset objects unloaded after import = 1

========================================================================
Received Import Request.
  Time since last request: 0.000045 seconds.
  path: Assets/CorgiEngine/Common/Scripts/Environment/StunZone.cs
  artifactKey: Guid(2bb38ac7660d34f49867af61e175387b) Importer(2089858483,192608db42251d675da83286b1cce702)
Start importing Assets/CorgiEngine/Common/Scripts/Environment/StunZone.cs using Guid(2bb38ac7660d34f49867af61e175387b) Importer(2089858483,192608db42251d675da83286b1cce702) (ScriptedImporter) -> (artifact id: '5de7313f027616bc71e0a1c7a247835f') in 0.0225612 seconds
Number of updated asset objects reloaded before import = 0Number of asset objects unloaded after import = 0

========================================================================
Received Import Request.
  Time since last request: 0.000084 seconds.
  path: Assets/CorgiEngine/Common/Scripts/GUI/ButtonPrompt.cs
  artifactKey: Guid(79d0b31942dada14ead8233e6c443dd8) Importer(2089858483,192608db42251d675da83286b1cce702)
Start importing Assets/CorgiEngine/Common/Scripts/GUI/ButtonPrompt.cs using Guid(79d0b31942dada14ead8233e6c443dd8) Importer(2089858483,192608db42251d675da83286b1cce702) (ScriptedImporter) -> (artifact id: 'f7174dabca1e9dd7e1cb0ca7d24efde9') in 0.0204533 seconds
Number of updated asset objects reloaded before import = 0Number of asset objects unloaded after import = 0

========================================================================
Received Import Request.
  Time since last request: 0.000147 seconds.
  path: Assets/CorgiEngine/Common/Prefabs/Sounds/NFF-fireball.wav
  artifactKey: Guid(de0de99cd7ac84fa0978dd5176617fbb) Importer(2089858483,192608db42251d675da83286b1cce702)
Start importing Assets/CorgiEngine/Common/Prefabs/Sounds/NFF-fireball.wav using Guid(de0de99cd7ac84fa0978dd5176617fbb) Importer(2089858483,192608db42251d675da83286b1cce702) (ScriptedImporter) -> (artifact id: '3e4734c24e40dc785e139c65d060094d') in 0.0934591 seconds
Number of updated asset objects reloaded before import = 0Number of asset objects unloaded after import = 1

========================================================================
Received Import Request.
  Time since last request: 0.000022 seconds.
  path: Assets/CorgiEngine/Common/Prefabs/Sounds/NFF-drop-02.wav
  artifactKey: Guid(6b788158cece248e4bb7a9237ece9605) Importer(2089858483,192608db42251d675da83286b1cce702)
Start importing Assets/CorgiEngine/Common/Prefabs/Sounds/NFF-drop-02.wav using Guid(6b788158cece248e4bb7a9237ece9605) Importer(2089858483,192608db42251d675da83286b1cce702) (ScriptedImporter) -> (artifact id: '8eaf4b8ee5b378a7e6fc8c0a169c019a') in 0.0877312 seconds
Number of updated asset objects reloaded before import = 0Number of asset objects unloaded after import = 1

========================================================================
Received Import Request.
  Time since last request: 0.000083 seconds.
  path: Assets/CorgiEngine/Common/Prefabs/Sounds/reload.wav
  artifactKey: Guid(d8ea448bae39d4146b98a9953a270f1b) Importer(2089858483,192608db42251d675da83286b1cce702)
Start importing Assets/CorgiEngine/Common/Prefabs/Sounds/reload.wav using Guid(d8ea448bae39d4146b98a9953a270f1b) Importer(2089858483,192608db42251d675da83286b1cce702) (ScriptedImporter) -> (artifact id: 'f361cc6796e44a607107c478a0ede6b8') in 0.078276 seconds
Number of updated asset objects reloaded before import = 0Number of asset objects unloaded after import = 1

========================================================================
Received Import Request.
  Time since last request: 0.000084 seconds.
  path: Assets/CorgiEngine/Common/Prefabs/Sounds/run-wav.wav
  artifactKey: Guid(2c033fed12d756e40a7a6f2d0c13915a) Importer(2089858483,192608db42251d675da83286b1cce702)
Start importing Assets/CorgiEngine/Common/Prefabs/Sounds/run-wav.wav using Guid(2c033fed12d756e40a7a6f2d0c13915a) Importer(2089858483,192608db42251d675da83286b1cce702) (ScriptedImporter) -> (artifact id: '75f8323ca1ea407e7c76529cc1983ebe') in 0.0954276 seconds
Number of updated asset objects reloaded before import = 0Number of asset objects unloaded after import = 1

========================================================================
Received Import Request.
  Time since last request: 0.000019 seconds.
  path: Assets/CorgiEngine/Common/Scripts/Environment/AutoMovementControlZone.cs
  artifactKey: Guid(9e9868e6623b8b14aaee4e8204547ba2) Importer(2089858483,192608db42251d675da83286b1cce702)
Start importing Assets/CorgiEngine/Common/Scripts/Environment/AutoMovementControlZone.cs using Guid(9e9868e6623b8b14aaee4e8204547ba2) Importer(2089858483,192608db42251d675da83286b1cce702) (ScriptedImporter) -> (artifact id: 'c0ef37087ddfc3bd7292e2096e770c7d') in 0.024155 seconds
Number of updated asset objects reloaded before import = 0Number of asset objects unloaded after import = 0

========================================================================
Received Import Request.
  Time since last request: 0.000110 seconds.
  path: Assets/CorgiEngine/Common/Prefabs/Sounds/NFF-slip-03.wav
  artifactKey: Guid(f6bc8fe813a7b4d6ebf5e66aa7e758ad) Importer(2089858483,192608db42251d675da83286b1cce702)
Start importing Assets/CorgiEngine/Common/Prefabs/Sounds/NFF-slip-03.wav using Guid(f6bc8fe813a7b4d6ebf5e66aa7e758ad) Importer(2089858483,192608db42251d675da83286b1cce702) (ScriptedImporter) -> (artifact id: 'e45757e35e03d71e369b5d664fcded0a') in 0.0904154 seconds
Number of updated asset objects reloaded before import = 0Number of asset objects unloaded after import = 1

========================================================================
Received Import Request.
  Time since last request: 0.000024 seconds.
  path: Assets/CorgiEngine/Common/Prefabs/Sounds/NFF-wrong.wav
  artifactKey: Guid(9fad28c4259cc46e99069a7ec9e7a33e) Importer(2089858483,192608db42251d675da83286b1cce702)
Start importing Assets/CorgiEngine/Common/Prefabs/Sounds/NFF-wrong.wav using Guid(9fad28c4259cc46e99069a7ec9e7a33e) Importer(2089858483,192608db42251d675da83286b1cce702) (ScriptedImporter) -> (artifact id: '7f2d9b299c875efa5b78d8311835704e') in 0.0953905 seconds
Number of updated asset objects reloaded before import = 0Number of asset objects unloaded after import = 1

========================================================================
Received Import Request.
  Time since last request: 0.000037 seconds.
  path: Assets/CorgiEngine/Common/Prefabs/Sounds/NFF-magic-exploding.wav
  artifactKey: Guid(b13c45cee9b86400f9baf9a0887f955e) Importer(2089858483,192608db42251d675da83286b1cce702)
Start importing Assets/CorgiEngine/Common/Prefabs/Sounds/NFF-magic-exploding.wav using Guid(b13c45cee9b86400f9baf9a0887f955e) Importer(2089858483,192608db42251d675da83286b1cce702) (ScriptedImporter) -> (artifact id: '5239c15593f8f03bf084347f2ac2ce15') in 0.0982229 seconds
Number of updated asset objects reloaded before import = 0Number of asset objects unloaded after import = 1

========================================================================
Received Import Request.
  Time since last request: 0.000043 seconds.
  path: Assets/CorgiEngine/Common/Prefabs/LevelManagers/GameManagers.prefab
  artifactKey: Guid(6059d977d1f210348bfbe1a82f4f9883) Importer(2089858483,192608db42251d675da83286b1cce702)
Start importing Assets/CorgiEngine/Common/Prefabs/LevelManagers/GameManagers.prefab using Guid(6059d977d1f210348bfbe1a82f4f9883) Importer(2089858483,192608db42251d675da83286b1cce702) (ScriptedImporter) -> (artifact id: '7b4681237466b49a9e67fb7a81a8c117') in 0.0654726 seconds
Number of updated asset objects reloaded before import = 0Number of asset objects unloaded after import = 14

========================================================================
Received Import Request.
  Time since last request: 0.000061 seconds.
  path: Assets/CorgiEngine/Common/Prefabs/Sounds/NFF-wibble.wav
  artifactKey: Guid(c1f3150c2a4f24ebaa74f410c63a9591) Importer(2089858483,192608db42251d675da83286b1cce702)
Start importing Assets/CorgiEngine/Common/Prefabs/Sounds/NFF-wibble.wav using Guid(c1f3150c2a4f24ebaa74f410c63a9591) Importer(2089858483,192608db42251d675da83286b1cce702) (ScriptedImporter) -> (artifact id: '13bc1d0d2114b33344d524fad7219aaa') in 0.1073786 seconds
Number of updated asset objects reloaded before import = 0Number of asset objects unloaded after import = 1

========================================================================
Received Import Request.
  Time since last request: 0.000040 seconds.
  path: Assets/CorgiEngine/Common/Prefabs/Sounds/NFF-suck.wav
  artifactKey: Guid(66ebbf4b1178542d99a9a17438a49f0a) Importer(2089858483,192608db42251d675da83286b1cce702)
Start importing Assets/CorgiEngine/Common/Prefabs/Sounds/NFF-suck.wav using Guid(66ebbf4b1178542d99a9a17438a49f0a) Importer(2089858483,192608db42251d675da83286b1cce702) (ScriptedImporter) -> (artifact id: '71f013d90675f8a6ef520c177c24cba6') in 0.0987582 seconds
Number of updated asset objects reloaded before import = 0Number of asset objects unloaded after import = 1

========================================================================
Received Import Request.
  Time since last request: 0.000031 seconds.
  path: Assets/CorgiEngine/Common/Scripts/Environment/ProximityMine.cs
  artifactKey: Guid(2cbe7b2ebf7af2f4693ed69449f85827) Importer(2089858483,192608db42251d675da83286b1cce702)
Start importing Assets/CorgiEngine/Common/Scripts/Environment/ProximityMine.cs using Guid(2cbe7b2ebf7af2f4693ed69449f85827) Importer(2089858483,192608db42251d675da83286b1cce702) (ScriptedImporter) -> (artifact id: 'e6ddd1870a1d5ed6782ec65d7e561574') in 0.0212024 seconds
Number of updated asset objects reloaded before import = 0Number of asset objects unloaded after import = 0

========================================================================
Received Import Request.
  Time since last request: 0.000078 seconds.
  path: Assets/CorgiEngine/Common/Prefabs/Sounds/NFF-power-up.wav
  artifactKey: Guid(5f3e602f873274fa7bbd55cacb24d544) Importer(2089858483,192608db42251d675da83286b1cce702)
Start importing Assets/CorgiEngine/Common/Prefabs/Sounds/NFF-power-up.wav using Guid(5f3e602f873274fa7bbd55cacb24d544) Importer(2089858483,192608db42251d675da83286b1cce702) (ScriptedImporter) -> (artifact id: '007897ba22861ac84227a1eeb5409ae2') in 0.0952653 seconds
Number of updated asset objects reloaded before import = 0Number of asset objects unloaded after import = 1

========================================================================
Received Import Request.
  Time since last request: 0.000039 seconds.
  path: Assets/CorgiEngine/Common/Scripts/Environment/KeyOperatedZone.cs
  artifactKey: Guid(8c7dd7423a0f67044bda66149a287048) Importer(2089858483,192608db42251d675da83286b1cce702)
Start importing Assets/CorgiEngine/Common/Scripts/Environment/KeyOperatedZone.cs using Guid(8c7dd7423a0f67044bda66149a287048) Importer(2089858483,192608db42251d675da83286b1cce702) (ScriptedImporter) -> (artifact id: '6728c0d7063acb57da079ead76a0c1cf') in 0.0283619 seconds
Number of updated asset objects reloaded before import = 0Number of asset objects unloaded after import = 0

========================================================================
Received Import Request.
  Time since last request: 0.000059 seconds.
  path: Assets/CorgiEngine/Common/Prefabs/Sounds/NFF-burning-transistor.wav
  artifactKey: Guid(00e54396a637d49f987f9e2c6ab27f3a) Importer(2089858483,192608db42251d675da83286b1cce702)
Start importing Assets/CorgiEngine/Common/Prefabs/Sounds/NFF-burning-transistor.wav using Guid(00e54396a637d49f987f9e2c6ab27f3a) Importer(2089858483,192608db42251d675da83286b1cce702) (ScriptedImporter) -> (artifact id: '8b714aa2144d0749b9eb3b70c28cd8c9') in 0.1094001 seconds
Number of updated asset objects reloaded before import = 0Number of asset objects unloaded after import = 1

========================================================================
Received Import Request.
  Time since last request: 0.000129 seconds.
  path: Assets/CorgiEngine/Common/Prefabs/Music/BgMusicUniformMotionVictory.prefab
  artifactKey: Guid(76c776fa33f39154390b878dc4630c99) Importer(2089858483,192608db42251d675da83286b1cce702)
Start importing Assets/CorgiEngine/Common/Prefabs/Music/BgMusicUniformMotionVictory.prefab using Guid(76c776fa33f39154390b878dc4630c99) Importer(2089858483,192608db42251d675da83286b1cce702) (ScriptedImporter) -> (artifact id: '94ef2178369488d8446a8cd2793cc8d0') in 0.6311514 seconds
Number of updated asset objects reloaded before import = 0Number of asset objects unloaded after import = 6

========================================================================
Received Import Request.
  Time since last request: 0.670315 seconds.
  path: Assets/CorgiEngine/Common/Scripts/GUI/LevelSelectorGUI.cs
  artifactKey: Guid(218a5c2f77efa854a98e60efd1a54e3a) Importer(2089858483,192608db42251d675da83286b1cce702)
Start importing Assets/CorgiEngine/Common/Scripts/GUI/LevelSelectorGUI.cs using Guid(218a5c2f77efa854a98e60efd1a54e3a) Importer(2089858483,192608db42251d675da83286b1cce702) (ScriptedImporter) -> (artifact id: 'b731ead499cbe0a387b14bfef12864e7') in 0.0225497 seconds
Number of updated asset objects reloaded before import = 0Number of asset objects unloaded after import = 0

========================================================================
Received Import Request.
  Time since last request: 0.000028 seconds.
  path: Assets/CorgiEngine/Common/Scripts/GUI/PauseButton.cs
  artifactKey: Guid(193bbf164db32874d8aff4329f973a7f) Importer(2089858483,192608db42251d675da83286b1cce702)
Start importing Assets/CorgiEngine/Common/Scripts/GUI/PauseButton.cs using Guid(193bbf164db32874d8aff4329f973a7f) Importer(2089858483,192608db42251d675da83286b1cce702) (ScriptedImporter) -> (artifact id: 'dd6d1004c4d173f40ac7bc3a7d630a4f') in 0.0202933 seconds
Number of updated asset objects reloaded before import = 0Number of asset objects unloaded after import = 0

========================================================================
Received Import Request.
  Time since last request: 0.000106 seconds.
  path: Assets/CorgiEngine/Demos/Corgi3D/Materials/Corgi3DDustMaterial.mat
  artifactKey: Guid(a67a02f0c701dd94d9504a791fdaf964) Importer(2089858483,192608db42251d675da83286b1cce702)
Start importing Assets/CorgiEngine/Demos/Corgi3D/Materials/Corgi3DDustMaterial.mat using Guid(a67a02f0c701dd94d9504a791fdaf964) Importer(2089858483,192608db42251d675da83286b1cce702) (ScriptedImporter) -> (artifact id: '9dea0386241bd6fe066b98e8b06202ff') in 0.0348316 seconds
Number of updated asset objects reloaded before import = 0Number of asset objects unloaded after import = 1

========================================================================
Received Import Request.
  Time since last request: 0.000033 seconds.
  path: Assets/CorgiEngine/Common/Sprites/GUI/splash-more-mountains.png
  artifactKey: Guid(417e6e6109af580438bb4a5ab7b7034e) Importer(2089858483,192608db42251d675da83286b1cce702)
Start importing Assets/CorgiEngine/Common/Sprites/GUI/splash-more-mountains.png using Guid(417e6e6109af580438bb4a5ab7b7034e) Importer(2089858483,192608db42251d675da83286b1cce702) (ScriptedImporter) -> (artifact id: 'e89fef483041e40f6f53e788b034dc1f') in 0.1219364 seconds
Number of updated asset objects reloaded before import = 0Number of asset objects unloaded after import = 3

========================================================================
Received Import Request.
  Time since last request: 0.000027 seconds.
  path: Assets/CorgiEngine/Demos/Corgi2D/Camera/Corgi2DPostProcessingVolume.asset
  artifactKey: Guid(da94efe5970a9ac4990da33e9488f5cb) Importer(2089858483,192608db42251d675da83286b1cce702)
Start importing Assets/CorgiEngine/Demos/Corgi2D/Camera/Corgi2DPostProcessingVolume.asset using Guid(da94efe5970a9ac4990da33e9488f5cb) Importer(2089858483,192608db42251d675da83286b1cce702) (ScriptedImporter) -> (artifact id: '59a09b17835ae00bf04e2c458a8aab21') in 0.0418648 seconds
Number of updated asset objects reloaded before import = 0Number of asset objects unloaded after import = 6

========================================================================
Received Import Request.
  Time since last request: 0.000030 seconds.
  path: Assets/CorgiEngine/Demos/Corgi3D/Camera/Corgi3DProcessingProfile.asset
  artifactKey: Guid(0f871e91d0ff7494a87631c4b60c96c1) Importer(2089858483,192608db42251d675da83286b1cce702)
Start importing Assets/CorgiEngine/Demos/Corgi3D/Camera/Corgi3DProcessingProfile.asset using Guid(0f871e91d0ff7494a87631c4b60c96c1) Importer(2089858483,192608db42251d675da83286b1cce702) (ScriptedImporter) -> (artifact id: '596b28b33181cfc913ad92d1d00a75a4') in 0.0292613 seconds
Number of updated asset objects reloaded before import = 0Number of asset objects unloaded after import = 8

========================================================================
Received Import Request.
  Time since last request: 0.000018 seconds.
  path: Assets/CorgiEngine/Common/ScriptsInputSystem/Demos/MinimalLevel_InputSystem.unity
  artifactKey: Guid(7c4a43a9a68039e4fb33d1cdb4dd5c6a) Importer(2089858483,192608db42251d675da83286b1cce702)
Start importing Assets/CorgiEngine/Common/ScriptsInputSystem/Demos/MinimalLevel_InputSystem.unity using Guid(7c4a43a9a68039e4fb33d1cdb4dd5c6a) Importer(2089858483,192608db42251d675da83286b1cce702) (ScriptedImporter) -> (artifact id: 'b909cc16445ba41ddcb002dcac9e3064') in 0.0396447 seconds
Number of updated asset objects reloaded before import = 0Number of asset objects unloaded after import = 1

========================================================================
Received Import Request.
  Time since last request: 0.000024 seconds.
  path: Assets/CorgiEngine/Demos/Brobro/Sprites/brobro-background-2.png
  artifactKey: Guid(9f1443b09d4be6b49b422a358b7002c6) Importer(2089858483,192608db42251d675da83286b1cce702)
Start importing Assets/CorgiEngine/Demos/Brobro/Sprites/brobro-background-2.png using Guid(9f1443b09d4be6b49b422a358b7002c6) Importer(2089858483,192608db42251d675da83286b1cce702) (ScriptedImporter) -> (artifact id: 'd663bd2c27f80c732d0ae11eea73b3e4') in 0.0651496 seconds
Number of updated asset objects reloaded before import = 0Number of asset objects unloaded after import = 3

========================================================================
Received Import Request.
  Time since last request: 0.000020 seconds.
  path: Assets/CorgiEngine/Demos/Corgi3D/Materials/NewCorgi3DMaterial.mat
  artifactKey: Guid(0992739771ca5a648af2cd513301ae0f) Importer(2089858483,192608db42251d675da83286b1cce702)
Start importing Assets/CorgiEngine/Demos/Corgi3D/Materials/NewCorgi3DMaterial.mat using Guid(0992739771ca5a648af2cd513301ae0f) Importer(2089858483,192608db42251d675da83286b1cce702) (ScriptedImporter) -> (artifact id: 'ffa22074c0c5233266e48123d5e2f93a') in 0.0536715 seconds
Number of updated asset objects reloaded before import = 0Number of asset objects unloaded after import = 3

========================================================================
Received Import Request.
  Time since last request: 0.000031 seconds.
  path: Assets/CorgiEngine/Common/Sprites/GUI/startScreen.png
  artifactKey: Guid(63987599f87294e30aaba732c8977b3c) Importer(2089858483,192608db42251d675da83286b1cce702)
Start importing Assets/CorgiEngine/Common/Sprites/GUI/startScreen.png using Guid(63987599f87294e30aaba732c8977b3c) Importer(2089858483,192608db42251d675da83286b1cce702) (ScriptedImporter) -> (artifact id: 'bc528956a024b96d3e03e2d0e68c75d9') in 0.0502817 seconds
Number of updated asset objects reloaded before import = 0Number of asset objects unloaded after import = 3

========================================================================
Received Import Request.
  Time since last request: 0.000039 seconds.
  path: Assets/CorgiEngine/Demos/Corgi2D/Materials/touchTheGroundParticle.mat
  artifactKey: Guid(7735f87c363f8cc4da992164c4612942) Importer(2089858483,192608db42251d675da83286b1cce702)
Start importing Assets/CorgiEngine/Demos/Corgi2D/Materials/touchTheGroundParticle.mat using Guid(7735f87c363f8cc4da992164c4612942) Importer(2089858483,192608db42251d675da83286b1cce702) (ScriptedImporter) -> (artifact id: '5dd6a9070b07f502fe73cc32bc45d6df') in 0.0407984 seconds
Number of updated asset objects reloaded before import = 0Number of asset objects unloaded after import = 2

========================================================================
Received Import Request.
  Time since last request: 0.000041 seconds.
  path: Assets/CorgiEngine/Common/Scripts/Items/PickableDamageResistance.cs
  artifactKey: Guid(6224206515113a64e83662e1540fbd63) Importer(2089858483,192608db42251d675da83286b1cce702)
Start importing Assets/CorgiEngine/Common/Scripts/Items/PickableDamageResistance.cs using Guid(6224206515113a64e83662e1540fbd63) Importer(2089858483,192608db42251d675da83286b1cce702) (ScriptedImporter) -> (artifact id: 'f4904293af7f868aaef561ef64bd2067') in 0.0252887 seconds
Number of updated asset objects reloaded before import = 0Number of asset objects unloaded after import = 0

========================================================================
Received Import Request.
  Time since last request: 0.000026 seconds.
  path: Assets/CorgiEngine/Demos/Corgi2D/Materials/playerBulletParticle.mat
  artifactKey: Guid(67dc7538da1ae554cae56150408cea7e) Importer(2089858483,192608db42251d675da83286b1cce702)
Start importing Assets/CorgiEngine/Demos/Corgi2D/Materials/playerBulletParticle.mat using Guid(67dc7538da1ae554cae56150408cea7e) Importer(2089858483,192608db42251d675da83286b1cce702) (ScriptedImporter) -> (artifact id: '50a393c9cf7fcd5c4410d3c93b7d3140') in 0.0308952 seconds
Number of updated asset objects reloaded before import = 0Number of asset objects unloaded after import = 2

========================================================================
Received Import Request.
  Time since last request: 0.000024 seconds.
  path: Assets/CorgiEngine/Demos/Corgi2D/Materials/blobParticle.mat
  artifactKey: Guid(ef1fa8f25e0effb4da3686abc8d81953) Importer(2089858483,192608db42251d675da83286b1cce702)
Start importing Assets/CorgiEngine/Demos/Corgi2D/Materials/blobParticle.mat using Guid(ef1fa8f25e0effb4da3686abc8d81953) Importer(2089858483,192608db42251d675da83286b1cce702) (ScriptedImporter) -> (artifact id: '5569a9e48abdeaabf46c16c9c9a4665d') in 0.025765 seconds
Number of updated asset objects reloaded before import = 0Number of asset objects unloaded after import = 2

========================================================================
Received Import Request.
  Time since last request: 0.000023 seconds.
  path: Assets/CorgiEngine/Demos/Brobro/Sprites/brobro-background.png
  artifactKey: Guid(96b0cc793d48efd4bb5f5a060ebeed43) Importer(2089858483,192608db42251d675da83286b1cce702)
Start importing Assets/CorgiEngine/Demos/Brobro/Sprites/brobro-background.png using Guid(96b0cc793d48efd4bb5f5a060ebeed43) Importer(2089858483,192608db42251d675da83286b1cce702) (ScriptedImporter) -> (artifact id: 'd4a78749a14de128de4f7ba8f78b6fd8') in 0.0564756 seconds
Number of updated asset objects reloaded before import = 0Number of asset objects unloaded after import = 3

========================================================================
Received Import Request.
  Time since last request: 0.000025 seconds.
  path: Assets/CorgiEngine/Demos/Corgi3D/Animations/threeD-animator.controller
  artifactKey: Guid(cd1453e3579d3d54fbea79eb5ae1f2fa) Importer(2089858483,192608db42251d675da83286b1cce702)
Start importing Assets/CorgiEngine/Demos/Corgi3D/Animations/threeD-animator.controller using Guid(cd1453e3579d3d54fbea79eb5ae1f2fa) Importer(2089858483,192608db42251d675da83286b1cce702) (ScriptedImporter) -> (artifact id: 'f51f080ee51d66642c357f0d994ab054') in 0.0239365 seconds
Number of updated asset objects reloaded before import = 0Number of asset objects unloaded after import = 14

========================================================================
Received Import Request.
  Time since last request: 0.000027 seconds.
  path: Assets/CorgiEngine/Common/Scripts/Items/Stimpack.cs
  artifactKey: Guid(bd368d0163bf949cdba73858da50af99) Importer(2089858483,192608db42251d675da83286b1cce702)
Start importing Assets/CorgiEngine/Common/Scripts/Items/Stimpack.cs using Guid(bd368d0163bf949cdba73858da50af99) Importer(2089858483,192608db42251d675da83286b1cce702) (ScriptedImporter) -> (artifact id: 'aecf35d621c0b3b60add47521c39d1ea') in 0.022772 seconds
Number of updated asset objects reloaded before import = 0Number of asset objects unloaded after import = 0

========================================================================
Received Import Request.
  Time since last request: 0.000028 seconds.
  path: Assets/CorgiEngine/Common/Scripts/Welcome/welcome-banner.png
  artifactKey: Guid(cc24a2e2d7078ae41acc4f2e2259e16e) Importer(2089858483,192608db42251d675da83286b1cce702)
Start importing Assets/CorgiEngine/Common/Scripts/Welcome/welcome-banner.png using Guid(cc24a2e2d7078ae41acc4f2e2259e16e) Importer(2089858483,192608db42251d675da83286b1cce702) (ScriptedImporter) -> (artifact id: '85d4cece4203f00e33f07df1c3dc1899') in 0.0534866 seconds
Number of updated asset objects reloaded before import = 0Number of asset objects unloaded after import = 1

========================================================================
Received Import Request.
  Time since last request: 0.000028 seconds.
  path: Assets/CorgiEngine/Demos/Corgi3D/Materials/TreeMaterial.mat
  artifactKey: Guid(e8b4af8e94090de4dbc42953eac7f999) Importer(2089858483,192608db42251d675da83286b1cce702)
Start importing Assets/CorgiEngine/Demos/Corgi3D/Materials/TreeMaterial.mat using Guid(e8b4af8e94090de4dbc42953eac7f999) Importer(2089858483,192608db42251d675da83286b1cce702) (ScriptedImporter) -> (artifact id: '4c9703a273ca0fff02eedb3b392fc521') in 0.0241237 seconds
Number of updated asset objects reloaded before import = 0Number of asset objects unloaded after import = 2

========================================================================
Received Import Request.
  Time since last request: 0.000030 seconds.
  path: Assets/CorgiEngine/Common/Scripts/Managers/CharacterSwitchManager.cs
  artifactKey: Guid(606c87feb0a7ff84a931b47badc2315a) Importer(2089858483,192608db42251d675da83286b1cce702)
Start importing Assets/CorgiEngine/Common/Scripts/Managers/CharacterSwitchManager.cs using Guid(606c87feb0a7ff84a931b47badc2315a) Importer(2089858483,192608db42251d675da83286b1cce702) (ScriptedImporter) -> (artifact id: '19a8ab8a0a1c079d25578b8e42baa554') in 0.0227788 seconds
Number of updated asset objects reloaded before import = 0Number of asset objects unloaded after import = 0

========================================================================
Received Import Request.
  Time since last request: 0.000088 seconds.
  path: Assets/CorgiEngine/Common/ScriptsCinemachine/Camera/CinemachineCameraController.cs
  artifactKey: Guid(42e5c1fce60695741af1183d73694950) Importer(2089858483,192608db42251d675da83286b1cce702)
Start importing Assets/CorgiEngine/Common/ScriptsCinemachine/Camera/CinemachineCameraController.cs using Guid(42e5c1fce60695741af1183d73694950) Importer(2089858483,192608db42251d675da83286b1cce702) (ScriptedImporter) -> (artifact id: '23561c2692cc2af42e5d5c8aa97e2f75') in 0.0253561 seconds
Number of updated asset objects reloaded before import = 0Number of asset objects unloaded after import = 0

========================================================================
Received Import Request.
  Time since last request: 0.000044 seconds.
  path: Assets/CorgiEngine/Demos/Corgi2D/Materials/robotExplosionParticle.mat
  artifactKey: Guid(6d5637bd3fe7f684f9762b01d049726b) Importer(2089858483,192608db42251d675da83286b1cce702)
Start importing Assets/CorgiEngine/Demos/Corgi2D/Materials/robotExplosionParticle.mat using Guid(6d5637bd3fe7f684f9762b01d049726b) Importer(2089858483,192608db42251d675da83286b1cce702) (ScriptedImporter) -> (artifact id: '80eb9efe528eabea5596ca5010a2160a') in 0.0228068 seconds
Number of updated asset objects reloaded before import = 0Number of asset objects unloaded after import = 2

========================================================================
Received Import Request.
  Time since last request: 0.000033 seconds.
  path: Assets/CorgiEngine/Demos/Corgi3D/Materials/Corgi3DSphereDustMaterial.mat
  artifactKey: Guid(98496bca9ac122f40b2e848f3cb6e40c) Importer(2089858483,192608db42251d675da83286b1cce702)
Start importing Assets/CorgiEngine/Demos/Corgi3D/Materials/Corgi3DSphereDustMaterial.mat using Guid(98496bca9ac122f40b2e848f3cb6e40c) Importer(2089858483,192608db42251d675da83286b1cce702) (ScriptedImporter) -> (artifact id: '7e1737468b528003cd1bc0d79cfb993b') in 0.0286846 seconds
Number of updated asset objects reloaded before import = 0Number of asset objects unloaded after import = 3

========================================================================
Received Import Request.
  Time since last request: 0.000025 seconds.
  path: Assets/CorgiEngine/Common/Scripts/Items/Coin.cs
  artifactKey: Guid(d7c57d25de7c44736bb7659207bd44d1) Importer(2089858483,192608db42251d675da83286b1cce702)
Start importing Assets/CorgiEngine/Common/Scripts/Items/Coin.cs using Guid(d7c57d25de7c44736bb7659207bd44d1) Importer(2089858483,192608db42251d675da83286b1cce702) (ScriptedImporter) -> (artifact id: 'b94d944829c71398e03c54ad9a40d80f') in 0.0278073 seconds
Number of updated asset objects reloaded before import = 0Number of asset objects unloaded after import = 0

========================================================================
Received Import Request.
  Time since last request: 0.000056 seconds.
  path: Assets/CorgiEngine/Common/Scripts/InventoryEngineItems/InventoryEngineKey.cs
  artifactKey: Guid(56bfaa6641535b642bc1b478c9d3c065) Importer(2089858483,192608db42251d675da83286b1cce702)
Start importing Assets/CorgiEngine/Common/Scripts/InventoryEngineItems/InventoryEngineKey.cs using Guid(56bfaa6641535b642bc1b478c9d3c065) Importer(2089858483,192608db42251d675da83286b1cce702) (ScriptedImporter) -> (artifact id: 'd709ded0177cb6c29d7a2ce3faa25a55') in 0.0207777 seconds
Number of updated asset objects reloaded before import = 0Number of asset objects unloaded after import = 0

========================================================================
Received Import Request.
  Time since last request: 0.000098 seconds.
  path: Assets/CorgiEngine/Common/Scripts/Items/PickableAbility.cs
  artifactKey: Guid(3e168dff7a82b0143b5cee6bd6ff7a4e) Importer(2089858483,192608db42251d675da83286b1cce702)
Start importing Assets/CorgiEngine/Common/Scripts/Items/PickableAbility.cs using Guid(3e168dff7a82b0143b5cee6bd6ff7a4e) Importer(2089858483,192608db42251d675da83286b1cce702) (ScriptedImporter) -> (artifact id: '958b3c60d5afc835cf5fdb1bf0cd43d1') in 0.0198885 seconds
Number of updated asset objects reloaded before import = 0Number of asset objects unloaded after import = 0

========================================================================
Received Import Request.
  Time since last request: 0.000096 seconds.
  path: Assets/CorgiEngine/Demos/Corgi3D/Animations/threeD-idle.anim
  artifactKey: Guid(e83590b4066a0b140b31de78069eb8e9) Importer(2089858483,192608db42251d675da83286b1cce702)
Start importing Assets/CorgiEngine/Demos/Corgi3D/Animations/threeD-idle.anim using Guid(e83590b4066a0b140b31de78069eb8e9) Importer(2089858483,192608db42251d675da83286b1cce702) (ScriptedImporter) -> (artifact id: 'd7d572a3aa7e94ac15f820a99d5b75d7') in 0.0274363 seconds
Number of updated asset objects reloaded before import = 0Number of asset objects unloaded after import = 1

========================================================================
Received Import Request.
  Time since last request: 0.000086 seconds.
  path: Assets/CorgiEngine/Demos/Brobro/Sprites/ladder.png
  artifactKey: Guid(b8280ba76ce677c41a0c3411496a28a8) Importer(2089858483,192608db42251d675da83286b1cce702)
Start importing Assets/CorgiEngine/Demos/Brobro/Sprites/ladder.png using Guid(b8280ba76ce677c41a0c3411496a28a8) Importer(2089858483,192608db42251d675da83286b1cce702) (ScriptedImporter) -> (artifact id: 'f72bcdf56e7e38b3d657974915e2e1cf') in 0.0452028 seconds
Number of updated asset objects reloaded before import = 0Number of asset objects unloaded after import = 3

========================================================================
Received Import Request.
  Time since last request: 0.000042 seconds.
  path: Assets/CorgiEngine/Demos/Corgi3D/Materials/2x1Grey.mat
  artifactKey: Guid(931f595ce4ebb154ebc6923cf1a21e54) Importer(2089858483,192608db42251d675da83286b1cce702)
Start importing Assets/CorgiEngine/Demos/Corgi3D/Materials/2x1Grey.mat using Guid(931f595ce4ebb154ebc6923cf1a21e54) Importer(2089858483,192608db42251d675da83286b1cce702) (ScriptedImporter) -> (artifact id: 'cc96e5bde648d32c7e015b14ea60ba6d') in 0.0281213 seconds
Number of updated asset objects reloaded before import = 0Number of asset objects unloaded after import = 3

========================================================================
Received Import Request.
  Time since last request: 0.000035 seconds.
  path: Assets/CorgiEngine/Common/Scripts/Spawn/Respawnable.cs
  artifactKey: Guid(310a4dd0d6e8c4c309c3a68d3c5cbf98) Importer(2089858483,192608db42251d675da83286b1cce702)
Start importing Assets/CorgiEngine/Common/Scripts/Spawn/Respawnable.cs using Guid(310a4dd0d6e8c4c309c3a68d3c5cbf98) Importer(2089858483,192608db42251d675da83286b1cce702) (ScriptedImporter) -> (artifact id: 'db428c942587b73bcd527520bd94debd') in 0.0225934 seconds
Number of updated asset objects reloaded before import = 0Number of asset objects unloaded after import = 0

========================================================================
Received Import Request.
  Time since last request: 0.000068 seconds.
  path: Assets/CorgiEngine/Common/Scripts/Managers/OneWayLevelManager.cs
  artifactKey: Guid(8b40c4c88783f6843bb0c1578f206152) Importer(2089858483,192608db42251d675da83286b1cce702)
Start importing Assets/CorgiEngine/Common/Scripts/Managers/OneWayLevelManager.cs using Guid(8b40c4c88783f6843bb0c1578f206152) Importer(2089858483,192608db42251d675da83286b1cce702) (ScriptedImporter) -> (artifact id: 'c73d700537772150f0b0afa84ed5b0ce') in 0.0270273 seconds
Number of updated asset objects reloaded before import = 0Number of asset objects unloaded after import = 0

========================================================================
Received Import Request.
  Time since last request: 0.000153 seconds.
  path: Assets/CorgiEngine/Common/ScriptsCinemachine/Environment/Room.cs
  artifactKey: Guid(fae51a15a2f3b284e88ab7b9e26296e1) Importer(2089858483,192608db42251d675da83286b1cce702)
Start importing Assets/CorgiEngine/Common/ScriptsCinemachine/Environment/Room.cs using Guid(fae51a15a2f3b284e88ab7b9e26296e1) Importer(2089858483,192608db42251d675da83286b1cce702) (ScriptedImporter) -> (artifact id: '684e7f1fd890240905bcaa7ad6a2f1aa') in 0.0251497 seconds
Number of updated asset objects reloaded before import = 0Number of asset objects unloaded after import = 0

========================================================================
Received Import Request.
  Time since last request: 0.000074 seconds.
  path: Assets/CorgiEngine/Common/Scripts/GUI/SfxSwitch.cs
  artifactKey: Guid(58bb6da592c8ee7468f1e7d867206774) Importer(2089858483,192608db42251d675da83286b1cce702)
Start importing Assets/CorgiEngine/Common/Scripts/GUI/SfxSwitch.cs using Guid(58bb6da592c8ee7468f1e7d867206774) Importer(2089858483,192608db42251d675da83286b1cce702) (ScriptedImporter) -> (artifact id: 'e88d76c762f36f3a110583079140d120') in 0.0202645 seconds
Number of updated asset objects reloaded before import = 0Number of asset objects unloaded after import = 0

========================================================================
Received Import Request.
  Time since last request: 0.000089 seconds.
  path: Assets/CorgiEngine/Demos/Corgi3D/Materials/1x1Orange.mat
  artifactKey: Guid(0d9675da0b0da3e41bff5f583979d95c) Importer(2089858483,192608db42251d675da83286b1cce702)
Start importing Assets/CorgiEngine/Demos/Corgi3D/Materials/1x1Orange.mat using Guid(0d9675da0b0da3e41bff5f583979d95c) Importer(2089858483,192608db42251d675da83286b1cce702) (ScriptedImporter) -> (artifact id: 'f13c64506e08c3b3d02dd3376199ce75') in 0.0325527 seconds
Number of updated asset objects reloaded before import = 0Number of asset objects unloaded after import = 3

========================================================================
Received Import Request.
  Time since last request: 0.000030 seconds.
  path: Assets/CorgiEngine/Common/Sprites/GUI/stick.png
  artifactKey: Guid(8c0bcd6bf332d2a4c8370365e0e8a23d) Importer(2089858483,192608db42251d675da83286b1cce702)
Start importing Assets/CorgiEngine/Common/Sprites/GUI/stick.png using Guid(8c0bcd6bf332d2a4c8370365e0e8a23d) Importer(2089858483,192608db42251d675da83286b1cce702) (ScriptedImporter) -> (artifact id: '9c70b5f9f651f662ab75b0f88411846a') in 0.0592442 seconds
Number of updated asset objects reloaded before import = 0Number of asset objects unloaded after import = 3

========================================================================
Received Import Request.
  Time since last request: 1.756956 seconds.
  path: Assets/CorgiEngine/Demos/Corgi3D/Sounds/Corgi3DAttack2.wav
  artifactKey: Guid(876e376837805f44bbe2a5309dc0f789) Importer(2089858483,192608db42251d675da83286b1cce702)
Start importing Assets/CorgiEngine/Demos/Corgi3D/Sounds/Corgi3DAttack2.wav using Guid(876e376837805f44bbe2a5309dc0f789) Importer(2089858483,192608db42251d675da83286b1cce702) (ScriptedImporter) -> (artifact id: '6a96136e4e2f61f12aa7b498115ad159') in 0.0580735 seconds
Number of updated asset objects reloaded before import = 0Number of asset objects unloaded after import = 1

========================================================================
Received Import Request.
  Time since last request: 0.000043 seconds.
  path: Assets/CorgiEngine/Demos/Minimal/Materials/MinimalShootingRangeTarget.mat
  artifactKey: Guid(ea3b99ba788b34546b18021cefd70b62) Importer(2089858483,192608db42251d675da83286b1cce702)
Start importing Assets/CorgiEngine/Demos/Minimal/Materials/MinimalShootingRangeTarget.mat using Guid(ea3b99ba788b34546b18021cefd70b62) Importer(2089858483,192608db42251d675da83286b1cce702) (ScriptedImporter) -> (artifact id: 'd6732b8e8e7c929be992525da87a39e5') in 0.0288603 seconds
Number of updated asset objects reloaded before import = 0Number of asset objects unloaded after import = 2

========================================================================
Received Import Request.
  Time since last request: 0.000030 seconds.
  path: Assets/CorgiEngine/Demos/Retro/Animations/RetroBossWalk.anim
  artifactKey: Guid(fe2f80d98bd028c4ba9b3973ae68829a) Importer(2089858483,192608db42251d675da83286b1cce702)
Start importing Assets/CorgiEngine/Demos/Retro/Animations/RetroBossWalk.anim using Guid(fe2f80d98bd028c4ba9b3973ae68829a) Importer(2089858483,192608db42251d675da83286b1cce702) (ScriptedImporter) -> (artifact id: '285535822e1afdd6083b7e93dd1e6f5e') in 0.0256765 seconds
Number of updated asset objects reloaded before import = 0Number of asset objects unloaded after import = 1

========================================================================
Received Import Request.
  Time since last request: 0.000030 seconds.
  path: Assets/CorgiEngine/Demos/Corgi3D/Textures/VoxelEnemiesTexture.png
  artifactKey: Guid(23dcb8483d5e63444a3c935435d247d8) Importer(2089858483,192608db42251d675da83286b1cce702)
Start importing Assets/CorgiEngine/Demos/Corgi3D/Textures/VoxelEnemiesTexture.png using Guid(23dcb8483d5e63444a3c935435d247d8) Importer(2089858483,192608db42251d675da83286b1cce702) (ScriptedImporter) -> (artifact id: 'cfd206e342b724170227ab9e58b666aa') in 0.0431555 seconds
Number of updated asset objects reloaded before import = 0Number of asset objects unloaded after import = 3

========================================================================
Received Import Request.
  Time since last request: 0.000025 seconds.
  path: Assets/CorgiEngine/Demos/LevelSelection/Sprites/level-map-minimal-1way-horizontal.png
  artifactKey: Guid(08f5cf1ca36b79b4f839c94890820a28) Importer(2089858483,192608db42251d675da83286b1cce702)
Start importing Assets/CorgiEngine/Demos/LevelSelection/Sprites/level-map-minimal-1way-horizontal.png using Guid(08f5cf1ca36b79b4f839c94890820a28) Importer(2089858483,192608db42251d675da83286b1cce702) (ScriptedImporter) -> (artifact id: 'be7addf18047e31bdc886561fbd3e990') in 0.0609189 seconds
Number of updated asset objects reloaded before import = 0Number of asset objects unloaded after import = 3

========================================================================
Received Import Request.
  Time since last request: 0.000021 seconds.
  path: Assets/CorgiEngine/Demos/LevelSelection/Sprites/level-map-minimal-cinemachinezones.png
  artifactKey: Guid(05d62730829357b4e933aa78c46b219c) Importer(2089858483,192608db42251d675da83286b1cce702)
Start importing Assets/CorgiEngine/Demos/LevelSelection/Sprites/level-map-minimal-cinemachinezones.png using Guid(05d62730829357b4e933aa78c46b219c) Importer(2089858483,192608db42251d675da83286b1cce702) (ScriptedImporter) -> (artifact id: 'ae0c9f015e111177d6583e32583f83db') in 0.0608032 seconds
Number of updated asset objects reloaded before import = 0Number of asset objects unloaded after import = 3

========================================================================
Received Import Request.
  Time since last request: 0.000028 seconds.
  path: Assets/CorgiEngine/Demos/LevelSelection/Sprites/level-map-minimal-falldamage.png
  artifactKey: Guid(89d2aa292bf5e0040a93f4a24c821abd) Importer(2089858483,192608db42251d675da83286b1cce702)
Start importing Assets/CorgiEngine/Demos/LevelSelection/Sprites/level-map-minimal-falldamage.png using Guid(89d2aa292bf5e0040a93f4a24c821abd) Importer(2089858483,192608db42251d675da83286b1cce702) (ScriptedImporter) -> (artifact id: '87c873840ee741098983e99b007d7b52') in 0.0544205 seconds
Number of updated asset objects reloaded before import = 0Number of asset objects unloaded after import = 3

========================================================================
Received Import Request.
  Time since last request: 0.000036 seconds.
  path: Assets/CorgiEngine/Demos/Minimal/JumpBlendTree/RectangleJump7.anim
  artifactKey: Guid(167190bb100bcc84db5404f1a4b830df) Importer(2089858483,192608db42251d675da83286b1cce702)
Start importing Assets/CorgiEngine/Demos/Minimal/JumpBlendTree/RectangleJump7.anim using Guid(167190bb100bcc84db5404f1a4b830df) Importer(2089858483,192608db42251d675da83286b1cce702) (ScriptedImporter) -> (artifact id: 'b39781ee5cce4251b13a5142144aa935') in 0.0314351 seconds
Number of updated asset objects reloaded before import = 0Number of asset objects unloaded after import = 1

========================================================================
Received Import Request.
  Time since last request: 0.000030 seconds.
  path: Assets/CorgiEngine/Demos/LevelSelection/Sprites/level-map-retro1.png
  artifactKey: Guid(aec9e71dd64466549bad2c26b2c498fe) Importer(2089858483,192608db42251d675da83286b1cce702)
Start importing Assets/CorgiEngine/Demos/LevelSelection/Sprites/level-map-retro1.png using Guid(aec9e71dd64466549bad2c26b2c498fe) Importer(2089858483,192608db42251d675da83286b1cce702) (ScriptedImporter) -> (artifact id: '25f2c31f283a5dd3b19efb75b3c2afaf') in 0.0658623 seconds
Number of updated asset objects reloaded before import = 0Number of asset objects unloaded after import = 3

========================================================================
Received Import Request.
  Time since last request: 0.000028 seconds.
  path: Assets/CorgiEngine/Demos/Retro/Animations/RetroBossLeftGunShoot.anim
  artifactKey: Guid(aacf81410e2de0645b1c3bceab759390) Importer(2089858483,192608db42251d675da83286b1cce702)
Start importing Assets/CorgiEngine/Demos/Retro/Animations/RetroBossLeftGunShoot.anim using Guid(aacf81410e2de0645b1c3bceab759390) Importer(2089858483,192608db42251d675da83286b1cce702) (ScriptedImporter) -> (artifact id: 'af1e6153de03c8dc32b7d86b1984cc52') in 0.0270997 seconds
Number of updated asset objects reloaded before import = 0Number of asset objects unloaded after import = 1

========================================================================
Received Import Request.
  Time since last request: 0.000026 seconds.
  path: Assets/CorgiEngine/Demos/Retro/Animations/RetroCorgiIdle.anim
  artifactKey: Guid(4418d61e77f2249bcac6d29393a63ca9) Importer(2089858483,192608db42251d675da83286b1cce702)
Start importing Assets/CorgiEngine/Demos/Retro/Animations/RetroCorgiIdle.anim using Guid(4418d61e77f2249bcac6d29393a63ca9) Importer(2089858483,192608db42251d675da83286b1cce702) (ScriptedImporter) -> (artifact id: 'b1a958420d427516a30acc370d02c7ea') in 0.0241263 seconds
Number of updated asset objects reloaded before import = 0Number of asset objects unloaded after import = 1

========================================================================
Received Import Request.
  Time since last request: 0.000046 seconds.
  path: Assets/CorgiEngine/Demos/Retro/Animations/RetroCorgiClimb.anim
  artifactKey: Guid(5e511878f95b4436daff549f3f88d720) Importer(2089858483,192608db42251d675da83286b1cce702)
Start importing Assets/CorgiEngine/Demos/Retro/Animations/RetroCorgiClimb.anim using Guid(5e511878f95b4436daff549f3f88d720) Importer(2089858483,192608db42251d675da83286b1cce702) (ScriptedImporter) -> (artifact id: '1eddd27889ff688a30319dc90ef79446') in 0.0286985 seconds
Number of updated asset objects reloaded before import = 0Number of asset objects unloaded after import = 1

========================================================================
Received Import Request.
  Time since last request: 0.000024 seconds.
  path: Assets/CorgiEngine/Demos/Minimal/Animations/MinimalYellowChest.controller
  artifactKey: Guid(c6ffe6c550bff79428b860269e719af6) Importer(2089858483,192608db42251d675da83286b1cce702)
Start importing Assets/CorgiEngine/Demos/Minimal/Animations/MinimalYellowChest.controller using Guid(c6ffe6c550bff79428b860269e719af6) Importer(2089858483,192608db42251d675da83286b1cce702) (ScriptedImporter) -> (artifact id: '0a6e43e058265972d4b2c09f0d0a08ff') in 0.0252437 seconds
Number of updated asset objects reloaded before import = 0Number of asset objects unloaded after import = 6

========================================================================
Received Import Request.
  Time since last request: 0.000025 seconds.
  path: Assets/CorgiEngine/Demos/LevelSelection/Sprites/level-map-dynamicgravity.png
  artifactKey: Guid(5afb7f9fab37b3d48af2941e7e8e96e4) Importer(2089858483,192608db42251d675da83286b1cce702)
Start importing Assets/CorgiEngine/Demos/LevelSelection/Sprites/level-map-dynamicgravity.png using Guid(5afb7f9fab37b3d48af2941e7e8e96e4) Importer(2089858483,192608db42251d675da83286b1cce702) (ScriptedImporter) -> (artifact id: '6c65aac37db1937ce1cdd28c589798d4') in 0.0645385 seconds
Number of updated asset objects reloaded before import = 0Number of asset objects unloaded after import = 3

========================================================================
Received Import Request.
  Time since last request: 0.000023 seconds.
  path: Assets/CorgiEngine/Demos/Minimal/Animations/RectangleJetpack.anim
  artifactKey: Guid(607e60f743cd9734aa9076c7ecf7a669) Importer(2089858483,192608db42251d675da83286b1cce702)
Start importing Assets/CorgiEngine/Demos/Minimal/Animations/RectangleJetpack.anim using Guid(607e60f743cd9734aa9076c7ecf7a669) Importer(2089858483,192608db42251d675da83286b1cce702) (ScriptedImporter) -> (artifact id: '7285b9867d23b02918212602ce826402') in 0.0293734 seconds
Number of updated asset objects reloaded before import = 0Number of asset objects unloaded after import = 1

========================================================================
Received Import Request.
  Time since last request: 0.000034 seconds.
  path: Assets/CorgiEngine/Demos/Retro/Animations/RetroCorgiClimbIdle.anim
  artifactKey: Guid(eff1fd3aa0da44631a1ff70f7fa0e4ad) Importer(2089858483,192608db42251d675da83286b1cce702)
Start importing Assets/CorgiEngine/Demos/Retro/Animations/RetroCorgiClimbIdle.anim using Guid(eff1fd3aa0da44631a1ff70f7fa0e4ad) Importer(2089858483,192608db42251d675da83286b1cce702) (ScriptedImporter) -> (artifact id: '096362040330530eb426f99b6738b96f') in 0.0259292 seconds
Number of updated asset objects reloaded before import = 0Number of asset objects unloaded after import = 1

========================================================================
Received Import Request.
  Time since last request: 0.000024 seconds.
  path: Assets/CorgiEngine/Demos/Minimal/Animations/RectangleIdle.anim
  artifactKey: Guid(7cf27273fc15c9f42a440327f9348130) Importer(2089858483,192608db42251d675da83286b1cce702)
Start importing Assets/CorgiEngine/Demos/Minimal/Animations/RectangleIdle.anim using Guid(7cf27273fc15c9f42a440327f9348130) Importer(2089858483,192608db42251d675da83286b1cce702) (ScriptedImporter) -> (artifact id: 'da774b01ef54b38919f5538d3302d2f6') in 0.0275644 seconds
Number of updated asset objects reloaded before import = 0Number of asset objects unloaded after import = 1

========================================================================
Received Import Request.
  Time since last request: 0.000087 seconds.
  path: Assets/CorgiEngine/Demos/Minimal/Animations/RectangleWalk_0.controller
  artifactKey: Guid(23df9d92fa63dfd49afd3b6233788490) Importer(2089858483,192608db42251d675da83286b1cce702)
Start importing Assets/CorgiEngine/Demos/Minimal/Animations/RectangleWalk_0.controller using Guid(23df9d92fa63dfd49afd3b6233788490) Importer(2089858483,192608db42251d675da83286b1cce702) (ScriptedImporter) -> (artifact id: '90b4ae9bd75baa1cb88d914e789de0b3') in 0.0260943 seconds
Number of updated asset objects reloaded before import = 0Number of asset objects unloaded after import = 8

========================================================================
Received Import Request.
  Time since last request: 0.000023 seconds.
  path: Assets/CorgiEngine/Demos/LevelSelection/Sprites/level-map-minimal-1way-vertical.png
  artifactKey: Guid(bc1ae4617716e27438788970e2ea5de0) Importer(2089858483,192608db42251d675da83286b1cce702)
Start importing Assets/CorgiEngine/Demos/LevelSelection/Sprites/level-map-minimal-1way-vertical.png using Guid(bc1ae4617716e27438788970e2ea5de0) Importer(2089858483,192608db42251d675da83286b1cce702) (ScriptedImporter) -> (artifact id: '5d3330e371827d3944c47e28cfad5624') in 0.0597201 seconds
Number of updated asset objects reloaded before import = 0Number of asset objects unloaded after import = 3

========================================================================
Received Import Request.
  Time since last request: 0.000023 seconds.
  path: Assets/CorgiEngine/Demos/Minimal/Animations/RectangleLookUp.anim
  artifactKey: Guid(666d9147857681940b610fc10155c576) Importer(2089858483,192608db42251d675da83286b1cce702)
Start importing Assets/CorgiEngine/Demos/Minimal/Animations/RectangleLookUp.anim using Guid(666d9147857681940b610fc10155c576) Importer(2089858483,192608db42251d675da83286b1cce702) (ScriptedImporter) -> (artifact id: 'bd7403896072559e77b0a0503a4a4592') in 0.0259223 seconds
Number of updated asset objects reloaded before import = 0Number of asset objects unloaded after import = 1

========================================================================
Received Import Request.
  Time since last request: 0.000067 seconds.
  path: Assets/CorgiEngine/Demos/Corgi3D/Sounds/Corgi3DAttack3.wav
  artifactKey: Guid(62bf9d33332ca0a44bbcb71df08b5d5c) Importer(2089858483,192608db42251d675da83286b1cce702)
Start importing Assets/CorgiEngine/Demos/Corgi3D/Sounds/Corgi3DAttack3.wav using Guid(62bf9d33332ca0a44bbcb71df08b5d5c) Importer(2089858483,192608db42251d675da83286b1cce702) (ScriptedImporter) -> (artifact id: 'b42fe3bfd1067779b45cb87e971d4873') in 0.0595715 seconds
Number of updated asset objects reloaded before import = 0Number of asset objects unloaded after import = 1

========================================================================
Received Import Request.
  Time since last request: 0.000022 seconds.
  path: Assets/CorgiEngine/Demos/LevelSelection/Sprites/level-map-mountains.png
  artifactKey: Guid(347f7fcbe9daee146a3fbb204ef7cc8b) Importer(2089858483,192608db42251d675da83286b1cce702)
Start importing Assets/CorgiEngine/Demos/LevelSelection/Sprites/level-map-mountains.png using Guid(347f7fcbe9daee146a3fbb204ef7cc8b) Importer(2089858483,192608db42251d675da83286b1cce702) (ScriptedImporter) -> (artifact id: '69e5638e534d0c91fc786a54c43664d1') in 0.0666522 seconds
Number of updated asset objects reloaded before import = 0Number of asset objects unloaded after import = 3

========================================================================
Received Import Request.
  Time since last request: 0.000104 seconds.
  path: Assets/CorgiEngine/Demos/Retro/Animations/RetroAppearingBlockHidden.anim
  artifactKey: Guid(1b86c92fcf077f14994498f305fd9660) Importer(2089858483,192608db42251d675da83286b1cce702)
Start importing Assets/CorgiEngine/Demos/Retro/Animations/RetroAppearingBlockHidden.anim using Guid(1b86c92fcf077f14994498f305fd9660) Importer(2089858483,192608db42251d675da83286b1cce702) (ScriptedImporter) -> (artifact id: '52bc5244b5940a9c113bdd46bf7da3ac') in 0.0306758 seconds
Number of updated asset objects reloaded before import = 0Number of asset objects unloaded after import = 1

========================================================================
Received Import Request.
  Time since last request: 0.000024 seconds.
  path: Assets/CorgiEngine/Demos/Retro/Animations/RetroCorgiJumpDown.anim
  artifactKey: Guid(bc6beb7b7872641a386bf7f32bdb39f7) Importer(2089858483,192608db42251d675da83286b1cce702)
Start importing Assets/CorgiEngine/Demos/Retro/Animations/RetroCorgiJumpDown.anim using Guid(bc6beb7b7872641a386bf7f32bdb39f7) Importer(2089858483,192608db42251d675da83286b1cce702) (ScriptedImporter) -> (artifact id: 'dbc42034ed15643a9a5d16fb40009290') in 0.026923 seconds
Number of updated asset objects reloaded before import = 0Number of asset objects unloaded after import = 1

========================================================================
Received Import Request.
  Time since last request: 0.000034 seconds.
  path: Assets/CorgiEngine/Demos/Minimal/JumpBlendTree/RectangleJump4.anim
  artifactKey: Guid(e38aef5f1c877bb408737b9f3c920310) Importer(2089858483,192608db42251d675da83286b1cce702)
Start importing Assets/CorgiEngine/Demos/Minimal/JumpBlendTree/RectangleJump4.anim using Guid(e38aef5f1c877bb408737b9f3c920310) Importer(2089858483,192608db42251d675da83286b1cce702) (ScriptedImporter) -> (artifact id: 'fa33a544e69efede6241687151fd3c27') in 0.0319052 seconds
Number of updated asset objects reloaded before import = 0Number of asset objects unloaded after import = 1

========================================================================
Received Import Request.
  Time since last request: 0.000025 seconds.
  path: Assets/CorgiEngine/Demos/Corgi3D/Sounds/Corgi3DJump3.wav
  artifactKey: Guid(1021a8606f0bbfb4d955595e1330828a) Importer(2089858483,192608db42251d675da83286b1cce702)
Start importing Assets/CorgiEngine/Demos/Corgi3D/Sounds/Corgi3DJump3.wav using Guid(1021a8606f0bbfb4d955595e1330828a) Importer(2089858483,192608db42251d675da83286b1cce702) (ScriptedImporter) -> (artifact id: 'ddbfcf83db4c26aebbede5a96f9022cb') in 0.0537522 seconds
Number of updated asset objects reloaded before import = 0Number of asset objects unloaded after import = 1

========================================================================
Received Import Request.
  Time since last request: 0.000025 seconds.
  path: Assets/CorgiEngine/Demos/Corgi3D/Textures/Corgi3DGround.png
  artifactKey: Guid(0f0dce9410edff14cae12bede55a77cc) Importer(2089858483,192608db42251d675da83286b1cce702)
Start importing Assets/CorgiEngine/Demos/Corgi3D/Textures/Corgi3DGround.png using Guid(0f0dce9410edff14cae12bede55a77cc) Importer(2089858483,192608db42251d675da83286b1cce702) (ScriptedImporter) -> (artifact id: 'ca142ffa1d458605ff3ca0eee6031f8c') in 0.0462849 seconds
Number of updated asset objects reloaded before import = 0Number of asset objects unloaded after import = 3

========================================================================
Received Import Request.
  Time since last request: 0.000024 seconds.
  path: Assets/CorgiEngine/Demos/Retro/Animations/RetroBossWalk_0.controller
  artifactKey: Guid(f466697862ec8d34d84095fc2995dc47) Importer(2089858483,192608db42251d675da83286b1cce702)
Start importing Assets/CorgiEngine/Demos/Retro/Animations/RetroBossWalk_0.controller using Guid(f466697862ec8d34d84095fc2995dc47) Importer(2089858483,192608db42251d675da83286b1cce702) (ScriptedImporter) -> (artifact id: '6958964b57282573f4e88baa734654ce') in 0.023286 seconds
Number of updated asset objects reloaded before import = 0Number of asset objects unloaded after import = 8

========================================================================
Received Import Request.
  Time since last request: 0.000022 seconds.
  path: Assets/CorgiEngine/Demos/Minimal/Data/Electricity.asset
  artifactKey: Guid(d451135b5ad13d6459b4aec06e79932b) Importer(2089858483,192608db42251d675da83286b1cce702)
Start importing Assets/CorgiEngine/Demos/Minimal/Data/Electricity.asset using Guid(d451135b5ad13d6459b4aec06e79932b) Importer(2089858483,192608db42251d675da83286b1cce702) (ScriptedImporter) -> (artifact id: 'b070265bcc34ac10e61fca0f8c6103a7') in 0.0200691 seconds
Number of updated asset objects reloaded before import = 0Number of asset objects unloaded after import = 1

========================================================================
Received Import Request.
  Time since last request: 0.000033 seconds.
  path: Assets/CorgiEngine/Demos/Minimal/Animations/YellowChestOpening.anim
  artifactKey: Guid(9644c61c8130f614884dd05e9e8dbab9) Importer(2089858483,192608db42251d675da83286b1cce702)
Start importing Assets/CorgiEngine/Demos/Minimal/Animations/YellowChestOpening.anim using Guid(9644c61c8130f614884dd05e9e8dbab9) Importer(2089858483,192608db42251d675da83286b1cce702) (ScriptedImporter) -> (artifact id: 'e5d155010536a7c8c2b0f4e7604832ad') in 0.0235048 seconds
Number of updated asset objects reloaded before import = 0Number of asset objects unloaded after import = 1

========================================================================
Received Import Request.
  Time since last request: 0.000067 seconds.
  path: Assets/CorgiEngine/Demos/Minimal/JumpBlendTree/RectangleJump13.anim
  artifactKey: Guid(b7755353f3f526a4f86747b157d9b951) Importer(2089858483,192608db42251d675da83286b1cce702)
Start importing Assets/CorgiEngine/Demos/Minimal/JumpBlendTree/RectangleJump13.anim using Guid(b7755353f3f526a4f86747b157d9b951) Importer(2089858483,192608db42251d675da83286b1cce702) (ScriptedImporter) -> (artifact id: '01dd77984114919a5b78f017f0380728') in 0.0224813 seconds
Number of updated asset objects reloaded before import = 0Number of asset objects unloaded after import = 1

========================================================================
Received Import Request.
  Time since last request: 0.000027 seconds.
  path: Assets/CorgiEngine/Demos/Retro/Animations/RetroAppearingBlockDisappear.anim
  artifactKey: Guid(5bbf74681f3179e48817d1f248c5d89b) Importer(2089858483,192608db42251d675da83286b1cce702)
Start importing Assets/CorgiEngine/Demos/Retro/Animations/RetroAppearingBlockDisappear.anim using Guid(5bbf74681f3179e48817d1f248c5d89b) Importer(2089858483,192608db42251d675da83286b1cce702) (ScriptedImporter) -> (artifact id: '039795dae5afd45379e13888f8bc7549') in 0.0292743 seconds
Number of updated asset objects reloaded before import = 0Number of asset objects unloaded after import = 1

========================================================================
Received Import Request.
  Time since last request: 0.000024 seconds.
  path: Assets/CorgiEngine/Demos/LevelSelection/Sprites/level-map-minimal-keys.png
  artifactKey: Guid(cea4cdb211373f24492e1a56a47c2540) Importer(2089858483,192608db42251d675da83286b1cce702)
Start importing Assets/CorgiEngine/Demos/LevelSelection/Sprites/level-map-minimal-keys.png using Guid(cea4cdb211373f24492e1a56a47c2540) Importer(2089858483,192608db42251d675da83286b1cce702) (ScriptedImporter) -> (artifact id: 'f8a21f5ac4a8ef4057820fd33994187e') in 0.0535906 seconds
Number of updated asset objects reloaded before import = 0Number of asset objects unloaded after import = 3

========================================================================
Received Import Request.
  Time since last request: 0.000021 seconds.
  path: Assets/CorgiEngine/Demos/Minimal/Lighting/MinimalMovingPlatformsSettings.lighting
  artifactKey: Guid(a65b0b64cc15d7d4aa1d566aeaa8afa9) Importer(2089858483,192608db42251d675da83286b1cce702)
Start importing Assets/CorgiEngine/Demos/Minimal/Lighting/MinimalMovingPlatformsSettings.lighting using Guid(a65b0b64cc15d7d4aa1d566aeaa8afa9) Importer(2089858483,192608db42251d675da83286b1cce702) (ScriptedImporter) -> (artifact id: '4f5bbbbe0e9d73ea921ffd6fae8cd5ec') in 0.0418523 seconds
Number of updated asset objects reloaded before import = 0Number of asset objects unloaded after import = 1

========================================================================
Received Import Request.
  Time since last request: 0.000069 seconds.
  path: Assets/CorgiEngine/Demos/LevelSelection/Sprites/level-map-minimal-weapons.png
  artifactKey: Guid(ade2a2acb286d214ca0e0f8f8601ed29) Importer(2089858483,192608db42251d675da83286b1cce702)
Start importing Assets/CorgiEngine/Demos/LevelSelection/Sprites/level-map-minimal-weapons.png using Guid(ade2a2acb286d214ca0e0f8f8601ed29) Importer(2089858483,192608db42251d675da83286b1cce702) (ScriptedImporter) -> (artifact id: 'f21b2e9b8a6ac91a432a33d022e81ff2') in 0.0611267 seconds
Number of updated asset objects reloaded before import = 0Number of asset objects unloaded after import = 3

========================================================================
Received Import Request.
  Time since last request: 0.000032 seconds.
  path: Assets/CorgiEngine/Demos/LevelSelection/Sprites/level-map-minimal-rooms.png
  artifactKey: Guid(126937bae05c56f429df169384519160) Importer(2089858483,192608db42251d675da83286b1cce702)
Start importing Assets/CorgiEngine/Demos/LevelSelection/Sprites/level-map-minimal-rooms.png using Guid(126937bae05c56f429df169384519160) Importer(2089858483,192608db42251d675da83286b1cce702) (ScriptedImporter) -> (artifact id: '8c1a54c715fc1f30d385da61409c262a') in 0.0718632 seconds
Number of updated asset objects reloaded before import = 0Number of asset objects unloaded after import = 3

========================================================================
Received Import Request.
  Time since last request: 0.000035 seconds.
  path: Assets/CorgiEngine/Demos/LevelSelection/Sprites/level-map-minimal-gravity.png
  artifactKey: Guid(f46f07b53929b3b4594881c5cd9a7d1c) Importer(2089858483,192608db42251d675da83286b1cce702)
Start importing Assets/CorgiEngine/Demos/LevelSelection/Sprites/level-map-minimal-gravity.png using Guid(f46f07b53929b3b4594881c5cd9a7d1c) Importer(2089858483,192608db42251d675da83286b1cce702) (ScriptedImporter) -> (artifact id: '62e9d2c79b15bd82172040a51b142109') in 0.0674185 seconds
Number of updated asset objects reloaded before import = 0Number of asset objects unloaded after import = 3

========================================================================
Received Import Request.
  Time since last request: 0.000044 seconds.
  path: Assets/CorgiEngine/Demos/Minimal/JumpBlendTree/RectangleJump9.anim
  artifactKey: Guid(6af5a27f628af6e4bb9b8e32ba10a0e4) Importer(2089858483,192608db42251d675da83286b1cce702)
Start importing Assets/CorgiEngine/Demos/Minimal/JumpBlendTree/RectangleJump9.anim using Guid(6af5a27f628af6e4bb9b8e32ba10a0e4) Importer(2089858483,192608db42251d675da83286b1cce702) (ScriptedImporter) -> (artifact id: '4bd0d76c7d2fe55255708959baa90fbe') in 0.027435 seconds
Number of updated asset objects reloaded before import = 0Number of asset objects unloaded after import = 1

========================================================================
Received Import Request.
  Time since last request: 0.000032 seconds.
  path: Assets/CorgiEngine/Demos/Retro/Animations/RetroBlobAnimator.controller
  artifactKey: Guid(5777e3fcddc224d31b0a425bc8cf0cc7) Importer(2089858483,192608db42251d675da83286b1cce702)
Start importing Assets/CorgiEngine/Demos/Retro/Animations/RetroBlobAnimator.controller using Guid(5777e3fcddc224d31b0a425bc8cf0cc7) Importer(2089858483,192608db42251d675da83286b1cce702) (ScriptedImporter) -> (artifact id: 'ac6738c1474d195bd4f633d2da129ab7') in 0.0207766 seconds
Number of updated asset objects reloaded before import = 0Number of asset objects unloaded after import = 11

========================================================================
Received Import Request.
  Time since last request: 1.414472 seconds.
  path: Assets/CorgiEngine/Demos/Retro/Animations/RetroCorgiLookup.anim
  artifactKey: Guid(97b199607cb2b412ba61a2fd8e114c60) Importer(2089858483,192608db42251d675da83286b1cce702)
Start importing Assets/CorgiEngine/Demos/Retro/Animations/RetroCorgiLookup.anim using Guid(97b199607cb2b412ba61a2fd8e114c60) Importer(2089858483,192608db42251d675da83286b1cce702) (ScriptedImporter) -> (artifact id: '172e4e974f6cded4455af22916cab316') in 0.0262869 seconds
Number of updated asset objects reloaded before import = 0Number of asset objects unloaded after import = 1

========================================================================
Received Import Request.
  Time since last request: 0.000025 seconds.
  path: Assets/CorgiEngine/Demos/Retro/Animations/RetroRockAnimator.controller
  artifactKey: Guid(7363bf9650e7f47c08c0fa0f46993c70) Importer(2089858483,192608db42251d675da83286b1cce702)
Start importing Assets/CorgiEngine/Demos/Retro/Animations/RetroRockAnimator.controller using Guid(7363bf9650e7f47c08c0fa0f46993c70) Importer(2089858483,192608db42251d675da83286b1cce702) (ScriptedImporter) -> (artifact id: '2ee52da7d2a4ddc4bdf7b443bcc1e8eb') in 0.0209722 seconds
Number of updated asset objects reloaded before import = 0Number of asset objects unloaded after import = 8

========================================================================
Received Import Request.
  Time since last request: 0.000027 seconds.
  path: Assets/CorgiEngine/Demos/Retro/Sounds/LoftDrop.wav
  artifactKey: Guid(d0b67ce7d59700c4f808c7305f315986) Importer(2089858483,192608db42251d675da83286b1cce702)
Start importing Assets/CorgiEngine/Demos/Retro/Sounds/LoftDrop.wav using Guid(d0b67ce7d59700c4f808c7305f315986) Importer(2089858483,192608db42251d675da83286b1cce702) (ScriptedImporter) -> (artifact id: 'e6261340550dc8abd944f78467c24bf0') in 0.0917832 seconds
Number of updated asset objects reloaded before import = 0Number of asset objects unloaded after import = 1

========================================================================
Received Import Request.
  Time since last request: 0.000028 seconds.
  path: Assets/CorgiEngine/Demos/Retro/Tilemaps/RetroSpikes.asset
  artifactKey: Guid(a02dca59a3cf9439483a447470473b16) Importer(2089858483,192608db42251d675da83286b1cce702)
Start importing Assets/CorgiEngine/Demos/Retro/Tilemaps/RetroSpikes.asset using Guid(a02dca59a3cf9439483a447470473b16) Importer(2089858483,192608db42251d675da83286b1cce702) (ScriptedImporter) -> (artifact id: '98580957d068d61edcaf49ec43c36f52') in 0.0368674 seconds
Number of updated asset objects reloaded before import = 0Number of asset objects unloaded after import = 2

========================================================================
Received Import Request.
  Time since last request: 0.000030 seconds.
  path: Assets/CorgiEngine/Demos/SuperHipsterBros/Sprites/pipe.png
  artifactKey: Guid(09351ad2054c8ea439a94b85c36140e1) Importer(2089858483,192608db42251d675da83286b1cce702)
Start importing Assets/CorgiEngine/Demos/SuperHipsterBros/Sprites/pipe.png using Guid(09351ad2054c8ea439a94b85c36140e1) Importer(2089858483,192608db42251d675da83286b1cce702) (ScriptedImporter) -> (artifact id: 'f557c5bad7a4c4a03c123d469f07a218') in 0.0422811 seconds
Number of updated asset objects reloaded before import = 0Number of asset objects unloaded after import = 3

========================================================================
Received Import Request.
  Time since last request: 0.000023 seconds.
  path: Assets/CorgiEngine/Demos/Retro/Sounds/RetroTheme3.wav
  artifactKey: Guid(d1eb298b2cbe503498d808cbe6718d4b) Importer(2089858483,192608db42251d675da83286b1cce702)
Start importing Assets/CorgiEngine/Demos/Retro/Sounds/RetroTheme3.wav using Guid(d1eb298b2cbe503498d808cbe6718d4b) Importer(2089858483,192608db42251d675da83286b1cce702) (ScriptedImporter) -> (artifact id: '658df1fe3e32b0f6974be439425d40a9') in 0.2116519 seconds
Number of updated asset objects reloaded before import = 0Number of asset objects unloaded after import = 1

========================================================================
Received Import Request.
  Time since last request: 0.000021 seconds.
  path: Assets/CorgiEngine/Demos/Retro/Lighting/RetroPushSettings.lighting
  artifactKey: Guid(8aebb787df90fdd4bb2f2a0cb1028e23) Importer(2089858483,192608db42251d675da83286b1cce702)
Start importing Assets/CorgiEngine/Demos/Retro/Lighting/RetroPushSettings.lighting using Guid(8aebb787df90fdd4bb2f2a0cb1028e23) Importer(2089858483,192608db42251d675da83286b1cce702) (ScriptedImporter) -> (artifact id: 'a4880fe8d0c509aba5185a94cbae74a6') in 0.0324314 seconds
Number of updated asset objects reloaded before import = 0Number of asset objects unloaded after import = 1

========================================================================
Received Import Request.
  Time since last request: 0.000034 seconds.
  path: Assets/CorgiEngine/Demos/Retro/Sounds/LoftDeath.wav
  artifactKey: Guid(37fd413030b945e4c81ca8a7b938d8dd) Importer(2089858483,192608db42251d675da83286b1cce702)
Start importing Assets/CorgiEngine/Demos/Retro/Sounds/LoftDeath.wav using Guid(37fd413030b945e4c81ca8a7b938d8dd) Importer(2089858483,192608db42251d675da83286b1cce702) (ScriptedImporter) -> (artifact id: 'ec58a36994791cc5351df02592d5f73d') in 0.0922936 seconds
Number of updated asset objects reloaded before import = 0Number of asset objects unloaded after import = 1

========================================================================
Received Import Request.
  Time since last request: 0.000028 seconds.
  path: Assets/CorgiEngine/Demos/Retro/Materials/RetroMountainsBackground1.mat
  artifactKey: Guid(7b2248aaeb4f3434ba9ce33f7f6b103b) Importer(2089858483,192608db42251d675da83286b1cce702)
Start importing Assets/CorgiEngine/Demos/Retro/Materials/RetroMountainsBackground1.mat using Guid(7b2248aaeb4f3434ba9ce33f7f6b103b) Importer(2089858483,192608db42251d675da83286b1cce702) (ScriptedImporter) -> (artifact id: '406350a76a973a68598e67c5c098d180') in 0.0454535 seconds
Number of updated asset objects reloaded before import = 0Number of asset objects unloaded after import = 2

========================================================================
Received Import Request.
  Time since last request: 0.000064 seconds.
  path: Assets/CorgiEngine/Demos/SuperHipsterBros/Animations/super-hipster-bros-jump.anim
  artifactKey: Guid(3ea77d69d2214ba40ac14b1f891ebb7b) Importer(2089858483,192608db42251d675da83286b1cce702)
Start importing Assets/CorgiEngine/Demos/SuperHipsterBros/Animations/super-hipster-bros-jump.anim using Guid(3ea77d69d2214ba40ac14b1f891ebb7b) Importer(2089858483,192608db42251d675da83286b1cce702) (ScriptedImporter) -> (artifact id: 'a041dc1285a3dc456dc33f7e6d7ec369') in 0.0278557 seconds
Number of updated asset objects reloaded before import = 0Number of asset objects unloaded after import = 1

========================================================================
Received Import Request.
  Time since last request: 0.000060 seconds.
  path: Assets/CorgiEngine/Demos/Retro/Animations/RetroCorgiSwim.anim
  artifactKey: Guid(d102bb5248f69bf4eb7691fc9b243b14) Importer(2089858483,192608db42251d675da83286b1cce702)
Start importing Assets/CorgiEngine/Demos/Retro/Animations/RetroCorgiSwim.anim using Guid(d102bb5248f69bf4eb7691fc9b243b14) Importer(2089858483,192608db42251d675da83286b1cce702) (ScriptedImporter) -> (artifact id: '2ac9e93d39b0ddac9077e512063b1f21') in 0.0228118 seconds
Number of updated asset objects reloaded before import = 0Number of asset objects unloaded after import = 1

========================================================================
Received Import Request.
  Time since last request: 0.000023 seconds.
  path: Assets/CorgiEngine/Demos/Retro/Sounds/LoftImpact.wav
  artifactKey: Guid(c537f0c69a3a2ae4f982b9671ac30a88) Importer(2089858483,192608db42251d675da83286b1cce702)
Start importing Assets/CorgiEngine/Demos/Retro/Sounds/LoftImpact.wav using Guid(c537f0c69a3a2ae4f982b9671ac30a88) Importer(2089858483,192608db42251d675da83286b1cce702) (ScriptedImporter) -> (artifact id: '4fb1a524a126a3618ef0c9a7549b02c1') in 0.0528388 seconds
Number of updated asset objects reloaded before import = 0Number of asset objects unloaded after import = 1

========================================================================
Received Import Request.
  Time since last request: 0.000025 seconds.
  path: Assets/CorgiEngine/Demos/Retro/Sounds/KoalaPot.wav
  artifactKey: Guid(f1dba91842fd7274893004933f87795d) Importer(2089858483,192608db42251d675da83286b1cce702)
Start importing Assets/CorgiEngine/Demos/Retro/Sounds/KoalaPot.wav using Guid(f1dba91842fd7274893004933f87795d) Importer(2089858483,192608db42251d675da83286b1cce702) (ScriptedImporter) -> (artifact id: 'f4c020b61a0f462d66f84018e96b93c5') in 0.0858425 seconds
Number of updated asset objects reloaded before import = 0Number of asset objects unloaded after import = 1

========================================================================
Received Import Request.
  Time since last request: 0.000029 seconds.
  path: Assets/CorgiEngine/Demos/Retro/Tilemaps/RetroYellowPlatforms.asset
  artifactKey: Guid(b8c6e8e3194d344a49f05166de7b63cc) Importer(2089858483,192608db42251d675da83286b1cce702)
Start importing Assets/CorgiEngine/Demos/Retro/Tilemaps/RetroYellowPlatforms.asset using Guid(b8c6e8e3194d344a49f05166de7b63cc) Importer(2089858483,192608db42251d675da83286b1cce702) (ScriptedImporter) -> (artifact id: 'd86a067708159718641691bb49b6e35b') in 0.029255 seconds
Number of updated asset objects reloaded before import = 0Number of asset objects unloaded after import = 31

========================================================================
Received Import Request.
  Time since last request: 0.000024 seconds.
  path: Assets/CorgiEngine/Demos/SuperHipsterBros/Animations/HipsterBonusBlockAnimator.anim
  artifactKey: Guid(e83eeb6f402110840b3f9d4496dd8e4f) Importer(2089858483,192608db42251d675da83286b1cce702)
Start importing Assets/CorgiEngine/Demos/SuperHipsterBros/Animations/HipsterBonusBlockAnimator.anim using Guid(e83eeb6f402110840b3f9d4496dd8e4f) Importer(2089858483,192608db42251d675da83286b1cce702) (ScriptedImporter) -> (artifact id: '0e9609d26c30fe52af1680032203f7b6') in 0.0269325 seconds
Number of updated asset objects reloaded before import = 0Number of asset objects unloaded after import = 1

========================================================================
Received Import Request.
  Time since last request: 0.000020 seconds.
  path: Assets/CorgiEngine/Demos/SuperHipsterBros/Sprites/ground.png
  artifactKey: Guid(c27d28591a3b6174e9a6e791614e1841) Importer(2089858483,192608db42251d675da83286b1cce702)
Start importing Assets/CorgiEngine/Demos/SuperHipsterBros/Sprites/ground.png using Guid(c27d28591a3b6174e9a6e791614e1841) Importer(2089858483,192608db42251d675da83286b1cce702) (ScriptedImporter) -> (artifact id: 'eba7fc4c741aff7efef181e1017a4ac2') in 0.0604254 seconds
Number of updated asset objects reloaded before import = 0Number of asset objects unloaded after import = 6

========================================================================
Received Import Request.
  Time since last request: 0.000039 seconds.
  path: Assets/CorgiEngine/Demos/Retro/Animations/RetroPressurePadOn.anim
  artifactKey: Guid(de0916ad339903d43b50f6092e5c156f) Importer(2089858483,192608db42251d675da83286b1cce702)
Start importing Assets/CorgiEngine/Demos/Retro/Animations/RetroPressurePadOn.anim using Guid(de0916ad339903d43b50f6092e5c156f) Importer(2089858483,192608db42251d675da83286b1cce702) (ScriptedImporter) -> (artifact id: 'ae7cd05d79448e7c57eaa3737ddbb4f3') in 0.0244261 seconds
Number of updated asset objects reloaded before import = 0Number of asset objects unloaded after import = 1

========================================================================
Received Import Request.
  Time since last request: 0.000023 seconds.
  path: Assets/CorgiEngine/Demos/Retro/Tilemaps/RetroGround.asset
  artifactKey: Guid(0cb935d5f452c455daf5cab559c7d1ee) Importer(2089858483,192608db42251d675da83286b1cce702)
Start importing Assets/CorgiEngine/Demos/Retro/Tilemaps/RetroGround.asset using Guid(0cb935d5f452c455daf5cab559c7d1ee) Importer(2089858483,192608db42251d675da83286b1cce702) (ScriptedImporter) -> (artifact id: '5bdc0954e41ce328f4f235a3719cc043') in 0.0229681 seconds
Number of updated asset objects reloaded before import = 0Number of asset objects unloaded after import = 36

========================================================================
Received Import Request.
  Time since last request: 0.000027 seconds.
  path: Assets/CorgiEngine/Demos/Retro/Materials/RetroSmoke1MaterialEmissive.mat
  artifactKey: Guid(ef141a59a47d1c64b8adc888f1ee2cab) Importer(2089858483,192608db42251d675da83286b1cce702)
Start importing Assets/CorgiEngine/Demos/Retro/Materials/RetroSmoke1MaterialEmissive.mat using Guid(ef141a59a47d1c64b8adc888f1ee2cab) Importer(2089858483,192608db42251d675da83286b1cce702) (ScriptedImporter) -> (artifact id: '04a56884ad0a9940d8bb2ea0e3bc475f') in 0.0304683 seconds
Number of updated asset objects reloaded before import = 0Number of asset objects unloaded after import = 2

========================================================================
Received Import Request.
  Time since last request: 0.000048 seconds.
  path: Assets/CorgiEngine/Demos/Retro/Tilemaps/RetroSlopes5.asset
  artifactKey: Guid(89fb65f4d2d026d4fb098f5e36c816e8) Importer(2089858483,192608db42251d675da83286b1cce702)
Start importing Assets/CorgiEngine/Demos/Retro/Tilemaps/RetroSlopes5.asset using Guid(89fb65f4d2d026d4fb098f5e36c816e8) Importer(2089858483,192608db42251d675da83286b1cce702) (ScriptedImporter) -> (artifact id: '0889667fb2e84c24ea7b77345a2ea1a4') in 0.02124 seconds
Number of updated asset objects reloaded before import = 0Number of asset objects unloaded after import = 2

========================================================================
Received Import Request.
  Time since last request: 0.000032 seconds.
  path: Assets/CorgiEngine/Demos/Retro/Materials/RetroSparksDark.mat
  artifactKey: Guid(b7d284d3909d9c7478a911516acdb2eb) Importer(2089858483,192608db42251d675da83286b1cce702)
Start importing Assets/CorgiEngine/Demos/Retro/Materials/RetroSparksDark.mat using Guid(b7d284d3909d9c7478a911516acdb2eb) Importer(2089858483,192608db42251d675da83286b1cce702) (ScriptedImporter) -> (artifact id: 'fe5b4301fc4904a8c6fb77d0c1034a3a') in 0.026496 seconds
Number of updated asset objects reloaded before import = 0Number of asset objects unloaded after import = 2

========================================================================
Received Import Request.
  Time since last request: 0.000024 seconds.
  path: Assets/CorgiEngine/Demos/Retro/Sounds/KoalaHurt2.wav
  artifactKey: Guid(51f2769dc716d1148844990d0d22ecd9) Importer(2089858483,192608db42251d675da83286b1cce702)
Start importing Assets/CorgiEngine/Demos/Retro/Sounds/KoalaHurt2.wav using Guid(51f2769dc716d1148844990d0d22ecd9) Importer(2089858483,192608db42251d675da83286b1cce702) (ScriptedImporter) -> (artifact id: '4356f49c78a5c53203d5253b6cb53a91') in 0.0897949 seconds
Number of updated asset objects reloaded before import = 0Number of asset objects unloaded after import = 1

========================================================================
Received Import Request.
  Time since last request: 0.000034 seconds.
  path: Assets/CorgiEngine/Demos/Retro/Sounds/MachineGun1.wav
  artifactKey: Guid(e2e16f753454a294cbe41db217ec9739) Importer(2089858483,192608db42251d675da83286b1cce702)
Start importing Assets/CorgiEngine/Demos/Retro/Sounds/MachineGun1.wav using Guid(e2e16f753454a294cbe41db217ec9739) Importer(2089858483,192608db42251d675da83286b1cce702) (ScriptedImporter) -> (artifact id: '2f49950826799d1cb2e038a2a0fea994') in 0.0849697 seconds
Number of updated asset objects reloaded before import = 0Number of asset objects unloaded after import = 1

========================================================================
Received Import Request.
  Time since last request: 0.000077 seconds.
  path: Assets/CorgiEngine/Demos/Retro/Materials/RetroSmoke7Material.mat
  artifactKey: Guid(54bad539260b17649af3fa6e50c6d9a1) Importer(2089858483,192608db42251d675da83286b1cce702)
Start importing Assets/CorgiEngine/Demos/Retro/Materials/RetroSmoke7Material.mat using Guid(54bad539260b17649af3fa6e50c6d9a1) Importer(2089858483,192608db42251d675da83286b1cce702) (ScriptedImporter) -> (artifact id: '9c5d8a6fe3b84025f5745c534f47400a') in 0.0212737 seconds
Number of updated asset objects reloaded before import = 0Number of asset objects unloaded after import = 2

========================================================================
Received Import Request.
  Time since last request: 0.000018 seconds.
  path: Assets/CorgiEngine/Demos/Retro/Sounds/KoalaMagnum2.wav
  artifactKey: Guid(03372090399bb424d81d08beb68d6480) Importer(2089858483,192608db42251d675da83286b1cce702)
Start importing Assets/CorgiEngine/Demos/Retro/Sounds/KoalaMagnum2.wav using Guid(03372090399bb424d81d08beb68d6480) Importer(2089858483,192608db42251d675da83286b1cce702) (ScriptedImporter) -> (artifact id: '52fb9a6f425059cd03bd22492eec7d7a') in 0.0803376 seconds
Number of updated asset objects reloaded before import = 0Number of asset objects unloaded after import = 1

========================================================================
Received Import Request.
  Time since last request: 0.000024 seconds.
  path: Assets/CorgiEngine/Demos/Retro/Sounds/KoalaSteps1.wav
  artifactKey: Guid(fe9a819e5703c7842ac5bfd8d4fd8a20) Importer(2089858483,192608db42251d675da83286b1cce702)
Start importing Assets/CorgiEngine/Demos/Retro/Sounds/KoalaSteps1.wav using Guid(fe9a819e5703c7842ac5bfd8d4fd8a20) Importer(2089858483,192608db42251d675da83286b1cce702) (ScriptedImporter) -> (artifact id: 'fbd38380e3a60eb91cec17fcda317e46') in 0.0798666 seconds
Number of updated asset objects reloaded before import = 0Number of asset objects unloaded after import = 1

========================================================================
Received Import Request.
  Time since last request: 0.000055 seconds.
  path: Assets/CorgiEngine/Demos/Retro/Tilemaps/RetroMagnet.asset
  artifactKey: Guid(aa5123fc50bb1460ebcf0383d3ba6c4a) Importer(2089858483,192608db42251d675da83286b1cce702)
Start importing Assets/CorgiEngine/Demos/Retro/Tilemaps/RetroMagnet.asset using Guid(aa5123fc50bb1460ebcf0383d3ba6c4a) Importer(2089858483,192608db42251d675da83286b1cce702) (ScriptedImporter) -> (artifact id: 'b7f38f113246330cb08bce758dd2b1ba') in 0.0279501 seconds
Number of updated asset objects reloaded before import = 0Number of asset objects unloaded after import = 2

========================================================================
Received Import Request.
  Time since last request: 0.000045 seconds.
  path: Assets/CorgiEngine/Demos/SuperHipsterBros/Animations/HipsterBonusBlockAnimation.controller
  artifactKey: Guid(015bd44479a2f634491a3949fb83cf1a) Importer(2089858483,192608db42251d675da83286b1cce702)
Start importing Assets/CorgiEngine/Demos/SuperHipsterBros/Animations/HipsterBonusBlockAnimation.controller using Guid(015bd44479a2f634491a3949fb83cf1a) Importer(2089858483,192608db42251d675da83286b1cce702) (ScriptedImporter) -> (artifact id: '442175e8a290460804de8052ba480f51') in 0.0305107 seconds
Number of updated asset objects reloaded before import = 0Number of asset objects unloaded after import = 8

========================================================================
Received Import Request.
  Time since last request: 0.000036 seconds.
  path: Assets/CorgiEngine/Demos/Retro/Animations/SwordsmanWalk.anim
  artifactKey: Guid(0f5059378bb150e4488526ccc1d04193) Importer(2089858483,192608db42251d675da83286b1cce702)
Start importing Assets/CorgiEngine/Demos/Retro/Animations/SwordsmanWalk.anim using Guid(0f5059378bb150e4488526ccc1d04193) Importer(2089858483,192608db42251d675da83286b1cce702) (ScriptedImporter) -> (artifact id: '97d8a204fb13a5485c0beb2ebdd98bd8') in 0.026995 seconds
Number of updated asset objects reloaded before import = 0Number of asset objects unloaded after import = 1

========================================================================
Received Import Request.
  Time since last request: 0.000092 seconds.
  path: Assets/CorgiEngine/Demos/Retro/Materials/RetroMountainsBackground3.mat
  artifactKey: Guid(d4ef8abd3076b4113ac8ea65019accde) Importer(2089858483,192608db42251d675da83286b1cce702)
Start importing Assets/CorgiEngine/Demos/Retro/Materials/RetroMountainsBackground3.mat using Guid(d4ef8abd3076b4113ac8ea65019accde) Importer(2089858483,192608db42251d675da83286b1cce702) (ScriptedImporter) -> (artifact id: '6f6496324907c9e3c9d31e6ca2a54f31') in 0.0485638 seconds
Number of updated asset objects reloaded before import = 0Number of asset objects unloaded after import = 2

========================================================================
Received Import Request.
  Time since last request: 0.000025 seconds.
  path: Assets/CorgiEngine/Demos/Retro/Tilemaps/RetroSticky.asset
  artifactKey: Guid(c45c48efa62694be7a147eda98025841) Importer(2089858483,192608db42251d675da83286b1cce702)
Start importing Assets/CorgiEngine/Demos/Retro/Tilemaps/RetroSticky.asset using Guid(c45c48efa62694be7a147eda98025841) Importer(2089858483,192608db42251d675da83286b1cce702) (ScriptedImporter) -> (artifact id: '5b239e11faa69ff8a37d31b48ce870af') in 0.0205144 seconds
Number of updated asset objects reloaded before import = 0Number of asset objects unloaded after import = 2

========================================================================
Received Import Request.
  Time since last request: 0.000022 seconds.
  path: Assets/CorgiEngine/Demos/Retro/Materials/RetroCorgiDashParticlesMaterial.mat
  artifactKey: Guid(40ecb205691fb1e47adc78750fb4c833) Importer(2089858483,192608db42251d675da83286b1cce702)
Start importing Assets/CorgiEngine/Demos/Retro/Materials/RetroCorgiDashParticlesMaterial.mat using Guid(40ecb205691fb1e47adc78750fb4c833) Importer(2089858483,192608db42251d675da83286b1cce702) (ScriptedImporter) -> (artifact id: '0c82ce3adb73d6a82a4d8f9fb849a5f2') in 0.0358371 seconds
Number of updated asset objects reloaded before import = 0Number of asset objects unloaded after import = 2

========================================================================
Received Import Request.
  Time since last request: 0.000029 seconds.
  path: Assets/CorgiEngine/Demos/Retro/Sounds/LoftSlowdown.wav
  artifactKey: Guid(37a3c52657511d04484b17ef0bbf6ed4) Importer(2089858483,192608db42251d675da83286b1cce702)
Start importing Assets/CorgiEngine/Demos/Retro/Sounds/LoftSlowdown.wav using Guid(37a3c52657511d04484b17ef0bbf6ed4) Importer(2089858483,192608db42251d675da83286b1cce702) (ScriptedImporter) -> (artifact id: '216ed9a4fd46d365083878f249bcc949') in 0.0820164 seconds
Number of updated asset objects reloaded before import = 0Number of asset objects unloaded after import = 1

========================================================================
Received Import Request.
  Time since last request: 0.000025 seconds.
  path: Assets/CorgiEngine/Demos/Retro/Tilemaps/RetroGreenStripedPlatforms.asset
  artifactKey: Guid(3124f21592cf34bf28b2091b6d2c19c2) Importer(2089858483,192608db42251d675da83286b1cce702)
Start importing Assets/CorgiEngine/Demos/Retro/Tilemaps/RetroGreenStripedPlatforms.asset using Guid(3124f21592cf34bf28b2091b6d2c19c2) Importer(2089858483,192608db42251d675da83286b1cce702) (ScriptedImporter) -> (artifact id: '7c5bc18ecdbdedb247d98f0af3fb3284') in 0.0199879 seconds
Number of updated asset objects reloaded before import = 0Number of asset objects unloaded after import = 5

========================================================================
Received Import Request.
  Time since last request: 0.000029 seconds.
  path: Assets/CorgiEngine/Demos/Retro/Scripts/RetroCopter.cs
  artifactKey: Guid(01fcb4c515196ca4b8a0e1d91b4f1265) Importer(2089858483,192608db42251d675da83286b1cce702)
Start importing Assets/CorgiEngine/Demos/Retro/Scripts/RetroCopter.cs using Guid(01fcb4c515196ca4b8a0e1d91b4f1265) Importer(2089858483,192608db42251d675da83286b1cce702) (ScriptedImporter) -> (artifact id: '43575e2499df7aa84c07d63c57c3d8d1') in 0.0213218 seconds
Number of updated asset objects reloaded before import = 0Number of asset objects unloaded after import = 0

========================================================================
Received Import Request.
  Time since last request: 0.000035 seconds.
  path: Assets/CorgiEngine/Demos/Retro/Sounds/KoalaSword3.wav
  artifactKey: Guid(c362bfad4e2260d49bb067e318f77369) Importer(2089858483,192608db42251d675da83286b1cce702)
Start importing Assets/CorgiEngine/Demos/Retro/Sounds/KoalaSword3.wav using Guid(c362bfad4e2260d49bb067e318f77369) Importer(2089858483,192608db42251d675da83286b1cce702) (ScriptedImporter) -> (artifact id: 'c20868ea1ee6a9ddc21f5fc14d0d6a4a') in 0.0831849 seconds
Number of updated asset objects reloaded before import = 0Number of asset objects unloaded after import = 1

========================================================================
Received Import Request.
  Time since last request: 0.000024 seconds.
  path: Assets/CorgiEngine/Demos/Retro/Materials/RetroExplosion1MaterialEmissive.mat
  artifactKey: Guid(6115fe52d3516ec4d8b81b1771826001) Importer(2089858483,192608db42251d675da83286b1cce702)
Start importing Assets/CorgiEngine/Demos/Retro/Materials/RetroExplosion1MaterialEmissive.mat using Guid(6115fe52d3516ec4d8b81b1771826001) Importer(2089858483,192608db42251d675da83286b1cce702) (ScriptedImporter) -> (artifact id: 'f7ed4c26596ea2c24ed3e4ed6828db0c') in 0.0243785 seconds
Number of updated asset objects reloaded before import = 0Number of asset objects unloaded after import = 2

========================================================================
Received Import Request.
  Time since last request: 0.000018 seconds.
  path: Assets/CorgiEngine/Demos/Retro/Animations/RetroSpacemanWalk.anim
  artifactKey: Guid(aa5c23cfed54149309f761d85fd26ca4) Importer(2089858483,192608db42251d675da83286b1cce702)
Start importing Assets/CorgiEngine/Demos/Retro/Animations/RetroSpacemanWalk.anim using Guid(aa5c23cfed54149309f761d85fd26ca4) Importer(2089858483,192608db42251d675da83286b1cce702) (ScriptedImporter) -> (artifact id: '4a368469616b5207dde7cf8c2d1bbbb7') in 0.0272618 seconds
Number of updated asset objects reloaded before import = 0Number of asset objects unloaded after import = 1

========================================================================
Received Import Request.
  Time since last request: 0.000092 seconds.
  path: Assets/CorgiEngine/Demos/Retro/Sounds/LoftSand.wav
  artifactKey: Guid(928be94c43c63c141b69149097e159c4) Importer(2089858483,192608db42251d675da83286b1cce702)
Start importing Assets/CorgiEngine/Demos/Retro/Sounds/LoftSand.wav using Guid(928be94c43c63c141b69149097e159c4) Importer(2089858483,192608db42251d675da83286b1cce702) (ScriptedImporter) -> (artifact id: '7fce1b62eed028ba7637503ad53a145b') in 0.0777698 seconds
Number of updated asset objects reloaded before import = 0Number of asset objects unloaded after import = 1

========================================================================
Received Import Request.
  Time since last request: 0.000029 seconds.
  path: Assets/CorgiEngine/Demos/Retro/Animations/RetroCorgiRun.anim
  artifactKey: Guid(696fd57c780cb4bf9b0b803b07b4a24a) Importer(2089858483,192608db42251d675da83286b1cce702)
Start importing Assets/CorgiEngine/Demos/Retro/Animations/RetroCorgiRun.anim using Guid(696fd57c780cb4bf9b0b803b07b4a24a) Importer(2089858483,192608db42251d675da83286b1cce702) (ScriptedImporter) -> (artifact id: 'ee8afdf3866daf4257c53025370f647e') in 0.027121 seconds
Number of updated asset objects reloaded before import = 0Number of asset objects unloaded after import = 1

========================================================================
Received Import Request.
  Time since last request: 0.000093 seconds.
  path: Assets/CorgiEngine/Demos/Retro/Sounds/LoftRun-wav.wav
  artifactKey: Guid(c7bf85fc873304943ba52530114e80a7) Importer(2089858483,192608db42251d675da83286b1cce702)
Start importing Assets/CorgiEngine/Demos/Retro/Sounds/LoftRun-wav.wav using Guid(c7bf85fc873304943ba52530114e80a7) Importer(2089858483,192608db42251d675da83286b1cce702) (ScriptedImporter) -> (artifact id: 'bac18da905ac6059bfe7dea67fc06e75') in 0.0975549 seconds
Number of updated asset objects reloaded before import = 0Number of asset objects unloaded after import = 1

========================================================================
Received Import Request.
  Time since last request: 0.000057 seconds.
  path: Assets/CorgiEngine/Demos/Retro/Sounds/WindLoop.wav
  artifactKey: Guid(b31664ba0f7c1f54e8f3563e99e4cb4c) Importer(2089858483,192608db42251d675da83286b1cce702)
Start importing Assets/CorgiEngine/Demos/Retro/Sounds/WindLoop.wav using Guid(b31664ba0f7c1f54e8f3563e99e4cb4c) Importer(2089858483,192608db42251d675da83286b1cce702) (ScriptedImporter) -> (artifact id: 'ea138175d41573ce55ce8489e1c8d871') in 0.1181499 seconds
Number of updated asset objects reloaded before import = 0Number of asset objects unloaded after import = 1

========================================================================
Received Import Request.
  Time since last request: 0.000038 seconds.
  path: Assets/CorgiEngine/Demos/Retro/Materials/RetroMuzzleFlareMaterial.mat
  artifactKey: Guid(429eab1d6049a5f4487aae86de872a27) Importer(2089858483,192608db42251d675da83286b1cce702)
Start importing Assets/CorgiEngine/Demos/Retro/Materials/RetroMuzzleFlareMaterial.mat using Guid(429eab1d6049a5f4487aae86de872a27) Importer(2089858483,192608db42251d675da83286b1cce702) (ScriptedImporter) -> (artifact id: 'a3fe715cbc0e8876e097b461a3c7ea52') in 0.0622633 seconds
Number of updated asset objects reloaded before import = 0Number of asset objects unloaded after import = 1

========================================================================
Received Import Request.
  Time since last request: 0.000064 seconds.
  path: Assets/CorgiEngine/Demos/Retro/Sounds/KoalaShotgun.wav
  artifactKey: Guid(592d080ffbf62d9469ec0da3a406bd08) Importer(2089858483,192608db42251d675da83286b1cce702)
Start importing Assets/CorgiEngine/Demos/Retro/Sounds/KoalaShotgun.wav using Guid(592d080ffbf62d9469ec0da3a406bd08) Importer(2089858483,192608db42251d675da83286b1cce702) (ScriptedImporter) -> (artifact id: 'fe33b86e2a8dea35ef8216ef206c731b') in 0.0884505 seconds
Number of updated asset objects reloaded before import = 0Number of asset objects unloaded after import = 1

========================================================================
Received Import Request.
  Time since last request: 0.000025 seconds.
  path: Assets/CorgiEngine/Demos/Retro/Materials/RetroCloudsBackground3.mat
  artifactKey: Guid(41d9f6afb9b454cf3a79a327bcc32d84) Importer(2089858483,192608db42251d675da83286b1cce702)
Start importing Assets/CorgiEngine/Demos/Retro/Materials/RetroCloudsBackground3.mat using Guid(41d9f6afb9b454cf3a79a327bcc32d84) Importer(2089858483,192608db42251d675da83286b1cce702) (ScriptedImporter) -> (artifact id: 'd547522e0cc778bec72c64ca85d61511') in 0.0412534 seconds
Number of updated asset objects reloaded before import = 0Number of asset objects unloaded after import = 2

========================================================================
Received Import Request.
  Time since last request: 0.000023 seconds.
  path: Assets/CorgiEngine/Demos/Retro/Materials/RetroSmoke6Material.mat
  artifactKey: Guid(034a366a6e7559e4b9e3f3d94c200249) Importer(2089858483,192608db42251d675da83286b1cce702)
Start importing Assets/CorgiEngine/Demos/Retro/Materials/RetroSmoke6Material.mat using Guid(034a366a6e7559e4b9e3f3d94c200249) Importer(2089858483,192608db42251d675da83286b1cce702) (ScriptedImporter) -> (artifact id: '265b8077116db62aff794b8619ce2c98') in 0.0319354 seconds
Number of updated asset objects reloaded before import = 0Number of asset objects unloaded after import = 2

========================================================================
Received Import Request.
  Time since last request: 0.000022 seconds.
  path: Assets/CorgiEngine/Demos/SuperHipsterBros/Sprites/mushroom.png
  artifactKey: Guid(99d490ca9f0438044aabe2cdb75bad94) Importer(2089858483,192608db42251d675da83286b1cce702)
Start importing Assets/CorgiEngine/Demos/SuperHipsterBros/Sprites/mushroom.png using Guid(99d490ca9f0438044aabe2cdb75bad94) Importer(2089858483,192608db42251d675da83286b1cce702) (ScriptedImporter) -> (artifact id: '79cf08d700c6212bee580f8c19a7be54') in 0.0436448 seconds
Number of updated asset objects reloaded before import = 0Number of asset objects unloaded after import = 3

========================================================================
Received Import Request.
  Time since last request: 0.000036 seconds.
  path: Assets/CorgiEngine/Demos/RetroAdventure/Scripts/RetroAdventureProgressManager.cs
  artifactKey: Guid(cf05f7dd8e4220748a9c4f4f6a2bc9a7) Importer(2089858483,192608db42251d675da83286b1cce702)
Start importing Assets/CorgiEngine/Demos/RetroAdventure/Scripts/RetroAdventureProgressManager.cs using Guid(cf05f7dd8e4220748a9c4f4f6a2bc9a7) Importer(2089858483,192608db42251d675da83286b1cce702) (ScriptedImporter) -> (artifact id: '60b1b6c77402d7fab1960b5d97027b6a') in 0.0221721 seconds
Number of updated asset objects reloaded before import = 0Number of asset objects unloaded after import = 0

========================================================================
Received Import Request.
  Time since last request: 0.000061 seconds.
  path: Assets/CorgiEngine/Demos/SuperHipsterBros/Animations/badass-dude-animator.controller
  artifactKey: Guid(235a499047fb67c48b03b5d558a5062a) Importer(2089858483,192608db42251d675da83286b1cce702)
Start importing Assets/CorgiEngine/Demos/SuperHipsterBros/Animations/badass-dude-animator.controller using Guid(235a499047fb67c48b03b5d558a5062a) Importer(2089858483,192608db42251d675da83286b1cce702) (ScriptedImporter) -> (artifact id: '167fd551fb877a25721ec1fcafad3845') in 0.0190979 seconds
Number of updated asset objects reloaded before import = 0Number of asset objects unloaded after import = 4

========================================================================
Received Import Request.
  Time since last request: 0.000020 seconds.
  path: Assets/CorgiEngine/Demos/Retro/Animations/RetroCorgiMelee.anim
  artifactKey: Guid(f445a2d087d3943559f55060dc496310) Importer(2089858483,192608db42251d675da83286b1cce702)
Start importing Assets/CorgiEngine/Demos/Retro/Animations/RetroCorgiMelee.anim using Guid(f445a2d087d3943559f55060dc496310) Importer(2089858483,192608db42251d675da83286b1cce702) (ScriptedImporter) -> (artifact id: '330fb7f7ddfceaa0ab1ba64664d17e07') in 0.0247876 seconds
Number of updated asset objects reloaded before import = 0Number of asset objects unloaded after import = 1

========================================================================
Received Import Request.
  Time since last request: 0.000049 seconds.
  path: Assets/CorgiEngine/Demos/Retro/Materials/RetroCloudsBackground4.mat
  artifactKey: Guid(4087869fc77224fa38577d4808e60960) Importer(2089858483,192608db42251d675da83286b1cce702)
Start importing Assets/CorgiEngine/Demos/Retro/Materials/RetroCloudsBackground4.mat using Guid(4087869fc77224fa38577d4808e60960) Importer(2089858483,192608db42251d675da83286b1cce702) (ScriptedImporter) -> (artifact id: 'ebb8f7c548e0df998560fe52e2256fc3') in 0.0422308 seconds
Number of updated asset objects reloaded before import = 0Number of asset objects unloaded after import = 2

========================================================================
Received Import Request.
  Time since last request: 0.000024 seconds.
  path: Assets/CorgiEngine/Demos/Retro/Sounds/LoftSpoon.wav
  artifactKey: Guid(b547f2474881b7f4e97a0f93f55c355b) Importer(2089858483,192608db42251d675da83286b1cce702)
Start importing Assets/CorgiEngine/Demos/Retro/Sounds/LoftSpoon.wav using Guid(b547f2474881b7f4e97a0f93f55c355b) Importer(2089858483,192608db42251d675da83286b1cce702) (ScriptedImporter) -> (artifact id: '3f0032c1906b316e863f34c3a4790b0a') in 0.0755515 seconds
Number of updated asset objects reloaded before import = 0Number of asset objects unloaded after import = 1

========================================================================
Received Import Request.
  Time since last request: 0.000023 seconds.
  path: Assets/CorgiEngine/Demos/Retro/Materials/RetroSparks.mat
  artifactKey: Guid(77d0b7aafa8a3124fb10f37ea46bb0aa) Importer(2089858483,192608db42251d675da83286b1cce702)
Start importing Assets/CorgiEngine/Demos/Retro/Materials/RetroSparks.mat using Guid(77d0b7aafa8a3124fb10f37ea46bb0aa) Importer(2089858483,192608db42251d675da83286b1cce702) (ScriptedImporter) -> (artifact id: '8bc28bb960577c75c8d342db9d0fafa6') in 0.0240484 seconds
Number of updated asset objects reloaded before import = 0Number of asset objects unloaded after import = 2

========================================================================
Received Import Request.
  Time since last request: 0.000021 seconds.
  path: Assets/CorgiEngine/Demos/Retro/Materials/RetroShells.mat
  artifactKey: Guid(046f15a317365664ca397142f12990f9) Importer(2089858483,192608db42251d675da83286b1cce702)
Start importing Assets/CorgiEngine/Demos/Retro/Materials/RetroShells.mat using Guid(046f15a317365664ca397142f12990f9) Importer(2089858483,192608db42251d675da83286b1cce702) (ScriptedImporter) -> (artifact id: '17d43a5ee56d160ab58d0abfdeb9279a') in 0.0394798 seconds
Number of updated asset objects reloaded before import = 0Number of asset objects unloaded after import = 2

========================================================================
Received Import Request.
  Time since last request: 0.000027 seconds.
  path: Assets/CorgiEngine/Demos/Retro/Sounds/LoftGlassyTap.wav
  artifactKey: Guid(b32be7b67695e1940baba866726b4aaf) Importer(2089858483,192608db42251d675da83286b1cce702)
Start importing Assets/CorgiEngine/Demos/Retro/Sounds/LoftGlassyTap.wav using Guid(b32be7b67695e1940baba866726b4aaf) Importer(2089858483,192608db42251d675da83286b1cce702) (ScriptedImporter) -> (artifact id: '33f4cd9b6bebb1fbcc072e1945a119fa') in 0.0771512 seconds
Number of updated asset objects reloaded before import = 0Number of asset objects unloaded after import = 1

========================================================================
Received Import Request.
  Time since last request: 0.000073 seconds.
  path: Assets/CorgiEngine/Demos/Retro/Sounds/KoalaSword1.wav
  artifactKey: Guid(c4fe2906b4101d946a6f4e3bcb52bff5) Importer(2089858483,192608db42251d675da83286b1cce702)
Start importing Assets/CorgiEngine/Demos/Retro/Sounds/KoalaSword1.wav using Guid(c4fe2906b4101d946a6f4e3bcb52bff5) Importer(2089858483,192608db42251d675da83286b1cce702) (ScriptedImporter) -> (artifact id: '9b2c7ea324db5baafaea758f625ad375') in 0.0780234 seconds
Number of updated asset objects reloaded before import = 0Number of asset objects unloaded after import = 1

========================================================================
Received Import Request.
  Time since last request: 0.120591 seconds.
  path: Assets/CorgiEngine/Demos/TheHunt/Sprites/PolygonParticle.png
  artifactKey: Guid(e6602d9203438436ca866ae01bed3a88) Importer(2089858483,192608db42251d675da83286b1cce702)
Start importing Assets/CorgiEngine/Demos/TheHunt/Sprites/PolygonParticle.png using Guid(e6602d9203438436ca866ae01bed3a88) Importer(2089858483,192608db42251d675da83286b1cce702) (ScriptedImporter) -> (artifact id: 'd71b148024ea061185440ad6bee31816') in 0.0566628 seconds
Number of updated asset objects reloaded before import = 0Number of asset objects unloaded after import = 3

========================================================================
Received Import Request.
  Time since last request: 0.000023 seconds.
  path: Assets/CorgiEngine/Demos/Corgi2D/Materials/Sprites/playerShell.png
  artifactKey: Guid(97db4622f3756094a9dd8c3a91791cb2) Importer(2089858483,192608db42251d675da83286b1cce702)
Start importing Assets/CorgiEngine/Demos/Corgi2D/Materials/Sprites/playerShell.png using Guid(97db4622f3756094a9dd8c3a91791cb2) Importer(2089858483,192608db42251d675da83286b1cce702) (ScriptedImporter) -> (artifact id: '39b7c222b02164eb8c9d3dfc084f0495') in 0.0451526 seconds
Number of updated asset objects reloaded before import = 0Number of asset objects unloaded after import = 3

========================================================================
Received Import Request.
  Time since last request: 0.000045 seconds.
  path: Assets/CorgiEngine/Common/Scripts/Agents/Weapons/ThrownObject.cs
  artifactKey: Guid(b1ce68f179f4c9149a4125abecbc01c3) Importer(2089858483,192608db42251d675da83286b1cce702)
Start importing Assets/CorgiEngine/Common/Scripts/Agents/Weapons/ThrownObject.cs using Guid(b1ce68f179f4c9149a4125abecbc01c3) Importer(2089858483,192608db42251d675da83286b1cce702) (ScriptedImporter) -> (artifact id: '3d1db1288baa7195eefb407210aeb96a') in 0.0202554 seconds
Number of updated asset objects reloaded before import = 0Number of asset objects unloaded after import = 0

========================================================================
Received Import Request.
  Time since last request: 0.000022 seconds.
  path: Assets/CorgiEngine/Demos/Corgi2D/Prefabs/Effects/BubblesEmitter.prefab
  artifactKey: Guid(5e965a14a496e1d428ead35a84b653db) Importer(2089858483,192608db42251d675da83286b1cce702)
Start importing Assets/CorgiEngine/Demos/Corgi2D/Prefabs/Effects/BubblesEmitter.prefab using Guid(5e965a14a496e1d428ead35a84b653db) Importer(2089858483,192608db42251d675da83286b1cce702) (ScriptedImporter) -> (artifact id: '57b9404a2ca4822a4aa3794b1e5f7b34') in 0.1959054 seconds
Number of updated asset objects reloaded before import = 0Number of asset objects unloaded after import = 7

========================================================================
Received Import Request.
  Time since last request: 0.000028 seconds.
  path: Assets/CorgiEngine/Common/Scripts/Agents/CharacterAbilities/CharacterStairs.cs
  artifactKey: Guid(3c732375c7af5d2469f883db01407d16) Importer(2089858483,192608db42251d675da83286b1cce702)
Start importing Assets/CorgiEngine/Common/Scripts/Agents/CharacterAbilities/CharacterStairs.cs using Guid(3c732375c7af5d2469f883db01407d16) Importer(2089858483,192608db42251d675da83286b1cce702) (ScriptedImporter) -> (artifact id: '866005b1f126e40eadee91ede7a0dbb6') in 0.0231525 seconds
Number of updated asset objects reloaded before import = 0Number of asset objects unloaded after import = 0

========================================================================
Received Import Request.
  Time since last request: 0.000116 seconds.
  path: Assets/CorgiEngine/Demos/Corgi2D/Materials/Sprites/blobParticle.png
  artifactKey: Guid(897d595d1da210f4d96fcfaf7c0dd6df) Importer(2089858483,192608db42251d675da83286b1cce702)
Start importing Assets/CorgiEngine/Demos/Corgi2D/Materials/Sprites/blobParticle.png using Guid(897d595d1da210f4d96fcfaf7c0dd6df) Importer(2089858483,192608db42251d675da83286b1cce702) (ScriptedImporter) -> (artifact id: '5b0da2200392681c3ab124a08e19f677') in 0.0404589 seconds
Number of updated asset objects reloaded before import = 0Number of asset objects unloaded after import = 3

========================================================================
Received Import Request.
  Time since last request: 0.000023 seconds.
  path: Assets/CorgiEngine/Common/Scripts/Agents/CharacterAbilities/CharacterWalljump.cs
  artifactKey: Guid(eeabffc5d6e694a8287c891288b0a4be) Importer(2089858483,192608db42251d675da83286b1cce702)
Start importing Assets/CorgiEngine/Common/Scripts/Agents/CharacterAbilities/CharacterWalljump.cs using Guid(eeabffc5d6e694a8287c891288b0a4be) Importer(2089858483,192608db42251d675da83286b1cce702) (ScriptedImporter) -> (artifact id: '095f5900b7dd53504ea0a311ccd9d9b3') in 0.0255973 seconds
Number of updated asset objects reloaded before import = 0Number of asset objects unloaded after import = 0

========================================================================
Received Import Request.
  Time since last request: 0.000023 seconds.
  path: Assets/CorgiEngine/Common/Scripts/Agents/Weapons/WeaponLaserSight.cs
  artifactKey: Guid(03aaf62627f364a7d92d307729fe738d) Importer(2089858483,192608db42251d675da83286b1cce702)
Start importing Assets/CorgiEngine/Common/Scripts/Agents/Weapons/WeaponLaserSight.cs using Guid(03aaf62627f364a7d92d307729fe738d) Importer(2089858483,192608db42251d675da83286b1cce702) (ScriptedImporter) -> (artifact id: '3d8522732b9f7bdd350a4e790eeb52d6') in 0.0217267 seconds
Number of updated asset objects reloaded before import = 0Number of asset objects unloaded after import = 0

========================================================================
Received Import Request.
  Time since last request: 0.000068 seconds.
  path: Assets/CorgiEngine/Demos/Corgi2D/Animations/SpaceCorgi/spaceCorgiWallClinging.anim
  artifactKey: Guid(869419d7eda9bcf418edce7b4676e016) Importer(2089858483,192608db42251d675da83286b1cce702)
Start importing Assets/CorgiEngine/Demos/Corgi2D/Animations/SpaceCorgi/spaceCorgiWallClinging.anim using Guid(869419d7eda9bcf418edce7b4676e016) Importer(2089858483,192608db42251d675da83286b1cce702) (ScriptedImporter) -> (artifact id: 'f3f7b9f47b8720a4fb1e0a2fac7b347d') in 0.0229991 seconds
Number of updated asset objects reloaded before import = 0Number of asset objects unloaded after import = 1

========================================================================
Received Import Request.
  Time since last request: 0.000036 seconds.
  path: Assets/CorgiEngine/Common/ScriptsCinemachine/Editor/Environment/TeleporterEditor.cs
  artifactKey: Guid(4583ea944fd348947ae7027a24a21041) Importer(2089858483,192608db42251d675da83286b1cce702)
Start importing Assets/CorgiEngine/Common/ScriptsCinemachine/Editor/Environment/TeleporterEditor.cs using Guid(4583ea944fd348947ae7027a24a21041) Importer(2089858483,192608db42251d675da83286b1cce702) (ScriptedImporter) -> (artifact id: '6018601ceb94e83513eae848a57fe53d') in 0.0213654 seconds
Number of updated asset objects reloaded before import = 0Number of asset objects unloaded after import = 0

========================================================================
Received Import Request.
  Time since last request: 0.000102 seconds.
  path: Assets/CorgiEngine/Demos/Corgi2D/Prefabs/Backgrounds/mountains-background.prefab
  artifactKey: Guid(752ae1081f04b43e9980a54e6efcfe3b) Importer(2089858483,192608db42251d675da83286b1cce702)
Start importing Assets/CorgiEngine/Demos/Corgi2D/Prefabs/Backgrounds/mountains-background.prefab using Guid(752ae1081f04b43e9980a54e6efcfe3b) Importer(2089858483,192608db42251d675da83286b1cce702) (ScriptedImporter) -> (artifact id: '20144e6b634a9174248bd993922d094e') in 0.0388316 seconds
Number of updated asset objects reloaded before import = 0Number of asset objects unloaded after import = 8

========================================================================
Received Import Request.
  Time since last request: 0.000027 seconds.
  path: Assets/CorgiEngine/Common/Scripts/Agents/Weapons/AimMarker.cs
  artifactKey: Guid(35fc89d1b6304a344a54e7b07c32f288) Importer(2089858483,192608db42251d675da83286b1cce702)
Start importing Assets/CorgiEngine/Common/Scripts/Agents/Weapons/AimMarker.cs using Guid(35fc89d1b6304a344a54e7b07c32f288) Importer(2089858483,192608db42251d675da83286b1cce702) (ScriptedImporter) -> (artifact id: '1710e0b3ac0a248fcb3be35deabd90ab') in 0.0219117 seconds
Number of updated asset objects reloaded before import = 0Number of asset objects unloaded after import = 0

========================================================================
Received Import Request.
  Time since last request: 0.000026 seconds.
  path: Assets/CorgiEngine/Common/Editor/Agents/CharacterAbilities/CharacterAbilityInspector.cs
  artifactKey: Guid(3e6bbb469f0c94a829fc722fd0dbdcb4) Importer(2089858483,192608db42251d675da83286b1cce702)
Start importing Assets/CorgiEngine/Common/Editor/Agents/CharacterAbilities/CharacterAbilityInspector.cs using Guid(3e6bbb469f0c94a829fc722fd0dbdcb4) Importer(2089858483,192608db42251d675da83286b1cce702) (ScriptedImporter) -> (artifact id: '29278339160e821f3e1db0e468025e45') in 0.0251737 seconds
Number of updated asset objects reloaded before import = 0Number of asset objects unloaded after import = 0

========================================================================
Received Import Request.
  Time since last request: 0.000107 seconds.
  path: Assets/CorgiEngine/Demos/Corgi2D/Materials/Sprites/laserFireParticle.png
  artifactKey: Guid(707fa6d506a822648a94cdbf820def7e) Importer(2089858483,192608db42251d675da83286b1cce702)
Start importing Assets/CorgiEngine/Demos/Corgi2D/Materials/Sprites/laserFireParticle.png using Guid(707fa6d506a822648a94cdbf820def7e) Importer(2089858483,192608db42251d675da83286b1cce702) (ScriptedImporter) -> (artifact id: '19eeedb408f7d1b79a4f83b755346f80') in 0.0445355 seconds
Number of updated asset objects reloaded before import = 0Number of asset objects unloaded after import = 3

========================================================================
Received Import Request.
  Time since last request: 0.000021 seconds.
  path: Assets/CorgiEngine/Demos/Corgi2D/Animations/SpaceCorgi/spaceCorgiRun.anim
  artifactKey: Guid(6fe5ec382df584447ae0da1578c49fac) Importer(2089858483,192608db42251d675da83286b1cce702)
Start importing Assets/CorgiEngine/Demos/Corgi2D/Animations/SpaceCorgi/spaceCorgiRun.anim using Guid(6fe5ec382df584447ae0da1578c49fac) Importer(2089858483,192608db42251d675da83286b1cce702) (ScriptedImporter) -> (artifact id: '94e4fd9f904fc63710e49a98651d2d75') in 0.036099 seconds
Number of updated asset objects reloaded before import = 0Number of asset objects unloaded after import = 1

========================================================================
Received Import Request.
  Time since last request: 0.000023 seconds.
  path: Assets/CorgiEngine/Common/Scripts/Agents/CharacterAbilities/CharacterSpeedAnalysis.cs
  artifactKey: Guid(9a72509807286b8449c4e71ce8eb596f) Importer(2089858483,192608db42251d675da83286b1cce702)
Start importing Assets/CorgiEngine/Common/Scripts/Agents/CharacterAbilities/CharacterSpeedAnalysis.cs using Guid(9a72509807286b8449c4e71ce8eb596f) Importer(2089858483,192608db42251d675da83286b1cce702) (ScriptedImporter) -> (artifact id: '2a97a5adc715ddaceef4a8123e9e3cc8') in 0.0247836 seconds
Number of updated asset objects reloaded before import = 0Number of asset objects unloaded after import = 0

========================================================================
Received Import Request.
  Time since last request: 0.000054 seconds.
  path: Assets/CorgiEngine/Common/Scripts/Agents/CharacterAbilities/CharacterTimeControl.cs
  artifactKey: Guid(4c99ce21aee5f994ea79bc724f30dc92) Importer(2089858483,192608db42251d675da83286b1cce702)
Start importing Assets/CorgiEngine/Common/Scripts/Agents/CharacterAbilities/CharacterTimeControl.cs using Guid(4c99ce21aee5f994ea79bc724f30dc92) Importer(2089858483,192608db42251d675da83286b1cce702) (ScriptedImporter) -> (artifact id: '452c262c42646a525c3fe5327d83ce85') in 0.021999 seconds
Number of updated asset objects reloaded before import = 0Number of asset objects unloaded after import = 0

========================================================================
Received Import Request.
  Time since last request: 0.000025 seconds.
  path: Assets/CorgiEngine/Demos/Corgi2D/Prefabs/Effects/HurtEffect.prefab
  artifactKey: Guid(65c210b4af5c9d544814a1bb717df020) Importer(2089858483,192608db42251d675da83286b1cce702)
Start importing Assets/CorgiEngine/Demos/Corgi2D/Prefabs/Effects/HurtEffect.prefab using Guid(65c210b4af5c9d544814a1bb717df020) Importer(2089858483,192608db42251d675da83286b1cce702) (ScriptedImporter) -> (artifact id: '429889de668fe2402ac2ed2f2f56d67a') in 0.0818432 seconds
Number of updated asset objects reloaded before import = 0Number of asset objects unloaded after import = 7

========================================================================
Received Import Request.
  Time since last request: 0.000026 seconds.
  path: Assets/CorgiEngine/Demos/Brobro/Prefabs/Environment/TileExplosion.prefab
  artifactKey: Guid(3027c42bc7a1af94bad2502fcb157dd4) Importer(2089858483,192608db42251d675da83286b1cce702)
Start importing Assets/CorgiEngine/Demos/Brobro/Prefabs/Environment/TileExplosion.prefab using Guid(3027c42bc7a1af94bad2502fcb157dd4) Importer(2089858483,192608db42251d675da83286b1cce702) (ScriptedImporter) -> (artifact id: 'baf9952082afffedc6fc15b931707830') in 0.0865895 seconds
Number of updated asset objects reloaded before import = 0Number of asset objects unloaded after import = 7

========================================================================
Received Import Request.
  Time since last request: 0.000049 seconds.
  path: Assets/CorgiEngine/Demos/Corgi2D/Animations/Environment/bonus-block-idle.anim
  artifactKey: Guid(e838f3b74f9f14b33a00b88922b9d79d) Importer(2089858483,192608db42251d675da83286b1cce702)
Start importing Assets/CorgiEngine/Demos/Corgi2D/Animations/Environment/bonus-block-idle.anim using Guid(e838f3b74f9f14b33a00b88922b9d79d) Importer(2089858483,192608db42251d675da83286b1cce702) (ScriptedImporter) -> (artifact id: '303da1764baa9bb69474173764ad4724') in 0.0262502 seconds
Number of updated asset objects reloaded before import = 0Number of asset objects unloaded after import = 1

========================================================================
Received Import Request.
  Time since last request: 0.000053 seconds.
  path: Assets/CorgiEngine/Demos/Corgi2D/Prefabs/Effects/BlobExplosion.prefab
  artifactKey: Guid(3cfe3f9255d7aa444ad3511f18f36a43) Importer(2089858483,192608db42251d675da83286b1cce702)
Start importing Assets/CorgiEngine/Demos/Corgi2D/Prefabs/Effects/BlobExplosion.prefab using Guid(3cfe3f9255d7aa444ad3511f18f36a43) Importer(2089858483,192608db42251d675da83286b1cce702) (ScriptedImporter) -> (artifact id: '550721dc72b9f77b7dc57f2f67da691c') in 0.0835446 seconds
Number of updated asset objects reloaded before import = 0Number of asset objects unloaded after import = 8

========================================================================
Received Import Request.
  Time since last request: 0.000020 seconds.
  path: Assets/CorgiEngine/Common/Scripts/Environment/CharacterOverrides/CorgiControllerPhysicsVolume2D.cs
  artifactKey: Guid(35722bb41d365874e8c35a5085a63030) Importer(2089858483,192608db42251d675da83286b1cce702)
Start importing Assets/CorgiEngine/Common/Scripts/Environment/CharacterOverrides/CorgiControllerPhysicsVolume2D.cs using Guid(35722bb41d365874e8c35a5085a63030) Importer(2089858483,192608db42251d675da83286b1cce702) (ScriptedImporter) -> (artifact id: '195bc7ef356bfb98f379a30580e40a8e') in 0.0234582 seconds
Number of updated asset objects reloaded before import = 0Number of asset objects unloaded after import = 0

========================================================================
Received Import Request.
  Time since last request: 0.000088 seconds.
  path: Assets/CorgiEngine/Demos/Corgi2D/Prefabs/Effects/LavaMistGenerator.prefab
  artifactKey: Guid(f747a2a7a066f174c9382517d58452ed) Importer(2089858483,192608db42251d675da83286b1cce702)
Start importing Assets/CorgiEngine/Demos/Corgi2D/Prefabs/Effects/LavaMistGenerator.prefab using Guid(f747a2a7a066f174c9382517d58452ed) Importer(2089858483,192608db42251d675da83286b1cce702) (ScriptedImporter) -> (artifact id: 'f4bd91656b6ba64e68782f2210858b3b') in 0.0929614 seconds
Number of updated asset objects reloaded before import = 0Number of asset objects unloaded after import = 7

========================================================================
Received Import Request.
  Time since last request: 0.000033 seconds.
  path: Assets/CorgiEngine/Common/Scripts/Agents/CharacterAbilities/CharacterGroundNormalGravity.cs
  artifactKey: Guid(5fcfe7dd9d0c89540a1b6c4b35e5a4a9) Importer(2089858483,192608db42251d675da83286b1cce702)
Start importing Assets/CorgiEngine/Common/Scripts/Agents/CharacterAbilities/CharacterGroundNormalGravity.cs using Guid(5fcfe7dd9d0c89540a1b6c4b35e5a4a9) Importer(2089858483,192608db42251d675da83286b1cce702) (ScriptedImporter) -> (artifact id: 'db5dad5916d0a1bcade1809a9712b35b') in 0.0282369 seconds
Number of updated asset objects reloaded before import = 0Number of asset objects unloaded after import = 0

========================================================================
Received Import Request.
  Time since last request: 0.000082 seconds.
  path: Assets/CorgiEngine/Common/Scripts/Agents/Damage/DamageType.cs
  artifactKey: Guid(751e5ce7a89c2914093e25a1e58f6272) Importer(2089858483,192608db42251d675da83286b1cce702)
Start importing Assets/CorgiEngine/Common/Scripts/Agents/Damage/DamageType.cs using Guid(751e5ce7a89c2914093e25a1e58f6272) Importer(2089858483,192608db42251d675da83286b1cce702) (ScriptedImporter) -> (artifact id: '992d019f8a83bce57208a5e2af6dc574') in 0.0185131 seconds
Number of updated asset objects reloaded before import = 0Number of asset objects unloaded after import = 0

========================================================================
Received Import Request.
  Time since last request: 0.000134 seconds.
  path: Assets/CorgiEngine/Demos/Corgi2D/Animations/SpaceCorgi/spaceCorgiDash.anim
  artifactKey: Guid(15a6c6cf81a7f0c45bab5c0fc5eea2ec) Importer(2089858483,192608db42251d675da83286b1cce702)
Start importing Assets/CorgiEngine/Demos/Corgi2D/Animations/SpaceCorgi/spaceCorgiDash.anim using Guid(15a6c6cf81a7f0c45bab5c0fc5eea2ec) Importer(2089858483,192608db42251d675da83286b1cce702) (ScriptedImporter) -> (artifact id: '47b1c38852b20635369aaa82e7953eb2') in 0.0286967 seconds
Number of updated asset objects reloaded before import = 0Number of asset objects unloaded after import = 1

========================================================================
Received Import Request.
  Time since last request: 0.000025 seconds.
  path: Assets/CorgiEngine/Common/Scripts/Camera/Regular/LevelBackground.cs
  artifactKey: Guid(293fb9332e38a406982c973225f851bc) Importer(2089858483,192608db42251d675da83286b1cce702)
Start importing Assets/CorgiEngine/Common/Scripts/Camera/Regular/LevelBackground.cs using Guid(293fb9332e38a406982c973225f851bc) Importer(2089858483,192608db42251d675da83286b1cce702) (ScriptedImporter) -> (artifact id: '75745314d3ec8d8c40d9f70be01fa6ad') in 0.0248957 seconds
Number of updated asset objects reloaded before import = 0Number of asset objects unloaded after import = 0

========================================================================
Received Import Request.
  Time since last request: 0.000108 seconds.
  path: Assets/CorgiEngine/Demos/Corgi2D/Prefabs/Effects/CoinBurst.prefab
  artifactKey: Guid(d6f0719e1f6f54cadbc5c666ead13643) Importer(2089858483,192608db42251d675da83286b1cce702)
Start importing Assets/CorgiEngine/Demos/Corgi2D/Prefabs/Effects/CoinBurst.prefab using Guid(d6f0719e1f6f54cadbc5c666ead13643) Importer(2089858483,192608db42251d675da83286b1cce702) (ScriptedImporter) -> (artifact id: '43ba907eafdf662e89558bb87dc4a972') in 0.0848694 seconds
Number of updated asset objects reloaded before import = 0Number of asset objects unloaded after import = 7

========================================================================
Received Import Request.
  Time since last request: 0.000022 seconds.
  path: Assets/CorgiEngine/Demos/Corgi2D/Animations/AI/urchinAnimator.controller
  artifactKey: Guid(d24b2edeb99f55047a2223beeb093aab) Importer(2089858483,192608db42251d675da83286b1cce702)
Start importing Assets/CorgiEngine/Demos/Corgi2D/Animations/AI/urchinAnimator.controller using Guid(d24b2edeb99f55047a2223beeb093aab) Importer(2089858483,192608db42251d675da83286b1cce702) (ScriptedImporter) -> (artifact id: '37c75cd3b2b6938aaf0f2dd5de2a652a') in 0.0189745 seconds
Number of updated asset objects reloaded before import = 0Number of asset objects unloaded after import = 4

========================================================================
Received Import Request.
  Time since last request: 0.000023 seconds.
  path: Assets/CorgiEngine/Demos/Corgi2D/Animations/Environment/bonus-block-off.anim
  artifactKey: Guid(c4ae2473d7449f74b8a751b1364db695) Importer(2089858483,192608db42251d675da83286b1cce702)
Start importing Assets/CorgiEngine/Demos/Corgi2D/Animations/Environment/bonus-block-off.anim using Guid(c4ae2473d7449f74b8a751b1364db695) Importer(2089858483,192608db42251d675da83286b1cce702) (ScriptedImporter) -> (artifact id: 'e1d2d400bcd23a80ca576f7c1fe86cb9') in 0.0254299 seconds
Number of updated asset objects reloaded before import = 0Number of asset objects unloaded after import = 1

========================================================================
Received Import Request.
  Time since last request: 0.000028 seconds.
  path: Assets/CorgiEngine/Demos/Brobro/Prefabs/Environment/BrobroTilesTop.prefab
  artifactKey: Guid(1266857152345834198f7887ba73d6a8) Importer(2089858483,192608db42251d675da83286b1cce702)
Start importing Assets/CorgiEngine/Demos/Brobro/Prefabs/Environment/BrobroTilesTop.prefab using Guid(1266857152345834198f7887ba73d6a8) Importer(2089858483,192608db42251d675da83286b1cce702) (ScriptedImporter) -> (artifact id: 'd582c47ed3cf9b16edacfcc0822d5bff') in 0.1170368 seconds
Number of updated asset objects reloaded before import = 0Number of asset objects unloaded after import = 25

========================================================================
Received Import Request.
  Time since last request: 0.000035 seconds.
  path: Assets/CorgiEngine/Demos/Corgi2D/Materials/Sprites/urchinParticle.png
  artifactKey: Guid(38193b630a65e514dbfc13cd6a4cd6c8) Importer(2089858483,192608db42251d675da83286b1cce702)
Start importing Assets/CorgiEngine/Demos/Corgi2D/Materials/Sprites/urchinParticle.png using Guid(38193b630a65e514dbfc13cd6a4cd6c8) Importer(2089858483,192608db42251d675da83286b1cce702) (ScriptedImporter) -> (artifact id: 'eb8dea72f10a46c717d719a10d3fa329') in 0.0526349 seconds
Number of updated asset objects reloaded before import = 0Number of asset objects unloaded after import = 3

========================================================================
Received Import Request.
  Time since last request: 0.000031 seconds.
  path: Assets/CorgiEngine/Common/Scripts/Camera/Regular/MMCameraEvent.cs
  artifactKey: Guid(7d14bce57e735d34d9af865c610e0072) Importer(2089858483,192608db42251d675da83286b1cce702)
Start importing Assets/CorgiEngine/Common/Scripts/Camera/Regular/MMCameraEvent.cs using Guid(7d14bce57e735d34d9af865c610e0072) Importer(2089858483,192608db42251d675da83286b1cce702) (ScriptedImporter) -> (artifact id: '64ff313417f587b3de4e530a6f7bfbd1') in 0.0264832 seconds
Number of updated asset objects reloaded before import = 0Number of asset objects unloaded after import = 0

========================================================================
Received Import Request.
  Time since last request: 0.000068 seconds.
  path: Assets/CorgiEngine/Demos/Corgi2D/Animations/AI/cactus.anim
  artifactKey: Guid(00d7bba5cb769db42bfe4198f1fd2fc3) Importer(2089858483,192608db42251d675da83286b1cce702)
Start importing Assets/CorgiEngine/Demos/Corgi2D/Animations/AI/cactus.anim using Guid(00d7bba5cb769db42bfe4198f1fd2fc3) Importer(2089858483,192608db42251d675da83286b1cce702) (ScriptedImporter) -> (artifact id: 'caece93b34ca8b499b15bcdcf74f516b') in 0.0272694 seconds
Number of updated asset objects reloaded before import = 0Number of asset objects unloaded after import = 1

========================================================================
Received Import Request.
  Time since last request: 0.000029 seconds.
  path: Assets/CorgiEngine/Common/Scripts/Agents/Damage/DamageOnTouch.cs
  artifactKey: Guid(76891b3b532f84acaaeed44c357bd00c) Importer(2089858483,192608db42251d675da83286b1cce702)
Start importing Assets/CorgiEngine/Common/Scripts/Agents/Damage/DamageOnTouch.cs using Guid(76891b3b532f84acaaeed44c357bd00c) Importer(2089858483,192608db42251d675da83286b1cce702) (ScriptedImporter) -> (artifact id: '778f4bc1776f451587d2cc1e2137431c') in 0.0280041 seconds
Number of updated asset objects reloaded before import = 0Number of asset objects unloaded after import = 0

========================================================================
Received Import Request.
  Time since last request: 0.000115 seconds.
  path: Assets/CorgiEngine/Demos/Corgi2D/Materials/Sprites/bubble.png
  artifactKey: Guid(a6419ff5dbb196b4c976cc155c13cb74) Importer(2089858483,192608db42251d675da83286b1cce702)
Start importing Assets/CorgiEngine/Demos/Corgi2D/Materials/Sprites/bubble.png using Guid(a6419ff5dbb196b4c976cc155c13cb74) Importer(2089858483,192608db42251d675da83286b1cce702) (ScriptedImporter) -> (artifact id: '5f3c5fb907323f4c3d70a7937dda029f') in 0.0478428 seconds
Number of updated asset objects reloaded before import = 0Number of asset objects unloaded after import = 3

========================================================================
Received Import Request.
  Time since last request: 0.000025 seconds.
  path: Assets/CorgiEngine/Common/Scripts/Agents/CharacterAbilities/CharacterLedgeHang.cs
  artifactKey: Guid(02eb8e682804dbf4e911358f7de6d3d0) Importer(2089858483,192608db42251d675da83286b1cce702)
Start importing Assets/CorgiEngine/Common/Scripts/Agents/CharacterAbilities/CharacterLedgeHang.cs using Guid(02eb8e682804dbf4e911358f7de6d3d0) Importer(2089858483,192608db42251d675da83286b1cce702) (ScriptedImporter) -> (artifact id: '2ac15c3789a391af64e4ad7189d64379') in 0.0214061 seconds
Number of updated asset objects reloaded before import = 0Number of asset objects unloaded after import = 0

========================================================================
Received Import Request.
  Time since last request: 0.000084 seconds.
  path: Assets/CorgiEngine/Demos/Corgi2D/Animations/SpaceCorgi/spaceCorgiCrouchWalk.anim
  artifactKey: Guid(f2a8c89084241e64582a1b2213b2f519) Importer(2089858483,192608db42251d675da83286b1cce702)
Start importing Assets/CorgiEngine/Demos/Corgi2D/Animations/SpaceCorgi/spaceCorgiCrouchWalk.anim using Guid(f2a8c89084241e64582a1b2213b2f519) Importer(2089858483,192608db42251d675da83286b1cce702) (ScriptedImporter) -> (artifact id: 'a968028713a65f716e7a75943d522fd0') in 0.0274586 seconds
Number of updated asset objects reloaded before import = 0Number of asset objects unloaded after import = 1

========================================================================
Received Import Request.
  Time since last request: 0.000069 seconds.
  path: Assets/CorgiEngine/Demos/Brobro/Prefabs/PlayableCharacters/spine-brobro.prefab
  artifactKey: Guid(88f32f51e1fe76f458a36ab54990f43f) Importer(2089858483,192608db42251d675da83286b1cce702)
Start importing Assets/CorgiEngine/Demos/Brobro/Prefabs/PlayableCharacters/spine-brobro.prefab using Guid(88f32f51e1fe76f458a36ab54990f43f) Importer(2089858483,192608db42251d675da83286b1cce702) (ScriptedImporter) -> (artifact id: '86a1b9b8de1aa23d99d7e9755ce70b78') in 0.2024393 seconds
Number of updated asset objects reloaded before import = 0Number of asset objects unloaded after import = 242

========================================================================
Received Import Request.
  Time since last request: 0.000035 seconds.
  path: Assets/CorgiEngine/Common/Scripts/Environment/CharacterOverrides/CharacterJumpOverride.cs
  artifactKey: Guid(608471f40ad03423db1154afafc5fd13) Importer(2089858483,192608db42251d675da83286b1cce702)
Start importing Assets/CorgiEngine/Common/Scripts/Environment/CharacterOverrides/CharacterJumpOverride.cs using Guid(608471f40ad03423db1154afafc5fd13) Importer(2089858483,192608db42251d675da83286b1cce702) (ScriptedImporter) -> (artifact id: 'e07c881ce4789978527885fbc935941f') in 0.0249297 seconds
Number of updated asset objects reloaded before import = 0Number of asset objects unloaded after import = 0

========================================================================
Received Import Request.
  Time since last request: 0.000033 seconds.
  path: Assets/CorgiEngine/Common/Scripts/Agents/CharacterAbilities/CharacterBounce.cs
  artifactKey: Guid(c5fa321019baa48409c904b77983f8f7) Importer(2089858483,192608db42251d675da83286b1cce702)
Start importing Assets/CorgiEngine/Common/Scripts/Agents/CharacterAbilities/CharacterBounce.cs using Guid(c5fa321019baa48409c904b77983f8f7) Importer(2089858483,192608db42251d675da83286b1cce702) (ScriptedImporter) -> (artifact id: '0b6cb03e9dcc637cb6fc3835bf1be5fd') in 0.0224248 seconds
Number of updated asset objects reloaded before import = 0Number of asset objects unloaded after import = 0

========================================================================
Received Import Request.
  Time since last request: 0.000088 seconds.
  path: Assets/CorgiEngine/Demos/Corgi2D/Animations/SpaceCorgi/spaceCorgiMelee.anim
  artifactKey: Guid(0a565eaf3e4100f4aab3fad92ab3ef4c) Importer(2089858483,192608db42251d675da83286b1cce702)
Start importing Assets/CorgiEngine/Demos/Corgi2D/Animations/SpaceCorgi/spaceCorgiMelee.anim using Guid(0a565eaf3e4100f4aab3fad92ab3ef4c) Importer(2089858483,192608db42251d675da83286b1cce702) (ScriptedImporter) -> (artifact id: 'cf7089e5df1456536ad5b462b9786196') in 0.0239592 seconds
Number of updated asset objects reloaded before import = 0Number of asset objects unloaded after import = 1

========================================================================
Received Import Request.
  Time since last request: 0.000049 seconds.
  path: Assets/CorgiEngine/Common/Scripts/Agents/Damage/DamageResistance.cs
  artifactKey: Guid(3401e8d9208e6544cbc8ca02d810b3b3) Importer(2089858483,192608db42251d675da83286b1cce702)
Start importing Assets/CorgiEngine/Common/Scripts/Agents/Damage/DamageResistance.cs using Guid(3401e8d9208e6544cbc8ca02d810b3b3) Importer(2089858483,192608db42251d675da83286b1cce702) (ScriptedImporter) -> (artifact id: '6996219bff62a2699f0bb43a4bee017b') in 0.0214731 seconds
Number of updated asset objects reloaded before import = 0Number of asset objects unloaded after import = 0

========================================================================
Received Import Request.
  Time since last request: 0.000068 seconds.
  path: Assets/CorgiEngine/Common/Scripts/Agents/Weapons/Weapon.cs
  artifactKey: Guid(e8392d75dc5cc4174adffea150b3dae9) Importer(2089858483,192608db42251d675da83286b1cce702)
Start importing Assets/CorgiEngine/Common/Scripts/Agents/Weapons/Weapon.cs using Guid(e8392d75dc5cc4174adffea150b3dae9) Importer(2089858483,192608db42251d675da83286b1cce702) (ScriptedImporter) -> (artifact id: 'c0f9109bca1be2ce83d325b54778cfdf') in 0.0237947 seconds
Number of updated asset objects reloaded before import = 0Number of asset objects unloaded after import = 0

========================================================================
Received Import Request.
  Time since last request: 0.000054 seconds.
  path: Assets/CorgiEngine/Demos/Corgi2D/Materials/Sprites/robotExplosionParticle.png
  artifactKey: Guid(039630f89fe6a9449b5bf038ba8d0dff) Importer(2089858483,192608db42251d675da83286b1cce702)
Start importing Assets/CorgiEngine/Demos/Corgi2D/Materials/Sprites/robotExplosionParticle.png using Guid(039630f89fe6a9449b5bf038ba8d0dff) Importer(2089858483,192608db42251d675da83286b1cce702) (ScriptedImporter) -> (artifact id: 'd2813f72b3875b185dc9d8dfa0325f17') in 0.0452178 seconds
Number of updated asset objects reloaded before import = 0Number of asset objects unloaded after import = 3

========================================================================
Received Import Request.
  Time since last request: 0.000022 seconds.
  path: Assets/CorgiEngine/Demos/Corgi2D/Animations/SpaceCorgi/spaceCorgiShootDiagonalDown.anim
  artifactKey: Guid(5a023055a65e310469c7562f410de331) Importer(2089858483,192608db42251d675da83286b1cce702)
Start importing Assets/CorgiEngine/Demos/Corgi2D/Animations/SpaceCorgi/spaceCorgiShootDiagonalDown.anim using Guid(5a023055a65e310469c7562f410de331) Importer(2089858483,192608db42251d675da83286b1cce702) (ScriptedImporter) -> (artifact id: '9383adcb602b283a6200c4e75740b2a5') in 0.023728 seconds
Number of updated asset objects reloaded before import = 0Number of asset objects unloaded after import = 1

========================================================================
Received Import Request.
  Time since last request: 0.000020 seconds.
  path: Assets/CorgiEngine/Common/Scripts/Agents/CharacterAbilities/CharacterAutoMovement.cs
  artifactKey: Guid(3a406f01fa568614da05ce047e8447b7) Importer(2089858483,192608db42251d675da83286b1cce702)
Start importing Assets/CorgiEngine/Common/Scripts/Agents/CharacterAbilities/CharacterAutoMovement.cs using Guid(3a406f01fa568614da05ce047e8447b7) Importer(2089858483,192608db42251d675da83286b1cce702) (ScriptedImporter) -> (artifact id: '36c93a5746180ce9d16e2107bb73149f') in 0.0203754 seconds
Number of updated asset objects reloaded before import = 0Number of asset objects unloaded after import = 0

========================================================================
Received Import Request.
  Time since last request: 0.000080 seconds.
  path: Assets/CorgiEngine/Common/Scripts/Agents/CharacterAbilities/CharacterJump.cs
  artifactKey: Guid(f1c1a8bab4d234998bcbc559bb58fa11) Importer(2089858483,192608db42251d675da83286b1cce702)
Start importing Assets/CorgiEngine/Common/Scripts/Agents/CharacterAbilities/CharacterJump.cs using Guid(f1c1a8bab4d234998bcbc559bb58fa11) Importer(2089858483,192608db42251d675da83286b1cce702) (ScriptedImporter) -> (artifact id: '9960c98582a2c3c5cc6199a498707d4f') in 0.021566 seconds
Number of updated asset objects reloaded before import = 0Number of asset objects unloaded after import = 0

========================================================================
Received Import Request.
  Time since last request: 0.000114 seconds.
  path: Assets/CorgiEngine/Common/Scripts/Agents/CharacterAbilities/CharacterCrushDetection.cs
  artifactKey: Guid(e0cd7014150f15c4f8cc0df653c2f419) Importer(2089858483,192608db42251d675da83286b1cce702)
Start importing Assets/CorgiEngine/Common/Scripts/Agents/CharacterAbilities/CharacterCrushDetection.cs using Guid(e0cd7014150f15c4f8cc0df653c2f419) Importer(2089858483,192608db42251d675da83286b1cce702) (ScriptedImporter) -> (artifact id: '3c78d94eb8618f2711c1cf51d0aeccb1') in 0.0239727 seconds
Number of updated asset objects reloaded before import = 0Number of asset objects unloaded after import = 0

========================================================================
Received Import Request.
  Time since last request: 0.000048 seconds.
  path: Assets/CorgiEngine/Common/Scripts/Agents/CorgiController/CorgiControllerState.cs
  artifactKey: Guid(422b620d4d9a2422e9d2824c0df1068e) Importer(2089858483,192608db42251d675da83286b1cce702)
Start importing Assets/CorgiEngine/Common/Scripts/Agents/CorgiController/CorgiControllerState.cs using Guid(422b620d4d9a2422e9d2824c0df1068e) Importer(2089858483,192608db42251d675da83286b1cce702) (ScriptedImporter) -> (artifact id: 'ec480290ffd16d864018e4f56c51cb7a') in 0.0254409 seconds
Number of updated asset objects reloaded before import = 0Number of asset objects unloaded after import = 0

========================================================================
Received Import Request.
  Time since last request: 0.000058 seconds.
  path: Assets/CorgiEngine/Demos/Corgi2D/Animations/Items/coinAnimator.controller
  artifactKey: Guid(5a77da222169cf242b00c102ea2252b5) Importer(2089858483,192608db42251d675da83286b1cce702)
Start importing Assets/CorgiEngine/Demos/Corgi2D/Animations/Items/coinAnimator.controller using Guid(5a77da222169cf242b00c102ea2252b5) Importer(2089858483,192608db42251d675da83286b1cce702) (ScriptedImporter) -> (artifact id: 'cfee8491b55b8ec73e8fe337bea44af2') in 0.0204906 seconds
Number of updated asset objects reloaded before import = 0Number of asset objects unloaded after import = 4

========================================================================
Received Import Request.
  Time since last request: 0.000035 seconds.
  path: Assets/CorgiEngine/Demos/Brobro/Spine/Brobro/space-corgi.atlas.txt
  artifactKey: Guid(6ac7c7894f3e27841bffafa1c149fc21) Importer(2089858483,192608db42251d675da83286b1cce702)
Start importing Assets/CorgiEngine/Demos/Brobro/Spine/Brobro/space-corgi.atlas.txt using Guid(6ac7c7894f3e27841bffafa1c149fc21) Importer(2089858483,192608db42251d675da83286b1cce702) (ScriptedImporter) -> (artifact id: '3805003057ff890d3a2804476840cf99') in 0.0194068 seconds
Number of updated asset objects reloaded before import = 0Number of asset objects unloaded after import = 1

========================================================================
Received Import Request.
  Time since last request: 0.000073 seconds.
  path: Assets/CorgiEngine/Demos/Corgi2D/Prefabs/AI/blueRobot.prefab
  artifactKey: Guid(11be55862a4122b47b68bb90b41b9e8f) Importer(2089858483,192608db42251d675da83286b1cce702)
Start importing Assets/CorgiEngine/Demos/Corgi2D/Prefabs/AI/blueRobot.prefab using Guid(11be55862a4122b47b68bb90b41b9e8f) Importer(2089858483,192608db42251d675da83286b1cce702) (ScriptedImporter) -> (artifact id: 'dbe4914a4cd27645af1c155cfcd61629') in 0.183766 seconds
Number of updated asset objects reloaded before import = 0Number of asset objects unloaded after import = 95

========================================================================
Received Import Request.
  Time since last request: 0.597963 seconds.
  path: Assets/CorgiEngine/Demos/Corgi2D/Prefabs/Effects/TouchTheGroundEffect.prefab
  artifactKey: Guid(99008e88ac04f1a45997d51439bcf4d1) Importer(2089858483,192608db42251d675da83286b1cce702)
Start importing Assets/CorgiEngine/Demos/Corgi2D/Prefabs/Effects/TouchTheGroundEffect.prefab using Guid(99008e88ac04f1a45997d51439bcf4d1) Importer(2089858483,192608db42251d675da83286b1cce702) (ScriptedImporter) -> (artifact id: '4057545fb8e0e95c4a071bc13962ac2b') in 0.0869057 seconds
Number of updated asset objects reloaded before import = 0Number of asset objects unloaded after import = 8

========================================================================
Received Import Request.
  Time since last request: 0.000025 seconds.
  path: Assets/CorgiEngine/Demos/Minimal/Prefabs/Platforms/Platform400x100.prefab
  artifactKey: Guid(cc9781099459b984aa829cbc42f3b595) Importer(2089858483,192608db42251d675da83286b1cce702)
Start importing Assets/CorgiEngine/Demos/Minimal/Prefabs/Platforms/Platform400x100.prefab using Guid(cc9781099459b984aa829cbc42f3b595) Importer(2089858483,192608db42251d675da83286b1cce702) (ScriptedImporter) -> (artifact id: 'f2b8a16e1b158663b21c6d96fd86d7e6') in 0.0598717 seconds
Number of updated asset objects reloaded before import = 0Number of asset objects unloaded after import = 8

========================================================================
Received Import Request.
  Time since last request: 0.000058 seconds.
  path: Assets/CorgiEngine/Demos/Corgi3D/Models/NewCorgi3D/NewCorgi@Walking.fbx
  artifactKey: Guid(7c2dc12c214fd704085970f6171070fa) Importer(2089858483,192608db42251d675da83286b1cce702)
Start importing Assets/CorgiEngine/Demos/Corgi3D/Models/NewCorgi3D/NewCorgi@Walking.fbx using Guid(7c2dc12c214fd704085970f6171070fa) Importer(2089858483,192608db42251d675da83286b1cce702) (ScriptedImporter) -> (artifact id: 'cf16e38bbd84fa3b851ee02e3e47c5ff') in 0.0937587 seconds
Number of updated asset objects reloaded before import = 0Number of asset objects unloaded after import = 57

========================================================================
Received Import Request.
  Time since last request: 0.000072 seconds.
  path: Assets/CorgiEngine/Demos/Corgi3D/Models/NewCorgi3D/NewCorgi@Flying.fbx
  artifactKey: Guid(0b0a63245d3357345986da49a64df5bc) Importer(2089858483,192608db42251d675da83286b1cce702)
Start importing Assets/CorgiEngine/Demos/Corgi3D/Models/NewCorgi3D/NewCorgi@Flying.fbx using Guid(0b0a63245d3357345986da49a64df5bc) Importer(2089858483,192608db42251d675da83286b1cce702) (ScriptedImporter) -> (artifact id: '1cea1349efaab3197db75f3aa3e06c61') in 0.0480889 seconds
Number of updated asset objects reloaded before import = 0Number of asset objects unloaded after import = 57

========================================================================
Received Import Request.
  Time since last request: 0.000018 seconds.
  path: Assets/CorgiEngine/Demos/Corgi2D/Sprites/SpaceCorgi/spacecorgi_flat-shoot.png
  artifactKey: Guid(5e30f98e97ee5634eb503a68f098f938) Importer(2089858483,192608db42251d675da83286b1cce702)
Start importing Assets/CorgiEngine/Demos/Corgi2D/Sprites/SpaceCorgi/spacecorgi_flat-shoot.png using Guid(5e30f98e97ee5634eb503a68f098f938) Importer(2089858483,192608db42251d675da83286b1cce702) (ScriptedImporter) -> (artifact id: '294662e5e566ee2a7bc699fe10067004') in 0.1324911 seconds
Number of updated asset objects reloaded before import = 0Number of asset objects unloaded after import = 27

========================================================================
Received Import Request.
  Time since last request: 0.000029 seconds.
  path: Assets/CorgiEngine/Demos/Corgi2D/Prefabs/Items/MagneticCoin.prefab
  artifactKey: Guid(4c7e0da207bf63e4782eec03cdfba0a8) Importer(2089858483,192608db42251d675da83286b1cce702)
Start importing Assets/CorgiEngine/Demos/Corgi2D/Prefabs/Items/MagneticCoin.prefab using Guid(4c7e0da207bf63e4782eec03cdfba0a8) Importer(2089858483,192608db42251d675da83286b1cce702) (ScriptedImporter) -> (artifact id: '2d00f93c1c68dee439739de8e65dbe22') in 0.0453472 seconds
Number of updated asset objects reloaded before import = 0Number of asset objects unloaded after import = 25

========================================================================
Received Import Request.
  Time since last request: 0.000062 seconds.
  path: Assets/CorgiEngine/Demos/Corgi3D/Textures/Skybox/Corgi3DSkyboxRight.png
  artifactKey: Guid(700c995183638224ca9a4cede16f68a3) Importer(2089858483,192608db42251d675da83286b1cce702)
Start importing Assets/CorgiEngine/Demos/Corgi3D/Textures/Skybox/Corgi3DSkyboxRight.png using Guid(700c995183638224ca9a4cede16f68a3) Importer(2089858483,192608db42251d675da83286b1cce702) (ScriptedImporter) -> (artifact id: '55d7f8415ea9e7748afc7457fe5a8f85') in 0.0466035 seconds
Number of updated asset objects reloaded before import = 0Number of asset objects unloaded after import = 3

========================================================================
Received Import Request.
  Time since last request: 0.000025 seconds.
  path: Assets/CorgiEngine/Demos/Minimal/Prefabs/Props/MinimalShootingRangeTarget.prefab
  artifactKey: Guid(f14b4657bb83241499634c2a3e354883) Importer(2089858483,192608db42251d675da83286b1cce702)
Start importing Assets/CorgiEngine/Demos/Minimal/Prefabs/Props/MinimalShootingRangeTarget.prefab using Guid(f14b4657bb83241499634c2a3e354883) Importer(2089858483,192608db42251d675da83286b1cce702) (ScriptedImporter) -> (artifact id: '5146f4c9798acb839a6d1469ba16c29c') in 0.0835204 seconds
Number of updated asset objects reloaded before import = 0Number of asset objects unloaded after import = 42

========================================================================
Received Import Request.
  Time since last request: 0.000027 seconds.
  path: Assets/CorgiEngine/Demos/Minimal/Resources/Items/TimeModifier.asset
  artifactKey: Guid(27b26762d7190ad48bff80a0fa5dce03) Importer(2089858483,192608db42251d675da83286b1cce702)
Start importing Assets/CorgiEngine/Demos/Minimal/Resources/Items/TimeModifier.asset using Guid(27b26762d7190ad48bff80a0fa5dce03) Importer(2089858483,192608db42251d675da83286b1cce702) (ScriptedImporter) -> (artifact id: '28c868832c9ec504d747fd1a478f85de') in 0.0772298 seconds
Number of updated asset objects reloaded before import = 0Number of asset objects unloaded after import = 20

========================================================================
Received Import Request.
  Time since last request: 0.000031 seconds.
  path: Assets/CorgiEngine/Demos/Minimal/Prefabs/Props/MinimalAutoMovementControlZone.prefab
  artifactKey: Guid(61780f12748b33142a3c75bef581172a) Importer(2089858483,192608db42251d675da83286b1cce702)
Start importing Assets/CorgiEngine/Demos/Minimal/Prefabs/Props/MinimalAutoMovementControlZone.prefab using Guid(61780f12748b33142a3c75bef581172a) Importer(2089858483,192608db42251d675da83286b1cce702) (ScriptedImporter) -> (artifact id: '56a6f7522c65496f9880d78488650ca0') in 0.0469215 seconds
Number of updated asset objects reloaded before import = 0Number of asset objects unloaded after import = 9

========================================================================
Received Import Request.
  Time since last request: 0.000036 seconds.
  path: Assets/CorgiEngine/Demos/Corgi2D/Sprites/SpaceCorgi/spacecorgi-shootUp.png
  artifactKey: Guid(5e95e4cba05e68142938724e738d63a1) Importer(2089858483,192608db42251d675da83286b1cce702)
Start importing Assets/CorgiEngine/Demos/Corgi2D/Sprites/SpaceCorgi/spacecorgi-shootUp.png using Guid(5e95e4cba05e68142938724e738d63a1) Importer(2089858483,192608db42251d675da83286b1cce702) (ScriptedImporter) -> (artifact id: '35f69b6e8728ec27cdf34709789d2891') in 0.0420962 seconds
Number of updated asset objects reloaded before import = 0Number of asset objects unloaded after import = 3

========================================================================
Received Import Request.
  Time since last request: 0.000029 seconds.
  path: Assets/CorgiEngine/Demos/Corgi3D/Prefabs/PlatformsBlue/point5xpoint5 Blue.prefab
  artifactKey: Guid(c95a309405a733149a19f7450824e0a4) Importer(2089858483,192608db42251d675da83286b1cce702)
Start importing Assets/CorgiEngine/Demos/Corgi3D/Prefabs/PlatformsBlue/point5xpoint5 Blue.prefab using Guid(c95a309405a733149a19f7450824e0a4) Importer(2089858483,192608db42251d675da83286b1cce702) (ScriptedImporter) -> (artifact id: '7e8896990bc6887e9d4d6dbb80c21860') in 0.0423952 seconds
Number of updated asset objects reloaded before import = 0Number of asset objects unloaded after import = 8

========================================================================
Received Import Request.
  Time since last request: 0.000022 seconds.
  path: Assets/CorgiEngine/Demos/Minimal/Prefabs/ItemPickers/MinimalYellowChest.prefab
  artifactKey: Guid(f0b40bfba59dc41789c98c367bb1643a) Importer(2089858483,192608db42251d675da83286b1cce702)
Start importing Assets/CorgiEngine/Demos/Minimal/Prefabs/ItemPickers/MinimalYellowChest.prefab using Guid(f0b40bfba59dc41789c98c367bb1643a) Importer(2089858483,192608db42251d675da83286b1cce702) (ScriptedImporter) -> (artifact id: 'dcc1d5d171c5906622bfff1bcd04efef') in 0.0692924 seconds
Number of updated asset objects reloaded before import = 0Number of asset objects unloaded after import = 55

========================================================================
Received Import Request.
  Time since last request: 0.000028 seconds.
  path: Assets/CorgiEngine/Demos/Minimal/Sprites/Rectangle/RectangleCrouchWalk.png
  artifactKey: Guid(6741f0224755ebe42979c2791bea17e8) Importer(2089858483,192608db42251d675da83286b1cce702)
Start importing Assets/CorgiEngine/Demos/Minimal/Sprites/Rectangle/RectangleCrouchWalk.png using Guid(6741f0224755ebe42979c2791bea17e8) Importer(2089858483,192608db42251d675da83286b1cce702) (ScriptedImporter) -> (artifact id: 'e2f3d1955f3d601e38b6aa4d979138c0') in 0.1735575 seconds
Number of updated asset objects reloaded before import = 0Number of asset objects unloaded after import = 32

========================================================================
Received Import Request.
  Time since last request: 0.000021 seconds.
  path: Assets/CorgiEngine/Demos/Corgi3D/Models/NewCorgi3D/NewCorgi@TPose.fbx
  artifactKey: Guid(b575174974cb6f641962640d3d25fec0) Importer(2089858483,192608db42251d675da83286b1cce702)
Start importing Assets/CorgiEngine/Demos/Corgi3D/Models/NewCorgi3D/NewCorgi@TPose.fbx using Guid(b575174974cb6f641962640d3d25fec0) Importer(2089858483,192608db42251d675da83286b1cce702) (ScriptedImporter) -> (artifact id: '88bc47f92371c1488409cbd4b2ed7903') in 0.0932893 seconds
Number of updated asset objects reloaded before import = 0Number of asset objects unloaded after import = 62

========================================================================
Received Import Request.
  Time since last request: 0.000029 seconds.
  path: Assets/CorgiEngine/Demos/Minimal/Prefabs/Platforms/Platform500x100.prefab
  artifactKey: Guid(8c5c1060032b8b84c9d52301b766ada7) Importer(2089858483,192608db42251d675da83286b1cce702)
Start importing Assets/CorgiEngine/Demos/Minimal/Prefabs/Platforms/Platform500x100.prefab using Guid(8c5c1060032b8b84c9d52301b766ada7) Importer(2089858483,192608db42251d675da83286b1cce702) (ScriptedImporter) -> (artifact id: '0647e52558ff5f7f68ebf9537853e5ca') in 0.0382462 seconds
Number of updated asset objects reloaded before import = 0Number of asset objects unloaded after import = 8

========================================================================
Received Import Request.
  Time since last request: 0.000027 seconds.
  path: Assets/CorgiEngine/Demos/Minimal/Sprites/Rectangle/RectangleClimbMove.png
  artifactKey: Guid(606cd4f117644ee47a1603ffc1d23393) Importer(2089858483,192608db42251d675da83286b1cce702)
Start importing Assets/CorgiEngine/Demos/Minimal/Sprites/Rectangle/RectangleClimbMove.png using Guid(606cd4f117644ee47a1603ffc1d23393) Importer(2089858483,192608db42251d675da83286b1cce702) (ScriptedImporter) -> (artifact id: 'f18ff7d4705d18fa9d44398afbb11ec3') in 0.3337908 seconds
Number of updated asset objects reloaded before import = 0Number of asset objects unloaded after import = 69

========================================================================
Received Import Request.
  Time since last request: 0.000039 seconds.
  path: Assets/CorgiEngine/Demos/Corgi2D/Spine/SpaceCorgi/space-corgi.atlas.txt
  artifactKey: Guid(0be17c0e441348b4aab1e11a3d22242b) Importer(2089858483,192608db42251d675da83286b1cce702)
Start importing Assets/CorgiEngine/Demos/Corgi2D/Spine/SpaceCorgi/space-corgi.atlas.txt using Guid(0be17c0e441348b4aab1e11a3d22242b) Importer(2089858483,192608db42251d675da83286b1cce702) (ScriptedImporter) -> (artifact id: '2ea93fa7cb1b8e1f8241bedda2b2b48d') in 0.0268457 seconds
Number of updated asset objects reloaded before import = 0Number of asset objects unloaded after import = 1

========================================================================
Received Import Request.
  Time since last request: 0.000036 seconds.
  path: Assets/CorgiEngine/Demos/Corgi3D/Models/Props/ladder.obj
  artifactKey: Guid(41d204d4a46be534ab1ae8481d2aeaad) Importer(2089858483,192608db42251d675da83286b1cce702)
Start importing Assets/CorgiEngine/Demos/Corgi3D/Models/Props/ladder.obj using Guid(41d204d4a46be534ab1ae8481d2aeaad) Importer(2089858483,192608db42251d675da83286b1cce702) (ScriptedImporter) -> (artifact id: 'c67ecd8b63ccfd5c37173e3c80e952b6') in 0.034145 seconds
Number of updated asset objects reloaded before import = 0Number of asset objects unloaded after import = 9

========================================================================
Received Import Request.
  Time since last request: 0.000023 seconds.
  path: Assets/CorgiEngine/Demos/Corgi3D/Models/Props/LadderPlatform.obj
  artifactKey: Guid(019506cbcefdfe243913988827647201) Importer(2089858483,192608db42251d675da83286b1cce702)
Start importing Assets/CorgiEngine/Demos/Corgi3D/Models/Props/LadderPlatform.obj using Guid(019506cbcefdfe243913988827647201) Importer(2089858483,192608db42251d675da83286b1cce702) (ScriptedImporter) -> (artifact id: 'ae20a13657551a2153e778788c0b6e0a') in 0.0405968 seconds
Number of updated asset objects reloaded before import = 0Number of asset objects unloaded after import = 9

========================================================================
Received Import Request.
  Time since last request: 0.000021 seconds.
  path: Assets/CorgiEngine/Demos/Corgi3D/Prefabs/PlatformsGrey/4x1 Grey.prefab
  artifactKey: Guid(dfb1eb8f942a02e49b6862754aa8a994) Importer(2089858483,192608db42251d675da83286b1cce702)
Start importing Assets/CorgiEngine/Demos/Corgi3D/Prefabs/PlatformsGrey/4x1 Grey.prefab using Guid(dfb1eb8f942a02e49b6862754aa8a994) Importer(2089858483,192608db42251d675da83286b1cce702) (ScriptedImporter) -> (artifact id: '61b08f0e72714a16ce53efb694b8b5ae') in 0.0335667 seconds
Number of updated asset objects reloaded before import = 0Number of asset objects unloaded after import = 8

========================================================================
Received Import Request.
  Time since last request: 0.000032 seconds.
  path: Assets/CorgiEngine/Demos/Minimal/Sprites/Rectangle/RectangleLookUp.png
  artifactKey: Guid(29ce3f086990e3a40be176c9bcf91890) Importer(2089858483,192608db42251d675da83286b1cce702)
Start importing Assets/CorgiEngine/Demos/Minimal/Sprites/Rectangle/RectangleLookUp.png using Guid(29ce3f086990e3a40be176c9bcf91890) Importer(2089858483,192608db42251d675da83286b1cce702) (ScriptedImporter) -> (artifact id: 'aa83b7b907170ab3a442fcfebf478e23') in 0.1082883 seconds
Number of updated asset objects reloaded before import = 0Number of asset objects unloaded after import = 17

========================================================================
Received Import Request.
  Time since last request: 0.000025 seconds.
  path: Assets/CorgiEngine/Demos/Corgi2D/Spine/SpaceCorgi/space-corgi.json
  artifactKey: Guid(f2e07605a605bdc49b2cba9ab9cd8409) Importer(2089858483,192608db42251d675da83286b1cce702)
Start importing Assets/CorgiEngine/Demos/Corgi2D/Spine/SpaceCorgi/space-corgi.json using Guid(f2e07605a605bdc49b2cba9ab9cd8409) Importer(2089858483,192608db42251d675da83286b1cce702) (ScriptedImporter) -> (artifact id: 'beab81958666982a0c4227e5c0294824') in 0.0185716 seconds
Number of updated asset objects reloaded before import = 0Number of asset objects unloaded after import = 1

========================================================================
Received Import Request.
  Time since last request: 0.000043 seconds.
  path: Assets/CorgiEngine/Demos/Corgi3D/Prefabs/AI/Barbarian3D.prefab
  artifactKey: Guid(9c5c01564dc929b48b0c9328eae54791) Importer(2089858483,192608db42251d675da83286b1cce702)
Start importing Assets/CorgiEngine/Demos/Corgi3D/Prefabs/AI/Barbarian3D.prefab using Guid(9c5c01564dc929b48b0c9328eae54791) Importer(2089858483,192608db42251d675da83286b1cce702) (ScriptedImporter) -> (artifact id: 'f4c5429b046712c3ddcd1869a4342619') in 0.1241764 seconds
Number of updated asset objects reloaded before import = 0Number of asset objects unloaded after import = 46

========================================================================
Received Import Request.
  Time since last request: 0.000020 seconds.
  path: Assets/CorgiEngine/Demos/Retro/Prefabs/Enemies/RetroSwordsmanChildBrain.prefab
  artifactKey: Guid(35e36a80da45c2942ae54638f24645c4) Importer(2089858483,192608db42251d675da83286b1cce702)
Start importing Assets/CorgiEngine/Demos/Retro/Prefabs/Enemies/RetroSwordsmanChildBrain.prefab using Guid(35e36a80da45c2942ae54638f24645c4) Importer(2089858483,192608db42251d675da83286b1cce702) (ScriptedImporter) -> (artifact id: 'ac591e51656f52210158bea0fc25ab48') in 0.1732405 seconds
Number of updated asset objects reloaded before import = 0Number of asset objects unloaded after import = 70

========================================================================
Received Import Request.
  Time since last request: 0.000033 seconds.
  path: Assets/CorgiEngine/Demos/Corgi3D/Textures/PrototypeBlocks/2x1Yellow.png
  artifactKey: Guid(e0e3e5c158fd2be488132ff09bedca44) Importer(2089858483,192608db42251d675da83286b1cce702)
Start importing Assets/CorgiEngine/Demos/Corgi3D/Textures/PrototypeBlocks/2x1Yellow.png using Guid(e0e3e5c158fd2be488132ff09bedca44) Importer(2089858483,192608db42251d675da83286b1cce702) (ScriptedImporter) -> (artifact id: '954e3b69b9c7d0ab592d1243666c1d8f') in 0.0461047 seconds
Number of updated asset objects reloaded before import = 0Number of asset objects unloaded after import = 1

========================================================================
Received Import Request.
  Time since last request: 0.000041 seconds.
  path: Assets/CorgiEngine/Demos/Minimal/Prefabs/Props/BlueGate.prefab
  artifactKey: Guid(6a8f0a0d50e331745b716e95476716bf) Importer(2089858483,192608db42251d675da83286b1cce702)
Start importing Assets/CorgiEngine/Demos/Minimal/Prefabs/Props/BlueGate.prefab using Guid(6a8f0a0d50e331745b716e95476716bf) Importer(2089858483,192608db42251d675da83286b1cce702) (ScriptedImporter) -> (artifact id: 'ebd3ebac4028344fc4e2b4eef7701033') in 0.1154015 seconds
Number of updated asset objects reloaded before import = 0Number of asset objects unloaded after import = 40

========================================================================
Received Import Request.
  Time since last request: 0.000028 seconds.
  path: Assets/CorgiEngine/Demos/Corgi3D/Models/NewCorgi3D/NewCorgi@ClimbingLadder.fbx
  artifactKey: Guid(216de16f4167a724b88d3eb345153670) Importer(2089858483,192608db42251d675da83286b1cce702)
Start importing Assets/CorgiEngine/Demos/Corgi3D/Models/NewCorgi3D/NewCorgi@ClimbingLadder.fbx using Guid(216de16f4167a724b88d3eb345153670) Importer(2089858483,192608db42251d675da83286b1cce702) (ScriptedImporter) -> (artifact id: '50b5b8d2248bedf3f662f7070aaebafe') in 0.0503908 seconds
Number of updated asset objects reloaded before import = 0Number of asset objects unloaded after import = 67

========================================================================
Received Import Request.
  Time since last request: 0.000040 seconds.
  path: Assets/CorgiEngine/Demos/Minimal/Prefabs/OneWayPlatforms/OneWayPlatform300x25.prefab
  artifactKey: Guid(212f46edd9183c240bd2e021d387f6a0) Importer(2089858483,192608db42251d675da83286b1cce702)
Start importing Assets/CorgiEngine/Demos/Minimal/Prefabs/OneWayPlatforms/OneWayPlatform300x25.prefab using Guid(212f46edd9183c240bd2e021d387f6a0) Importer(2089858483,192608db42251d675da83286b1cce702) (ScriptedImporter) -> (artifact id: 'f174bfcbc6285594504b87813a22d0e4') in 0.0410377 seconds
Number of updated asset objects reloaded before import = 0Number of asset objects unloaded after import = 8

========================================================================
Received Import Request.
  Time since last request: 0.000033 seconds.
  path: Assets/CorgiEngine/Demos/Corgi3D/Models/NewCorgi3D/NewCorgi@Idle.fbx
  artifactKey: Guid(c0d05ce750935d145b12ecdfd7af5220) Importer(2089858483,192608db42251d675da83286b1cce702)
Start importing Assets/CorgiEngine/Demos/Corgi3D/Models/NewCorgi3D/NewCorgi@Idle.fbx using Guid(c0d05ce750935d145b12ecdfd7af5220) Importer(2089858483,192608db42251d675da83286b1cce702) (ScriptedImporter) -> (artifact id: '6bfb77e55cbe42af9e7497643b0ad89e') in 0.0468853 seconds
Number of updated asset objects reloaded before import = 0Number of asset objects unloaded after import = 57

========================================================================
Received Import Request.
  Time since last request: 0.000032 seconds.
  path: Assets/CorgiEngine/Demos/Retro/Prefabs/Enemies/RetroBlob.prefab
  artifactKey: Guid(9e9bd6e3f52e24df8abddf0c0a65c2af) Importer(2089858483,192608db42251d675da83286b1cce702)
Start importing Assets/CorgiEngine/Demos/Retro/Prefabs/Enemies/RetroBlob.prefab using Guid(9e9bd6e3f52e24df8abddf0c0a65c2af) Importer(2089858483,192608db42251d675da83286b1cce702) (ScriptedImporter) -> (artifact id: 'ed38ad5788c9030bb5e8bf0d93094fd3') in 0.1465511 seconds
Number of updated asset objects reloaded before import = 0Number of asset objects unloaded after import = 55

========================================================================
Received Import Request.
  Time since last request: 0.000028 seconds.
  path: Assets/CorgiEngine/Demos/Corgi3D/Models/NewCorgi3D/NewCorgi.fbx
  artifactKey: Guid(abc61f0ba74b244409e45ac1951b7192) Importer(2089858483,192608db42251d675da83286b1cce702)
Start importing Assets/CorgiEngine/Demos/Corgi3D/Models/NewCorgi3D/NewCorgi.fbx using Guid(abc61f0ba74b244409e45ac1951b7192) Importer(2089858483,192608db42251d675da83286b1cce702) (ScriptedImporter) -> (artifact id: '3e68ea418f9f7ba7abaed12b9ff240f4') in 0.0437886 seconds
Number of updated asset objects reloaded before import = 0Number of asset objects unloaded after import = 8

========================================================================
Received Import Request.
  Time since last request: 0.000020 seconds.
  path: Assets/CorgiEngine/Demos/Corgi3D/Models/NewCorgi3D/NewCorgi@Land.fbx
  artifactKey: Guid(4a669769dc91f544ab106051980ae967) Importer(2089858483,192608db42251d675da83286b1cce702)
Start importing Assets/CorgiEngine/Demos/Corgi3D/Models/NewCorgi3D/NewCorgi@Land.fbx using Guid(4a669769dc91f544ab106051980ae967) Importer(2089858483,192608db42251d675da83286b1cce702) (ScriptedImporter) -> (artifact id: 'a4ead87003c95fca14e89bbd31fa28f3') in 0.0603541 seconds
Number of updated asset objects reloaded before import = 0Number of asset objects unloaded after import = 57

========================================================================
Received Import Request.
  Time since last request: 0.000026 seconds.
  path: Assets/CorgiEngine/Demos/Minimal/Prefabs/Platforms/Platform100x100.prefab
  artifactKey: Guid(27db177d07196914eb074f612d6b2349) Importer(2089858483,192608db42251d675da83286b1cce702)
Start importing Assets/CorgiEngine/Demos/Minimal/Prefabs/Platforms/Platform100x100.prefab using Guid(27db177d07196914eb074f612d6b2349) Importer(2089858483,192608db42251d675da83286b1cce702) (ScriptedImporter) -> (artifact id: '69088f0c231be644c98b1dba3ee39df6') in 0.0459181 seconds
Number of updated asset objects reloaded before import = 0Number of asset objects unloaded after import = 8

========================================================================
Received Import Request.
  Time since last request: 0.000043 seconds.
  path: Assets/CorgiEngine/Demos/Corgi3D/Textures/PrototypeBlocks/Point5xPoint5Green.png
  artifactKey: Guid(9bff525eea0c8784b9e66a2b87ac22fb) Importer(2089858483,192608db42251d675da83286b1cce702)
Start importing Assets/CorgiEngine/Demos/Corgi3D/Textures/PrototypeBlocks/Point5xPoint5Green.png using Guid(9bff525eea0c8784b9e66a2b87ac22fb) Importer(2089858483,192608db42251d675da83286b1cce702) (ScriptedImporter) -> (artifact id: '8c188b01cf51087aec4b35c6d2834934') in 0.0422338 seconds
Number of updated asset objects reloaded before import = 0Number of asset objects unloaded after import = 1

========================================================================
Received Import Request.
  Time since last request: 0.000022 seconds.
  path: Assets/CorgiEngine/Demos/Minimal/Resources/Items/InventoryStimpack.asset
  artifactKey: Guid(7415666655b546b45b7b15f39d987cfe) Importer(2089858483,192608db42251d675da83286b1cce702)
Start importing Assets/CorgiEngine/Demos/Minimal/Resources/Items/InventoryStimpack.asset using Guid(7415666655b546b45b7b15f39d987cfe) Importer(2089858483,192608db42251d675da83286b1cce702) (ScriptedImporter) -> (artifact id: '6f9b1c5be239913e34632253a514cfbc') in 0.054277 seconds
Number of updated asset objects reloaded before import = 0Number of asset objects unloaded after import = 22

========================================================================
Received Import Request.
  Time since last request: 0.000026 seconds.
  path: Assets/CorgiEngine/Demos/Corgi3D/Prefabs/PlatformsGrey/4x1 Grey Thin.prefab
  artifactKey: Guid(8f20c5820271d2e4ba575aa937f22853) Importer(2089858483,192608db42251d675da83286b1cce702)
Start importing Assets/CorgiEngine/Demos/Corgi3D/Prefabs/PlatformsGrey/4x1 Grey Thin.prefab using Guid(8f20c5820271d2e4ba575aa937f22853) Importer(2089858483,192608db42251d675da83286b1cce702) (ScriptedImporter) -> (artifact id: 'e33cce00eab16f112fe19f6211bdc449') in 0.030388 seconds
Number of updated asset objects reloaded before import = 0Number of asset objects unloaded after import = 8

========================================================================
Received Import Request.
  Time since last request: 0.000018 seconds.
  path: Assets/CorgiEngine/Demos/Minimal/Prefabs/PlayableCharacters/Rectangle.prefab
  artifactKey: Guid(eaa0c32df7aae4121befb930bd401b9a) Importer(2089858483,192608db42251d675da83286b1cce702)
Start importing Assets/CorgiEngine/Demos/Minimal/Prefabs/PlayableCharacters/Rectangle.prefab using Guid(eaa0c32df7aae4121befb930bd401b9a) Importer(2089858483,192608db42251d675da83286b1cce702) (ScriptedImporter) -> (artifact id: 'f4a754f20ea2ec95e89ebbbb7d8adf99') in 0.2454076 seconds
Number of updated asset objects reloaded before import = 0Number of asset objects unloaded after import = 72

========================================================================
Received Import Request.
  Time since last request: 0.000029 seconds.
  path: Assets/CorgiEngine/Demos/Retro/Sprites/RetroEnemies/RetroSwordsman.png
  artifactKey: Guid(a5682ffbff82ddf43a71feff15c3b5bc) Importer(2089858483,192608db42251d675da83286b1cce702)
Start importing Assets/CorgiEngine/Demos/Retro/Sprites/RetroEnemies/RetroSwordsman.png using Guid(a5682ffbff82ddf43a71feff15c3b5bc) Importer(2089858483,192608db42251d675da83286b1cce702) (ScriptedImporter) -> (artifact id: '7da995bf73fb9335ff03e90ceb22511b') in 0.0907345 seconds
Number of updated asset objects reloaded before import = 0Number of asset objects unloaded after import = 14

========================================================================
Received Import Request.
  Time since last request: 0.000036 seconds.
  path: Assets/CorgiEngine/Demos/Retro/Prefabs/VFX/RetroCannonBulletExplosion.prefab
  artifactKey: Guid(d9e4e956b79b91842833eec78878c313) Importer(2089858483,192608db42251d675da83286b1cce702)
Start importing Assets/CorgiEngine/Demos/Retro/Prefabs/VFX/RetroCannonBulletExplosion.prefab using Guid(d9e4e956b79b91842833eec78878c313) Importer(2089858483,192608db42251d675da83286b1cce702) (ScriptedImporter) -> (artifact id: 'c8df9b7d16c02cad5b4ea510525e93e2') in 0.0824194 seconds
Number of updated asset objects reloaded before import = 0Number of asset objects unloaded after import = 15

========================================================================
Received Import Request.
  Time since last request: 0.000019 seconds.
  path: Assets/CorgiEngine/Demos/Retro/Sprites/RetroDoor/RetroDoor.png
  artifactKey: Guid(9b7fae370eb3ec84caa27b2803144e81) Importer(2089858483,192608db42251d675da83286b1cce702)
Start importing Assets/CorgiEngine/Demos/Retro/Sprites/RetroDoor/RetroDoor.png using Guid(9b7fae370eb3ec84caa27b2803144e81) Importer(2089858483,192608db42251d675da83286b1cce702) (ScriptedImporter) -> (artifact id: '0ad9c63eb1a413b98552f6aadb58743e') in 0.0444245 seconds
Number of updated asset objects reloaded before import = 0Number of asset objects unloaded after import = 3

========================================================================
Received Import Request.
  Time since last request: 0.000019 seconds.
  path: Assets/CorgiEngine/Demos/Retro/Sprites/RetroEnemies/RetroSpacemanIdle.png
  artifactKey: Guid(549cf481643d640b1a02b6ce74932f58) Importer(2089858483,192608db42251d675da83286b1cce702)
Start importing Assets/CorgiEngine/Demos/Retro/Sprites/RetroEnemies/RetroSpacemanIdle.png using Guid(549cf481643d640b1a02b6ce74932f58) Importer(2089858483,192608db42251d675da83286b1cce702) (ScriptedImporter) -> (artifact id: '1d24e28ac6d794c351e22888ebc14808') in 0.055825 seconds
Number of updated asset objects reloaded before import = 0Number of asset objects unloaded after import = 6

========================================================================
Received Import Request.
  Time since last request: 0.000033 seconds.
  path: Assets/CorgiEngine/Demos/Retro/Sprites/RetroElementalDamage/RetroElectricity.png
  artifactKey: Guid(a8e493e973a57974f93ba3b569275c58) Importer(2089858483,192608db42251d675da83286b1cce702)
Start importing Assets/CorgiEngine/Demos/Retro/Sprites/RetroElementalDamage/RetroElectricity.png using Guid(a8e493e973a57974f93ba3b569275c58) Importer(2089858483,192608db42251d675da83286b1cce702) (ScriptedImporter) -> (artifact id: '7b7012f5d034468b0ff0656ae1a0fd0e') in 0.0705261 seconds
Number of updated asset objects reloaded before import = 0Number of asset objects unloaded after import = 6

========================================================================
Received Import Request.
  Time since last request: 0.000037 seconds.
  path: Assets/CorgiEngine/Demos/Retro/Prefabs/Props/RetroAppearingBlock.prefab
  artifactKey: Guid(c89236ed8baef834d90cb2101eec0e5c) Importer(2089858483,192608db42251d675da83286b1cce702)
Start importing Assets/CorgiEngine/Demos/Retro/Prefabs/Props/RetroAppearingBlock.prefab using Guid(c89236ed8baef834d90cb2101eec0e5c) Importer(2089858483,192608db42251d675da83286b1cce702) (ScriptedImporter) -> (artifact id: '6cfa83b07781e8a647e2f9e4628e9030') in 0.0615584 seconds
Number of updated asset objects reloaded before import = 0Number of asset objects unloaded after import = 43

========================================================================
Received Import Request.
  Time since last request: 0.000033 seconds.
  path: Assets/CorgiEngine/Demos/Retro/Sprites/RetroPlatforms/RetroGreenPlatform.png
  artifactKey: Guid(51cb2138e31194c19b6838948e281fae) Importer(2089858483,192608db42251d675da83286b1cce702)
Start importing Assets/CorgiEngine/Demos/Retro/Sprites/RetroPlatforms/RetroGreenPlatform.png using Guid(51cb2138e31194c19b6838948e281fae) Importer(2089858483,192608db42251d675da83286b1cce702) (ScriptedImporter) -> (artifact id: '763962cbe38aa8e9d70a7fca370d0aaa') in 0.1414334 seconds
Number of updated asset objects reloaded before import = 0Number of asset objects unloaded after import = 32

========================================================================
Received Import Request.
  Time since last request: 0.000021 seconds.
  path: Assets/CorgiEngine/Demos/Retro/Sprites/RetroBackgrounds/RetroCloudBackground3Sprite.png
  artifactKey: Guid(a8a0593c50c8eca4faff0664c3c6173a) Importer(2089858483,192608db42251d675da83286b1cce702)
Start importing Assets/CorgiEngine/Demos/Retro/Sprites/RetroBackgrounds/RetroCloudBackground3Sprite.png using Guid(a8a0593c50c8eca4faff0664c3c6173a) Importer(2089858483,192608db42251d675da83286b1cce702) (ScriptedImporter) -> (artifact id: '00251358dda8d5d4a190df07d98bbdf2') in 0.0587961 seconds
Number of updated asset objects reloaded before import = 0Number of asset objects unloaded after import = 3

========================================================================
Received Import Request.
  Time since last request: 0.000028 seconds.
  path: Assets/CorgiEngine/Demos/Retro/Sprites/RetroElementalDamage/RetroIceBlockBack.png
  artifactKey: Guid(0a43e80354eb44c43bfcdbdec1f8476f) Importer(2089858483,192608db42251d675da83286b1cce702)
Start importing Assets/CorgiEngine/Demos/Retro/Sprites/RetroElementalDamage/RetroIceBlockBack.png using Guid(0a43e80354eb44c43bfcdbdec1f8476f) Importer(2089858483,192608db42251d675da83286b1cce702) (ScriptedImporter) -> (artifact id: '790b4217c87671116c5842f60b47ace0') in 0.0586982 seconds
Number of updated asset objects reloaded before import = 0Number of asset objects unloaded after import = 3

========================================================================
Received Import Request.
  Time since last request: 0.000030 seconds.
  path: Assets/CorgiEngine/Demos/Retro/Prefabs/ItemPickers/RetroKeyPicker.prefab
  artifactKey: Guid(08ea0ead8ebef4faf9c72710d7a3e07c) Importer(2089858483,192608db42251d675da83286b1cce702)
Start importing Assets/CorgiEngine/Demos/Retro/Prefabs/ItemPickers/RetroKeyPicker.prefab using Guid(08ea0ead8ebef4faf9c72710d7a3e07c) Importer(2089858483,192608db42251d675da83286b1cce702) (ScriptedImporter) -> (artifact id: '2e0d70182352b6c3e552645eae2bc805') in 0.047447 seconds
Number of updated asset objects reloaded before import = 0Number of asset objects unloaded after import = 20

========================================================================
Received Import Request.
  Time since last request: 0.000024 seconds.
  path: Assets/CorgiEngine/Demos/Retro/Sprites/RetroPlatforms/RetroGroundDark.png
  artifactKey: Guid(91812beb4e1ec44de9ea582278557f21) Importer(2089858483,192608db42251d675da83286b1cce702)
Start importing Assets/CorgiEngine/Demos/Retro/Sprites/RetroPlatforms/RetroGroundDark.png using Guid(91812beb4e1ec44de9ea582278557f21) Importer(2089858483,192608db42251d675da83286b1cce702) (ScriptedImporter) -> (artifact id: '9ae8bdfb8b9504839fe01fd64d839978') in 0.1866653 seconds
Number of updated asset objects reloaded before import = 0Number of asset objects unloaded after import = 37

========================================================================
Received Import Request.
  Time since last request: 0.000021 seconds.
  path: Assets/CorgiEngine/Demos/Retro/Sprites/RetroCorgi/RetroCorgiJetpack.png
  artifactKey: Guid(36e5e7cf159e84353a23acd8d96c0472) Importer(2089858483,192608db42251d675da83286b1cce702)
Start importing Assets/CorgiEngine/Demos/Retro/Sprites/RetroCorgi/RetroCorgiJetpack.png using Guid(36e5e7cf159e84353a23acd8d96c0472) Importer(2089858483,192608db42251d675da83286b1cce702) (ScriptedImporter) -> (artifact id: '9283402ecbaca9c1f6d19d05e9b6b464') in 0.0643046 seconds
Number of updated asset objects reloaded before import = 0Number of asset objects unloaded after import = 5

========================================================================
Received Import Request.
  Time since last request: 0.000037 seconds.
  path: Assets/CorgiEngine/Demos/Retro/Prefabs/Loot/RetroForestLootDefinition.asset
  artifactKey: Guid(bb38267d2003e3b43b575d5476d29a7c) Importer(2089858483,192608db42251d675da83286b1cce702)
Start importing Assets/CorgiEngine/Demos/Retro/Prefabs/Loot/RetroForestLootDefinition.asset using Guid(bb38267d2003e3b43b575d5476d29a7c) Importer(2089858483,192608db42251d675da83286b1cce702) (ScriptedImporter) -> (artifact id: '702abc59598622abffa942511ae7c1cf') in 0.0437841 seconds
Number of updated asset objects reloaded before import = 0Number of asset objects unloaded after import = 49

========================================================================
Received Import Request.
  Time since last request: 0.000025 seconds.
  path: Assets/CorgiEngine/Demos/Retro/Sprites/RetroBackgrounds/RetroCloudBackground2Sprite.png
  artifactKey: Guid(0e4dae835f991654892647c95f96ad38) Importer(2089858483,192608db42251d675da83286b1cce702)
Start importing Assets/CorgiEngine/Demos/Retro/Sprites/RetroBackgrounds/RetroCloudBackground2Sprite.png using Guid(0e4dae835f991654892647c95f96ad38) Importer(2089858483,192608db42251d675da83286b1cce702) (ScriptedImporter) -> (artifact id: '7ef48ee6be8a64f4d0cfa87cfc1e8f7a') in 0.0641869 seconds
Number of updated asset objects reloaded before import = 0Number of asset objects unloaded after import = 3

========================================================================
Received Import Request.
  Time since last request: 0.000024 seconds.
  path: Assets/CorgiEngine/Demos/Retro/Prefabs/ItemPickers/RetroStimpackPicker.prefab
  artifactKey: Guid(6e1ac49bfe99a4ae88e76e5c1c1f34ad) Importer(2089858483,192608db42251d675da83286b1cce702)
Start importing Assets/CorgiEngine/Demos/Retro/Prefabs/ItemPickers/RetroStimpackPicker.prefab using Guid(6e1ac49bfe99a4ae88e76e5c1c1f34ad) Importer(2089858483,192608db42251d675da83286b1cce702) (ScriptedImporter) -> (artifact id: 'ae1f0b4f7547adeccaa49b3e982f55fc') in 0.051508 seconds
Number of updated asset objects reloaded before import = 0Number of asset objects unloaded after import = 23

========================================================================
Received Import Request.
  Time since last request: 0.000050 seconds.
  path: Assets/CorgiEngine/Demos/Retro/Sprites/RetroEnemies/RetroBlobWalk.png
  artifactKey: Guid(c4c10728fe019447b94f7f7f05dff55c) Importer(2089858483,192608db42251d675da83286b1cce702)
Start importing Assets/CorgiEngine/Demos/Retro/Sprites/RetroEnemies/RetroBlobWalk.png using Guid(c4c10728fe019447b94f7f7f05dff55c) Importer(2089858483,192608db42251d675da83286b1cce702) (ScriptedImporter) -> (artifact id: '541fae403aa95d07670143e9233d7696') in 0.0527172 seconds
Number of updated asset objects reloaded before import = 0Number of asset objects unloaded after import = 6

========================================================================
Received Import Request.
  Time since last request: 0.000026 seconds.
  path: Assets/CorgiEngine/Demos/Retro/Sprites/RetroBackgrounds/RetroCloudBackground2.png
  artifactKey: Guid(c8f16c387b188426eba002f03f94be02) Importer(2089858483,192608db42251d675da83286b1cce702)
Start importing Assets/CorgiEngine/Demos/Retro/Sprites/RetroBackgrounds/RetroCloudBackground2.png using Guid(c8f16c387b188426eba002f03f94be02) Importer(2089858483,192608db42251d675da83286b1cce702) (ScriptedImporter) -> (artifact id: 'a7c4b8c847655ef9bb4fcf0e24abb322') in 0.0423118 seconds
Number of updated asset objects reloaded before import = 0Number of asset objects unloaded after import = 1

========================================================================
Received Import Request.
  Time since last request: 0.000031 seconds.
  path: Assets/CorgiEngine/Demos/Retro/Sprites/RetroCorgi/RetroCorgiGlide.png
  artifactKey: Guid(85931d548d2fe9f4c885918ae1837a74) Importer(2089858483,192608db42251d675da83286b1cce702)
Start importing Assets/CorgiEngine/Demos/Retro/Sprites/RetroCorgi/RetroCorgiGlide.png using Guid(85931d548d2fe9f4c885918ae1837a74) Importer(2089858483,192608db42251d675da83286b1cce702) (ScriptedImporter) -> (artifact id: 'ba836466af849030e6222a983f9fb534') in 0.0649099 seconds
Number of updated asset objects reloaded before import = 0Number of asset objects unloaded after import = 4

========================================================================
Received Import Request.
  Time since last request: 0.000022 seconds.
  path: Assets/CorgiEngine/Demos/Retro/Sprites/RetroCorgi/RetroCorgiLookup.png
  artifactKey: Guid(07ea7d4593158411781c63fc391e2958) Importer(2089858483,192608db42251d675da83286b1cce702)
Start importing Assets/CorgiEngine/Demos/Retro/Sprites/RetroCorgi/RetroCorgiLookup.png using Guid(07ea7d4593158411781c63fc391e2958) Importer(2089858483,192608db42251d675da83286b1cce702) (ScriptedImporter) -> (artifact id: '4cc3e34b812bf84620f0e27d09b230e1') in 0.0529815 seconds
Number of updated asset objects reloaded before import = 0Number of asset objects unloaded after import = 3

========================================================================
Received Import Request.
  Time since last request: 0.000028 seconds.
  path: Assets/CorgiEngine/Demos/Corgi3D/Prefabs/Props/WaterCube.prefab
  artifactKey: Guid(538a882e7e88a1e439be1b024133411d) Importer(2089858483,192608db42251d675da83286b1cce702)
Start importing Assets/CorgiEngine/Demos/Corgi3D/Prefabs/Props/WaterCube.prefab using Guid(538a882e7e88a1e439be1b024133411d) Importer(2089858483,192608db42251d675da83286b1cce702) (ScriptedImporter) -> (artifact id: '51afc1d5474ece5b28a9d7c31e918910') in 0.0435961 seconds
Number of updated asset objects reloaded before import = 0Number of asset objects unloaded after import = 10

========================================================================
Received Import Request.
  Time since last request: 0.000024 seconds.
  path: Assets/CorgiEngine/Demos/Retro/Sprites/RetroBackgrounds/RetroMountainsBackground4.png
  artifactKey: Guid(8d5d8726e7c784f179ced09e819dbaa1) Importer(2089858483,192608db42251d675da83286b1cce702)
Start importing Assets/CorgiEngine/Demos/Retro/Sprites/RetroBackgrounds/RetroMountainsBackground4.png using Guid(8d5d8726e7c784f179ced09e819dbaa1) Importer(2089858483,192608db42251d675da83286b1cce702) (ScriptedImporter) -> (artifact id: '805207424e2b90aeebfd585342eed275') in 0.0377841 seconds
Number of updated asset objects reloaded before import = 0Number of asset objects unloaded after import = 1

========================================================================
Received Import Request.
  Time since last request: 0.000076 seconds.
  path: Assets/CorgiEngine/Demos/Minimal/Prefabs/Platforms/Platform700x50.prefab
  artifactKey: Guid(28f7f8b007e3cd94caa51a5fcab995e4) Importer(2089858483,192608db42251d675da83286b1cce702)
Start importing Assets/CorgiEngine/Demos/Minimal/Prefabs/Platforms/Platform700x50.prefab using Guid(28f7f8b007e3cd94caa51a5fcab995e4) Importer(2089858483,192608db42251d675da83286b1cce702) (ScriptedImporter) -> (artifact id: '947e693c45d336e3793b3163b90aa933') in 0.0465777 seconds
Number of updated asset objects reloaded before import = 0Number of asset objects unloaded after import = 8

========================================================================
Received Import Request.
  Time since last request: 0.000041 seconds.
  path: Assets/CorgiEngine/Demos/Minimal/Prefabs/ItemPickers/minimalYellowDoor.prefab
  artifactKey: Guid(3192221069da04958a656322ef10aaa5) Importer(2089858483,192608db42251d675da83286b1cce702)
Start importing Assets/CorgiEngine/Demos/Minimal/Prefabs/ItemPickers/minimalYellowDoor.prefab using Guid(3192221069da04958a656322ef10aaa5) Importer(2089858483,192608db42251d675da83286b1cce702) (ScriptedImporter) -> (artifact id: '4c2c8d14a27c9c6d1ea227caa5d4ecbc') in 0.0507664 seconds
Number of updated asset objects reloaded before import = 0Number of asset objects unloaded after import = 14

========================================================================
Received Import Request.
  Time since last request: 0.000028 seconds.
  path: Assets/CorgiEngine/Demos/Minimal/Prefabs/Platforms/Platform100x200.prefab
  artifactKey: Guid(bd1ee4470f9d1b8408a995c9702c82e0) Importer(2089858483,192608db42251d675da83286b1cce702)
Start importing Assets/CorgiEngine/Demos/Minimal/Prefabs/Platforms/Platform100x200.prefab using Guid(bd1ee4470f9d1b8408a995c9702c82e0) Importer(2089858483,192608db42251d675da83286b1cce702) (ScriptedImporter) -> (artifact id: '48e53c0c093d75e37a0acc7a63e85993') in 0.0459425 seconds
Number of updated asset objects reloaded before import = 0Number of asset objects unloaded after import = 8

========================================================================
Received Import Request.
  Time since last request: 0.000034 seconds.
  path: Assets/CorgiEngine/Demos/Retro/Sprites/RetroBackgrounds/RetroForestBackground4.png
  artifactKey: Guid(bd9e570029e95420f877cfab38d44bc4) Importer(2089858483,192608db42251d675da83286b1cce702)
Start importing Assets/CorgiEngine/Demos/Retro/Sprites/RetroBackgrounds/RetroForestBackground4.png using Guid(bd9e570029e95420f877cfab38d44bc4) Importer(2089858483,192608db42251d675da83286b1cce702) (ScriptedImporter) -> (artifact id: '10bcb94da8ab5f50cae473c920b002b2') in 0.0464051 seconds
Number of updated asset objects reloaded before import = 0Number of asset objects unloaded after import = 1

========================================================================
Received Import Request.
  Time since last request: 0.000032 seconds.
  path: Assets/CorgiEngine/Demos/Corgi3D/Models/Old/VoxelCorgi.obj
  artifactKey: Guid(f690121d42f8dff4ba106ec5ce309770) Importer(2089858483,192608db42251d675da83286b1cce702)
Start importing Assets/CorgiEngine/Demos/Corgi3D/Models/Old/VoxelCorgi.obj using Guid(f690121d42f8dff4ba106ec5ce309770) Importer(2089858483,192608db42251d675da83286b1cce702) (ScriptedImporter) -> (artifact id: 'f0ef89949d47c5a5ba468597c7084cfd') in 0.0345497 seconds
Number of updated asset objects reloaded before import = 0Number of asset objects unloaded after import = 9

========================================================================
Received Import Request.
  Time since last request: 0.000034 seconds.
  path: Assets/CorgiEngine/Demos/Minimal/Sprites/Rectangle/RectangleIdle.png
  artifactKey: Guid(5ed905305cdf36148912b72365b92c8b) Importer(2089858483,192608db42251d675da83286b1cce702)
Start importing Assets/CorgiEngine/Demos/Minimal/Sprites/Rectangle/RectangleIdle.png using Guid(5ed905305cdf36148912b72365b92c8b) Importer(2089858483,192608db42251d675da83286b1cce702) (ScriptedImporter) -> (artifact id: 'b542463243216c8ca740e453715b5a37') in 0.1647262 seconds
Number of updated asset objects reloaded before import = 0Number of asset objects unloaded after import = 32

========================================================================
Received Import Request.
  Time since last request: 0.000038 seconds.
  path: Assets/CorgiEngine/Demos/Retro/Resources/Items/RetroMachineGun.asset
  artifactKey: Guid(7ba470f0f822842ce8535282434a8589) Importer(2089858483,192608db42251d675da83286b1cce702)
Start importing Assets/CorgiEngine/Demos/Retro/Resources/Items/RetroMachineGun.asset using Guid(7ba470f0f822842ce8535282434a8589) Importer(2089858483,192608db42251d675da83286b1cce702) (ScriptedImporter) -> (artifact id: 'd5b065f4161a1650c681f465a0e4a4c4') in 0.0645549 seconds
Number of updated asset objects reloaded before import = 0Number of asset objects unloaded after import = 106

========================================================================
Received Import Request.
  Time since last request: 0.000025 seconds.
  path: Assets/CorgiEngine/Demos/Minimal/Prefabs/Slopes/Slope200x200.prefab
  artifactKey: Guid(522eab1d10d90eb439106e90524baa18) Importer(2089858483,192608db42251d675da83286b1cce702)
Start importing Assets/CorgiEngine/Demos/Minimal/Prefabs/Slopes/Slope200x200.prefab using Guid(522eab1d10d90eb439106e90524baa18) Importer(2089858483,192608db42251d675da83286b1cce702) (ScriptedImporter) -> (artifact id: 'f1605b13a17f4e6abb17a05db045090f') in 0.0374789 seconds
Number of updated asset objects reloaded before import = 0Number of asset objects unloaded after import = 8

========================================================================
Received Import Request.
  Time since last request: 0.000019 seconds.
  path: Assets/CorgiEngine/Demos/Retro/Sprites/RetroPlatforms/RetroRedPlatform.png
  artifactKey: Guid(7781706b908d244c4abf1bf2fe74ce03) Importer(2089858483,192608db42251d675da83286b1cce702)
Start importing Assets/CorgiEngine/Demos/Retro/Sprites/RetroPlatforms/RetroRedPlatform.png using Guid(7781706b908d244c4abf1bf2fe74ce03) Importer(2089858483,192608db42251d675da83286b1cce702) (ScriptedImporter) -> (artifact id: '5bb7c580b5c9f5b717d0543eed2ee263') in 0.1393435 seconds
Number of updated asset objects reloaded before import = 0Number of asset objects unloaded after import = 32

========================================================================
Received Import Request.
  Time since last request: 0.000041 seconds.
  path: Assets/CorgiEngine/Demos/Minimal/Sprites/Rectangle/RectangleMeleeAttack.png
  artifactKey: Guid(fc54d7fcf1b6b4fd39ede4b942b6673d) Importer(2089858483,192608db42251d675da83286b1cce702)
Start importing Assets/CorgiEngine/Demos/Minimal/Sprites/Rectangle/RectangleMeleeAttack.png using Guid(fc54d7fcf1b6b4fd39ede4b942b6673d) Importer(2089858483,192608db42251d675da83286b1cce702) (ScriptedImporter) -> (artifact id: 'fa20f7757e5cae0016f303c7724d420d') in 0.1101799 seconds
Number of updated asset objects reloaded before import = 0Number of asset objects unloaded after import = 17

========================================================================
Received Import Request.
  Time since last request: 0.000027 seconds.
  path: Assets/CorgiEngine/Demos/Corgi2D/Sprites/SpaceCorgi/spacecorgi_flat-walk.png
  artifactKey: Guid(3a4923979a990da44adab68cd59b2830) Importer(2089858483,192608db42251d675da83286b1cce702)
Start importing Assets/CorgiEngine/Demos/Corgi2D/Sprites/SpaceCorgi/spacecorgi_flat-walk.png using Guid(3a4923979a990da44adab68cd59b2830) Importer(2089858483,192608db42251d675da83286b1cce702) (ScriptedImporter) -> (artifact id: 'a2f4edd3be4fdec4226ffaaeee07521a') in 0.1287991 seconds
Number of updated asset objects reloaded before import = 0Number of asset objects unloaded after import = 24

========================================================================
Received Import Request.
  Time since last request: 0.000039 seconds.
  path: Assets/CorgiEngine/Demos/Minimal/Prefabs/Platforms/Platform1000x50.prefab
  artifactKey: Guid(5315464cff26a134791b03f309c2dbf3) Importer(2089858483,192608db42251d675da83286b1cce702)
Start importing Assets/CorgiEngine/Demos/Minimal/Prefabs/Platforms/Platform1000x50.prefab using Guid(5315464cff26a134791b03f309c2dbf3) Importer(2089858483,192608db42251d675da83286b1cce702) (ScriptedImporter) -> (artifact id: 'd5f046ccfbde74375b6a2fa7268fe3fb') in 0.0447014 seconds
Number of updated asset objects reloaded before import = 0Number of asset objects unloaded after import = 8

========================================================================
Received Import Request.
  Time since last request: 0.000069 seconds.
  path: Assets/CorgiEngine/Demos/Retro/Prefabs/Props/RetroPortalBlue.prefab
  artifactKey: Guid(f91453c231f84424c82503a75cd03e08) Importer(2089858483,192608db42251d675da83286b1cce702)
Start importing Assets/CorgiEngine/Demos/Retro/Prefabs/Props/RetroPortalBlue.prefab using Guid(f91453c231f84424c82503a75cd03e08) Importer(2089858483,192608db42251d675da83286b1cce702) (ScriptedImporter) -> (artifact id: 'e68ec55bf59131ad726430ccc27a9775') in 0.0740759 seconds
Number of updated asset objects reloaded before import = 0Number of asset objects unloaded after import = 19

========================================================================
Received Import Request.
  Time since last request: 0.000033 seconds.
  path: Assets/CorgiEngine/Demos/Retro/Prefabs/PlayableCharacters/RetroCorgi.prefab
  artifactKey: Guid(460a0ee26c86f4e5ab4b2678c9712069) Importer(2089858483,192608db42251d675da83286b1cce702)
Start importing Assets/CorgiEngine/Demos/Retro/Prefabs/PlayableCharacters/RetroCorgi.prefab using Guid(460a0ee26c86f4e5ab4b2678c9712069) Importer(2089858483,192608db42251d675da83286b1cce702) (ScriptedImporter) -> (artifact id: 'b1e825dfaacad1c42327cc1569e915fd') in 0.373212 seconds
Number of updated asset objects reloaded before import = 0Number of asset objects unloaded after import = 214

========================================================================
Received Import Request.
  Time since last request: 0.000052 seconds.
  path: Assets/CorgiEngine/Demos/Minimal/Prefabs/ItemPickers/InventoryStimpackPicker.prefab
  artifactKey: Guid(4924e56d742a5794e87a0c6a899d2fec) Importer(2089858483,192608db42251d675da83286b1cce702)
Start importing Assets/CorgiEngine/Demos/Minimal/Prefabs/ItemPickers/InventoryStimpackPicker.prefab using Guid(4924e56d742a5794e87a0c6a899d2fec) Importer(2089858483,192608db42251d675da83286b1cce702) (ScriptedImporter) -> (artifact id: '66395306bd0c03056db368b52cbdeb4c') in 0.0694726 seconds
Number of updated asset objects reloaded before import = 0Number of asset objects unloaded after import = 27

========================================================================
Received Import Request.
  Time since last request: 0.000025 seconds.
  path: Assets/CorgiEngine/Demos/Retro/Prefabs/PlayableCharacters/RetroCopter.prefab
  artifactKey: Guid(b0721d332f76fcd47849b1050c66acec) Importer(2089858483,192608db42251d675da83286b1cce702)
Start importing Assets/CorgiEngine/Demos/Retro/Prefabs/PlayableCharacters/RetroCopter.prefab using Guid(b0721d332f76fcd47849b1050c66acec) Importer(2089858483,192608db42251d675da83286b1cce702) (ScriptedImporter) -> (artifact id: 'd66e6c1c2a3c6ea784015d3db7d8f84b') in 0.1345071 seconds
Number of updated asset objects reloaded before import = 0Number of asset objects unloaded after import = 102

========================================================================
Received Import Request.
  Time since last request: 0.000029 seconds.
  path: Assets/CorgiEngine/Demos/Corgi3D/Textures/PrototypeBlocks/1x1Yellow.png
  artifactKey: Guid(f5144798c4a82f846a6357626a07ab1c) Importer(2089858483,192608db42251d675da83286b1cce702)
Start importing Assets/CorgiEngine/Demos/Corgi3D/Textures/PrototypeBlocks/1x1Yellow.png using Guid(f5144798c4a82f846a6357626a07ab1c) Importer(2089858483,192608db42251d675da83286b1cce702) (ScriptedImporter) -> (artifact id: '79b5fc8a020b0d2e4e7bed6119fbf39a') in 0.0359491 seconds
Number of updated asset objects reloaded before import = 0Number of asset objects unloaded after import = 1

========================================================================
Received Import Request.
  Time since last request: 0.000031 seconds.
  path: Assets/CorgiEngine/Demos/Pixel/Prefabs/Backgrounds/pixels-background.prefab
  artifactKey: Guid(d18d858cf02ed4244a163dc7238a4a3d) Importer(2089858483,192608db42251d675da83286b1cce702)
Start importing Assets/CorgiEngine/Demos/Pixel/Prefabs/Backgrounds/pixels-background.prefab using Guid(d18d858cf02ed4244a163dc7238a4a3d) Importer(2089858483,192608db42251d675da83286b1cce702) (ScriptedImporter) -> (artifact id: '8ed9815ecf2a16b276caf9620e962907') in 0.0334558 seconds
Number of updated asset objects reloaded before import = 0Number of asset objects unloaded after import = 8

========================================================================
Received Import Request.
  Time since last request: 0.000028 seconds.
  path: Assets/CorgiEngine/Demos/Retro/Prefabs/Props/RetroStickyBlock.prefab
  artifactKey: Guid(162883a5d012c4cfab397d6ab82f87e5) Importer(2089858483,192608db42251d675da83286b1cce702)
Start importing Assets/CorgiEngine/Demos/Retro/Prefabs/Props/RetroStickyBlock.prefab using Guid(162883a5d012c4cfab397d6ab82f87e5) Importer(2089858483,192608db42251d675da83286b1cce702) (ScriptedImporter) -> (artifact id: '11eea82227941bd95a2365b89c636c89') in 0.0392634 seconds
Number of updated asset objects reloaded before import = 0Number of asset objects unloaded after import = 9

========================================================================
Received Import Request.
  Time since last request: 0.000038 seconds.
  path: Assets/CorgiEngine/Demos/Corgi3D/Models/Materials/Corgi3DCloudMaterial.mat
  artifactKey: Guid(1c0d7ad6ac849424f9cfeaac07b5632a) Importer(2089858483,192608db42251d675da83286b1cce702)
Start importing Assets/CorgiEngine/Demos/Corgi3D/Models/Materials/Corgi3DCloudMaterial.mat using Guid(1c0d7ad6ac849424f9cfeaac07b5632a) Importer(2089858483,192608db42251d675da83286b1cce702) (ScriptedImporter) -> (artifact id: '9fc039dcfbac3bb345fb60363c672886') in 0.0240624 seconds
Number of updated asset objects reloaded before import = 0Number of asset objects unloaded after import = 3

========================================================================
Received Import Request.
  Time since last request: 0.000020 seconds.
  path: Assets/CorgiEngine/Demos/Minimal/Prefabs/Props/DestructibleBlock.prefab
  artifactKey: Guid(1501b973994b0724ab7a866ffb8ad4be) Importer(2089858483,192608db42251d675da83286b1cce702)
Start importing Assets/CorgiEngine/Demos/Minimal/Prefabs/Props/DestructibleBlock.prefab using Guid(1501b973994b0724ab7a866ffb8ad4be) Importer(2089858483,192608db42251d675da83286b1cce702) (ScriptedImporter) -> (artifact id: '09adad5dfabd8bcb7badc79ce7474a06') in 0.0483021 seconds
Number of updated asset objects reloaded before import = 0Number of asset objects unloaded after import = 28

========================================================================
Received Import Request.
  Time since last request: 0.000021 seconds.
  path: Assets/CorgiEngine/Demos/Retro/Resources/Items/RetroSword.asset
  artifactKey: Guid(bbf8c78fc0dee41a9afd1a6723e89949) Importer(2089858483,192608db42251d675da83286b1cce702)
Start importing Assets/CorgiEngine/Demos/Retro/Resources/Items/RetroSword.asset using Guid(bbf8c78fc0dee41a9afd1a6723e89949) Importer(2089858483,192608db42251d675da83286b1cce702) (ScriptedImporter) -> (artifact id: '67150053016ce5c7c0f78a668aca7b0b') in 0.0562252 seconds
Number of updated asset objects reloaded before import = 0Number of asset objects unloaded after import = 37

========================================================================
Received Import Request.
  Time since last request: 0.000022 seconds.
  path: Assets/CorgiEngine/Demos/Corgi2D/Prefabs/Effects/UrchinBurst.prefab
  artifactKey: Guid(4c8da2ad61b8f1048a4340accabd4acc) Importer(2089858483,192608db42251d675da83286b1cce702)
Start importing Assets/CorgiEngine/Demos/Corgi2D/Prefabs/Effects/UrchinBurst.prefab using Guid(4c8da2ad61b8f1048a4340accabd4acc) Importer(2089858483,192608db42251d675da83286b1cce702) (ScriptedImporter) -> (artifact id: '67036a6038f669fb60ff64e056551e85') in 0.0838616 seconds
Number of updated asset objects reloaded before import = 0Number of asset objects unloaded after import = 7

========================================================================
Received Import Request.
  Time since last request: 0.000028 seconds.
  path: Assets/CorgiEngine/Demos/Retro/Sprites/RetroCorgi/RetroCorgiDiving.png
  artifactKey: Guid(e632b8877bd444d928c7db51c35ba198) Importer(2089858483,192608db42251d675da83286b1cce702)
Start importing Assets/CorgiEngine/Demos/Retro/Sprites/RetroCorgi/RetroCorgiDiving.png using Guid(e632b8877bd444d928c7db51c35ba198) Importer(2089858483,192608db42251d675da83286b1cce702) (ScriptedImporter) -> (artifact id: 'a515f3834dbea87fca711f14504de3a6') in 0.0522818 seconds
Number of updated asset objects reloaded before import = 0Number of asset objects unloaded after import = 3

========================================================================
Received Import Request.
  Time since last request: 0.000028 seconds.
  path: Assets/CorgiEngine/Demos/Corgi3D/Prefabs/Props/BlockBackground.prefab
  artifactKey: Guid(d45f92dd68bcab94a83f2c8e188396ec) Importer(2089858483,192608db42251d675da83286b1cce702)
Start importing Assets/CorgiEngine/Demos/Corgi3D/Prefabs/Props/BlockBackground.prefab using Guid(d45f92dd68bcab94a83f2c8e188396ec) Importer(2089858483,192608db42251d675da83286b1cce702) (ScriptedImporter) -> (artifact id: 'c42d94bba975a2a31e494c9e4b8231ba') in 0.0338814 seconds
Number of updated asset objects reloaded before import = 0Number of asset objects unloaded after import = 8

========================================================================
Received Import Request.
  Time since last request: 0.000025 seconds.
  path: Assets/CorgiEngine/Demos/Retro/Prefabs/VFX/RetroCollectionParticles.prefab
  artifactKey: Guid(16991f2bade126b4f8256b3ce1a850db) Importer(2089858483,192608db42251d675da83286b1cce702)
Start importing Assets/CorgiEngine/Demos/Retro/Prefabs/VFX/RetroCollectionParticles.prefab using Guid(16991f2bade126b4f8256b3ce1a850db) Importer(2089858483,192608db42251d675da83286b1cce702) (ScriptedImporter) -> (artifact id: '7132a9facf91716ec511a81f1c8bd7f4') in 0.0756094 seconds
Number of updated asset objects reloaded before import = 0Number of asset objects unloaded after import = 6

========================================================================
Received Import Request.
  Time since last request: 0.000022 seconds.
  path: Assets/CorgiEngine/Demos/Corgi3D/Textures/Ramp/Corgi3DRamp.png
  artifactKey: Guid(99ce40e9aed6b924d9473059cb8accab) Importer(2089858483,192608db42251d675da83286b1cce702)
Start importing Assets/CorgiEngine/Demos/Corgi3D/Textures/Ramp/Corgi3DRamp.png using Guid(99ce40e9aed6b924d9473059cb8accab) Importer(2089858483,192608db42251d675da83286b1cce702) (ScriptedImporter) -> (artifact id: '0e906e88c6ae402022e583e2b5d407a5') in 0.0436585 seconds
Number of updated asset objects reloaded before import = 0Number of asset objects unloaded after import = 3

========================================================================
Received Import Request.
  Time since last request: 0.000026 seconds.
  path: Assets/CorgiEngine/Demos/Minimal/Prefabs/Props/Water.prefab
  artifactKey: Guid(1509f4011c712e249bd5d1d02410ccec) Importer(2089858483,192608db42251d675da83286b1cce702)
Start importing Assets/CorgiEngine/Demos/Minimal/Prefabs/Props/Water.prefab using Guid(1509f4011c712e249bd5d1d02410ccec) Importer(2089858483,192608db42251d675da83286b1cce702) (ScriptedImporter) -> (artifact id: '6aa0cd530d345d3c0672ad54e4f75126') in 0.0547999 seconds
Number of updated asset objects reloaded before import = 0Number of asset objects unloaded after import = 11

========================================================================
Received Import Request.
  Time since last request: 0.000045 seconds.
  path: Assets/CorgiEngine/Demos/Retro/Prefabs/ItemPickers/RetroCoinPicker.prefab
  artifactKey: Guid(c9569c81d443344f99e99ce281af4edd) Importer(2089858483,192608db42251d675da83286b1cce702)
Start importing Assets/CorgiEngine/Demos/Retro/Prefabs/ItemPickers/RetroCoinPicker.prefab using Guid(c9569c81d443344f99e99ce281af4edd) Importer(2089858483,192608db42251d675da83286b1cce702) (ScriptedImporter) -> (artifact id: 'e45ea1786e507257010ef68fccd84c23') in 0.0474782 seconds
Number of updated asset objects reloaded before import = 0Number of asset objects unloaded after import = 21

========================================================================
Received Import Request.
  Time since last request: 0.000025 seconds.
  path: Assets/CorgiEngine/Demos/Retro/Sprites/RetroPatterns/Gradient2.png
  artifactKey: Guid(7a2e78a0082e8a746915696710d61fae) Importer(2089858483,192608db42251d675da83286b1cce702)
Start importing Assets/CorgiEngine/Demos/Retro/Sprites/RetroPatterns/Gradient2.png using Guid(7a2e78a0082e8a746915696710d61fae) Importer(2089858483,192608db42251d675da83286b1cce702) (ScriptedImporter) -> (artifact id: '0155217011d8f396f1dd621b480265b9') in 0.0515549 seconds
Number of updated asset objects reloaded before import = 0Number of asset objects unloaded after import = 3

========================================================================
Received Import Request.
  Time since last request: 0.000022 seconds.
  path: Assets/CorgiEngine/Demos/Minimal/Resources/Items/InventoryMachineGun.asset
  artifactKey: Guid(106df19b6b317e64ebd2877327a38f58) Importer(2089858483,192608db42251d675da83286b1cce702)
Start importing Assets/CorgiEngine/Demos/Minimal/Resources/Items/InventoryMachineGun.asset using Guid(106df19b6b317e64ebd2877327a38f58) Importer(2089858483,192608db42251d675da83286b1cce702) (ScriptedImporter) -> (artifact id: 'f9f9c781e3c2494b972a3350ef9241c9') in 0.0573815 seconds
Number of updated asset objects reloaded before import = 0Number of asset objects unloaded after import = 113

========================================================================
Received Import Request.
  Time since last request: 0.000026 seconds.
  path: Assets/CorgiEngine/Demos/Retro/Sprites/RetroBackgrounds/RetroCloudBackground1.png
  artifactKey: Guid(25b8657a9bf504fcda886d429fe6b4bf) Importer(2089858483,192608db42251d675da83286b1cce702)
Start importing Assets/CorgiEngine/Demos/Retro/Sprites/RetroBackgrounds/RetroCloudBackground1.png using Guid(25b8657a9bf504fcda886d429fe6b4bf) Importer(2089858483,192608db42251d675da83286b1cce702) (ScriptedImporter) -> (artifact id: '07a83eacb95a41d6c4c5eb8bca4a9868') in 0.0361344 seconds
Number of updated asset objects reloaded before import = 0Number of asset objects unloaded after import = 1

========================================================================
Received Import Request.
  Time since last request: 0.000022 seconds.
  path: Assets/CorgiEngine/Demos/Minimal/Prefabs/Surfaces/Mud.prefab
  artifactKey: Guid(e487adc3b642d6c40ae5748a561632b2) Importer(2089858483,192608db42251d675da83286b1cce702)
Start importing Assets/CorgiEngine/Demos/Minimal/Prefabs/Surfaces/Mud.prefab using Guid(e487adc3b642d6c40ae5748a561632b2) Importer(2089858483,192608db42251d675da83286b1cce702) (ScriptedImporter) -> (artifact id: '38a8c62cc9b9e3d1865e4334543ce888') in 0.0428342 seconds
Number of updated asset objects reloaded before import = 0Number of asset objects unloaded after import = 9

========================================================================
Received Import Request.
  Time since last request: 0.000020 seconds.
  path: Assets/CorgiEngine/Demos/Minimal/Prefabs/Props/SwitchCharacterVFX.prefab
  artifactKey: Guid(f2738725b9bbed349bcd627d05745c7a) Importer(2089858483,192608db42251d675da83286b1cce702)
Start importing Assets/CorgiEngine/Demos/Minimal/Prefabs/Props/SwitchCharacterVFX.prefab using Guid(f2738725b9bbed349bcd627d05745c7a) Importer(2089858483,192608db42251d675da83286b1cce702) (ScriptedImporter) -> (artifact id: 'ab1c180d40406276845973033232e5cb') in 0.0737777 seconds
Number of updated asset objects reloaded before import = 0Number of asset objects unloaded after import = 10

========================================================================
Received Import Request.
  Time since last request: 0.000029 seconds.
  path: Assets/CorgiEngine/Demos/Minimal/Sprites/Rectangle/RectangleClimbIdle.png
  artifactKey: Guid(13e21539041de0e4f95ff483d399ce2a) Importer(2089858483,192608db42251d675da83286b1cce702)
Start importing Assets/CorgiEngine/Demos/Minimal/Sprites/Rectangle/RectangleClimbIdle.png using Guid(13e21539041de0e4f95ff483d399ce2a) Importer(2089858483,192608db42251d675da83286b1cce702) (ScriptedImporter) -> (artifact id: 'e6e0ff50df8d26521195184df9872c9b') in 0.1630192 seconds
Number of updated asset objects reloaded before import = 0Number of asset objects unloaded after import = 32

========================================================================
Received Import Request.
  Time since last request: 0.000026 seconds.
  path: Assets/CorgiEngine/Demos/Retro/Sprites/RetroPlatforms/RetroGround.png
  artifactKey: Guid(892b788165ff9441591b26c9ac865187) Importer(2089858483,192608db42251d675da83286b1cce702)
Start importing Assets/CorgiEngine/Demos/Retro/Sprites/RetroPlatforms/RetroGround.png using Guid(892b788165ff9441591b26c9ac865187) Importer(2089858483,192608db42251d675da83286b1cce702) (ScriptedImporter) -> (artifact id: 'fbdab061a7666c3825976559f8036599') in 0.1616068 seconds
Number of updated asset objects reloaded before import = 0Number of asset objects unloaded after import = 37

========================================================================
Received Import Request.
  Time since last request: 0.000023 seconds.
  path: Assets/CorgiEngine/Demos/Minimal/Sprites/Props/MinimalShootingRangeTarget.png
  artifactKey: Guid(5a65424b033550849932ad408e9e1241) Importer(2089858483,192608db42251d675da83286b1cce702)
Start importing Assets/CorgiEngine/Demos/Minimal/Sprites/Props/MinimalShootingRangeTarget.png using Guid(5a65424b033550849932ad408e9e1241) Importer(2089858483,192608db42251d675da83286b1cce702) (ScriptedImporter) -> (artifact id: '676794359e4f75f62f30af84eb1c66e2') in 0.0389246 seconds
Number of updated asset objects reloaded before import = 0Number of asset objects unloaded after import = 3

========================================================================
Received Import Request.
  Time since last request: 0.000041 seconds.
  path: Assets/CorgiEngine/Demos/Retro/Sprites/RetroCorgi/RetroCorgiDash.png
  artifactKey: Guid(05734c42c60824b3786aeac18a326a2b) Importer(2089858483,192608db42251d675da83286b1cce702)
Start importing Assets/CorgiEngine/Demos/Retro/Sprites/RetroCorgi/RetroCorgiDash.png using Guid(05734c42c60824b3786aeac18a326a2b) Importer(2089858483,192608db42251d675da83286b1cce702) (ScriptedImporter) -> (artifact id: '1d1b6492482e9df01a0485b7687da749') in 0.0734195 seconds
Number of updated asset objects reloaded before import = 0Number of asset objects unloaded after import = 8

========================================================================
Received Import Request.
  Time since last request: 0.000023 seconds.
  path: Assets/CorgiEngine/Demos/Corgi2D/Sprites/Enemies/urchin.png
  artifactKey: Guid(e25d1d88ce0df72488c96a6125d95102) Importer(2089858483,192608db42251d675da83286b1cce702)
Start importing Assets/CorgiEngine/Demos/Corgi2D/Sprites/Enemies/urchin.png using Guid(e25d1d88ce0df72488c96a6125d95102) Importer(2089858483,192608db42251d675da83286b1cce702) (ScriptedImporter) -> (artifact id: '8339195896c86469c85339774f4ed6a1') in 0.137062 seconds
Number of updated asset objects reloaded before import = 0Number of asset objects unloaded after import = 32

========================================================================
Received Import Request.
  Time since last request: 0.000025 seconds.
  path: Assets/CorgiEngine/Demos/Corgi2D/Spine/SpaceCorgi/space-corgi_Material.mat
  artifactKey: Guid(2f355a1240f0b3e439311e6b3c939cfe) Importer(2089858483,192608db42251d675da83286b1cce702)
Start importing Assets/CorgiEngine/Demos/Corgi2D/Spine/SpaceCorgi/space-corgi_Material.mat using Guid(2f355a1240f0b3e439311e6b3c939cfe) Importer(2089858483,192608db42251d675da83286b1cce702) (ScriptedImporter) -> (artifact id: 'bf0d4dd76b8e96bc1caa3de3e0a4c2d9') in 0.0498796 seconds
Number of updated asset objects reloaded before import = 0Number of asset objects unloaded after import = 2

========================================================================
Received Import Request.
  Time since last request: 0.000036 seconds.
  path: Assets/CorgiEngine/Demos/Minimal/Prefabs/Platforms/RoundPlatform200x200.prefab
  artifactKey: Guid(22b30864ed4fedf47b371c440807fb5c) Importer(2089858483,192608db42251d675da83286b1cce702)
Start importing Assets/CorgiEngine/Demos/Minimal/Prefabs/Platforms/RoundPlatform200x200.prefab using Guid(22b30864ed4fedf47b371c440807fb5c) Importer(2089858483,192608db42251d675da83286b1cce702) (ScriptedImporter) -> (artifact id: '01f9d32a9718be9e349097d8a19646c4') in 0.037283 seconds
Number of updated asset objects reloaded before import = 0Number of asset objects unloaded after import = 8

========================================================================
Received Import Request.
  Time since last request: 0.000032 seconds.
  path: Assets/CorgiEngine/Demos/Corgi3D/Prefabs/PlatformsBlue/2x1 Blue.prefab
  artifactKey: Guid(6dba5d39edbecd84e8d20900a9a74155) Importer(2089858483,192608db42251d675da83286b1cce702)
Start importing Assets/CorgiEngine/Demos/Corgi3D/Prefabs/PlatformsBlue/2x1 Blue.prefab using Guid(6dba5d39edbecd84e8d20900a9a74155) Importer(2089858483,192608db42251d675da83286b1cce702) (ScriptedImporter) -> (artifact id: '5eae9494ab3eb78e7af3827f17d27cab') in 0.0320034 seconds
Number of updated asset objects reloaded before import = 0Number of asset objects unloaded after import = 8

========================================================================
Received Import Request.
  Time since last request: 0.000022 seconds.
  path: Assets/CorgiEngine/Demos/Minimal/Prefabs/ItemPickers/RubyKeyPicker.prefab
  artifactKey: Guid(4d7b412ad87f97840abbf491a19f642f) Importer(2089858483,192608db42251d675da83286b1cce702)
Start importing Assets/CorgiEngine/Demos/Minimal/Prefabs/ItemPickers/RubyKeyPicker.prefab using Guid(4d7b412ad87f97840abbf491a19f642f) Importer(2089858483,192608db42251d675da83286b1cce702) (ScriptedImporter) -> (artifact id: '2de17c186591484c6441a0989c2b74ca') in 0.0459904 seconds
Number of updated asset objects reloaded before import = 0Number of asset objects unloaded after import = 21

========================================================================
Received Import Request.
  Time since last request: 0.000031 seconds.
  path: Assets/CorgiEngine/Demos/Corgi3D/Prefabs/PlatformsOrange/1x1 Orange.prefab
  artifactKey: Guid(54741be6e89f1bb43a128e5ba719590d) Importer(2089858483,192608db42251d675da83286b1cce702)
Start importing Assets/CorgiEngine/Demos/Corgi3D/Prefabs/PlatformsOrange/1x1 Orange.prefab using Guid(54741be6e89f1bb43a128e5ba719590d) Importer(2089858483,192608db42251d675da83286b1cce702) (ScriptedImporter) -> (artifact id: 'ef89d5f90b111e32ff0d77d3aa63e53d') in 0.0315068 seconds
Number of updated asset objects reloaded before import = 0Number of asset objects unloaded after import = 8

========================================================================
Received Import Request.
  Time since last request: 0.000025 seconds.
  path: Assets/CorgiEngine/Demos/Retro/Prefabs/Camera/RetroCameraRig.prefab
  artifactKey: Guid(5073b7dcd5ffceb4faf9425a426e7170) Importer(2089858483,192608db42251d675da83286b1cce702)
Start importing Assets/CorgiEngine/Demos/Retro/Prefabs/Camera/RetroCameraRig.prefab using Guid(5073b7dcd5ffceb4faf9425a426e7170) Importer(2089858483,192608db42251d675da83286b1cce702) (ScriptedImporter) -> (artifact id: '8088a7a92b6105fd86512d1468ccd62c') in 0.0680926 seconds
Number of updated asset objects reloaded before import = 0Number of asset objects unloaded after import = 124

========================================================================
Received Import Request.
  Time since last request: 0.000028 seconds.
  path: Assets/CorgiEngine/Demos/Minimal/Prefabs/PlayableCharacters/RectangleDynamicGravity.prefab
  artifactKey: Guid(ad4f3a423ab547546a537fa76653a574) Importer(2089858483,192608db42251d675da83286b1cce702)
Start importing Assets/CorgiEngine/Demos/Minimal/Prefabs/PlayableCharacters/RectangleDynamicGravity.prefab using Guid(ad4f3a423ab547546a537fa76653a574) Importer(2089858483,192608db42251d675da83286b1cce702) (ScriptedImporter) -> (artifact id: '2a2b3ed7dd48db7a91464279230812b6') in 0.2018467 seconds
Number of updated asset objects reloaded before import = 0Number of asset objects unloaded after import = 120

========================================================================
Received Import Request.
  Time since last request: 0.000035 seconds.
  path: Assets/CorgiEngine/Demos/Minimal/Sprites/Rectangle/RectangleJump.png
  artifactKey: Guid(d3d04766a4e6efe42a9ca4bfb44f78d3) Importer(2089858483,192608db42251d675da83286b1cce702)
Start importing Assets/CorgiEngine/Demos/Minimal/Sprites/Rectangle/RectangleJump.png using Guid(d3d04766a4e6efe42a9ca4bfb44f78d3) Importer(2089858483,192608db42251d675da83286b1cce702) (ScriptedImporter) -> (artifact id: 'f3f6a0bee6dd4ac39d8687148e8fe64e') in 0.1527303 seconds
Number of updated asset objects reloaded before import = 0Number of asset objects unloaded after import = 32

========================================================================
Received Import Request.
  Time since last request: 0.000025 seconds.
  path: Assets/CorgiEngine/Demos/Retro/Sprites/RetroBackgrounds/RetroForestBackground3.png
  artifactKey: Guid(c5994410ca3764ccca1b8ad03a333cd4) Importer(2089858483,192608db42251d675da83286b1cce702)
Start importing Assets/CorgiEngine/Demos/Retro/Sprites/RetroBackgrounds/RetroForestBackground3.png using Guid(c5994410ca3764ccca1b8ad03a333cd4) Importer(2089858483,192608db42251d675da83286b1cce702) (ScriptedImporter) -> (artifact id: 'f1ab9c564ff932eeb47a2de93cdeb71e') in 0.0378209 seconds
Number of updated asset objects reloaded before import = 0Number of asset objects unloaded after import = 1

========================================================================
Received Import Request.
  Time since last request: 0.000022 seconds.
  path: Assets/CorgiEngine/Demos/Minimal/Prefabs/Platforms/Platform100x700.prefab
  artifactKey: Guid(e1745fda3f371114a9aa13be60e2053e) Importer(2089858483,192608db42251d675da83286b1cce702)
Start importing Assets/CorgiEngine/Demos/Minimal/Prefabs/Platforms/Platform100x700.prefab using Guid(e1745fda3f371114a9aa13be60e2053e) Importer(2089858483,192608db42251d675da83286b1cce702) (ScriptedImporter) -> (artifact id: '9196c03748099bfd244d31f4ed178973') in 0.0383156 seconds
Number of updated asset objects reloaded before import = 0Number of asset objects unloaded after import = 8

========================================================================
Received Import Request.
  Time since last request: 0.000025 seconds.
  path: Assets/CorgiEngine/Demos/Retro/Sprites/RetroBackgrounds/RetroMountainsBackground1.png
  artifactKey: Guid(9b79006d91b024c9ca607ee5cf9cb461) Importer(2089858483,192608db42251d675da83286b1cce702)
Start importing Assets/CorgiEngine/Demos/Retro/Sprites/RetroBackgrounds/RetroMountainsBackground1.png using Guid(9b79006d91b024c9ca607ee5cf9cb461) Importer(2089858483,192608db42251d675da83286b1cce702) (ScriptedImporter) -> (artifact id: '5031313ab0ae64b014393c456587c419') in 0.0403326 seconds
Number of updated asset objects reloaded before import = 0Number of asset objects unloaded after import = 1

========================================================================
Received Import Request.
  Time since last request: 0.000027 seconds.
  path: Assets/CorgiEngine/Demos/Minimal/Prefabs/ItemPickers/TimeModifierPicker.prefab
  artifactKey: Guid(332b2454bff5c7d4d87551324b66744e) Importer(2089858483,192608db42251d675da83286b1cce702)
Start importing Assets/CorgiEngine/Demos/Minimal/Prefabs/ItemPickers/TimeModifierPicker.prefab using Guid(332b2454bff5c7d4d87551324b66744e) Importer(2089858483,192608db42251d675da83286b1cce702) (ScriptedImporter) -> (artifact id: '9106428c4bc454edbba6012c32703fd0') in 0.0606995 seconds
Number of updated asset objects reloaded before import = 0Number of asset objects unloaded after import = 21

========================================================================
Received Import Request.
  Time since last request: 0.000035 seconds.
  path: Assets/CorgiEngine/Demos/Minimal/Sprites/Rectangle/RectangleDive.png
  artifactKey: Guid(fcddccffcd38fbf46a9d3202ed5cfcc6) Importer(2089858483,192608db42251d675da83286b1cce702)
Start importing Assets/CorgiEngine/Demos/Minimal/Sprites/Rectangle/RectangleDive.png using Guid(fcddccffcd38fbf46a9d3202ed5cfcc6) Importer(2089858483,192608db42251d675da83286b1cce702) (ScriptedImporter) -> (artifact id: 'bfd47301462530aa0500f97566e357db') in 0.1060361 seconds
Number of updated asset objects reloaded before import = 0Number of asset objects unloaded after import = 17

========================================================================
Received Import Request.
  Time since last request: 0.000029 seconds.
  path: Assets/CorgiEngine/Demos/Pixel/Prefabs/PlayableCharacters/PixelCorgi.prefab
  artifactKey: Guid(8e7c25495511d0b40b8adbfe48ffc1da) Importer(2089858483,192608db42251d675da83286b1cce702)
Start importing Assets/CorgiEngine/Demos/Pixel/Prefabs/PlayableCharacters/PixelCorgi.prefab using Guid(8e7c25495511d0b40b8adbfe48ffc1da) Importer(2089858483,192608db42251d675da83286b1cce702) (ScriptedImporter) -> (artifact id: '4106768bede266389214d3ee37fa7a12') in 0.1210669 seconds
Number of updated asset objects reloaded before import = 0Number of asset objects unloaded after import = 37

========================================================================
Received Import Request.
  Time since last request: 0.000030 seconds.
  path: Assets/CorgiEngine/Demos/Retro/Prefabs/ItemPickers/RetroShotgunPicker.prefab
  artifactKey: Guid(07b05b507c0d7416b95d884c8f8f9a89) Importer(2089858483,192608db42251d675da83286b1cce702)
Start importing Assets/CorgiEngine/Demos/Retro/Prefabs/ItemPickers/RetroShotgunPicker.prefab using Guid(07b05b507c0d7416b95d884c8f8f9a89) Importer(2089858483,192608db42251d675da83286b1cce702) (ScriptedImporter) -> (artifact id: 'c13145aa79cddc3f6007064207daf04c') in 0.0725804 seconds
Number of updated asset objects reloaded before import = 0Number of asset objects unloaded after import = 103

========================================================================
Received Import Request.
  Time since last request: 0.000031 seconds.
  path: Assets/CorgiEngine/Demos/Corgi3D/Textures/PrototypeBlocks/FallingYellow.png
  artifactKey: Guid(9e4cb5d3a60a00441b05f465b34821f5) Importer(2089858483,192608db42251d675da83286b1cce702)
Start importing Assets/CorgiEngine/Demos/Corgi3D/Textures/PrototypeBlocks/FallingYellow.png using Guid(9e4cb5d3a60a00441b05f465b34821f5) Importer(2089858483,192608db42251d675da83286b1cce702) (ScriptedImporter) -> (artifact id: '1d90f8de0388aaff22f9b53a817730d0') in 0.0477375 seconds
Number of updated asset objects reloaded before import = 0Number of asset objects unloaded after import = 3

========================================================================
Received Import Request.
  Time since last request: 0.000026 seconds.
  path: Assets/CorgiEngine/Demos/Minimal/Prefabs/Platforms/Platform300x50.prefab
  artifactKey: Guid(b3226c9beca043346a45706fd491954d) Importer(2089858483,192608db42251d675da83286b1cce702)
Start importing Assets/CorgiEngine/Demos/Minimal/Prefabs/Platforms/Platform300x50.prefab using Guid(b3226c9beca043346a45706fd491954d) Importer(2089858483,192608db42251d675da83286b1cce702) (ScriptedImporter) -> (artifact id: '38d90cc5d142a9d144afeb5a1436694c') in 0.0376133 seconds
Number of updated asset objects reloaded before import = 0Number of asset objects unloaded after import = 8

========================================================================
Received Import Request.
  Time since last request: 0.000028 seconds.
  path: Assets/CorgiEngine/Demos/Corgi2D/Spine/NativeSpineCorgi/NativeSpineCorgi.prefab
  artifactKey: Guid(c4256b5a51e09e34c8bf579159e944bc) Importer(2089858483,192608db42251d675da83286b1cce702)
Start importing Assets/CorgiEngine/Demos/Corgi2D/Spine/NativeSpineCorgi/NativeSpineCorgi.prefab using Guid(c4256b5a51e09e34c8bf579159e944bc) Importer(2089858483,192608db42251d675da83286b1cce702) (ScriptedImporter) -> (artifact id: 'a01e2f1927887bba02f27da1c9c1681e') in 0.130946 seconds
Number of updated asset objects reloaded before import = 0Number of asset objects unloaded after import = 25

========================================================================
Received Import Request.
  Time since last request: 0.000027 seconds.
  path: Assets/CorgiEngine/Demos/Corgi2D/Sprites/SpaceCorgi/spacecorgi-shootDiagonalDown.png
  artifactKey: Guid(1dc34cde50830ac479221420dd4d9e0b) Importer(2089858483,192608db42251d675da83286b1cce702)
Start importing Assets/CorgiEngine/Demos/Corgi2D/Sprites/SpaceCorgi/spacecorgi-shootDiagonalDown.png using Guid(1dc34cde50830ac479221420dd4d9e0b) Importer(2089858483,192608db42251d675da83286b1cce702) (ScriptedImporter) -> (artifact id: 'b551e1eed6aab6d55bad347b40d57016') in 0.0450264 seconds
Number of updated asset objects reloaded before import = 0Number of asset objects unloaded after import = 3

========================================================================
Received Import Request.
  Time since last request: 0.000041 seconds.
  path: Assets/CorgiEngine/Demos/Corgi3D/Models/NewCorgi3D/NewCorgi@CrouchedWalking.fbx
  artifactKey: Guid(e298460755bc9c645a9a61f805608aee) Importer(2089858483,192608db42251d675da83286b1cce702)
Start importing Assets/CorgiEngine/Demos/Corgi3D/Models/NewCorgi3D/NewCorgi@CrouchedWalking.fbx using Guid(e298460755bc9c645a9a61f805608aee) Importer(2089858483,192608db42251d675da83286b1cce702) (ScriptedImporter) -> (artifact id: '3b6fc45cc76b34f4cedd63b2f156b5bf') in 0.0515078 seconds
Number of updated asset objects reloaded before import = 0Number of asset objects unloaded after import = 57

========================================================================
Received Import Request.
  Time since last request: 0.000022 seconds.
  path: Assets/CorgiEngine/Demos/Retro/Sprites/RetroPatterns/Gradient4.png
  artifactKey: Guid(bb204c6a53f7408479c3537b11882365) Importer(2089858483,192608db42251d675da83286b1cce702)
Start importing Assets/CorgiEngine/Demos/Retro/Sprites/RetroPatterns/Gradient4.png using Guid(bb204c6a53f7408479c3537b11882365) Importer(2089858483,192608db42251d675da83286b1cce702) (ScriptedImporter) -> (artifact id: '8e14009a3d93912bf14c560cd98f38c1') in 0.0545376 seconds
Number of updated asset objects reloaded before import = 0Number of asset objects unloaded after import = 3

========================================================================
Received Import Request.
  Time since last request: 5.598180 seconds.
  path: Assets/CorgiEngine/Demos/Retro/Sprites/RetroProps/RetroLadder.png
  artifactKey: Guid(987ce78e58a9446f692f45d24cdb49cf) Importer(2089858483,192608db42251d675da83286b1cce702)
Start importing Assets/CorgiEngine/Demos/Retro/Sprites/RetroProps/RetroLadder.png using Guid(987ce78e58a9446f692f45d24cdb49cf) Importer(2089858483,192608db42251d675da83286b1cce702) (ScriptedImporter) -> (artifact id: 'bb4d32b45430b3e99d68638dca57d321') in 0.0535201 seconds
Number of updated asset objects reloaded before import = 0Number of asset objects unloaded after import = 3

========================================================================
Received Import Request.
  Time since last request: 0.000063 seconds.
  path: Assets/CorgiEngine/Demos/Retro/Tilemaps/RetroCave/RetroCave_30.asset
  artifactKey: Guid(63e79b5f36b44a0afabd6f65995672f0) Importer(2089858483,192608db42251d675da83286b1cce702)
Start importing Assets/CorgiEngine/Demos/Retro/Tilemaps/RetroCave/RetroCave_30.asset using Guid(63e79b5f36b44a0afabd6f65995672f0) Importer(2089858483,192608db42251d675da83286b1cce702) (ScriptedImporter) -> (artifact id: 'cc07cbdbd61fd28496e659b1228f4db4') in 0.0300304 seconds
Number of updated asset objects reloaded before import = 0Number of asset objects unloaded after import = 2

========================================================================
Received Import Request.
  Time since last request: 0.000021 seconds.
  path: Assets/CorgiEngine/Demos/Corgi2D/Prefabs/Environment/Ladders/ladder.prefab
  artifactKey: Guid(bf1895efa305ca342a802c03d5b32ed1) Importer(2089858483,192608db42251d675da83286b1cce702)
Start importing Assets/CorgiEngine/Demos/Corgi2D/Prefabs/Environment/Ladders/ladder.prefab using Guid(bf1895efa305ca342a802c03d5b32ed1) Importer(2089858483,192608db42251d675da83286b1cce702) (ScriptedImporter) -> (artifact id: '7a2dc48e8ab28ef906870e9d30c8d101') in 0.0389086 seconds
Number of updated asset objects reloaded before import = 0Number of asset objects unloaded after import = 13

========================================================================
Received Import Request.
  Time since last request: 0.000034 seconds.
  path: Assets/CorgiEngine/Common/Scripts/Agents/AI/Advanced/AIDecisionDistanceToTarget.cs
  artifactKey: Guid(f3d939bdb47054442b867a5a47651971) Importer(2089858483,192608db42251d675da83286b1cce702)
Start importing Assets/CorgiEngine/Common/Scripts/Agents/AI/Advanced/AIDecisionDistanceToTarget.cs using Guid(f3d939bdb47054442b867a5a47651971) Importer(2089858483,192608db42251d675da83286b1cce702) (ScriptedImporter) -> (artifact id: '8decab59692048ffb394ac46d78bf18d') in 0.0240616 seconds
Number of updated asset objects reloaded before import = 0Number of asset objects unloaded after import = 0

========================================================================
Received Import Request.
  Time since last request: 0.000079 seconds.
  path: Assets/CorgiEngine/Demos/Corgi2D/Prefabs/Environment/Bricks/OffBrick8.prefab
  artifactKey: Guid(59bbc80c2c29183408dfaf2f6ab7db4e) Importer(2089858483,192608db42251d675da83286b1cce702)
Start importing Assets/CorgiEngine/Demos/Corgi2D/Prefabs/Environment/Bricks/OffBrick8.prefab using Guid(59bbc80c2c29183408dfaf2f6ab7db4e) Importer(2089858483,192608db42251d675da83286b1cce702) (ScriptedImporter) -> (artifact id: '551a89297c84e312731cfcba37125851') in 0.0475078 seconds
Number of updated asset objects reloaded before import = 0Number of asset objects unloaded after import = 7

========================================================================
Received Import Request.
  Time since last request: 0.000025 seconds.
  path: Assets/CorgiEngine/Demos/Retro/Sprites/RetroVFX/RetroSmoke1.png
  artifactKey: Guid(1de8c0155c429934583ef594eb6f835c) Importer(2089858483,192608db42251d675da83286b1cce702)
Start importing Assets/CorgiEngine/Demos/Retro/Sprites/RetroVFX/RetroSmoke1.png using Guid(1de8c0155c429934583ef594eb6f835c) Importer(2089858483,192608db42251d675da83286b1cce702) (ScriptedImporter) -> (artifact id: '9f79abf6b0c54d5fa3ba1b2fe0e329ec') in 0.0510621 seconds
Number of updated asset objects reloaded before import = 0Number of asset objects unloaded after import = 3

========================================================================
Received Import Request.
  Time since last request: 0.000040 seconds.
  path: Assets/CorgiEngine/Demos/Corgi2D/Animations/SpaceCorgi/SpaceCorgiJump/spaceCorgiJump18.anim
  artifactKey: Guid(ae8cd07c994e5ff4f8c39dd46dbce2dc) Importer(2089858483,192608db42251d675da83286b1cce702)
Start importing Assets/CorgiEngine/Demos/Corgi2D/Animations/SpaceCorgi/SpaceCorgiJump/spaceCorgiJump18.anim using Guid(ae8cd07c994e5ff4f8c39dd46dbce2dc) Importer(2089858483,192608db42251d675da83286b1cce702) (ScriptedImporter) -> (artifact id: '04945931d419f3d79a94f925794d1a7d') in 0.0240778 seconds
Number of updated asset objects reloaded before import = 0Number of asset objects unloaded after import = 1

========================================================================
Received Import Request.
  Time since last request: 0.000069 seconds.
  path: Assets/CorgiEngine/Demos/Corgi2D/Prefabs/Environment/Bricks/Brick14.prefab
  artifactKey: Guid(2dd320a370a534048abe827b2ac9535f) Importer(2089858483,192608db42251d675da83286b1cce702)
Start importing Assets/CorgiEngine/Demos/Corgi2D/Prefabs/Environment/Bricks/Brick14.prefab using Guid(2dd320a370a534048abe827b2ac9535f) Importer(2089858483,192608db42251d675da83286b1cce702) (ScriptedImporter) -> (artifact id: '5cf64fb8b34497f3fbb99926ef5c1a2f') in 0.0400544 seconds
Number of updated asset objects reloaded before import = 0Number of asset objects unloaded after import = 8

========================================================================
Received Import Request.
  Time since last request: 0.000040 seconds.
  path: Assets/CorgiEngine/Demos/Retro/Tilemaps/RetroRocks/RetroRocks_8.asset
  artifactKey: Guid(00b9b9da560d5e61dda156b859980dfb) Importer(2089858483,192608db42251d675da83286b1cce702)
Start importing Assets/CorgiEngine/Demos/Retro/Tilemaps/RetroRocks/RetroRocks_8.asset using Guid(00b9b9da560d5e61dda156b859980dfb) Importer(2089858483,192608db42251d675da83286b1cce702) (ScriptedImporter) -> (artifact id: 'fc974800fbf9abfc2751a804b47749c0') in 0.0253122 seconds
Number of updated asset objects reloaded before import = 0Number of asset objects unloaded after import = 2

========================================================================
Received Import Request.
  Time since last request: 0.000026 seconds.
  path: Assets/CorgiEngine/Demos/Retro/Tilemaps/RetroCave/RetroCave_31.asset
  artifactKey: Guid(feafc737bae8948f44719d3dbb3dbbfe) Importer(2089858483,192608db42251d675da83286b1cce702)
Start importing Assets/CorgiEngine/Demos/Retro/Tilemaps/RetroCave/RetroCave_31.asset using Guid(feafc737bae8948f44719d3dbb3dbbfe) Importer(2089858483,192608db42251d675da83286b1cce702) (ScriptedImporter) -> (artifact id: 'a291cd475065844ba343f6ff65e0295a') in 0.0258489 seconds
Number of updated asset objects reloaded before import = 0Number of asset objects unloaded after import = 2

========================================================================
Received Import Request.
  Time since last request: 0.000023 seconds.
  path: Assets/CorgiEngine/Demos/Retro/Tilemaps/RetroRocks/RetroRocks_38.asset
  artifactKey: Guid(83c7f2491e846b522e86b51b5cb4867d) Importer(2089858483,192608db42251d675da83286b1cce702)
Start importing Assets/CorgiEngine/Demos/Retro/Tilemaps/RetroRocks/RetroRocks_38.asset using Guid(83c7f2491e846b522e86b51b5cb4867d) Importer(2089858483,192608db42251d675da83286b1cce702) (ScriptedImporter) -> (artifact id: '40b06b335e43a6c9d70536316375d369') in 0.0264658 seconds
Number of updated asset objects reloaded before import = 0Number of asset objects unloaded after import = 2

========================================================================
Received Import Request.
  Time since last request: 0.000021 seconds.
  path: Assets/CorgiEngine/ThirdParty/MoreMountains/MMFeedbacks/Editor/MoreMountains.Feedbacks.Editor.asmref
  artifactKey: Guid(9722df90d8b438e4b8b47fee471fbbee) Importer(2089858483,192608db42251d675da83286b1cce702)
Start importing Assets/CorgiEngine/ThirdParty/MoreMountains/MMFeedbacks/Editor/MoreMountains.Feedbacks.Editor.asmref using Guid(9722df90d8b438e4b8b47fee471fbbee) Importer(2089858483,192608db42251d675da83286b1cce702) (ScriptedImporter) -> (artifact id: 'e021604187ca0cb6d3522c2f7ffbe0f5') in 0.046298 seconds
Number of updated asset objects reloaded before import = 0Number of asset objects unloaded after import = 1

========================================================================
Received Import Request.
  Time since last request: 0.000028 seconds.
  path: Assets/CorgiEngine/Demos/Retro/Tilemaps/RetroCave/RetroCave_28.asset
  artifactKey: Guid(14a43de3f779209cbf973fca34b3e000) Importer(2089858483,192608db42251d675da83286b1cce702)
Start importing Assets/CorgiEngine/Demos/Retro/Tilemaps/RetroCave/RetroCave_28.asset using Guid(14a43de3f779209cbf973fca34b3e000) Importer(2089858483,192608db42251d675da83286b1cce702) (ScriptedImporter) -> (artifact id: 'e4959a91fa345898a1bc4db57b95ef89') in 0.028666 seconds
Number of updated asset objects reloaded before import = 0Number of asset objects unloaded after import = 2

========================================================================
Received Import Request.
  Time since last request: 0.000028 seconds.
  path: Assets/CorgiEngine/Demos/Retro/Sprites/RetroProps/RetroShells.png
  artifactKey: Guid(4841af31fd423cd418365a04e733da28) Importer(2089858483,192608db42251d675da83286b1cce702)
Start importing Assets/CorgiEngine/Demos/Retro/Sprites/RetroProps/RetroShells.png using Guid(4841af31fd423cd418365a04e733da28) Importer(2089858483,192608db42251d675da83286b1cce702) (ScriptedImporter) -> (artifact id: 'a7187c6f0d1114ca2521c1055a8b1664') in 0.0477342 seconds
Number of updated asset objects reloaded before import = 0Number of asset objects unloaded after import = 3

========================================================================
Received Import Request.
  Time since last request: 0.000034 seconds.
  path: Assets/CorgiEngine/Demos/Retro/Tilemaps/RetroCave/RetroCave_4.asset
  artifactKey: Guid(4e969818f39b87e2529c032f9593d818) Importer(2089858483,192608db42251d675da83286b1cce702)
Start importing Assets/CorgiEngine/Demos/Retro/Tilemaps/RetroCave/RetroCave_4.asset using Guid(4e969818f39b87e2529c032f9593d818) Importer(2089858483,192608db42251d675da83286b1cce702) (ScriptedImporter) -> (artifact id: '69a02d641a65fff38f850395820de76d') in 0.0290962 seconds
Number of updated asset objects reloaded before import = 0Number of asset objects unloaded after import = 2

========================================================================
Received Import Request.
  Time since last request: 0.000024 seconds.
  path: Assets/CorgiEngine/Common/Scripts/Agents/AI/Advanced/AIActionClimbLadder.cs
  artifactKey: Guid(5dbf5d06c69521c4ca448b1b3ac0a8a3) Importer(2089858483,192608db42251d675da83286b1cce702)
Start importing Assets/CorgiEngine/Common/Scripts/Agents/AI/Advanced/AIActionClimbLadder.cs using Guid(5dbf5d06c69521c4ca448b1b3ac0a8a3) Importer(2089858483,192608db42251d675da83286b1cce702) (ScriptedImporter) -> (artifact id: '153ce8f93b6cb3fda9d3a5e3262021a5') in 0.0269063 seconds
Number of updated asset objects reloaded before import = 0Number of asset objects unloaded after import = 0

========================================================================
Received Import Request.
  Time since last request: 0.000081 seconds.
  path: Assets/CorgiEngine/Demos/Retro/Tilemaps/RetroCave/RetroCave_3.asset
  artifactKey: Guid(71fe3661864bc607646dfbec883fab07) Importer(2089858483,192608db42251d675da83286b1cce702)
Start importing Assets/CorgiEngine/Demos/Retro/Tilemaps/RetroCave/RetroCave_3.asset using Guid(71fe3661864bc607646dfbec883fab07) Importer(2089858483,192608db42251d675da83286b1cce702) (ScriptedImporter) -> (artifact id: '2721657dabc2aa70630eef566ebb6ddd') in 0.0315832 seconds
Number of updated asset objects reloaded before import = 0Number of asset objects unloaded after import = 2

========================================================================
Received Import Request.
  Time since last request: 0.000024 seconds.
  path: Assets/CorgiEngine/Common/Scripts/Agents/AI/Legacy/AIShootOnSight.cs
  artifactKey: Guid(2722c8e06c7fe46bbbd264ab655e2c4f) Importer(2089858483,192608db42251d675da83286b1cce702)
Start importing Assets/CorgiEngine/Common/Scripts/Agents/AI/Legacy/AIShootOnSight.cs using Guid(2722c8e06c7fe46bbbd264ab655e2c4f) Importer(2089858483,192608db42251d675da83286b1cce702) (ScriptedImporter) -> (artifact id: '90a6f8ea1472d53daedf9e9710987a0d') in 0.0284638 seconds
Number of updated asset objects reloaded before import = 0Number of asset objects unloaded after import = 0

========================================================================
Received Import Request.
  Time since last request: 0.000083 seconds.
  path: Assets/CorgiEngine/Demos/Corgi2D/Animations/SpaceCorgi/SpaceCorgiJump/spaceCorgiJump8.anim
  artifactKey: Guid(0b986195d5ea2504fa626ec5339091d4) Importer(2089858483,192608db42251d675da83286b1cce702)
Start importing Assets/CorgiEngine/Demos/Corgi2D/Animations/SpaceCorgi/SpaceCorgiJump/spaceCorgiJump8.anim using Guid(0b986195d5ea2504fa626ec5339091d4) Importer(2089858483,192608db42251d675da83286b1cce702) (ScriptedImporter) -> (artifact id: 'e1b9b785427973a8c6a40b6c38740555') in 0.0315258 seconds
Number of updated asset objects reloaded before import = 0Number of asset objects unloaded after import = 1

========================================================================
Received Import Request.
  Time since last request: 0.000024 seconds.
  path: Assets/CorgiEngine/Demos/Retro/Tilemaps/RetroRocks/RetroRocks_39.asset
  artifactKey: Guid(14d686985d811a65d0df5d0237710614) Importer(2089858483,192608db42251d675da83286b1cce702)
Start importing Assets/CorgiEngine/Demos/Retro/Tilemaps/RetroRocks/RetroRocks_39.asset using Guid(14d686985d811a65d0df5d0237710614) Importer(2089858483,192608db42251d675da83286b1cce702) (ScriptedImporter) -> (artifact id: '1c101f7498e92bdce7a6715dc5c23f39') in 0.0310543 seconds
Number of updated asset objects reloaded before import = 0Number of asset objects unloaded after import = 2

========================================================================
Received Import Request.
  Time since last request: 0.000026 seconds.
  path: Assets/CorgiEngine/Demos/TheHunt/Models/Soldier/Red@idle.fbx
  artifactKey: Guid(11ef88afc07737b4d976c4111c9ebc36) Importer(2089858483,192608db42251d675da83286b1cce702)
Start importing Assets/CorgiEngine/Demos/TheHunt/Models/Soldier/Red@idle.fbx using Guid(11ef88afc07737b4d976c4111c9ebc36) Importer(2089858483,192608db42251d675da83286b1cce702) (ScriptedImporter) -> (artifact id: 'ccd84fa0c49071148dcfbf1c5b3e4c3e') in 0.0532967 seconds
Number of updated asset objects reloaded before import = 0Number of asset objects unloaded after import = 66

========================================================================
Received Import Request.
  Time since last request: 0.000032 seconds.
  path: Assets/CorgiEngine/Common/Scripts/Agents/AI/Advanced/AIActionCrouchStop.cs
  artifactKey: Guid(f9069919ff7e172458f711a644d747df) Importer(2089858483,192608db42251d675da83286b1cce702)
Start importing Assets/CorgiEngine/Common/Scripts/Agents/AI/Advanced/AIActionCrouchStop.cs using Guid(f9069919ff7e172458f711a644d747df) Importer(2089858483,192608db42251d675da83286b1cce702) (ScriptedImporter) -> (artifact id: '80ebd2b8b3bcf13fc9e38c2acf4cd053') in 0.0273244 seconds
Number of updated asset objects reloaded before import = 0Number of asset objects unloaded after import = 0

========================================================================
Received Import Request.
  Time since last request: 0.000101 seconds.
  path: Assets/CorgiEngine/Demos/TheHunt/Models/Soldier/Red@CrouchIdle.fbx
  artifactKey: Guid(df3ea402b8d525f4794f19de95a2d50c) Importer(2089858483,192608db42251d675da83286b1cce702)
Start importing Assets/CorgiEngine/Demos/TheHunt/Models/Soldier/Red@CrouchIdle.fbx using Guid(df3ea402b8d525f4794f19de95a2d50c) Importer(2089858483,192608db42251d675da83286b1cce702) (ScriptedImporter) -> (artifact id: 'b93971b06a3e58a0c8698cdfcd64c640') in 0.0565668 seconds
Number of updated asset objects reloaded before import = 0Number of asset objects unloaded after import = 66

========================================================================
Received Import Request.
  Time since last request: 0.000029 seconds.
  path: Assets/CorgiEngine/Demos/SuperHipsterBros/Prefabs/Environment/HipsterBonus.prefab
  artifactKey: Guid(3efc276708baeb24a92c74a20d8bb87c) Importer(2089858483,192608db42251d675da83286b1cce702)
Start importing Assets/CorgiEngine/Demos/SuperHipsterBros/Prefabs/Environment/HipsterBonus.prefab using Guid(3efc276708baeb24a92c74a20d8bb87c) Importer(2089858483,192608db42251d675da83286b1cce702) (ScriptedImporter) -> (artifact id: '0a224b325f963abeefcf7ca428d29be1') in 0.0632331 seconds
Number of updated asset objects reloaded before import = 0Number of asset objects unloaded after import = 38

========================================================================
Received Import Request.
  Time since last request: 0.000045 seconds.
  path: Assets/CorgiEngine/Demos/Retro/Tilemaps/RetroRocks/RetroRocks_28.asset
  artifactKey: Guid(454dbf2723639eb71d1ba95059c3c933) Importer(2089858483,192608db42251d675da83286b1cce702)
Start importing Assets/CorgiEngine/Demos/Retro/Tilemaps/RetroRocks/RetroRocks_28.asset using Guid(454dbf2723639eb71d1ba95059c3c933) Importer(2089858483,192608db42251d675da83286b1cce702) (ScriptedImporter) -> (artifact id: '5250fd9baf2673d9153d40c8f4368fcd') in 0.0299727 seconds
Number of updated asset objects reloaded before import = 0Number of asset objects unloaded after import = 2

========================================================================
Received Import Request.
  Time since last request: 0.000028 seconds.
  path: Assets/CorgiEngine/Demos/Corgi2D/Prefabs/Environment/Lava/LavaPlatform8.prefab
  artifactKey: Guid(0faed8916c751304a923d502f09997e6) Importer(2089858483,192608db42251d675da83286b1cce702)
Start importing Assets/CorgiEngine/Demos/Corgi2D/Prefabs/Environment/Lava/LavaPlatform8.prefab using Guid(0faed8916c751304a923d502f09997e6) Importer(2089858483,192608db42251d675da83286b1cce702) (ScriptedImporter) -> (artifact id: '78ab1e1c7d49b2d6b55efacd3fba315c') in 0.07812 seconds
Number of updated asset objects reloaded before import = 0Number of asset objects unloaded after import = 8

========================================================================
Received Import Request.
  Time since last request: 0.000037 seconds.
  path: Assets/CorgiEngine/Demos/RetroAdventure/Prefabs/PlayableCharacters/RetroAdventureCorgi.prefab
  artifactKey: Guid(c3c7393d6d7b1734da71dccf070d5da7) Importer(2089858483,192608db42251d675da83286b1cce702)
Start importing Assets/CorgiEngine/Demos/RetroAdventure/Prefabs/PlayableCharacters/RetroAdventureCorgi.prefab using Guid(c3c7393d6d7b1734da71dccf070d5da7) Importer(2089858483,192608db42251d675da83286b1cce702) (ScriptedImporter) -> (artifact id: '22b327f72d3e9df933a678224a881cb8') in 0.2836819 seconds
Number of updated asset objects reloaded before import = 0Number of asset objects unloaded after import = 176

========================================================================
Received Import Request.
  Time since last request: 0.000053 seconds.
  path: Assets/CorgiEngine/Demos/SuperHipsterBros/Prefabs/Environment/Pipe.prefab
  artifactKey: Guid(ca23d5291e826804f9e987061ead3339) Importer(2089858483,192608db42251d675da83286b1cce702)
Start importing Assets/CorgiEngine/Demos/SuperHipsterBros/Prefabs/Environment/Pipe.prefab using Guid(ca23d5291e826804f9e987061ead3339) Importer(2089858483,192608db42251d675da83286b1cce702) (ScriptedImporter) -> (artifact id: '4b3542196d780b308a8eebaeedb29c6a') in 0.0355434 seconds
Number of updated asset objects reloaded before import = 0Number of asset objects unloaded after import = 8

========================================================================
Received Import Request.
  Time since last request: 0.000026 seconds.
  path: Assets/CorgiEngine/Common/Scripts/Agents/AI/Advanced/AIDecisionLineOfSightToTarget.cs
  artifactKey: Guid(fd3617f191b9f2e46bca3cfd6acd2ebb) Importer(2089858483,192608db42251d675da83286b1cce702)
Start importing Assets/CorgiEngine/Common/Scripts/Agents/AI/Advanced/AIDecisionLineOfSightToTarget.cs using Guid(fd3617f191b9f2e46bca3cfd6acd2ebb) Importer(2089858483,192608db42251d675da83286b1cce702) (ScriptedImporter) -> (artifact id: '9fb53bf80629acc71ca3301b54b9e45d') in 0.0209604 seconds
Number of updated asset objects reloaded before import = 0Number of asset objects unloaded after import = 0

========================================================================
Received Import Request.
  Time since last request: 0.000053 seconds.
  path: Assets/CorgiEngine/Demos/RetroAdventure/Prefabs/Cameras/RetroAdventureUICamera.prefab
  artifactKey: Guid(67f399667c9c9fc42bb3e61e1d82c8c3) Importer(2089858483,192608db42251d675da83286b1cce702)
Start importing Assets/CorgiEngine/Demos/RetroAdventure/Prefabs/Cameras/RetroAdventureUICamera.prefab using Guid(67f399667c9c9fc42bb3e61e1d82c8c3) Importer(2089858483,192608db42251d675da83286b1cce702) (ScriptedImporter) -> (artifact id: 'f9f50af8f289e25f766a8eeac626e8d0') in 0.1872005 seconds
Number of updated asset objects reloaded before import = 0Number of asset objects unloaded after import = 729

========================================================================
Received Import Request.
  Time since last request: 0.000029 seconds.
  path: Assets/CorgiEngine/Demos/Retro/Tilemaps/RetroCave/RetroCave_19.asset
  artifactKey: Guid(4e49554a61ebbb550678ea22c8b11bc1) Importer(2089858483,192608db42251d675da83286b1cce702)
Start importing Assets/CorgiEngine/Demos/Retro/Tilemaps/RetroCave/RetroCave_19.asset using Guid(4e49554a61ebbb550678ea22c8b11bc1) Importer(2089858483,192608db42251d675da83286b1cce702) (ScriptedImporter) -> (artifact id: 'e34f8d02b2348cf3064defc66ee41ebc') in 0.0256424 seconds
Number of updated asset objects reloaded before import = 0Number of asset objects unloaded after import = 2

========================================================================
Received Import Request.
  Time since last request: 0.000031 seconds.
  path: Assets/CorgiEngine/Demos/Corgi2D/Animations/SpaceCorgi/SpaceCorgiJump/spaceCorgiJump4.anim
  artifactKey: Guid(7c4c507bab35ac943962c03ecee30560) Importer(2089858483,192608db42251d675da83286b1cce702)
Start importing Assets/CorgiEngine/Demos/Corgi2D/Animations/SpaceCorgi/SpaceCorgiJump/spaceCorgiJump4.anim using Guid(7c4c507bab35ac943962c03ecee30560) Importer(2089858483,192608db42251d675da83286b1cce702) (ScriptedImporter) -> (artifact id: '9174ba8ef0c19a6970bec1420e46f759') in 0.0296731 seconds
Number of updated asset objects reloaded before import = 0Number of asset objects unloaded after import = 1

========================================================================
Received Import Request.
  Time since last request: 0.000030 seconds.
  path: Assets/CorgiEngine/Demos/Corgi2D/Prefabs/Environment/Bricks/Brick2.prefab
  artifactKey: Guid(61d01dabeadab4742895efb73fa1b823) Importer(2089858483,192608db42251d675da83286b1cce702)
Start importing Assets/CorgiEngine/Demos/Corgi2D/Prefabs/Environment/Bricks/Brick2.prefab using Guid(61d01dabeadab4742895efb73fa1b823) Importer(2089858483,192608db42251d675da83286b1cce702) (ScriptedImporter) -> (artifact id: '46b472b727bb8349ff20688ee79fda9f') in 0.038994 seconds
Number of updated asset objects reloaded before import = 0Number of asset objects unloaded after import = 8

========================================================================
Received Import Request.
  Time since last request: 0.000028 seconds.
  path: Assets/CorgiEngine/Demos/Retro/Tilemaps/RetroRocks/RetroRocks_36.asset
  artifactKey: Guid(eb65c97d064d41fede38b05a7a7a8b17) Importer(2089858483,192608db42251d675da83286b1cce702)
Start importing Assets/CorgiEngine/Demos/Retro/Tilemaps/RetroRocks/RetroRocks_36.asset using Guid(eb65c97d064d41fede38b05a7a7a8b17) Importer(2089858483,192608db42251d675da83286b1cce702) (ScriptedImporter) -> (artifact id: 'e989fc7ff26819b6ad28ca397f7b3272') in 0.0268266 seconds
Number of updated asset objects reloaded before import = 0Number of asset objects unloaded after import = 2

========================================================================
Received Import Request.
  Time since last request: 0.000064 seconds.
  path: Assets/CorgiEngine/Demos/TheHunt/Models/MachineGunProjectile/RedCube.prefab
  artifactKey: Guid(9946ed026ac457344b97f3f52925a6c7) Importer(2089858483,192608db42251d675da83286b1cce702)
Start importing Assets/CorgiEngine/Demos/TheHunt/Models/MachineGunProjectile/RedCube.prefab using Guid(9946ed026ac457344b97f3f52925a6c7) Importer(2089858483,192608db42251d675da83286b1cce702) (ScriptedImporter) -> (artifact id: 'ddaac155abee0d059cb9d8c3942644ad') in 0.0909316 seconds
Number of updated asset objects reloaded before import = 0Number of asset objects unloaded after import = 9

========================================================================
Received Import Request.
  Time since last request: 0.000022 seconds.
  path: Assets/CorgiEngine/Demos/Retro/Tilemaps/RetroCave/RetroCave_rules_0.asset
  artifactKey: Guid(00cdd122ac0a8bfb4d3b5eabcb551f45) Importer(2089858483,192608db42251d675da83286b1cce702)
Start importing Assets/CorgiEngine/Demos/Retro/Tilemaps/RetroCave/RetroCave_rules_0.asset using Guid(00cdd122ac0a8bfb4d3b5eabcb551f45) Importer(2089858483,192608db42251d675da83286b1cce702) (ScriptedImporter) -> (artifact id: 'a7999a6c410cbb4a2a7a85655c599056') in 0.0312169 seconds
Number of updated asset objects reloaded before import = 0Number of asset objects unloaded after import = 48

========================================================================
Received Import Request.
  Time since last request: 0.000019 seconds.
  path: Assets/CorgiEngine/Common/Scripts/Agents/AI/Advanced/AIActionDoNothing.cs
  artifactKey: Guid(4ce6650aa70b5cb49836740df729c5be) Importer(2089858483,192608db42251d675da83286b1cce702)
Start importing Assets/CorgiEngine/Common/Scripts/Agents/AI/Advanced/AIActionDoNothing.cs using Guid(4ce6650aa70b5cb49836740df729c5be) Importer(2089858483,192608db42251d675da83286b1cce702) (ScriptedImporter) -> (artifact id: '1bfc7a992325f051b64c8c279c56586e') in 0.0261783 seconds
Number of updated asset objects reloaded before import = 0Number of asset objects unloaded after import = 0

========================================================================
Received Import Request.
  Time since last request: 0.000296 seconds.
  path: Assets/CorgiEngine/Common/Scripts/Agents/AI/Advanced/AIActionFlyTowardsTarget.cs
  artifactKey: Guid(20a4fc9499abe3c439e7a1994f876be1) Importer(2089858483,192608db42251d675da83286b1cce702)
Start importing Assets/CorgiEngine/Common/Scripts/Agents/AI/Advanced/AIActionFlyTowardsTarget.cs using Guid(20a4fc9499abe3c439e7a1994f876be1) Importer(2089858483,192608db42251d675da83286b1cce702) (ScriptedImporter) -> (artifact id: 'e35ef157f53ec586e2019731fcd98c15') in 0.0259375 seconds
Number of updated asset objects reloaded before import = 0Number of asset objects unloaded after import = 0

========================================================================
Received Import Request.
  Time since last request: 0.000143 seconds.
  path: Assets/CorgiEngine/Demos/Retro/Tilemaps/RetroCave/RetroCave_5.asset
  artifactKey: Guid(bb78c45e7310e87eeae27af9729e3f79) Importer(2089858483,192608db42251d675da83286b1cce702)
Start importing Assets/CorgiEngine/Demos/Retro/Tilemaps/RetroCave/RetroCave_5.asset using Guid(bb78c45e7310e87eeae27af9729e3f79) Importer(2089858483,192608db42251d675da83286b1cce702) (ScriptedImporter) -> (artifact id: '6e1e3bd761153e86252493f681471d33') in 0.0245657 seconds
Number of updated asset objects reloaded before import = 0Number of asset objects unloaded after import = 2

========================================================================
Received Import Request.
  Time since last request: 0.000024 seconds.
  path: Assets/CorgiEngine/Demos/TheHunt/Prefabs/GUI/TheHuntReticle.prefab
  artifactKey: Guid(fdff91f9c641e4bc4ae800f161c07e1f) Importer(2089858483,192608db42251d675da83286b1cce702)
Start importing Assets/CorgiEngine/Demos/TheHunt/Prefabs/GUI/TheHuntReticle.prefab using Guid(fdff91f9c641e4bc4ae800f161c07e1f) Importer(2089858483,192608db42251d675da83286b1cce702) (ScriptedImporter) -> (artifact id: '6dfee41b9c6fe304f2fa6f740a977270') in 0.0397596 seconds
Number of updated asset objects reloaded before import = 0Number of asset objects unloaded after import = 7

========================================================================
Received Import Request.
  Time since last request: 0.000022 seconds.
  path: Assets/CorgiEngine/Demos/Retro/Sprites/RetroVFX/RetroLeaves.png
  artifactKey: Guid(98ca8539ffd2e43f88b3cf2ce32144d6) Importer(2089858483,192608db42251d675da83286b1cce702)
Start importing Assets/CorgiEngine/Demos/Retro/Sprites/RetroVFX/RetroLeaves.png using Guid(98ca8539ffd2e43f88b3cf2ce32144d6) Importer(2089858483,192608db42251d675da83286b1cce702) (ScriptedImporter) -> (artifact id: 'ffbb1bec6aa2bdd0f72f222ae7faac7a') in 0.0603801 seconds
Number of updated asset objects reloaded before import = 0Number of asset objects unloaded after import = 6

========================================================================
Received Import Request.
  Time since last request: 0.000042 seconds.
  path: Assets/CorgiEngine/Demos/Corgi2D/Prefabs/Environment/Bricks/Brick3.prefab
  artifactKey: Guid(156ae81166fceb643aea7792250276d1) Importer(2089858483,192608db42251d675da83286b1cce702)
Start importing Assets/CorgiEngine/Demos/Corgi2D/Prefabs/Environment/Bricks/Brick3.prefab using Guid(156ae81166fceb643aea7792250276d1) Importer(2089858483,192608db42251d675da83286b1cce702) (ScriptedImporter) -> (artifact id: 'e17c2806070cfacccee4fb8c0a83a86f') in 0.0411347 seconds
Number of updated asset objects reloaded before import = 0Number of asset objects unloaded after import = 8

========================================================================
Received Import Request.
  Time since last request: 0.000019 seconds.
  path: Assets/CorgiEngine/Demos/Retro/Sprites/RetroVFX/RetroDust2.png
  artifactKey: Guid(86badc389ff79f847a0ba5d6d393020f) Importer(2089858483,192608db42251d675da83286b1cce702)
Start importing Assets/CorgiEngine/Demos/Retro/Sprites/RetroVFX/RetroDust2.png using Guid(86badc389ff79f847a0ba5d6d393020f) Importer(2089858483,192608db42251d675da83286b1cce702) (ScriptedImporter) -> (artifact id: '2e6795e87043c157d2b7c92b0a26b8f5') in 0.0587825 seconds
Number of updated asset objects reloaded before import = 0Number of asset objects unloaded after import = 3

========================================================================
Received Import Request.
  Time since last request: 0.000028 seconds.
  path: Assets/CorgiEngine/Common/Scripts/Agents/AI/Advanced/AIActionPatrolWithinBounds.cs
  artifactKey: Guid(9e9d35a785a120f4bb9e205932f022c7) Importer(2089858483,192608db42251d675da83286b1cce702)
Start importing Assets/CorgiEngine/Common/Scripts/Agents/AI/Advanced/AIActionPatrolWithinBounds.cs using Guid(9e9d35a785a120f4bb9e205932f022c7) Importer(2089858483,192608db42251d675da83286b1cce702) (ScriptedImporter) -> (artifact id: '5501ed89dbaf1f95f19ab243de07ba11') in 0.0221889 seconds
Number of updated asset objects reloaded before import = 0Number of asset objects unloaded after import = 0

========================================================================
Received Import Request.
  Time since last request: 0.000084 seconds.
  path: Assets/CorgiEngine/Demos/SuperHipsterBros/Prefabs/Environment/HipsterCloud2.prefab
  artifactKey: Guid(4293d7fd11cfc3c43b3027dc2a9fc608) Importer(2089858483,192608db42251d675da83286b1cce702)
Start importing Assets/CorgiEngine/Demos/SuperHipsterBros/Prefabs/Environment/HipsterCloud2.prefab using Guid(4293d7fd11cfc3c43b3027dc2a9fc608) Importer(2089858483,192608db42251d675da83286b1cce702) (ScriptedImporter) -> (artifact id: '2d22cfd915d71bcee2361b7fdbaf558c') in 0.0427342 seconds
Number of updated asset objects reloaded before import = 0Number of asset objects unloaded after import = 8

========================================================================
Received Import Request.
  Time since last request: 0.000064 seconds.
  path: Assets/CorgiEngine/Common/Scripts/Agents/AI/Legacy/AIFollow.cs
  artifactKey: Guid(376e9f0d57c22c64a9bcd13767d360e0) Importer(2089858483,192608db42251d675da83286b1cce702)
Start importing Assets/CorgiEngine/Common/Scripts/Agents/AI/Legacy/AIFollow.cs using Guid(376e9f0d57c22c64a9bcd13767d360e0) Importer(2089858483,192608db42251d675da83286b1cce702) (ScriptedImporter) -> (artifact id: '3b6426d36d79920974583d17df3f5a9a') in 0.0228715 seconds
Number of updated asset objects reloaded before import = 0Number of asset objects unloaded after import = 0

========================================================================
Received Import Request.
  Time since last request: 0.000021 seconds.
  path: Assets/CorgiEngine/Demos/Retro/Tilemaps/RetroRocks/RetroRocks_35.asset
  artifactKey: Guid(7470aa9a741ea901e85dcea36f23955d) Importer(2089858483,192608db42251d675da83286b1cce702)
Start importing Assets/CorgiEngine/Demos/Retro/Tilemaps/RetroRocks/RetroRocks_35.asset using Guid(7470aa9a741ea901e85dcea36f23955d) Importer(2089858483,192608db42251d675da83286b1cce702) (ScriptedImporter) -> (artifact id: 'e68c3eb1412324571dd411b329c0f15a') in 0.0295468 seconds
Number of updated asset objects reloaded before import = 0Number of asset objects unloaded after import = 2

========================================================================
Received Import Request.
  Time since last request: 0.000049 seconds.
  path: Assets/CorgiEngine/Demos/Corgi2D/Prefabs/Environment/Bricks/OffBrick4.prefab
  artifactKey: Guid(dec03186ac34d594fa5b5b0c54711f57) Importer(2089858483,192608db42251d675da83286b1cce702)
Start importing Assets/CorgiEngine/Demos/Corgi2D/Prefabs/Environment/Bricks/OffBrick4.prefab using Guid(dec03186ac34d594fa5b5b0c54711f57) Importer(2089858483,192608db42251d675da83286b1cce702) (ScriptedImporter) -> (artifact id: 'ad9bfb3228de4f4a39b3654d945e6cbb') in 0.048093 seconds
Number of updated asset objects reloaded before import = 0Number of asset objects unloaded after import = 7

========================================================================
Received Import Request.
  Time since last request: 0.000031 seconds.
  path: Assets/CorgiEngine/Demos/SuperHipsterBros/Prefabs/Environment/HipsterGround2.prefab
  artifactKey: Guid(ddca46ee73b39764b99a5bc4b5dfadf2) Importer(2089858483,192608db42251d675da83286b1cce702)
Start importing Assets/CorgiEngine/Demos/SuperHipsterBros/Prefabs/Environment/HipsterGround2.prefab using Guid(ddca46ee73b39764b99a5bc4b5dfadf2) Importer(2089858483,192608db42251d675da83286b1cce702) (ScriptedImporter) -> (artifact id: '7672bfdd335938e67ce64ed50254386d') in 0.0393925 seconds
Number of updated asset objects reloaded before import = 0Number of asset objects unloaded after import = 8

========================================================================
Received Import Request.
  Time since last request: 0.000038 seconds.
  path: Assets/CorgiEngine/Demos/Corgi2D/Animations/SpaceCorgi/SpaceCorgiJump/spaceCorgiJump12.anim
  artifactKey: Guid(eb3274dd2040f9b4496f01a1b9a2f649) Importer(2089858483,192608db42251d675da83286b1cce702)
Start importing Assets/CorgiEngine/Demos/Corgi2D/Animations/SpaceCorgi/SpaceCorgiJump/spaceCorgiJump12.anim using Guid(eb3274dd2040f9b4496f01a1b9a2f649) Importer(2089858483,192608db42251d675da83286b1cce702) (ScriptedImporter) -> (artifact id: '07fb7bfe817e9121a0fc5ab0e76c3245') in 0.0268997 seconds
Number of updated asset objects reloaded before import = 0Number of asset objects unloaded after import = 1

========================================================================
Received Import Request.
  Time since last request: 0.000024 seconds.
  path: Assets/CorgiEngine/Demos/TheHunt/Prefabs/Weapons/SoldierMachineGunProjectileExplosion.prefab
  artifactKey: Guid(2680b955278f9ab46815754730fff24a) Importer(2089858483,192608db42251d675da83286b1cce702)
Start importing Assets/CorgiEngine/Demos/TheHunt/Prefabs/Weapons/SoldierMachineGunProjectileExplosion.prefab using Guid(2680b955278f9ab46815754730fff24a) Importer(2089858483,192608db42251d675da83286b1cce702) (ScriptedImporter) -> (artifact id: '3be53477db1e01333371c7a85a2bb493') in 0.085354 seconds
Number of updated asset objects reloaded before import = 0Number of asset objects unloaded after import = 7

========================================================================
Received Import Request.
  Time since last request: 0.000029 seconds.
  path: Assets/CorgiEngine/Demos/Retro/Tilemaps/RetroCave/RetroCave_20.asset
  artifactKey: Guid(240b9d625818f21c0e3cc7a78f4a9637) Importer(2089858483,192608db42251d675da83286b1cce702)
Start importing Assets/CorgiEngine/Demos/Retro/Tilemaps/RetroCave/RetroCave_20.asset using Guid(240b9d625818f21c0e3cc7a78f4a9637) Importer(2089858483,192608db42251d675da83286b1cce702) (ScriptedImporter) -> (artifact id: '3be628958bee6f8b43e3c2ec819df224') in 0.0286014 seconds
Number of updated asset objects reloaded before import = 0Number of asset objects unloaded after import = 2

========================================================================
Received Import Request.
  Time since last request: 0.000033 seconds.
  path: Assets/CorgiEngine/Demos/Corgi2D/Prefabs/Environment/Bricks/Brick8.prefab
  artifactKey: Guid(c1c48a1217d7c6444b100ae2ef9a17c4) Importer(2089858483,192608db42251d675da83286b1cce702)
Start importing Assets/CorgiEngine/Demos/Corgi2D/Prefabs/Environment/Bricks/Brick8.prefab using Guid(c1c48a1217d7c6444b100ae2ef9a17c4) Importer(2089858483,192608db42251d675da83286b1cce702) (ScriptedImporter) -> (artifact id: '0c89d895b2836aa265f2a3576ba24d19') in 0.0450641 seconds
Number of updated asset objects reloaded before import = 0Number of asset objects unloaded after import = 8

========================================================================
Received Import Request.
  Time since last request: 0.000067 seconds.
  path: Assets/CorgiEngine/Demos/Retro/Tilemaps/RetroCave/RetroCave_43.asset
  artifactKey: Guid(97bf62706cf446939cfd37a51dd183f2) Importer(2089858483,192608db42251d675da83286b1cce702)
Start importing Assets/CorgiEngine/Demos/Retro/Tilemaps/RetroCave/RetroCave_43.asset using Guid(97bf62706cf446939cfd37a51dd183f2) Importer(2089858483,192608db42251d675da83286b1cce702) (ScriptedImporter) -> (artifact id: 'c3a9a4996c15107f6d7306f6e5aa3ae5') in 0.0287385 seconds
Number of updated asset objects reloaded before import = 0Number of asset objects unloaded after import = 2

========================================================================
Received Import Request.
  Time since last request: 0.000082 seconds.
  path: Assets/CorgiEngine/Common/Scripts/Agents/AI/Advanced/AIActionRunStop.cs
  artifactKey: Guid(1197587a2d7c9324f9e4255615d7dec8) Importer(2089858483,192608db42251d675da83286b1cce702)
Start importing Assets/CorgiEngine/Common/Scripts/Agents/AI/Advanced/AIActionRunStop.cs using Guid(1197587a2d7c9324f9e4255615d7dec8) Importer(2089858483,192608db42251d675da83286b1cce702) (ScriptedImporter) -> (artifact id: '0b82ab3673b96a8bc96538227e547b30') in 0.0295195 seconds
Number of updated asset objects reloaded before import = 0Number of asset objects unloaded after import = 0

========================================================================
Received Import Request.
  Time since last request: 0.000088 seconds.
  path: Assets/CorgiEngine/Demos/Retro/Tilemaps/RetroCave/RetroCave_18.asset
  artifactKey: Guid(caa5a0b54ea2b61b62b8fd085124a2b9) Importer(2089858483,192608db42251d675da83286b1cce702)
Start importing Assets/CorgiEngine/Demos/Retro/Tilemaps/RetroCave/RetroCave_18.asset using Guid(caa5a0b54ea2b61b62b8fd085124a2b9) Importer(2089858483,192608db42251d675da83286b1cce702) (ScriptedImporter) -> (artifact id: 'a835399e2cec88b965bf3f5678efc084') in 0.0238952 seconds
Number of updated asset objects reloaded before import = 0Number of asset objects unloaded after import = 2

========================================================================
Received Import Request.
  Time since last request: 0.000025 seconds.
  path: Assets/CorgiEngine/Demos/Retro/Tilemaps/RetroRocks/RetroRocks_11.asset
  artifactKey: Guid(bb609d2627e75d8a6b32468b1e8a5b8a) Importer(2089858483,192608db42251d675da83286b1cce702)
Start importing Assets/CorgiEngine/Demos/Retro/Tilemaps/RetroRocks/RetroRocks_11.asset using Guid(bb609d2627e75d8a6b32468b1e8a5b8a) Importer(2089858483,192608db42251d675da83286b1cce702) (ScriptedImporter) -> (artifact id: '52e269af71b85239ee711c1da7e04c75') in 0.0305122 seconds
Number of updated asset objects reloaded before import = 0Number of asset objects unloaded after import = 2

========================================================================
Received Import Request.
  Time since last request: 0.000039 seconds.
  path: Assets/CorgiEngine/Demos/Corgi2D/Prefabs/Environment/Bricks/OffBrick5.prefab
  artifactKey: Guid(c6a4ee814e6310542bce923715dcfffb) Importer(2089858483,192608db42251d675da83286b1cce702)
Start importing Assets/CorgiEngine/Demos/Corgi2D/Prefabs/Environment/Bricks/OffBrick5.prefab using Guid(c6a4ee814e6310542bce923715dcfffb) Importer(2089858483,192608db42251d675da83286b1cce702) (ScriptedImporter) -> (artifact id: 'd57f4a024137dc9e321e7d2575f6f59f') in 0.034021 seconds
Number of updated asset objects reloaded before import = 0Number of asset objects unloaded after import = 7

========================================================================
Received Import Request.
  Time since last request: 0.000028 seconds.
  path: Assets/CorgiEngine/Demos/RetroAdventure/Prefabs/Managers/RetroAdventureLevel.prefab
  artifactKey: Guid(85ed68275a5ae204386fa5b5d4275b0d) Importer(2089858483,192608db42251d675da83286b1cce702)
Start importing Assets/CorgiEngine/Demos/RetroAdventure/Prefabs/Managers/RetroAdventureLevel.prefab using Guid(85ed68275a5ae204386fa5b5d4275b0d) Importer(2089858483,192608db42251d675da83286b1cce702) (ScriptedImporter) -> (artifact id: '000f142fb525e539892a37b37038f4b8') in 0.0657939 seconds
Number of updated asset objects reloaded before import = 0Number of asset objects unloaded after import = 67

========================================================================
Received Import Request.
  Time since last request: 0.000043 seconds.
  path: Assets/CorgiEngine/ThirdParty/MoreMountains/MMFeedbacks/MMFeedbacks/Shakers/MMLookAtShaker.cs
  artifactKey: Guid(0ae5a7b14d18753448a2b01437ea288e) Importer(2089858483,192608db42251d675da83286b1cce702)
Start importing Assets/CorgiEngine/ThirdParty/MoreMountains/MMFeedbacks/MMFeedbacks/Shakers/MMLookAtShaker.cs using Guid(0ae5a7b14d18753448a2b01437ea288e) Importer(2089858483,192608db42251d675da83286b1cce702) (ScriptedImporter) -> (artifact id: '8e84d42f6d3988ac8473dc88823af65c') in 0.0246359 seconds
Number of updated asset objects reloaded before import = 0Number of asset objects unloaded after import = 0

========================================================================
Received Import Request.
  Time since last request: 0.000079 seconds.
  path: Assets/CorgiEngine/ThirdParty/MoreMountains/MMInterface/Common/Sounds/NopeLong.wav
  artifactKey: Guid(e452207b26f7bb94c8c50ea2cceedbb2) Importer(2089858483,192608db42251d675da83286b1cce702)
Start importing Assets/CorgiEngine/ThirdParty/MoreMountains/MMInterface/Common/Sounds/NopeLong.wav using Guid(e452207b26f7bb94c8c50ea2cceedbb2) Importer(2089858483,192608db42251d675da83286b1cce702) (ScriptedImporter) -> (artifact id: '79e20ce0e88751b2b8393d465f7153a9') in 0.0864999 seconds
Number of updated asset objects reloaded before import = 0Number of asset objects unloaded after import = 1

========================================================================
Received Import Request.
  Time since last request: 0.000026 seconds.
  path: Assets/CorgiEngine/Demos/Minimal/Prefabs/Weapons/AmmoBasedWeapons/MinimalShotgunWithAmmo.prefab
  artifactKey: Guid(9ca139c68ff26d743bdbdf3761205d47) Importer(2089858483,192608db42251d675da83286b1cce702)
Start importing Assets/CorgiEngine/Demos/Minimal/Prefabs/Weapons/AmmoBasedWeapons/MinimalShotgunWithAmmo.prefab using Guid(9ca139c68ff26d743bdbdf3761205d47) Importer(2089858483,192608db42251d675da83286b1cce702) (ScriptedImporter) -> (artifact id: '152a691e6a7f464e6747582c4716ceaa') in 0.148943 seconds
Number of updated asset objects reloaded before import = 0Number of asset objects unloaded after import = 83

========================================================================
Received Import Request.
  Time since last request: 0.000052 seconds.
  path: Assets/CorgiEngine/Demos/Corgi2D/Prefabs/Environment/Mountains/MtnPlatform20.prefab
  artifactKey: Guid(3d10eecff7f732f419c9a8fc1427fe1a) Importer(2089858483,192608db42251d675da83286b1cce702)
Start importing Assets/CorgiEngine/Demos/Corgi2D/Prefabs/Environment/Mountains/MtnPlatform20.prefab using Guid(3d10eecff7f732f419c9a8fc1427fe1a) Importer(2089858483,192608db42251d675da83286b1cce702) (ScriptedImporter) -> (artifact id: '26b9ac497e4bd74baec1f0408b1fb7d6') in 0.0564307 seconds
Number of updated asset objects reloaded before import = 0Number of asset objects unloaded after import = 8

========================================================================
Received Import Request.
  Time since last request: 0.000035 seconds.
  path: Assets/CorgiEngine/ThirdParty/MoreMountains/MMFeedbacks/MMFeedbacks/Feedbacks/MMF_Rigidbody.cs
  artifactKey: Guid(7f64f66e3526fb1458a4c1e34e5300a9) Importer(2089858483,192608db42251d675da83286b1cce702)
Start importing Assets/CorgiEngine/ThirdParty/MoreMountains/MMFeedbacks/MMFeedbacks/Feedbacks/MMF_Rigidbody.cs using Guid(7f64f66e3526fb1458a4c1e34e5300a9) Importer(2089858483,192608db42251d675da83286b1cce702) (ScriptedImporter) -> (artifact id: 'f33eb279f8405ef26453de98679b57b4') in 0.0236611 seconds
Number of updated asset objects reloaded before import = 0Number of asset objects unloaded after import = 0

========================================================================
Received Import Request.
  Time since last request: 0.000099 seconds.
  path: Assets/CorgiEngine/ThirdParty/MoreMountains/MMFeedbacks/MMFeedbacks/Feedbacks/MMF_Looper.cs
  artifactKey: Guid(968b4fa81982e914bb16c2928a085407) Importer(2089858483,192608db42251d675da83286b1cce702)
Start importing Assets/CorgiEngine/ThirdParty/MoreMountains/MMFeedbacks/MMFeedbacks/Feedbacks/MMF_Looper.cs using Guid(968b4fa81982e914bb16c2928a085407) Importer(2089858483,192608db42251d675da83286b1cce702) (ScriptedImporter) -> (artifact id: '270860469f0abe06602258cd5cb2255e') in 0.0186295 seconds
Number of updated asset objects reloaded before import = 0Number of asset objects unloaded after import = 0

========================================================================
Received Import Request.
  Time since last request: 0.000061 seconds.
  path: Assets/CorgiEngine/Demos/Minimal/Prefabs/ItemPickers/WeaponWithAmmoPickers/RocketsPicker.prefab
  artifactKey: Guid(46a2d41a952d2124c8910f9fdcb4a5f0) Importer(2089858483,192608db42251d675da83286b1cce702)
Start importing Assets/CorgiEngine/Demos/Minimal/Prefabs/ItemPickers/WeaponWithAmmoPickers/RocketsPicker.prefab using Guid(46a2d41a952d2124c8910f9fdcb4a5f0) Importer(2089858483,192608db42251d675da83286b1cce702) (ScriptedImporter) -> (artifact id: '502c7e08bf66ccf6278296535cc83560') in 0.0516884 seconds
Number of updated asset objects reloaded before import = 0Number of asset objects unloaded after import = 21

========================================================================
Received Import Request.
  Time since last request: 0.000040 seconds.
  path: Assets/CorgiEngine/Demos/Corgi2D/Sprites/Environment/Blocks/ice.png
  artifactKey: Guid(74d881e8693b74a4cbf6cf1ac0a02880) Importer(2089858483,192608db42251d675da83286b1cce702)
Start importing Assets/CorgiEngine/Demos/Corgi2D/Sprites/Environment/Blocks/ice.png using Guid(74d881e8693b74a4cbf6cf1ac0a02880) Importer(2089858483,192608db42251d675da83286b1cce702) (ScriptedImporter) -> (artifact id: '1b1339e101528ff81796ecf833a8951b') in 0.0446574 seconds
Number of updated asset objects reloaded before import = 0Number of asset objects unloaded after import = 3

========================================================================
Received Import Request.
  Time since last request: 0.000026 seconds.
  path: Assets/CorgiEngine/ThirdParty/MoreMountains/MMFeedbacks/MMFeedbacks/Feedbacks/MMF_TextureScale.cs
  artifactKey: Guid(447f85d5ac582a541bd440a4dcc469e0) Importer(2089858483,192608db42251d675da83286b1cce702)
Start importing Assets/CorgiEngine/ThirdParty/MoreMountains/MMFeedbacks/MMFeedbacks/Feedbacks/MMF_TextureScale.cs using Guid(447f85d5ac582a541bd440a4dcc469e0) Importer(2089858483,192608db42251d675da83286b1cce702) (ScriptedImporter) -> (artifact id: '4a5a8d9ad448f6363ad294b7b8291608') in 0.0284413 seconds
Number of updated asset objects reloaded before import = 0Number of asset objects unloaded after import = 0

========================================================================
Received Import Request.
  Time since last request: 0.000108 seconds.
  path: Assets/CorgiEngine/Demos/Corgi2D/Prefabs/Environment/Mountains/MtnPlatform6.prefab
  artifactKey: Guid(07697ee55702baa4d8b6e5ea22c54893) Importer(2089858483,192608db42251d675da83286b1cce702)
Start importing Assets/CorgiEngine/Demos/Corgi2D/Prefabs/Environment/Mountains/MtnPlatform6.prefab using Guid(07697ee55702baa4d8b6e5ea22c54893) Importer(2089858483,192608db42251d675da83286b1cce702) (ScriptedImporter) -> (artifact id: '4d02e1b7aa6887c8830cb70159c81ab0') in 0.0569291 seconds
Number of updated asset objects reloaded before import = 0Number of asset objects unloaded after import = 8

========================================================================
Received Import Request.
  Time since last request: 0.000049 seconds.
  path: Assets/CorgiEngine/ThirdParty/MoreMountains/MMFeedbacks/Editor/Springs/MMSpringVector3PropertyDrawer.cs
  artifactKey: Guid(0a4e11f66ff9ee844abeabf0af54b970) Importer(2089858483,192608db42251d675da83286b1cce702)
Start importing Assets/CorgiEngine/ThirdParty/MoreMountains/MMFeedbacks/Editor/Springs/MMSpringVector3PropertyDrawer.cs using Guid(0a4e11f66ff9ee844abeabf0af54b970) Importer(2089858483,192608db42251d675da83286b1cce702) (ScriptedImporter) -> (artifact id: '78fcbca6c3689be4a3136dd2932a3abb') in 0.022892 seconds
Number of updated asset objects reloaded before import = 0Number of asset objects unloaded after import = 0

========================================================================
Received Import Request.
  Time since last request: 0.000068 seconds.
  path: Assets/CorgiEngine/Demos/Corgi3D/Models/Props/Materials/No Name.mat
  artifactKey: Guid(f726956fed99524468043a5630cc98cb) Importer(2089858483,192608db42251d675da83286b1cce702)
Start importing Assets/CorgiEngine/Demos/Corgi3D/Models/Props/Materials/No Name.mat using Guid(f726956fed99524468043a5630cc98cb) Importer(2089858483,192608db42251d675da83286b1cce702) (ScriptedImporter) -> (artifact id: '194ba13d9fa575c1d0d5758bff2ded20') in 0.0189908 seconds
Number of updated asset objects reloaded before import = 0Number of asset objects unloaded after import = 1

========================================================================
Received Import Request.
  Time since last request: 0.000064 seconds.
  path: Assets/CorgiEngine/Demos/Retro/Prefabs/Weapons/Ammo/RetroLargeBullet.prefab
  artifactKey: Guid(9aee26411223741c8b20bc0fcebca104) Importer(2089858483,192608db42251d675da83286b1cce702)
Start importing Assets/CorgiEngine/Demos/Retro/Prefabs/Weapons/Ammo/RetroLargeBullet.prefab using Guid(9aee26411223741c8b20bc0fcebca104) Importer(2089858483,192608db42251d675da83286b1cce702) (ScriptedImporter) -> (artifact id: '527d8106e7bd7b700844363641c75565') in 0.0763454 seconds
Number of updated asset objects reloaded before import = 0Number of asset objects unloaded after import = 32

========================================================================
Received Import Request.
  Time since last request: 0.000028 seconds.
  path: Assets/CorgiEngine/Demos/Retro/Prefabs/Weapons/Ammo/RetroMachineGunBullet.prefab
  artifactKey: Guid(677d9576d51e6433bb9f1ff9ebbc002a) Importer(2089858483,192608db42251d675da83286b1cce702)
Start importing Assets/CorgiEngine/Demos/Retro/Prefabs/Weapons/Ammo/RetroMachineGunBullet.prefab using Guid(677d9576d51e6433bb9f1ff9ebbc002a) Importer(2089858483,192608db42251d675da83286b1cce702) (ScriptedImporter) -> (artifact id: '2805deaae63959c487ae2efc0037499f') in 0.0752882 seconds
Number of updated asset objects reloaded before import = 0Number of asset objects unloaded after import = 37

========================================================================
Received Import Request.
  Time since last request: 0.000033 seconds.
  path: Assets/CorgiEngine/Demos/TheHunt/Models/Soldier/Materials/RedMachineGunFlames.mat
  artifactKey: Guid(0d36b30aa02f5ca4caac2530d9f1f3e3) Importer(2089858483,192608db42251d675da83286b1cce702)
Start importing Assets/CorgiEngine/Demos/TheHunt/Models/Soldier/Materials/RedMachineGunFlames.mat using Guid(0d36b30aa02f5ca4caac2530d9f1f3e3) Importer(2089858483,192608db42251d675da83286b1cce702) (ScriptedImporter) -> (artifact id: 'ebb942e759be74b7069118d073157ae0') in 0.04446 seconds
Number of updated asset objects reloaded before import = 0Number of asset objects unloaded after import = 2

========================================================================
Received Import Request.
  Time since last request: 0.000030 seconds.
  path: Assets/CorgiEngine/Demos/Corgi2D/Sprites/Environment/Mountains/mountains-platforms.png
  artifactKey: Guid(d08b62b837e16a94397702555e4a976f) Importer(2089858483,192608db42251d675da83286b1cce702)
Start importing Assets/CorgiEngine/Demos/Corgi2D/Sprites/Environment/Mountains/mountains-platforms.png using Guid(d08b62b837e16a94397702555e4a976f) Importer(2089858483,192608db42251d675da83286b1cce702) (ScriptedImporter) -> (artifact id: '740d2fb7d61f3619d477389a1bedacfd') in 0.1472133 seconds
Number of updated asset objects reloaded before import = 0Number of asset objects unloaded after import = 27

========================================================================
Received Import Request.
  Time since last request: 0.000033 seconds.
  path: Assets/CorgiEngine/ThirdParty/MoreMountains/MMInterface/Common/Sounds/NopeShort.wav
  artifactKey: Guid(7aa9a32bbce3947488d9c72142c1eb03) Importer(2089858483,192608db42251d675da83286b1cce702)
Start importing Assets/CorgiEngine/ThirdParty/MoreMountains/MMInterface/Common/Sounds/NopeShort.wav using Guid(7aa9a32bbce3947488d9c72142c1eb03) Importer(2089858483,192608db42251d675da83286b1cce702) (ScriptedImporter) -> (artifact id: '4ee97fe8415621d98f2cb0eb1483ea62') in 0.0930248 seconds
Number of updated asset objects reloaded before import = 0Number of asset objects unloaded after import = 1

========================================================================
Received Import Request.
  Time since last request: 0.000111 seconds.
  path: Assets/CorgiEngine/Demos/Corgi2D/Prefabs/Environment/Mesa/Platform16.prefab
  artifactKey: Guid(f3adc5e16ee1fec418ea281feb90a6e7) Importer(2089858483,192608db42251d675da83286b1cce702)
Start importing Assets/CorgiEngine/Demos/Corgi2D/Prefabs/Environment/Mesa/Platform16.prefab using Guid(f3adc5e16ee1fec418ea281feb90a6e7) Importer(2089858483,192608db42251d675da83286b1cce702) (ScriptedImporter) -> (artifact id: '7209c7f66dc0d3d5098c75a1fedaf8be') in 0.050963 seconds
Number of updated asset objects reloaded before import = 0Number of asset objects unloaded after import = 8

========================================================================
Received Import Request.
  Time since last request: 0.000059 seconds.
  path: Assets/CorgiEngine/Demos/Corgi2D/Sprites/Environment/Blocks/bonus-block.png
  artifactKey: Guid(6eaf2dc35220d43b2a9705667590dad5) Importer(2089858483,192608db42251d675da83286b1cce702)
Start importing Assets/CorgiEngine/Demos/Corgi2D/Sprites/Environment/Blocks/bonus-block.png using Guid(6eaf2dc35220d43b2a9705667590dad5) Importer(2089858483,192608db42251d675da83286b1cce702) (ScriptedImporter) -> (artifact id: '7ae366dd16e81f64c805f4d80c67addb') in 0.0490637 seconds
Number of updated asset objects reloaded before import = 0Number of asset objects unloaded after import = 4

========================================================================
Received Import Request.
  Time since last request: 0.000028 seconds.
  path: Assets/CorgiEngine/ThirdParty/MoreMountains/MMFeedbacks/Editor/Resources/MMFeedbacksConfiguration.asset
  artifactKey: Guid(59a4add72d602ce4a9693b14a97d2a83) Importer(2089858483,192608db42251d675da83286b1cce702)
Start importing Assets/CorgiEngine/ThirdParty/MoreMountains/MMFeedbacks/Editor/Resources/MMFeedbacksConfiguration.asset using Guid(59a4add72d602ce4a9693b14a97d2a83) Importer(2089858483,192608db42251d675da83286b1cce702) (ScriptedImporter) -> (artifact id: 'e2ea33afd1ea47a468c76e60b933ac50') in 0.0276954 seconds
Number of updated asset objects reloaded before import = 0Number of asset objects unloaded after import = 1

========================================================================
Received Import Request.
  Time since last request: 0.000141 seconds.
  path: Assets/CorgiEngine/Demos/Minimal/Prefabs/Weapons/Ammo/MinimalRocketLauncherRocket.prefab
  artifactKey: Guid(8fb7ed076a4a840eb9636d6231bf8c8e) Importer(2089858483,192608db42251d675da83286b1cce702)
Start importing Assets/CorgiEngine/Demos/Minimal/Prefabs/Weapons/Ammo/MinimalRocketLauncherRocket.prefab using Guid(8fb7ed076a4a840eb9636d6231bf8c8e) Importer(2089858483,192608db42251d675da83286b1cce702) (ScriptedImporter) -> (artifact id: 'ca0f67e77d81cf50a600a573d3697c1f') in 0.0662489 seconds
Number of updated asset objects reloaded before import = 0Number of asset objects unloaded after import = 38

========================================================================
Received Import Request.
  Time since last request: 0.000027 seconds.
  path: Assets/CorgiEngine/Demos/Retro/Prefabs/Weapons/Ammo/RetroCopterGunBullet.prefab
  artifactKey: Guid(821f4fbf0b0d02a42afab6b26b36d8c6) Importer(2089858483,192608db42251d675da83286b1cce702)
Start importing Assets/CorgiEngine/Demos/Retro/Prefabs/Weapons/Ammo/RetroCopterGunBullet.prefab using Guid(821f4fbf0b0d02a42afab6b26b36d8c6) Importer(2089858483,192608db42251d675da83286b1cce702) (ScriptedImporter) -> (artifact id: '59a802f9f83efae62e27e0e976269b8f') in 0.0767386 seconds
Number of updated asset objects reloaded before import = 0Number of asset objects unloaded after import = 28

========================================================================
Received Import Request.
  Time since last request: 0.000039 seconds.
  path: Assets/CorgiEngine/Demos/TheHunt/Models/Temple/Materials/templeWheel.mat
  artifactKey: Guid(03c53e3ef6b106e43914cb1ea138a702) Importer(2089858483,192608db42251d675da83286b1cce702)
Start importing Assets/CorgiEngine/Demos/TheHunt/Models/Temple/Materials/templeWheel.mat using Guid(03c53e3ef6b106e43914cb1ea138a702) Importer(2089858483,192608db42251d675da83286b1cce702) (ScriptedImporter) -> (artifact id: '57c5e1487695edfa0b7a3864d22b7c9c') in 0.0438596 seconds
Number of updated asset objects reloaded before import = 0Number of asset objects unloaded after import = 2

========================================================================
Received Import Request.
  Time since last request: 0.000026 seconds.
  path: Assets/CorgiEngine/ThirdParty/MoreMountains/MMFeedbacks/MMFeedbacks/Feedbacks/MMF_HoldingPause.cs
  artifactKey: Guid(7c6d499e66c8acc44a215001b8c76b8a) Importer(2089858483,192608db42251d675da83286b1cce702)
Start importing Assets/CorgiEngine/ThirdParty/MoreMountains/MMFeedbacks/MMFeedbacks/Feedbacks/MMF_HoldingPause.cs using Guid(7c6d499e66c8acc44a215001b8c76b8a) Importer(2089858483,192608db42251d675da83286b1cce702) (ScriptedImporter) -> (artifact id: '95ac2f699cbee4d7fdadbf6a36e9eac5') in 0.0249909 seconds
Number of updated asset objects reloaded before import = 0Number of asset objects unloaded after import = 0

========================================================================
Received Import Request.
  Time since last request: 0.000025 seconds.
  path: Assets/CorgiEngine/ThirdParty/MoreMountains/MMFeedbacks/Editor/Core/MMF_PlayerConfiguration.cs
  artifactKey: Guid(8bcf466015f0b254893ff0208fccf90f) Importer(2089858483,192608db42251d675da83286b1cce702)
Start importing Assets/CorgiEngine/ThirdParty/MoreMountains/MMFeedbacks/Editor/Core/MMF_PlayerConfiguration.cs using Guid(8bcf466015f0b254893ff0208fccf90f) Importer(2089858483,192608db42251d675da83286b1cce702) (ScriptedImporter) -> (artifact id: '41341812ef2489f277ef9f46a52b7ba5') in 0.0237926 seconds
Number of updated asset objects reloaded before import = 0Number of asset objects unloaded after import = 0

========================================================================
Received Import Request.
  Time since last request: 0.000132 seconds.
  path: Assets/CorgiEngine/Demos/Minimal/Prefabs/ItemPickers/WeaponWithAmmoPickers/BulletsPicker.prefab
  artifactKey: Guid(f583ae2987f66c64e9992e29f5e72768) Importer(2089858483,192608db42251d675da83286b1cce702)
Start importing Assets/CorgiEngine/Demos/Minimal/Prefabs/ItemPickers/WeaponWithAmmoPickers/BulletsPicker.prefab using Guid(f583ae2987f66c64e9992e29f5e72768) Importer(2089858483,192608db42251d675da83286b1cce702) (ScriptedImporter) -> (artifact id: '9d8d64c905d7d04d68c96cbaf8c2dc13') in 0.0556786 seconds
Number of updated asset objects reloaded before import = 0Number of asset objects unloaded after import = 22

========================================================================
Received Import Request.
  Time since last request: 0.000024 seconds.
  path: Assets/CorgiEngine/Demos/Corgi2D/Sprites/Environment/Mountains/mountains-bg-4.png
  artifactKey: Guid(5d5bfa1ca9ed80e45a09c317131545ea) Importer(2089858483,192608db42251d675da83286b1cce702)
Start importing Assets/CorgiEngine/Demos/Corgi2D/Sprites/Environment/Mountains/mountains-bg-4.png using Guid(5d5bfa1ca9ed80e45a09c317131545ea) Importer(2089858483,192608db42251d675da83286b1cce702) (ScriptedImporter) -> (artifact id: '1554d9addf14981c13a7c669e07282ff') in 0.0631392 seconds
Number of updated asset objects reloaded before import = 0Number of asset objects unloaded after import = 3

========================================================================
Received Import Request.
  Time since last request: 0.000046 seconds.
  path: Assets/CorgiEngine/ThirdParty/MoreMountains/MMFeedbacks/MMFeedbacks/Shakers/MMAudioFilterEchoShaker.cs
  artifactKey: Guid(14662af9a6e0b6e409e588758b806feb) Importer(2089858483,192608db42251d675da83286b1cce702)
Start importing Assets/CorgiEngine/ThirdParty/MoreMountains/MMFeedbacks/MMFeedbacks/Shakers/MMAudioFilterEchoShaker.cs using Guid(14662af9a6e0b6e409e588758b806feb) Importer(2089858483,192608db42251d675da83286b1cce702) (ScriptedImporter) -> (artifact id: '427de24b6c08917bf59fef03c593232a') in 0.0232954 seconds
Number of updated asset objects reloaded before import = 0Number of asset objects unloaded after import = 0

========================================================================
Received Import Request.
  Time since last request: 0.000026 seconds.
  path: Assets/CorgiEngine/ThirdParty/MoreMountains/MMFeedbacks/MMFeedbacks/Core/MMFeedbacksCoroutine.cs
  artifactKey: Guid(fff95d1eb5038764b9fdf57b6818aa6f) Importer(2089858483,192608db42251d675da83286b1cce702)
Start importing Assets/CorgiEngine/ThirdParty/MoreMountains/MMFeedbacks/MMFeedbacks/Core/MMFeedbacksCoroutine.cs using Guid(fff95d1eb5038764b9fdf57b6818aa6f) Importer(2089858483,192608db42251d675da83286b1cce702) (ScriptedImporter) -> (artifact id: 'b55f56530a691aeddf3cc2c80cab33b5') in 0.0240943 seconds
Number of updated asset objects reloaded before import = 0Number of asset objects unloaded after import = 0

========================================================================
Received Import Request.
  Time since last request: 0.000041 seconds.
  path: Assets/CorgiEngine/ThirdParty/MoreMountains/MMFeedbacks/MMFeedbacks/Feedbacks/MMF_AnimationCrossfade.cs
  artifactKey: Guid(c0952ef5bf0c90a4eb36a3217da349b6) Importer(2089858483,192608db42251d675da83286b1cce702)
Start importing Assets/CorgiEngine/ThirdParty/MoreMountains/MMFeedbacks/MMFeedbacks/Feedbacks/MMF_AnimationCrossfade.cs using Guid(c0952ef5bf0c90a4eb36a3217da349b6) Importer(2089858483,192608db42251d675da83286b1cce702) (ScriptedImporter) -> (artifact id: '1241a1f95fc636e58b78e8afb9e7c441') in 0.0231844 seconds
Number of updated asset objects reloaded before import = 0Number of asset objects unloaded after import = 0

========================================================================
Received Import Request.
  Time since last request: 0.000069 seconds.
  path: Assets/CorgiEngine/Demos/Corgi2D/Prefabs/Environment/Props/OneWayPlatform.prefab
  artifactKey: Guid(1728643822bf69f40be89249196b150d) Importer(2089858483,192608db42251d675da83286b1cce702)
Start importing Assets/CorgiEngine/Demos/Corgi2D/Prefabs/Environment/Props/OneWayPlatform.prefab using Guid(1728643822bf69f40be89249196b150d) Importer(2089858483,192608db42251d675da83286b1cce702) (ScriptedImporter) -> (artifact id: 'cdbcda09990d076bd344269d72874cba') in 0.0352617 seconds
Number of updated asset objects reloaded before import = 0Number of asset objects unloaded after import = 8

========================================================================
Received Import Request.
  Time since last request: 0.000027 seconds.
  path: Assets/CorgiEngine/ThirdParty/MoreMountains/MMFeedbacks/MMFeedbacks/Shakers/MMCameraOrthographicSizeShaker.cs
  artifactKey: Guid(31579fc1a653bad4fb53e3b1931fdd27) Importer(2089858483,192608db42251d675da83286b1cce702)
Start importing Assets/CorgiEngine/ThirdParty/MoreMountains/MMFeedbacks/MMFeedbacks/Shakers/MMCameraOrthographicSizeShaker.cs using Guid(31579fc1a653bad4fb53e3b1931fdd27) Importer(2089858483,192608db42251d675da83286b1cce702) (ScriptedImporter) -> (artifact id: 'c1756f9709e3b66bd390727708bc6fcb') in 0.0278528 seconds
Number of updated asset objects reloaded before import = 0Number of asset objects unloaded after import = 0

========================================================================
Received Import Request.
  Time since last request: 0.000092 seconds.
  path: Assets/CorgiEngine/Demos/Corgi2D/Prefabs/Environment/Mountains/MtnPlatform23.prefab
  artifactKey: Guid(f2bc2393159369841bf00452b4875630) Importer(2089858483,192608db42251d675da83286b1cce702)
Start importing Assets/CorgiEngine/Demos/Corgi2D/Prefabs/Environment/Mountains/MtnPlatform23.prefab using Guid(f2bc2393159369841bf00452b4875630) Importer(2089858483,192608db42251d675da83286b1cce702) (ScriptedImporter) -> (artifact id: 'cfd248fd5fd175ba97bc03762b6800c7') in 0.0564467 seconds
Number of updated asset objects reloaded before import = 0Number of asset objects unloaded after import = 8

========================================================================
Received Import Request.
  Time since last request: 0.000041 seconds.
  path: Assets/CorgiEngine/Demos/Corgi2D/Sprites/Environment/Props/jumper.png
  artifactKey: Guid(83d07fdc4b9fa5343874245d0cf919fd) Importer(2089858483,192608db42251d675da83286b1cce702)
Start importing Assets/CorgiEngine/Demos/Corgi2D/Sprites/Environment/Props/jumper.png using Guid(83d07fdc4b9fa5343874245d0cf919fd) Importer(2089858483,192608db42251d675da83286b1cce702) (ScriptedImporter) -> (artifact id: '67898373e482fc6d552908f96dbc9e2c') in 0.1315993 seconds
Number of updated asset objects reloaded before import = 0Number of asset objects unloaded after import = 30

========================================================================
Received Import Request.
  Time since last request: 0.000041 seconds.
  path: Assets/CorgiEngine/Demos/Corgi2D/Prefabs/Environment/Trees/Tree7.prefab
  artifactKey: Guid(c51e523779606d84a83bbdf4255f5ea2) Importer(2089858483,192608db42251d675da83286b1cce702)
Start importing Assets/CorgiEngine/Demos/Corgi2D/Prefabs/Environment/Trees/Tree7.prefab using Guid(c51e523779606d84a83bbdf4255f5ea2) Importer(2089858483,192608db42251d675da83286b1cce702) (ScriptedImporter) -> (artifact id: 'd85925b7dc662ced02d708a384b9109f') in 0.0430295 seconds
Number of updated asset objects reloaded before import = 0Number of asset objects unloaded after import = 8

========================================================================
Received Import Request.
  Time since last request: 0.000037 seconds.
  path: Assets/CorgiEngine/ThirdParty/MoreMountains/MMFeedbacks/MMFeedbacks/Feedbacks/MMF_PositionSpring.cs
  artifactKey: Guid(6949e897c69920b4bb002749389fbd3f) Importer(2089858483,192608db42251d675da83286b1cce702)
Start importing Assets/CorgiEngine/ThirdParty/MoreMountains/MMFeedbacks/MMFeedbacks/Feedbacks/MMF_PositionSpring.cs using Guid(6949e897c69920b4bb002749389fbd3f) Importer(2089858483,192608db42251d675da83286b1cce702) (ScriptedImporter) -> (artifact id: '471274397e83a0eb343e52209ad34151') in 0.0224715 seconds
Number of updated asset objects reloaded before import = 0Number of asset objects unloaded after import = 0

========================================================================
Received Import Request.
  Time since last request: 0.000038 seconds.
  path: Assets/CorgiEngine/ThirdParty/MoreMountains/MMFeedbacks/MMFeedbacks/Shakers/MMAudioFilterDistortionShaker.cs
  artifactKey: Guid(9da38c3c0ef84574b9a95440721bcf17) Importer(2089858483,192608db42251d675da83286b1cce702)
Start importing Assets/CorgiEngine/ThirdParty/MoreMountains/MMFeedbacks/MMFeedbacks/Shakers/MMAudioFilterDistortionShaker.cs using Guid(9da38c3c0ef84574b9a95440721bcf17) Importer(2089858483,192608db42251d675da83286b1cce702) (ScriptedImporter) -> (artifact id: 'd0ff8e36081b73808d9690df14ca4df8') in 0.0230875 seconds
Number of updated asset objects reloaded before import = 0Number of asset objects unloaded after import = 0

========================================================================
Received Import Request.
  Time since last request: 0.000144 seconds.
  path: Assets/CorgiEngine/ThirdParty/MoreMountains/MMFeedbacks/MMFeedbacks/Feedbacks/MMF_Wiggle.cs
  artifactKey: Guid(037cbc62bd5d73b4fa2ca5ae37aba2da) Importer(2089858483,192608db42251d675da83286b1cce702)
Start importing Assets/CorgiEngine/ThirdParty/MoreMountains/MMFeedbacks/MMFeedbacks/Feedbacks/MMF_Wiggle.cs using Guid(037cbc62bd5d73b4fa2ca5ae37aba2da) Importer(2089858483,192608db42251d675da83286b1cce702) (ScriptedImporter) -> (artifact id: '422d89e880d72d3ee052d89d890e4beb') in 0.0252143 seconds
Number of updated asset objects reloaded before import = 0Number of asset objects unloaded after import = 0

========================================================================
Received Import Request.
  Time since last request: 0.000057 seconds.
  path: Assets/CorgiEngine/Demos/Corgi2D/Prefabs/Environment/Mesa/Platform19.prefab
  artifactKey: Guid(9682a107fbd491549bcaa7360b3a5791) Importer(2089858483,192608db42251d675da83286b1cce702)
Start importing Assets/CorgiEngine/Demos/Corgi2D/Prefabs/Environment/Mesa/Platform19.prefab using Guid(9682a107fbd491549bcaa7360b3a5791) Importer(2089858483,192608db42251d675da83286b1cce702) (ScriptedImporter) -> (artifact id: '1d88ce8e4be7c7c00ad6103bea7f5aaa') in 0.0484915 seconds
Number of updated asset objects reloaded before import = 0Number of asset objects unloaded after import = 8

========================================================================
Received Import Request.
  Time since last request: 0.000038 seconds.
  path: Assets/CorgiEngine/ThirdParty/MoreMountains/MMFeedbacks/MMFeedbacksForThirdParty/PostProcessing/MoreMountains.Feedbacks.PostProcessing.asmref
  artifactKey: Guid(6b8430789e6f2fc4fab154da3d6a848a) Importer(2089858483,192608db42251d675da83286b1cce702)
Start importing Assets/CorgiEngine/ThirdParty/MoreMountains/MMFeedbacks/MMFeedbacksForThirdParty/PostProcessing/MoreMountains.Feedbacks.PostProcessing.asmref using Guid(6b8430789e6f2fc4fab154da3d6a848a) Importer(2089858483,192608db42251d675da83286b1cce702) (ScriptedImporter) -> (artifact id: '1653429c497e2f4e534d03bd029a4354') in 0.0351538 seconds
Number of updated asset objects reloaded before import = 0Number of asset objects unloaded after import = 1

========================================================================
Received Import Request.
  Time since last request: 0.000024 seconds.
  path: Assets/CorgiEngine/Demos/Corgi2D/Sprites/Environment/Lava/lava-elements.png
  artifactKey: Guid(700c7f74e27437643b5690c5838309c8) Importer(2089858483,192608db42251d675da83286b1cce702)
Start importing Assets/CorgiEngine/Demos/Corgi2D/Sprites/Environment/Lava/lava-elements.png using Guid(700c7f74e27437643b5690c5838309c8) Importer(2089858483,192608db42251d675da83286b1cce702) (ScriptedImporter) -> (artifact id: '5f214b8f7d8d84afed8c39a484e16da2') in 0.1300302 seconds
Number of updated asset objects reloaded before import = 0Number of asset objects unloaded after import = 19

========================================================================
Received Import Request.
  Time since last request: 0.000028 seconds.
  path: Assets/CorgiEngine/ThirdParty/MoreMountains/MMFeedbacks/MMFeedbacks/Shakers/MMBlink.cs
  artifactKey: Guid(39cb364c2dfacad469e5df86d6ec5e92) Importer(2089858483,192608db42251d675da83286b1cce702)
Start importing Assets/CorgiEngine/ThirdParty/MoreMountains/MMFeedbacks/MMFeedbacks/Shakers/MMBlink.cs using Guid(39cb364c2dfacad469e5df86d6ec5e92) Importer(2089858483,192608db42251d675da83286b1cce702) (ScriptedImporter) -> (artifact id: 'eca0db50d9dac4bd9f9e27992a49ad7a') in 0.022769 seconds
Number of updated asset objects reloaded before import = 0Number of asset objects unloaded after import = 0

========================================================================
Received Import Request.
  Time since last request: 0.000090 seconds.
  path: Assets/CorgiEngine/ThirdParty/MoreMountains/MMFeedbacks/MMFeedbacks/Feedbacks/MMF_ScaleSpring.cs
  artifactKey: Guid(e352b5419942c704c85f5410c6d2ada3) Importer(2089858483,192608db42251d675da83286b1cce702)
Start importing Assets/CorgiEngine/ThirdParty/MoreMountains/MMFeedbacks/MMFeedbacks/Feedbacks/MMF_ScaleSpring.cs using Guid(e352b5419942c704c85f5410c6d2ada3) Importer(2089858483,192608db42251d675da83286b1cce702) (ScriptedImporter) -> (artifact id: '8514db52ee45741eb40f119e7ee98faf') in 0.0297514 seconds
Number of updated asset objects reloaded before import = 0Number of asset objects unloaded after import = 0

========================================================================
Received Import Request.
  Time since last request: 0.000140 seconds.
  path: Assets/CorgiEngine/ThirdParty/MoreMountains/MMInterface/Common/Sounds/Confirm2.wav
  artifactKey: Guid(b17a0298742d7f24489214107b7bb10f) Importer(2089858483,192608db42251d675da83286b1cce702)
Start importing Assets/CorgiEngine/ThirdParty/MoreMountains/MMInterface/Common/Sounds/Confirm2.wav using Guid(b17a0298742d7f24489214107b7bb10f) Importer(2089858483,192608db42251d675da83286b1cce702) (ScriptedImporter) -> (artifact id: 'f103d0ef252f06733dd258beb6329f45') in 0.0922822 seconds
Number of updated asset objects reloaded before import = 0Number of asset objects unloaded after import = 1

========================================================================
Received Import Request.
  Time since last request: 0.000068 seconds.
  path: Assets/CorgiEngine/Demos/Retro/Prefabs/Weapons/Ammo/RetroCannonFireBullet.prefab
  artifactKey: Guid(1c6c73a356643e541a11790759598f42) Importer(2089858483,192608db42251d675da83286b1cce702)
Start importing Assets/CorgiEngine/Demos/Retro/Prefabs/Weapons/Ammo/RetroCannonFireBullet.prefab using Guid(1c6c73a356643e541a11790759598f42) Importer(2089858483,192608db42251d675da83286b1cce702) (ScriptedImporter) -> (artifact id: 'a132ea6eb2453a9743aed4944875b0db') in 0.0653463 seconds
Number of updated asset objects reloaded before import = 0Number of asset objects unloaded after import = 33

========================================================================
Received Import Request.
  Time since last request: 0.000034 seconds.
  path: Assets/CorgiEngine/ThirdParty/MoreMountains/MMTools/Accessories/MMActivation/MMActivationOnStart.cs
  artifactKey: Guid(55a9829731bf3d3458319a5a829f1f04) Importer(2089858483,192608db42251d675da83286b1cce702)
Start importing Assets/CorgiEngine/ThirdParty/MoreMountains/MMTools/Accessories/MMActivation/MMActivationOnStart.cs using Guid(55a9829731bf3d3458319a5a829f1f04) Importer(2089858483,192608db42251d675da83286b1cce702) (ScriptedImporter) -> (artifact id: '72ecdd936a445bc3b56b189a0d5266f6') in 0.0216928 seconds
Number of updated asset objects reloaded before import = 0Number of asset objects unloaded after import = 0

========================================================================
Received Import Request.
  Time since last request: 0.000060 seconds.
  path: Assets/CorgiEngine/ThirdParty/MoreMountains/MMTools/Core/MMAttributes/MMColorAttribute.cs
  artifactKey: Guid(44a39707cf7142b45a78bb9d0e5ebfa5) Importer(2089858483,192608db42251d675da83286b1cce702)
Start importing Assets/CorgiEngine/ThirdParty/MoreMountains/MMTools/Core/MMAttributes/MMColorAttribute.cs using Guid(44a39707cf7142b45a78bb9d0e5ebfa5) Importer(2089858483,192608db42251d675da83286b1cce702) (ScriptedImporter) -> (artifact id: 'f0a33c436177c0415523127e8fbba784') in 0.024496 seconds
Number of updated asset objects reloaded before import = 0Number of asset objects unloaded after import = 0

========================================================================
Received Import Request.
  Time since last request: 0.000055 seconds.
  path: Assets/CorgiEngine/ThirdParty/MoreMountains/MMTools/Accessories/MMMovement/MMPreventPassingThrough2D.cs
  artifactKey: Guid(dfdd322a582c3bc429d2350807e8a2c3) Importer(2089858483,192608db42251d675da83286b1cce702)
Start importing Assets/CorgiEngine/ThirdParty/MoreMountains/MMTools/Accessories/MMMovement/MMPreventPassingThrough2D.cs using Guid(dfdd322a582c3bc429d2350807e8a2c3) Importer(2089858483,192608db42251d675da83286b1cce702) (ScriptedImporter) -> (artifact id: 'd1f49098b3d23b4cee4ab4af3865fd8a') in 0.0257563 seconds
Number of updated asset objects reloaded before import = 0Number of asset objects unloaded after import = 0

========================================================================
Received Import Request.
  Time since last request: 0.000089 seconds.
  path: Assets/CorgiEngine/ThirdParty/MoreMountains/MMTools/Accessories/MMGUI/MMOnPointer.cs
  artifactKey: Guid(4b69e4219f8a33d46b034129f4d3ddea) Importer(2089858483,192608db42251d675da83286b1cce702)
Start importing Assets/CorgiEngine/ThirdParty/MoreMountains/MMTools/Accessories/MMGUI/MMOnPointer.cs using Guid(4b69e4219f8a33d46b034129f4d3ddea) Importer(2089858483,192608db42251d675da83286b1cce702) (ScriptedImporter) -> (artifact id: '64ededc19c73e0009cdb21eafe8fbe78') in 0.0351385 seconds
Number of updated asset objects reloaded before import = 0Number of asset objects unloaded after import = 0

========================================================================
Received Import Request.
  Time since last request: 0.000057 seconds.
  path: Assets/CorgiEngine/ThirdParty/MoreMountains/MMTools/Accessories/MMUtilities/MMScreenshot.cs
  artifactKey: Guid(168f80e4ec8a4314c8ca506740626021) Importer(2089858483,192608db42251d675da83286b1cce702)
Start importing Assets/CorgiEngine/ThirdParty/MoreMountains/MMTools/Accessories/MMUtilities/MMScreenshot.cs using Guid(168f80e4ec8a4314c8ca506740626021) Importer(2089858483,192608db42251d675da83286b1cce702) (ScriptedImporter) -> (artifact id: 'd3a4cb112cf7cb96265c2a635f2abf7d') in 0.0321369 seconds
Number of updated asset objects reloaded before import = 0Number of asset objects unloaded after import = 0

========================================================================
Received Import Request.
  Time since last request: 0.000084 seconds.
  path: Assets/CorgiEngine/ThirdParty/MoreMountains/MMTools/Accessories/MMParticles/MMDelayParticles.cs
  artifactKey: Guid(03d0a01e308ebd141ba5386b17e109e3) Importer(2089858483,192608db42251d675da83286b1cce702)
Start importing Assets/CorgiEngine/ThirdParty/MoreMountains/MMTools/Accessories/MMParticles/MMDelayParticles.cs using Guid(03d0a01e308ebd141ba5386b17e109e3) Importer(2089858483,192608db42251d675da83286b1cce702) (ScriptedImporter) -> (artifact id: 'f0725752684473f329436a6a508c8ddc') in 0.0301786 seconds
Number of updated asset objects reloaded before import = 0Number of asset objects unloaded after import = 0

========================================================================
Received Import Request.
  Time since last request: 0.000085 seconds.
  path: Assets/CorgiEngine/ThirdParty/MoreMountains/MMTools/Accessories/MMParticles/MMRuntimeParticleControl.cs
  artifactKey: Guid(8dc3e8a4ec6c8c54d8507f3736517ac5) Importer(2089858483,192608db42251d675da83286b1cce702)
Start importing Assets/CorgiEngine/ThirdParty/MoreMountains/MMTools/Accessories/MMParticles/MMRuntimeParticleControl.cs using Guid(8dc3e8a4ec6c8c54d8507f3736517ac5) Importer(2089858483,192608db42251d675da83286b1cce702) (ScriptedImporter) -> (artifact id: '53b92d722bd671af9e326c43acabdbe5') in 0.0241666 seconds
Number of updated asset objects reloaded before import = 0Number of asset objects unloaded after import = 0

========================================================================
Received Import Request.
  Time since last request: 0.000090 seconds.
  path: Assets/CorgiEngine/ThirdParty/MoreMountains/MMTools/Core/MMObjectPool/MMPoolableObject.cs
  artifactKey: Guid(72de0b0360096ea41a18d17864ecb963) Importer(2089858483,192608db42251d675da83286b1cce702)
Start importing Assets/CorgiEngine/ThirdParty/MoreMountains/MMTools/Core/MMObjectPool/MMPoolableObject.cs using Guid(72de0b0360096ea41a18d17864ecb963) Importer(2089858483,192608db42251d675da83286b1cce702) (ScriptedImporter) -> (artifact id: '9cae93068477de16c37c9228457bd2cc') in 0.033051 seconds
Number of updated asset objects reloaded before import = 0Number of asset objects unloaded after import = 0

========================================================================
Received Import Request.
  Time since last request: 0.000072 seconds.
  path: Assets/CorgiEngine/ThirdParty/MoreMountains/MMTools/Accessories/MMMovement/MMPositionRecorder.cs
  artifactKey: Guid(3d82c3eb70c39c44faf5889b222def4b) Importer(2089858483,192608db42251d675da83286b1cce702)
Start importing Assets/CorgiEngine/ThirdParty/MoreMountains/MMTools/Accessories/MMMovement/MMPositionRecorder.cs using Guid(3d82c3eb70c39c44faf5889b222def4b) Importer(2089858483,192608db42251d675da83286b1cce702) (ScriptedImporter) -> (artifact id: 'be9c6897dd823ad470b220e0473f274c') in 0.0229109 seconds
Number of updated asset objects reloaded before import = 0Number of asset objects unloaded after import = 0

========================================================================
Received Import Request.
  Time since last request: 0.000073 seconds.
  path: Assets/CorgiEngine/ThirdParty/MoreMountains/MMTools/Core/MMAttributes/MMInspectorButtonBarAttribute.cs
  artifactKey: Guid(ba5bf5d06e4a7ef4a8002f4444c4dab6) Importer(2089858483,192608db42251d675da83286b1cce702)
Start importing Assets/CorgiEngine/ThirdParty/MoreMountains/MMTools/Core/MMAttributes/MMInspectorButtonBarAttribute.cs using Guid(ba5bf5d06e4a7ef4a8002f4444c4dab6) Importer(2089858483,192608db42251d675da83286b1cce702) (ScriptedImporter) -> (artifact id: 'a06e74a6b3d40f756ecb9049fa01a515') in 0.0245831 seconds
Number of updated asset objects reloaded before import = 0Number of asset objects unloaded after import = 0

========================================================================
Received Import Request.
  Time since last request: 0.000055 seconds.
  path: Assets/CorgiEngine/ThirdParty/MoreMountains/MMTools/Core/MMAttributes/MMDropdownAttribute.cs
  artifactKey: Guid(42dea95f190fc574eb0ce3f815cb2200) Importer(2089858483,192608db42251d675da83286b1cce702)
Start importing Assets/CorgiEngine/ThirdParty/MoreMountains/MMTools/Core/MMAttributes/MMDropdownAttribute.cs using Guid(42dea95f190fc574eb0ce3f815cb2200) Importer(2089858483,192608db42251d675da83286b1cce702) (ScriptedImporter) -> (artifact id: 'b6df17e5aac05ec0e5f0fd5d2ca965cc') in 0.0256241 seconds
Number of updated asset objects reloaded before import = 0Number of asset objects unloaded after import = 0

========================================================================
Received Import Request.
  Time since last request: 0.000105 seconds.
  path: Assets/CorgiEngine/ThirdParty/MoreMountains/MMTools/Core/MMHelpers/MMGUI.cs
  artifactKey: Guid(45ff1ad6fa9e7af4ead4e1db1ed52877) Importer(2089858483,192608db42251d675da83286b1cce702)
Start importing Assets/CorgiEngine/ThirdParty/MoreMountains/MMTools/Core/MMHelpers/MMGUI.cs using Guid(45ff1ad6fa9e7af4ead4e1db1ed52877) Importer(2089858483,192608db42251d675da83286b1cce702) (ScriptedImporter) -> (artifact id: 'e6ab9f138b2193f257242de0756bba68') in 0.0214009 seconds
Number of updated asset objects reloaded before import = 0Number of asset objects unloaded after import = 0

========================================================================
Received Import Request.
  Time since last request: 0.000133 seconds.
  path: Assets/CorgiEngine/ThirdParty/MoreMountains/MMTools/Core/MMAttributes/MMEnumConditionAttribute.cs
  artifactKey: Guid(1c44d260255c89244812b064b6bbb5ca) Importer(2089858483,192608db42251d675da83286b1cce702)
Start importing Assets/CorgiEngine/ThirdParty/MoreMountains/MMTools/Core/MMAttributes/MMEnumConditionAttribute.cs using Guid(1c44d260255c89244812b064b6bbb5ca) Importer(2089858483,192608db42251d675da83286b1cce702) (ScriptedImporter) -> (artifact id: '93e368f9ed0c87bd62d528d4e3793cd6') in 0.0254589 seconds
Number of updated asset objects reloaded before import = 0Number of asset objects unloaded after import = 0

========================================================================
Received Import Request.
  Time since last request: 0.000173 seconds.
  path: Assets/CorgiEngine/ThirdParty/MoreMountains/MMTools/Core/MMHelpers/MMMovement.cs
  artifactKey: Guid(195cd029f2c828848a5f260fc5457f3e) Importer(2089858483,192608db42251d675da83286b1cce702)
Start importing Assets/CorgiEngine/ThirdParty/MoreMountains/MMTools/Core/MMHelpers/MMMovement.cs using Guid(195cd029f2c828848a5f260fc5457f3e) Importer(2089858483,192608db42251d675da83286b1cce702) (ScriptedImporter) -> (artifact id: 'b51633a57d23f232e2cf58aca2b29563') in 0.0312295 seconds
Number of updated asset objects reloaded before import = 0Number of asset objects unloaded after import = 0

========================================================================
Received Import Request.
  Time since last request: 0.000106 seconds.
  path: Assets/CorgiEngine/ThirdParty/MoreMountains/MMTools/Accessories/MMGUI/MMHealthBar.cs
  artifactKey: Guid(8abe6344b7148db4687d3c84e7712904) Importer(2089858483,192608db42251d675da83286b1cce702)
Start importing Assets/CorgiEngine/ThirdParty/MoreMountains/MMTools/Accessories/MMGUI/MMHealthBar.cs using Guid(8abe6344b7148db4687d3c84e7712904) Importer(2089858483,192608db42251d675da83286b1cce702) (ScriptedImporter) -> (artifact id: '4eeab8efc9cda5044c1d28ba5e9b244a') in 0.0215924 seconds
Number of updated asset objects reloaded before import = 0Number of asset objects unloaded after import = 0

========================================================================
Received Import Request.
  Time since last request: 0.000021 seconds.
  path: Assets/CorgiEngine/ThirdParty/MoreMountains/MMTools/Accessories/MMShaders/MMSkybox.shader
  artifactKey: Guid(21b28f3ee4b3c13408ed85c229008f40) Importer(2089858483,192608db42251d675da83286b1cce702)
Start importing Assets/CorgiEngine/ThirdParty/MoreMountains/MMTools/Accessories/MMShaders/MMSkybox.shader using Guid(21b28f3ee4b3c13408ed85c229008f40) Importer(2089858483,192608db42251d675da83286b1cce702) (ScriptedImporter) -> (artifact id: '71ad929be334939e013c06e57b37b485') in 0.0269121 seconds
Number of updated asset objects reloaded before import = 0Number of asset objects unloaded after import = 1

========================================================================
Received Import Request.
  Time since last request: 0.000090 seconds.
  path: Assets/CorgiEngine/ThirdParty/MoreMountains/MMTools/Accessories/MMPhysics/MMRigidbodyInterface.cs
  artifactKey: Guid(1eac7cbe197dc794dbaed99e0565d2de) Importer(2089858483,192608db42251d675da83286b1cce702)
Start importing Assets/CorgiEngine/ThirdParty/MoreMountains/MMTools/Accessories/MMPhysics/MMRigidbodyInterface.cs using Guid(1eac7cbe197dc794dbaed99e0565d2de) Importer(2089858483,192608db42251d675da83286b1cce702) (ScriptedImporter) -> (artifact id: 'c44a8ec5880e146b5a5a961a54810576') in 0.0265488 seconds
Number of updated asset objects reloaded before import = 0Number of asset objects unloaded after import = 0

========================================================================
Received Import Request.
  Time since last request: 0.000059 seconds.
  path: Assets/CorgiEngine/ThirdParty/MoreMountains/MMFeedbacks/MMFeedbacks/Shakers/MMRotationShaker.cs
  artifactKey: Guid(9b821aa41cbf734458af19d8c6507e92) Importer(2089858483,192608db42251d675da83286b1cce702)
Start importing Assets/CorgiEngine/ThirdParty/MoreMountains/MMFeedbacks/MMFeedbacks/Shakers/MMRotationShaker.cs using Guid(9b821aa41cbf734458af19d8c6507e92) Importer(2089858483,192608db42251d675da83286b1cce702) (ScriptedImporter) -> (artifact id: '3dd393d1238200cef67b8448d5efb780') in 0.0212622 seconds
Number of updated asset objects reloaded before import = 0Number of asset objects unloaded after import = 0

========================================================================
Received Import Request.
  Time since last request: 0.000113 seconds.
  path: Assets/CorgiEngine/Demos/Corgi2D/Prefabs/Environment/Trees/Tree10.prefab
  artifactKey: Guid(2eca890dc1c38734f819f2362d536b5f) Importer(2089858483,192608db42251d675da83286b1cce702)
Start importing Assets/CorgiEngine/Demos/Corgi2D/Prefabs/Environment/Trees/Tree10.prefab using Guid(2eca890dc1c38734f819f2362d536b5f) Importer(2089858483,192608db42251d675da83286b1cce702) (ScriptedImporter) -> (artifact id: '7afebd21ddb48cc9d902060afe95e73d') in 0.0436382 seconds
Number of updated asset objects reloaded before import = 0Number of asset objects unloaded after import = 8

========================================================================
Received Import Request.
  Time since last request: 0.000024 seconds.
  path: Assets/CorgiEngine/ThirdParty/MoreMountains/MMTools/Accessories/MMActivation/MMTimedActivation.cs
  artifactKey: Guid(46840d8dc203908469ee327b591ae35f) Importer(2089858483,192608db42251d675da83286b1cce702)
Start importing Assets/CorgiEngine/ThirdParty/MoreMountains/MMTools/Accessories/MMActivation/MMTimedActivation.cs using Guid(46840d8dc203908469ee327b591ae35f) Importer(2089858483,192608db42251d675da83286b1cce702) (ScriptedImporter) -> (artifact id: 'ba1e331c44629f3c1ef2f68234b9821d') in 0.0193791 seconds
Number of updated asset objects reloaded before import = 0Number of asset objects unloaded after import = 0

========================================================================
Received Import Request.
  Time since last request: 0.000063 seconds.
  path: Assets/CorgiEngine/ThirdParty/MoreMountains/MMTools/Accessories/MMSprites/MMLineRendererDriver.cs
  artifactKey: Guid(ca735d93c2b69c247951881f5d6f1be2) Importer(2089858483,192608db42251d675da83286b1cce702)
Start importing Assets/CorgiEngine/ThirdParty/MoreMountains/MMTools/Accessories/MMSprites/MMLineRendererDriver.cs using Guid(ca735d93c2b69c247951881f5d6f1be2) Importer(2089858483,192608db42251d675da83286b1cce702) (ScriptedImporter) -> (artifact id: '18670d5db5f5e4e5c1983447aaea8947') in 0.0237041 seconds
Number of updated asset objects reloaded before import = 0Number of asset objects unloaded after import = 0

========================================================================
Received Import Request.
  Time since last request: 0.000039 seconds.
  path: Assets/CorgiEngine/ThirdParty/MoreMountains/MMInterface/Styles/Mini/4-StyleguideForms.unity
  artifactKey: Guid(8f8c2f0b710e68d438bf4858e885b305) Importer(2089858483,192608db42251d675da83286b1cce702)
Start importing Assets/CorgiEngine/ThirdParty/MoreMountains/MMInterface/Styles/Mini/4-StyleguideForms.unity using Guid(8f8c2f0b710e68d438bf4858e885b305) Importer(2089858483,192608db42251d675da83286b1cce702) (ScriptedImporter) -> (artifact id: 'ba5d9ae7832b52e4ec5255fdbb632c33') in 0.0350553 seconds
Number of updated asset objects reloaded before import = 0Number of asset objects unloaded after import = 1

========================================================================
Received Import Request.
  Time since last request: 0.000087 seconds.
  path: Assets/CorgiEngine/Demos/Corgi2D/Prefabs/Environment/Mesa/Platform6.prefab
  artifactKey: Guid(483a63d478f52414bbdee4627879db8f) Importer(2089858483,192608db42251d675da83286b1cce702)
Start importing Assets/CorgiEngine/Demos/Corgi2D/Prefabs/Environment/Mesa/Platform6.prefab using Guid(483a63d478f52414bbdee4627879db8f) Importer(2089858483,192608db42251d675da83286b1cce702) (ScriptedImporter) -> (artifact id: '4eea22089a501da3d53cf6d8438293e5') in 0.0444265 seconds
Number of updated asset objects reloaded before import = 0Number of asset objects unloaded after import = 8

========================================================================
Received Import Request.
  Time since last request: 0.000041 seconds.
  path: Assets/CorgiEngine/ThirdParty/MoreMountains/MMTools/Core/MMHelpers/MMImage.cs
  artifactKey: Guid(7e19dbc2273664c2d8ff6566055a994b) Importer(2089858483,192608db42251d675da83286b1cce702)
Start importing Assets/CorgiEngine/ThirdParty/MoreMountains/MMTools/Core/MMHelpers/MMImage.cs using Guid(7e19dbc2273664c2d8ff6566055a994b) Importer(2089858483,192608db42251d675da83286b1cce702) (ScriptedImporter) -> (artifact id: 'a137907143aa842c8ec1595e4c2c6409') in 0.0243791 seconds
Number of updated asset objects reloaded before import = 0Number of asset objects unloaded after import = 0

========================================================================
Received Import Request.
  Time since last request: 0.000127 seconds.
  path: Assets/CorgiEngine/ThirdParty/MoreMountains/MMTools/Accessories/MMGUI/MMCountdown.cs
  artifactKey: Guid(9865be098e06f714091b51ba01ecec85) Importer(2089858483,192608db42251d675da83286b1cce702)
Start importing Assets/CorgiEngine/ThirdParty/MoreMountains/MMTools/Accessories/MMGUI/MMCountdown.cs using Guid(9865be098e06f714091b51ba01ecec85) Importer(2089858483,192608db42251d675da83286b1cce702) (ScriptedImporter) -> (artifact id: '694063b2735b04fb0e70ac4598c71f79') in 0.0222942 seconds
Number of updated asset objects reloaded before import = 0Number of asset objects unloaded after import = 0

========================================================================
Received Import Request.
  Time since last request: 0.000116 seconds.
  path: Assets/CorgiEngine/ThirdParty/MoreMountains/MMTools/Core/MMAttributes/MMConditionAttribute.cs
  artifactKey: Guid(d99b1ef0840200a4ca8c98ee8b49e114) Importer(2089858483,192608db42251d675da83286b1cce702)
Start importing Assets/CorgiEngine/ThirdParty/MoreMountains/MMTools/Core/MMAttributes/MMConditionAttribute.cs using Guid(d99b1ef0840200a4ca8c98ee8b49e114) Importer(2089858483,192608db42251d675da83286b1cce702) (ScriptedImporter) -> (artifact id: 'f6b30475ffbf5cdfb6eae5bebd99c88d') in 0.0218736 seconds
Number of updated asset objects reloaded before import = 0Number of asset objects unloaded after import = 0

========================================================================
Received Import Request.
  Time since last request: 0.000227 seconds.
  path: Assets/CorgiEngine/Demos/Minimal/Prefabs/Weapons/RegularWeapons/MinimalMeleeAttack.prefab
  artifactKey: Guid(880a61e1180c44c658c18540055b52ee) Importer(2089858483,192608db42251d675da83286b1cce702)
Start importing Assets/CorgiEngine/Demos/Minimal/Prefabs/Weapons/RegularWeapons/MinimalMeleeAttack.prefab using Guid(880a61e1180c44c658c18540055b52ee) Importer(2089858483,192608db42251d675da83286b1cce702) (ScriptedImporter) -> (artifact id: '970ac25f5edb013697b1be920676f858') in 0.0785268 seconds
Number of updated asset objects reloaded before import = 0Number of asset objects unloaded after import = 5

========================================================================
Received Import Request.
  Time since last request: 0.000021 seconds.
  path: Assets/CorgiEngine/ThirdParty/MoreMountains/MMTools/Accessories/MMGizmos/MMGizmo.cs
  artifactKey: Guid(99ca21bfff9408f44bf12916ef8f4363) Importer(2089858483,192608db42251d675da83286b1cce702)
Start importing Assets/CorgiEngine/ThirdParty/MoreMountains/MMTools/Accessories/MMGizmos/MMGizmo.cs using Guid(99ca21bfff9408f44bf12916ef8f4363) Importer(2089858483,192608db42251d675da83286b1cce702) (ScriptedImporter) -> (artifact id: '0cd172f785b1fb7ceefa95e29a678134') in 0.0228215 seconds
Number of updated asset objects reloaded before import = 0Number of asset objects unloaded after import = 0

========================================================================
Received Import Request.
  Time since last request: 0.000194 seconds.
  path: Assets/CorgiEngine/ThirdParty/MoreMountains/MMFeedbacks/MMFeedbacksForThirdParty/VisualEffectGraph/MoreMountains.Feedbacks.VisualEffectGraph.asmref
  artifactKey: Guid(c1936492d497f004da5f6dca108969fd) Importer(2089858483,192608db42251d675da83286b1cce702)
Start importing Assets/CorgiEngine/ThirdParty/MoreMountains/MMFeedbacks/MMFeedbacksForThirdParty/VisualEffectGraph/MoreMountains.Feedbacks.VisualEffectGraph.asmref using Guid(c1936492d497f004da5f6dca108969fd) Importer(2089858483,192608db42251d675da83286b1cce702) (ScriptedImporter) -> (artifact id: 'caf6e0ab7c18421f878e03f4ee77b6e0') in 0.0360471 seconds
Number of updated asset objects reloaded before import = 0Number of asset objects unloaded after import = 1

========================================================================
Received Import Request.
  Time since last request: 0.000080 seconds.
  path: Assets/CorgiEngine/Demos/Corgi2D/Prefabs/Environment/Trees/Tree14.prefab
  artifactKey: Guid(c157d2c662c42814f99dfc87454f4900) Importer(2089858483,192608db42251d675da83286b1cce702)
Start importing Assets/CorgiEngine/Demos/Corgi2D/Prefabs/Environment/Trees/Tree14.prefab using Guid(c157d2c662c42814f99dfc87454f4900) Importer(2089858483,192608db42251d675da83286b1cce702) (ScriptedImporter) -> (artifact id: '38bde9071c824de86df12db8dcd1df6f') in 0.0445311 seconds
Number of updated asset objects reloaded before import = 0Number of asset objects unloaded after import = 8

========================================================================
Received Import Request.
  Time since last request: 0.000051 seconds.
  path: Assets/CorgiEngine/Demos/Corgi2D/Prefabs/Environment/Mesa/Platform2.prefab
  artifactKey: Guid(3070898c5db51b548b05764b142e006d) Importer(2089858483,192608db42251d675da83286b1cce702)
Start importing Assets/CorgiEngine/Demos/Corgi2D/Prefabs/Environment/Mesa/Platform2.prefab using Guid(3070898c5db51b548b05764b142e006d) Importer(2089858483,192608db42251d675da83286b1cce702) (ScriptedImporter) -> (artifact id: 'd634101a3debafd8085ada4fefc477c3') in 0.0438986 seconds
Number of updated asset objects reloaded before import = 0Number of asset objects unloaded after import = 8

========================================================================
Received Import Request.
  Time since last request: 0.000036 seconds.
  path: Assets/CorgiEngine/Demos/Minimal/Prefabs/Weapons/Ammo/MinimalMachineGunBulletBouncy.prefab
  artifactKey: Guid(6273166d83ef4704e9ea6d38582902e7) Importer(2089858483,192608db42251d675da83286b1cce702)
Start importing Assets/CorgiEngine/Demos/Minimal/Prefabs/Weapons/Ammo/MinimalMachineGunBulletBouncy.prefab using Guid(6273166d83ef4704e9ea6d38582902e7) Importer(2089858483,192608db42251d675da83286b1cce702) (ScriptedImporter) -> (artifact id: '98f923972e857cc3eb444a8009ee4846') in 0.0838357 seconds
Number of updated asset objects reloaded before import = 0Number of asset objects unloaded after import = 31

========================================================================
Received Import Request.
  Time since last request: 0.000066 seconds.
  path: Assets/CorgiEngine/Demos/Corgi2D/Prefabs/Environment/Trees/Grass2.prefab
  artifactKey: Guid(bf0ca5cbd2a21cb47b52e366708b79dd) Importer(2089858483,192608db42251d675da83286b1cce702)
Start importing Assets/CorgiEngine/Demos/Corgi2D/Prefabs/Environment/Trees/Grass2.prefab using Guid(bf0ca5cbd2a21cb47b52e366708b79dd) Importer(2089858483,192608db42251d675da83286b1cce702) (ScriptedImporter) -> (artifact id: '47dd677393ca70d64faf6ffbd190a0d1') in 0.0392825 seconds
Number of updated asset objects reloaded before import = 0Number of asset objects unloaded after import = 8

========================================================================
Received Import Request.
  Time since last request: 0.000042 seconds.
  path: Assets/CorgiEngine/ThirdParty/MoreMountains/MMTools/Accessories/MMGUI/MMPSBToUIConverter.cs
  artifactKey: Guid(886cecdd9d0da7e429a987be6cccf1da) Importer(2089858483,192608db42251d675da83286b1cce702)
Start importing Assets/CorgiEngine/ThirdParty/MoreMountains/MMTools/Accessories/MMGUI/MMPSBToUIConverter.cs using Guid(886cecdd9d0da7e429a987be6cccf1da) Importer(2089858483,192608db42251d675da83286b1cce702) (ScriptedImporter) -> (artifact id: 'b9abec3a67c2fe967dcff336f7350ba1') in 0.023249 seconds
Number of updated asset objects reloaded before import = 0Number of asset objects unloaded after import = 0

========================================================================
Received Import Request.
  Time since last request: 0.000045 seconds.
  path: Assets/CorgiEngine/Demos/Corgi2D/Sprites/Environment/Mesa/bg-background-mountain-1-green.png
  artifactKey: Guid(312c87124856e5d469e5aa3ea4cb1f61) Importer(2089858483,192608db42251d675da83286b1cce702)
Start importing Assets/CorgiEngine/Demos/Corgi2D/Sprites/Environment/Mesa/bg-background-mountain-1-green.png using Guid(312c87124856e5d469e5aa3ea4cb1f61) Importer(2089858483,192608db42251d675da83286b1cce702) (ScriptedImporter) -> (artifact id: '116fa701d5f2c58b6e7c180ab57aba1b') in 0.0785196 seconds
Number of updated asset objects reloaded before import = 0Number of asset objects unloaded after import = 3

========================================================================
Received Import Request.
  Time since last request: 0.000048 seconds.
  path: Assets/CorgiEngine/Demos/Corgi2D/Prefabs/Environment/Trees/Grass9.prefab
  artifactKey: Guid(0185188137a909245a11cac291b3c5bb) Importer(2089858483,192608db42251d675da83286b1cce702)
Start importing Assets/CorgiEngine/Demos/Corgi2D/Prefabs/Environment/Trees/Grass9.prefab using Guid(0185188137a909245a11cac291b3c5bb) Importer(2089858483,192608db42251d675da83286b1cce702) (ScriptedImporter) -> (artifact id: 'e132f6becb1fab5aec4895bf628ebfb0') in 0.0385191 seconds
Number of updated asset objects reloaded before import = 0Number of asset objects unloaded after import = 8

========================================================================
Received Import Request.
  Time since last request: 0.000034 seconds.
  path: Assets/CorgiEngine/ThirdParty/MoreMountains/MMTools/Accessories/MMUtilities/MMSceneRestarter.cs
  artifactKey: Guid(0988d9b4b34ac9c49a36cf9a04cf5776) Importer(2089858483,192608db42251d675da83286b1cce702)
Start importing Assets/CorgiEngine/ThirdParty/MoreMountains/MMTools/Accessories/MMUtilities/MMSceneRestarter.cs using Guid(0988d9b4b34ac9c49a36cf9a04cf5776) Importer(2089858483,192608db42251d675da83286b1cce702) (ScriptedImporter) -> (artifact id: '741b4232001399450bd5e31852a89e1c') in 0.0249826 seconds
Number of updated asset objects reloaded before import = 0Number of asset objects unloaded after import = 0

========================================================================
Received Import Request.
  Time since last request: 0.000044 seconds.
  path: Assets/CorgiEngine/Demos/Corgi2D/Prefabs/Environment/Trees/Tree3.prefab
  artifactKey: Guid(46d8131167564d6479c56a5cc8f753db) Importer(2089858483,192608db42251d675da83286b1cce702)
Start importing Assets/CorgiEngine/Demos/Corgi2D/Prefabs/Environment/Trees/Tree3.prefab using Guid(46d8131167564d6479c56a5cc8f753db) Importer(2089858483,192608db42251d675da83286b1cce702) (ScriptedImporter) -> (artifact id: 'a9b8c506dc162773f77b17ce02ad9c30') in 0.0447494 seconds
Number of updated asset objects reloaded before import = 0Number of asset objects unloaded after import = 8

========================================================================
Received Import Request.
  Time since last request: 0.000026 seconds.
  path: Assets/CorgiEngine/ThirdParty/MoreMountains/MMInterface/Common/Sounds/Click2.wav
  artifactKey: Guid(151b2cf0faad3634188b0fbfebac4109) Importer(2089858483,192608db42251d675da83286b1cce702)
Start importing Assets/CorgiEngine/ThirdParty/MoreMountains/MMInterface/Common/Sounds/Click2.wav using Guid(151b2cf0faad3634188b0fbfebac4109) Importer(2089858483,192608db42251d675da83286b1cce702) (ScriptedImporter) -> (artifact id: '8d60429b2dc768ba31c57e17dadbebc6') in 0.0921246 seconds
Number of updated asset objects reloaded before import = 0Number of asset objects unloaded after import = 1

========================================================================
Received Import Request.
  Time since last request: 0.000025 seconds.
  path: Assets/CorgiEngine/Common/Scripts/Agents/AI/Advanced/AIDecisionHit.cs
  artifactKey: Guid(ec22c454f9492304f8d2d35fcd5e4c80) Importer(2089858483,192608db42251d675da83286b1cce702)
Start importing Assets/CorgiEngine/Common/Scripts/Agents/AI/Advanced/AIDecisionHit.cs using Guid(ec22c454f9492304f8d2d35fcd5e4c80) Importer(2089858483,192608db42251d675da83286b1cce702) (ScriptedImporter) -> (artifact id: '56466213ec039979ca27083d239e1cfd') in 0.0247257 seconds
Number of updated asset objects reloaded before import = 0Number of asset objects unloaded after import = 0

========================================================================
Received Import Request.
  Time since last request: 0.000118 seconds.
  path: Assets/CorgiEngine/Demos/SuperHipsterBros/Prefabs/Environment/HipsterPlant3.prefab
  artifactKey: Guid(a00e639da74ca5f47b53ec726dd70fb0) Importer(2089858483,192608db42251d675da83286b1cce702)
Start importing Assets/CorgiEngine/Demos/SuperHipsterBros/Prefabs/Environment/HipsterPlant3.prefab using Guid(a00e639da74ca5f47b53ec726dd70fb0) Importer(2089858483,192608db42251d675da83286b1cce702) (ScriptedImporter) -> (artifact id: '7c1873e67a0f9246d1dc658847a5d3a8') in 0.0340612 seconds
Number of updated asset objects reloaded before import = 0Number of asset objects unloaded after import = 7

========================================================================
Received Import Request.
  Time since last request: 0.000055 seconds.
  path: Assets/CorgiEngine/Demos/Retro/Tilemaps/RetroCave/RetroCave_15.asset
  artifactKey: Guid(0cdfaba613e728ddf28a437d64adc9a4) Importer(2089858483,192608db42251d675da83286b1cce702)
Start importing Assets/CorgiEngine/Demos/Retro/Tilemaps/RetroCave/RetroCave_15.asset using Guid(0cdfaba613e728ddf28a437d64adc9a4) Importer(2089858483,192608db42251d675da83286b1cce702) (ScriptedImporter) -> (artifact id: '5962fda899d992e9a9f78742e8821118') in 0.0250856 seconds
Number of updated asset objects reloaded before import = 0Number of asset objects unloaded after import = 2

========================================================================
Received Import Request.
  Time since last request: 0.000046 seconds.
  path: Assets/CorgiEngine/Demos/Corgi2D/Prefabs/Environment/Trees/Grass6.prefab
  artifactKey: Guid(851a710dd42da7642b45efd5e90d8c2a) Importer(2089858483,192608db42251d675da83286b1cce702)
Start importing Assets/CorgiEngine/Demos/Corgi2D/Prefabs/Environment/Trees/Grass6.prefab using Guid(851a710dd42da7642b45efd5e90d8c2a) Importer(2089858483,192608db42251d675da83286b1cce702) (ScriptedImporter) -> (artifact id: 'a8ebcd9832098c4e1f1dea8ff3c191d3') in 0.0385603 seconds
Number of updated asset objects reloaded before import = 0Number of asset objects unloaded after import = 8

========================================================================
Received Import Request.
  Time since last request: 0.000028 seconds.
  path: Assets/CorgiEngine/Demos/TheHunt/Models/Soldier/Red@LookUp.fbx
  artifactKey: Guid(f1ca486b8558fa74aa64d99937179503) Importer(2089858483,192608db42251d675da83286b1cce702)
Start importing Assets/CorgiEngine/Demos/TheHunt/Models/Soldier/Red@LookUp.fbx using Guid(f1ca486b8558fa74aa64d99937179503) Importer(2089858483,192608db42251d675da83286b1cce702) (ScriptedImporter) -> (artifact id: 'c960c6ad807b08aa56e7120df5e42cc4') in 0.046757 seconds
Number of updated asset objects reloaded before import = 0Number of asset objects unloaded after import = 66

========================================================================
Received Import Request.
  Time since last request: 0.000018 seconds.
  path: Assets/CorgiEngine/ThirdParty/MoreMountains/MMFeedbacks/Editor/Resources/MMF_PlayerConfiguration.asset
  artifactKey: Guid(c14ab46a507c8324c8b54e6a3fdc2b0e) Importer(2089858483,192608db42251d675da83286b1cce702)
Start importing Assets/CorgiEngine/ThirdParty/MoreMountains/MMFeedbacks/Editor/Resources/MMF_PlayerConfiguration.asset using Guid(c14ab46a507c8324c8b54e6a3fdc2b0e) Importer(2089858483,192608db42251d675da83286b1cce702) (ScriptedImporter) -> (artifact id: 'f69893f13b146591bbf73527592c9eec') in 0.0227849 seconds
Number of updated asset objects reloaded before import = 0Number of asset objects unloaded after import = 1

========================================================================
Received Import Request.
  Time since last request: 0.000024 seconds.
  path: Assets/CorgiEngine/Common/Scripts/Agents/AI/Advanced/AIActionResetTarget.cs
  artifactKey: Guid(86933f6e5130db544a21e203437118ad) Importer(2089858483,192608db42251d675da83286b1cce702)
Start importing Assets/CorgiEngine/Common/Scripts/Agents/AI/Advanced/AIActionResetTarget.cs using Guid(86933f6e5130db544a21e203437118ad) Importer(2089858483,192608db42251d675da83286b1cce702) (ScriptedImporter) -> (artifact id: 'f4f30ecc5c324ed5350f505906897a3c') in 0.0229205 seconds
Number of updated asset objects reloaded before import = 0Number of asset objects unloaded after import = 0

========================================================================
Received Import Request.
  Time since last request: 0.000062 seconds.
  path: Assets/CorgiEngine/Demos/Retro/Prefabs/Weapons/Ammo/RetroBossBullet3.prefab
  artifactKey: Guid(d98cdb0e3311a624db4b8c6bb43ba763) Importer(2089858483,192608db42251d675da83286b1cce702)
Start importing Assets/CorgiEngine/Demos/Retro/Prefabs/Weapons/Ammo/RetroBossBullet3.prefab using Guid(d98cdb0e3311a624db4b8c6bb43ba763) Importer(2089858483,192608db42251d675da83286b1cce702) (ScriptedImporter) -> (artifact id: '51be5ebdfd7253472ac123692feb18c2') in 0.0771273 seconds
Number of updated asset objects reloaded before import = 0Number of asset objects unloaded after import = 28

========================================================================
Received Import Request.
  Time since last request: 0.000033 seconds.
  path: Assets/CorgiEngine/ThirdParty/MoreMountains/MMTools/Accessories/MMShaders/MMZTestAlwaysAdditive.shader
  artifactKey: Guid(e5691787f973b2c4c9e7333c45119dd2) Importer(2089858483,192608db42251d675da83286b1cce702)
Start importing Assets/CorgiEngine/ThirdParty/MoreMountains/MMTools/Accessories/MMShaders/MMZTestAlwaysAdditive.shader using Guid(e5691787f973b2c4c9e7333c45119dd2) Importer(2089858483,192608db42251d675da83286b1cce702) (ScriptedImporter) -> (artifact id: '7bc116f68dfdfa74cf9f05d0d68b4657') in 0.0255765 seconds
Number of updated asset objects reloaded before import = 0Number of asset objects unloaded after import = 1

========================================================================
Received Import Request.
  Time since last request: 0.000036 seconds.
  path: Assets/CorgiEngine/Demos/Corgi2D/Prefabs/Environment/Bricks/Brick1.prefab
  artifactKey: Guid(06710df06f403c948b4d2a9357fa5e8a) Importer(2089858483,192608db42251d675da83286b1cce702)
Start importing Assets/CorgiEngine/Demos/Corgi2D/Prefabs/Environment/Bricks/Brick1.prefab using Guid(06710df06f403c948b4d2a9357fa5e8a) Importer(2089858483,192608db42251d675da83286b1cce702) (ScriptedImporter) -> (artifact id: 'd0c4a9b88f65d42eba01b5e369a3ca32') in 0.039473 seconds
Number of updated asset objects reloaded before import = 0Number of asset objects unloaded after import = 8

========================================================================
Received Import Request.
  Time since last request: 0.000021 seconds.
  path: Assets/CorgiEngine/ThirdParty/MoreMountains/MMTools/Accessories/MMMovement/MMPreventPassingThrough3D.cs
  artifactKey: Guid(194c644ad43b53c478e2164aa4f41cb0) Importer(2089858483,192608db42251d675da83286b1cce702)
Start importing Assets/CorgiEngine/ThirdParty/MoreMountains/MMTools/Accessories/MMMovement/MMPreventPassingThrough3D.cs using Guid(194c644ad43b53c478e2164aa4f41cb0) Importer(2089858483,192608db42251d675da83286b1cce702) (ScriptedImporter) -> (artifact id: '53e13d838140049981fcf88a2d07e9f6') in 0.0284742 seconds
Number of updated asset objects reloaded before import = 0Number of asset objects unloaded after import = 0

========================================================================
Received Import Request.
  Time since last request: 0.000041 seconds.
  path: Assets/CorgiEngine/Demos/Retro/Tilemaps/RetroCave/RetroCave_39.asset
  artifactKey: Guid(3177ddb8688c95ed15b44c5c5bf650b5) Importer(2089858483,192608db42251d675da83286b1cce702)
Start importing Assets/CorgiEngine/Demos/Retro/Tilemaps/RetroCave/RetroCave_39.asset using Guid(3177ddb8688c95ed15b44c5c5bf650b5) Importer(2089858483,192608db42251d675da83286b1cce702) (ScriptedImporter) -> (artifact id: '69504eb4d572de3be29b2cc30c8e1938') in 0.0242949 seconds
Number of updated asset objects reloaded before import = 0Number of asset objects unloaded after import = 2

========================================================================
Received Import Request.
  Time since last request: 0.000021 seconds.
  path: Assets/CorgiEngine/Demos/Corgi2D/Prefabs/Environment/Lava/LavaPlatform15.prefab
  artifactKey: Guid(60ef39c757233794499787baba56ccff) Importer(2089858483,192608db42251d675da83286b1cce702)
Start importing Assets/CorgiEngine/Demos/Corgi2D/Prefabs/Environment/Lava/LavaPlatform15.prefab using Guid(60ef39c757233794499787baba56ccff) Importer(2089858483,192608db42251d675da83286b1cce702) (ScriptedImporter) -> (artifact id: '12e48e7173d665556461af8441cdfa7f') in 0.0653819 seconds
Number of updated asset objects reloaded before import = 0Number of asset objects unloaded after import = 8

========================================================================
Received Import Request.
  Time since last request: 0.000029 seconds.
  path: Assets/CorgiEngine/ThirdParty/MoreMountains/MMTools/Accessories/MMShaders/MMRipple.shader
  artifactKey: Guid(44f8736e1f857f24681cbc354a147c3e) Importer(2089858483,192608db42251d675da83286b1cce702)
Start importing Assets/CorgiEngine/ThirdParty/MoreMountains/MMTools/Accessories/MMShaders/MMRipple.shader using Guid(44f8736e1f857f24681cbc354a147c3e) Importer(2089858483,192608db42251d675da83286b1cce702) (ScriptedImporter) -> (artifact id: '0467492bf32eb452c567020b69dd6269') in 0.0233476 seconds
Number of updated asset objects reloaded before import = 0Number of asset objects unloaded after import = 1

========================================================================
Received Import Request.
  Time since last request: 0.000089 seconds.
  path: Assets/CorgiEngine/Demos/SuperHipsterBros/Prefabs/Environment/HipsterPlant4.prefab
  artifactKey: Guid(7d8feb7ee5dce5a46ad3d1c53564fbc1) Importer(2089858483,192608db42251d675da83286b1cce702)
Start importing Assets/CorgiEngine/Demos/SuperHipsterBros/Prefabs/Environment/HipsterPlant4.prefab using Guid(7d8feb7ee5dce5a46ad3d1c53564fbc1) Importer(2089858483,192608db42251d675da83286b1cce702) (ScriptedImporter) -> (artifact id: 'facf13f77b0f8bb0397b4b19fb0b994f') in 0.0405926 seconds
Number of updated asset objects reloaded before import = 0Number of asset objects unloaded after import = 7

========================================================================
Received Import Request.
  Time since last request: 0.000036 seconds.
  path: Assets/CorgiEngine/ThirdParty/MoreMountains/MMTools/Core/MMHelpers/MMString.cs
  artifactKey: Guid(6d1a9ce427a59e54ba03f183675bc50d) Importer(2089858483,192608db42251d675da83286b1cce702)
Start importing Assets/CorgiEngine/ThirdParty/MoreMountains/MMTools/Core/MMHelpers/MMString.cs using Guid(6d1a9ce427a59e54ba03f183675bc50d) Importer(2089858483,192608db42251d675da83286b1cce702) (ScriptedImporter) -> (artifact id: 'fec46888db5e9f0c937f9f800b5af880') in 0.0220567 seconds
Number of updated asset objects reloaded before import = 0Number of asset objects unloaded after import = 0

========================================================================
Received Import Request.
  Time since last request: 0.000034 seconds.
  path: Assets/CorgiEngine/Demos/Minimal/Prefabs/PlayableCharacters/CharacterSwap/RectangleSwap3.prefab
  artifactKey: Guid(440617c54046b654c9c6e32ad873ad3e) Importer(2089858483,192608db42251d675da83286b1cce702)
Start importing Assets/CorgiEngine/Demos/Minimal/Prefabs/PlayableCharacters/CharacterSwap/RectangleSwap3.prefab using Guid(440617c54046b654c9c6e32ad873ad3e) Importer(2089858483,192608db42251d675da83286b1cce702) (ScriptedImporter) -> (artifact id: '0d8bede50f4ed2a4c053889f4da40217') in 0.2647121 seconds
Number of updated asset objects reloaded before import = 0Number of asset objects unloaded after import = 131

========================================================================
Received Import Request.
  Time since last request: 0.000031 seconds.
  path: Assets/CorgiEngine/ThirdParty/MoreMountains/MMFeedbacks/MMFeedbacks/Feedbacks/MMF_InstantiateObject.cs
  artifactKey: Guid(9ce2978bc356b834984f6553e51886ce) Importer(2089858483,192608db42251d675da83286b1cce702)
Start importing Assets/CorgiEngine/ThirdParty/MoreMountains/MMFeedbacks/MMFeedbacks/Feedbacks/MMF_InstantiateObject.cs using Guid(9ce2978bc356b834984f6553e51886ce) Importer(2089858483,192608db42251d675da83286b1cce702) (ScriptedImporter) -> (artifact id: '41a3609a14d058dd64488f02a8ff88fb') in 0.0226425 seconds
Number of updated asset objects reloaded before import = 0Number of asset objects unloaded after import = 0

========================================================================
Received Import Request.
  Time since last request: 0.000145 seconds.
  path: Assets/CorgiEngine/ThirdParty/MoreMountains/MMFeedbacks/Demos/MMFeedbacksDemo/Models/MMApple.fbx
  artifactKey: Guid(98ad67e4ae4dbb54eb05b761fb2a2c02) Importer(2089858483,192608db42251d675da83286b1cce702)
Start importing Assets/CorgiEngine/ThirdParty/MoreMountains/MMFeedbacks/Demos/MMFeedbacksDemo/Models/MMApple.fbx using Guid(98ad67e4ae4dbb54eb05b761fb2a2c02) Importer(2089858483,192608db42251d675da83286b1cce702) (ScriptedImporter) -> (artifact id: 'bd5c01613da3f6325cd551c586b14d56') in 0.0606969 seconds
Number of updated asset objects reloaded before import = 0Number of asset objects unloaded after import = 33

========================================================================
Received Import Request.
  Time since last request: 0.000021 seconds.
  path: Assets/CorgiEngine/Demos/TheHunt/Models/Soldier/Materials/Colors/GreenMaterial2.mat
  artifactKey: Guid(25dccaf7172f3dd4cb75f88822ee8519) Importer(2089858483,192608db42251d675da83286b1cce702)
Start importing Assets/CorgiEngine/Demos/TheHunt/Models/Soldier/Materials/Colors/GreenMaterial2.mat using Guid(25dccaf7172f3dd4cb75f88822ee8519) Importer(2089858483,192608db42251d675da83286b1cce702) (ScriptedImporter) -> (artifact id: 'c305e4f150e7c8d562989b12415d6840') in 0.0231608 seconds
Number of updated asset objects reloaded before import = 0Number of asset objects unloaded after import = 1

========================================================================
Received Import Request.
  Time since last request: 0.000022 seconds.
  path: Assets/CorgiEngine/ThirdParty/MoreMountains/InventoryEngine/Demos/PixelRogue/Animations/AdventurerBlueWalk.anim
  artifactKey: Guid(4bb4558539d68b7438561590d6289111) Importer(2089858483,192608db42251d675da83286b1cce702)
Start importing Assets/CorgiEngine/ThirdParty/MoreMountains/InventoryEngine/Demos/PixelRogue/Animations/AdventurerBlueWalk.anim using Guid(4bb4558539d68b7438561590d6289111) Importer(2089858483,192608db42251d675da83286b1cce702) (ScriptedImporter) -> (artifact id: '07d7cd93fd6d3ce21f15cf4e7c673611') in 0.0283117 seconds
Number of updated asset objects reloaded before import = 0Number of asset objects unloaded after import = 1

========================================================================
Received Import Request.
  Time since last request: 0.000062 seconds.
  path: Assets/CorgiEngine/ThirdParty/MoreMountains/MMFeedbacks/Demos/MMFeedbacksDemo/Materials/FeedbacksDemoEyes.mat
  artifactKey: Guid(37bbdd2870294554b9997eae9fc844e9) Importer(2089858483,192608db42251d675da83286b1cce702)
Start importing Assets/CorgiEngine/ThirdParty/MoreMountains/MMFeedbacks/Demos/MMFeedbacksDemo/Materials/FeedbacksDemoEyes.mat using Guid(37bbdd2870294554b9997eae9fc844e9) Importer(2089858483,192608db42251d675da83286b1cce702) (ScriptedImporter) -> (artifact id: 'e4dee8c825743e0d61c82d3b1d0cf1e6') in 0.0374739 seconds
Number of updated asset objects reloaded before import = 0Number of asset objects unloaded after import = 1

========================================================================
Received Import Request.
  Time since last request: 0.000046 seconds.
  path: Assets/CorgiEngine/ThirdParty/MoreMountains/InventoryEngine/InventoryEngine/Scripts/Core/InventoryInputActions.cs
  artifactKey: Guid(89d797f342c637a48a552a0f410bed46) Importer(2089858483,192608db42251d675da83286b1cce702)
Start importing Assets/CorgiEngine/ThirdParty/MoreMountains/InventoryEngine/InventoryEngine/Scripts/Core/InventoryInputActions.cs using Guid(89d797f342c637a48a552a0f410bed46) Importer(2089858483,192608db42251d675da83286b1cce702) (ScriptedImporter) -> (artifact id: 'e2befb526853760dc691f6ae35911b67') in 0.0246054 seconds
Number of updated asset objects reloaded before import = 0Number of asset objects unloaded after import = 0

========================================================================
Received Import Request.
  Time since last request: 0.000168 seconds.
  path: Assets/CorgiEngine/ThirdParty/MoreMountains/InventoryEngine/Demos/PixelRogue/Sprites/Map.png
  artifactKey: Guid(57e5ad058023d884ab36c68375ddc4ea) Importer(2089858483,192608db42251d675da83286b1cce702)
Start importing Assets/CorgiEngine/ThirdParty/MoreMountains/InventoryEngine/Demos/PixelRogue/Sprites/Map.png using Guid(57e5ad058023d884ab36c68375ddc4ea) Importer(2089858483,192608db42251d675da83286b1cce702) (ScriptedImporter) -> (artifact id: 'dcf60c6d965987dc1493e81e7b4e5f2a') in 0.0642031 seconds
Number of updated asset objects reloaded before import = 0Number of asset objects unloaded after import = 3

========================================================================
Received Import Request.
  Time since last request: 0.000027 seconds.
  path: Assets/CorgiEngine/ThirdParty/MoreMountains/MMTools/Core/MMSingletons/MMPersistentHumbleSingleton.cs
  artifactKey: Guid(1069bbd270ccb95489ac88d734abbf9e) Importer(2089858483,192608db42251d675da83286b1cce702)
Start importing Assets/CorgiEngine/ThirdParty/MoreMountains/MMTools/Core/MMSingletons/MMPersistentHumbleSingleton.cs using Guid(1069bbd270ccb95489ac88d734abbf9e) Importer(2089858483,192608db42251d675da83286b1cce702) (ScriptedImporter) -> (artifact id: '1ba614e9b8f75ca4122966c5caa5acab') in 0.0202856 seconds
Number of updated asset objects reloaded before import = 0Number of asset objects unloaded after import = 0

========================================================================
Received Import Request.
  Time since last request: 0.000096 seconds.
  path: Assets/CorgiEngine/ThirdParty/MoreMountains/MMTools/Demos/MMObservable/MMObservableDemo.unity
  artifactKey: Guid(4b0c11e0a4798e04c82c84e3f89de5e2) Importer(2089858483,192608db42251d675da83286b1cce702)
Start importing Assets/CorgiEngine/ThirdParty/MoreMountains/MMTools/Demos/MMObservable/MMObservableDemo.unity using Guid(4b0c11e0a4798e04c82c84e3f89de5e2) Importer(2089858483,192608db42251d675da83286b1cce702) (ScriptedImporter) -> (artifact id: '45cf720e7f3edce7c7202e4b7ad6f43e') in 0.0325257 seconds
Number of updated asset objects reloaded before import = 0Number of asset objects unloaded after import = 1

========================================================================
Received Import Request.
  Time since last request: 0.000061 seconds.
  path: Assets/CorgiEngine/ThirdParty/MoreMountains/MMTools/Core/MMTween/MMTweenType.cs
  artifactKey: Guid(503fff45948a0ea4cb047c033294e914) Importer(2089858483,192608db42251d675da83286b1cce702)
Start importing Assets/CorgiEngine/ThirdParty/MoreMountains/MMTools/Core/MMTween/MMTweenType.cs using Guid(503fff45948a0ea4cb047c033294e914) Importer(2089858483,192608db42251d675da83286b1cce702) (ScriptedImporter) -> (artifact id: '53b4c91e10afcb7fc6108efd079e1d35') in 0.0228022 seconds
Number of updated asset objects reloaded before import = 0Number of asset objects unloaded after import = 0

========================================================================
Received Import Request.
  Time since last request: 0.000089 seconds.
  path: Assets/CorgiEngine/Demos/TheHunt/Models/Soldier/Materials/Colors/YellowMaterial1.mat
  artifactKey: Guid(e4739342480620c4a8c9b8f5890e6000) Importer(2089858483,192608db42251d675da83286b1cce702)
Start importing Assets/CorgiEngine/Demos/TheHunt/Models/Soldier/Materials/Colors/YellowMaterial1.mat using Guid(e4739342480620c4a8c9b8f5890e6000) Importer(2089858483,192608db42251d675da83286b1cce702) (ScriptedImporter) -> (artifact id: 'd9bf620f004378ade44d30486bbfb622') in 0.023655 seconds
Number of updated asset objects reloaded before import = 0Number of asset objects unloaded after import = 1

========================================================================
Received Import Request.
  Time since last request: 0.000072 seconds.
  path: Assets/CorgiEngine/ThirdParty/MoreMountains/MMTools/Core/MMTween/MMTween.cs
  artifactKey: Guid(cd6b5fb73f238654ba224ef88b91ac2a) Importer(2089858483,192608db42251d675da83286b1cce702)
Start importing Assets/CorgiEngine/ThirdParty/MoreMountains/MMTools/Core/MMTween/MMTween.cs using Guid(cd6b5fb73f238654ba224ef88b91ac2a) Importer(2089858483,192608db42251d675da83286b1cce702) (ScriptedImporter) -> (artifact id: '4313e80e1d4a7395a0bba8528b952dae') in 0.0250643 seconds
Number of updated asset objects reloaded before import = 0Number of asset objects unloaded after import = 0

========================================================================
Received Import Request.
  Time since last request: 0.000108 seconds.
  path: Assets/CorgiEngine/Demos/Minimal/Sprites/Props/PixelGrids/Materials/Grid-1-128x128.mat
  artifactKey: Guid(1c13b6199ea32234d87fa9828beb1469) Importer(2089858483,192608db42251d675da83286b1cce702)
Start importing Assets/CorgiEngine/Demos/Minimal/Sprites/Props/PixelGrids/Materials/Grid-1-128x128.mat using Guid(1c13b6199ea32234d87fa9828beb1469) Importer(2089858483,192608db42251d675da83286b1cce702) (ScriptedImporter) -> (artifact id: 'c3415238e3b508fa83c99b38829b1fb3') in 0.0247957 seconds
Number of updated asset objects reloaded before import = 0Number of asset objects unloaded after import = 2

========================================================================
Received Import Request.
  Time since last request: 0.000028 seconds.
  path: Assets/CorgiEngine/ThirdParty/MoreMountains/InventoryEngine/InventoryEngine/Editor/GUI/InventoryDisplayEditor.cs
  artifactKey: Guid(9e8d6628db4b23643b068f2f8794fb51) Importer(2089858483,192608db42251d675da83286b1cce702)
Start importing Assets/CorgiEngine/ThirdParty/MoreMountains/InventoryEngine/InventoryEngine/Editor/GUI/InventoryDisplayEditor.cs using Guid(9e8d6628db4b23643b068f2f8794fb51) Importer(2089858483,192608db42251d675da83286b1cce702) (ScriptedImporter) -> (artifact id: 'dbb5583fe9543d5727837eabdc697816') in 0.0221352 seconds
Number of updated asset objects reloaded before import = 0Number of asset objects unloaded after import = 0

========================================================================
Received Import Request.
  Time since last request: 0.000056 seconds.
  path: Assets/CorgiEngine/ThirdParty/MoreMountains/MMTools/Core/MMRadio/MMRadioBroadcaster.cs
  artifactKey: Guid(1f655bab42c018140aaf68474d594e6c) Importer(2089858483,192608db42251d675da83286b1cce702)
Start importing Assets/CorgiEngine/ThirdParty/MoreMountains/MMTools/Core/MMRadio/MMRadioBroadcaster.cs using Guid(1f655bab42c018140aaf68474d594e6c) Importer(2089858483,192608db42251d675da83286b1cce702) (ScriptedImporter) -> (artifact id: '15dba4fde9e69c287acc512399d6a958') in 0.0259505 seconds
Number of updated asset objects reloaded before import = 0Number of asset objects unloaded after import = 0

========================================================================
Received Import Request.
  Time since last request: 0.000088 seconds.
  path: Assets/CorgiEngine/ThirdParty/MoreMountains/MMTools/Core/MMSaveLoad/MMSaveLoadManagerMethods.cs
  artifactKey: Guid(b681190ef64d3e2438805b489a9ac9a4) Importer(2089858483,192608db42251d675da83286b1cce702)
Start importing Assets/CorgiEngine/ThirdParty/MoreMountains/MMTools/Core/MMSaveLoad/MMSaveLoadManagerMethods.cs using Guid(b681190ef64d3e2438805b489a9ac9a4) Importer(2089858483,192608db42251d675da83286b1cce702) (ScriptedImporter) -> (artifact id: 'd76b5199e69ffe1693072cfcfa276753') in 0.0211285 seconds
Number of updated asset objects reloaded before import = 0Number of asset objects unloaded after import = 0

========================================================================
Received Import Request.
  Time since last request: 0.000175 seconds.
  path: Assets/CorgiEngine/ThirdParty/MoreMountains/InventoryEngine/Demos/PixelRogue/Animations/AdventurerBlueIdle.anim
  artifactKey: Guid(dca25db8624618441a268cec668ed60b) Importer(2089858483,192608db42251d675da83286b1cce702)
Start importing Assets/CorgiEngine/ThirdParty/MoreMountains/InventoryEngine/Demos/PixelRogue/Animations/AdventurerBlueIdle.anim using Guid(dca25db8624618441a268cec668ed60b) Importer(2089858483,192608db42251d675da83286b1cce702) (ScriptedImporter) -> (artifact id: 'f8c957ee4de0eb8629832a39de1645e7') in 0.0222123 seconds
Number of updated asset objects reloaded before import = 0Number of asset objects unloaded after import = 1

========================================================================
Received Import Request.
  Time since last request: 0.000033 seconds.
  path: Assets/CorgiEngine/ThirdParty/MoreMountains/InventoryEngine/Demos/PixelRogue/Sounds/AppleUse.wav
  artifactKey: Guid(d6654b23983ce73439bcc32434698d3c) Importer(2089858483,192608db42251d675da83286b1cce702)
Start importing Assets/CorgiEngine/ThirdParty/MoreMountains/InventoryEngine/Demos/PixelRogue/Sounds/AppleUse.wav using Guid(d6654b23983ce73439bcc32434698d3c) Importer(2089858483,192608db42251d675da83286b1cce702) (ScriptedImporter) -> (artifact id: 'd5d12b17f71563edc850c7038c0fc599') in 0.0543764 seconds
Number of updated asset objects reloaded before import = 0Number of asset objects unloaded after import = 1

========================================================================
Received Import Request.
  Time since last request: 0.000021 seconds.
  path: Assets/CorgiEngine/ThirdParty/MoreMountains/InventoryEngine/InventoryEngine/Sounds/DefaultSounds/MoveWav.wav
  artifactKey: Guid(ab96aa6e3bc593f4a91b5d476bb440ef) Importer(2089858483,192608db42251d675da83286b1cce702)
Start importing Assets/CorgiEngine/ThirdParty/MoreMountains/InventoryEngine/InventoryEngine/Sounds/DefaultSounds/MoveWav.wav using Guid(ab96aa6e3bc593f4a91b5d476bb440ef) Importer(2089858483,192608db42251d675da83286b1cce702) (ScriptedImporter) -> (artifact id: '7d9a8bf8c3476a6774f838892baab1a4') in 0.0837689 seconds
Number of updated asset objects reloaded before import = 0Number of asset objects unloaded after import = 1

========================================================================
Received Import Request.
  Time since last request: 0.000029 seconds.
  path: Assets/CorgiEngine/ThirdParty/MoreMountains/MMFeedbacks/Demos/MMFeedbacksDemo/Models/Rock3.fbx
  artifactKey: Guid(e7b8d3e8e58ffc24984b81ddbd5f9c29) Importer(2089858483,192608db42251d675da83286b1cce702)
Start importing Assets/CorgiEngine/ThirdParty/MoreMountains/MMFeedbacks/Demos/MMFeedbacksDemo/Models/Rock3.fbx using Guid(e7b8d3e8e58ffc24984b81ddbd5f9c29) Importer(2089858483,192608db42251d675da83286b1cce702) (ScriptedImporter) -> (artifact id: '4f610445c697c47452c398f7de1f05c3') in 0.0470685 seconds
Number of updated asset objects reloaded before import = 0Number of asset objects unloaded after import = 8

========================================================================
Received Import Request.
  Time since last request: 0.000023 seconds.
  path: Assets/CorgiEngine/ThirdParty/MoreMountains/MMTools/Demos/MMSceneLoading/LoadingTester.prefab
  artifactKey: Guid(2cdbdb3e4380b5d4b849d9dddd7a7d00) Importer(2089858483,192608db42251d675da83286b1cce702)
Start importing Assets/CorgiEngine/ThirdParty/MoreMountains/MMTools/Demos/MMSceneLoading/LoadingTester.prefab using Guid(2cdbdb3e4380b5d4b849d9dddd7a7d00) Importer(2089858483,192608db42251d675da83286b1cce702) (ScriptedImporter) -> (artifact id: 'b30f8aed337bae7aaa823160ecc4edc9') in 0.0311264 seconds
Number of updated asset objects reloaded before import = 0Number of asset objects unloaded after import = 8

========================================================================
Received Import Request.
  Time since last request: 0.000025 seconds.
  path: Assets/CorgiEngine/ThirdParty/MoreMountains/MMTools/Core/MMTween/MMTweenDefinitions.cs
  artifactKey: Guid(540be5b94edd9f347bf404fe0d020285) Importer(2089858483,192608db42251d675da83286b1cce702)
Start importing Assets/CorgiEngine/ThirdParty/MoreMountains/MMTools/Core/MMTween/MMTweenDefinitions.cs using Guid(540be5b94edd9f347bf404fe0d020285) Importer(2089858483,192608db42251d675da83286b1cce702) (ScriptedImporter) -> (artifact id: '4f975ad5c962061684b47da9cd73d950') in 0.0219198 seconds
Number of updated asset objects reloaded before import = 0Number of asset objects unloaded after import = 0

========================================================================
Received Import Request.
  Time since last request: 0.000159 seconds.
  path: Assets/CorgiEngine/ThirdParty/MoreMountains/InventoryEngine/InventoryEngine/Scripts/GUI/InventorySelectionMarker.cs
  artifactKey: Guid(265762282d1a5234dadf7288c07ff6dd) Importer(2089858483,192608db42251d675da83286b1cce702)
Start importing Assets/CorgiEngine/ThirdParty/MoreMountains/InventoryEngine/InventoryEngine/Scripts/GUI/InventorySelectionMarker.cs using Guid(265762282d1a5234dadf7288c07ff6dd) Importer(2089858483,192608db42251d675da83286b1cce702) (ScriptedImporter) -> (artifact id: '3eedaa8ba7068bd5f47fc4171ad3b6cc') in 0.0268942 seconds
Number of updated asset objects reloaded before import = 0Number of asset objects unloaded after import = 0

========================================================================
Received Import Request.
  Time since last request: 0.000092 seconds.
  path: Assets/CorgiEngine/ThirdParty/MoreMountains/MMTools/Demos/MMObservable/MMObservableDemoObserver.cs
  artifactKey: Guid(7626ba85783411047a182b9352e58a60) Importer(2089858483,192608db42251d675da83286b1cce702)
Start importing Assets/CorgiEngine/ThirdParty/MoreMountains/MMTools/Demos/MMObservable/MMObservableDemoObserver.cs using Guid(7626ba85783411047a182b9352e58a60) Importer(2089858483,192608db42251d675da83286b1cce702) (ScriptedImporter) -> (artifact id: '9c0001101d3304787a93d4860f8cfd4f') in 0.0246778 seconds
Number of updated asset objects reloaded before import = 0Number of asset objects unloaded after import = 0

========================================================================
Received Import Request.
  Time since last request: 0.000029 seconds.
  path: Assets/CorgiEngine/ThirdParty/MoreMountains/MMTools/Foundation/MMAnimation/MMRagdoller.cs
  artifactKey: Guid(9687a46a55ccbca4f92cdff319b70844) Importer(2089858483,192608db42251d675da83286b1cce702)
Start importing Assets/CorgiEngine/ThirdParty/MoreMountains/MMTools/Foundation/MMAnimation/MMRagdoller.cs using Guid(9687a46a55ccbca4f92cdff319b70844) Importer(2089858483,192608db42251d675da83286b1cce702) (ScriptedImporter) -> (artifact id: 'fa462b216708d9bb5b23c36e9668064a') in 0.0226134 seconds
Number of updated asset objects reloaded before import = 0Number of asset objects unloaded after import = 0

========================================================================
Received Import Request.
  Time since last request: 0.000111 seconds.
  path: Assets/CorgiEngine/Demos/Retro/Prefabs/Weapons/Ammo/RetroCannonIceBullet.prefab
  artifactKey: Guid(f3c44402238e5b34b86e1909455461ea) Importer(2089858483,192608db42251d675da83286b1cce702)
Start importing Assets/CorgiEngine/Demos/Retro/Prefabs/Weapons/Ammo/RetroCannonIceBullet.prefab using Guid(f3c44402238e5b34b86e1909455461ea) Importer(2089858483,192608db42251d675da83286b1cce702) (ScriptedImporter) -> (artifact id: 'cf70c68403a5811f5ef3cc1db7a08229') in 0.0731326 seconds
Number of updated asset objects reloaded before import = 0Number of asset objects unloaded after import = 33

========================================================================
Received Import Request.
  Time since last request: 0.000048 seconds.
  path: Assets/CorgiEngine/Demos/SuperHipsterBros/Prefabs/Environment/PipeBody.prefab
  artifactKey: Guid(b9bb6c0a14afdfb46a6acd0870b2cc77) Importer(2089858483,192608db42251d675da83286b1cce702)
Start importing Assets/CorgiEngine/Demos/SuperHipsterBros/Prefabs/Environment/PipeBody.prefab using Guid(b9bb6c0a14afdfb46a6acd0870b2cc77) Importer(2089858483,192608db42251d675da83286b1cce702) (ScriptedImporter) -> (artifact id: 'f729e63862a868cfc5076e7a2f0a778e') in 0.046186 seconds
Number of updated asset objects reloaded before import = 0Number of asset objects unloaded after import = 8

========================================================================
Received Import Request.
  Time since last request: 0.000029 seconds.
  path: Assets/CorgiEngine/Demos/Retro/Tilemaps/RetroRocks/RetroRocks_13.asset
  artifactKey: Guid(22ebd9e54d5e60c56ff552a0612dab7b) Importer(2089858483,192608db42251d675da83286b1cce702)
Start importing Assets/CorgiEngine/Demos/Retro/Tilemaps/RetroRocks/RetroRocks_13.asset using Guid(22ebd9e54d5e60c56ff552a0612dab7b) Importer(2089858483,192608db42251d675da83286b1cce702) (ScriptedImporter) -> (artifact id: '07aa828883c6ba695474e6de86dc53ec') in 0.0245004 seconds
Number of updated asset objects reloaded before import = 0Number of asset objects unloaded after import = 2

========================================================================
Received Import Request.
  Time since last request: 0.000024 seconds.
  path: Assets/CorgiEngine/Common/Scripts/Agents/AI/Advanced/AIDecisionGrounded.cs
  artifactKey: Guid(5371314e4a9de184b9909fd2d8a5b54b) Importer(2089858483,192608db42251d675da83286b1cce702)
Start importing Assets/CorgiEngine/Common/Scripts/Agents/AI/Advanced/AIDecisionGrounded.cs using Guid(5371314e4a9de184b9909fd2d8a5b54b) Importer(2089858483,192608db42251d675da83286b1cce702) (ScriptedImporter) -> (artifact id: 'b10028d21945edfb4550df4397f030c1') in 0.030007 seconds
Number of updated asset objects reloaded before import = 0Number of asset objects unloaded after import = 0

========================================================================
Received Import Request.
  Time since last request: 0.000087 seconds.
  path: Assets/CorgiEngine/ThirdParty/MoreMountains/MMFeedbacks/Demos/MMFeedbacksDemo/Scripts/DemoBall.cs
  artifactKey: Guid(af269cd09768709469620a982332135d) Importer(2089858483,192608db42251d675da83286b1cce702)
Start importing Assets/CorgiEngine/ThirdParty/MoreMountains/MMFeedbacks/Demos/MMFeedbacksDemo/Scripts/DemoBall.cs using Guid(af269cd09768709469620a982332135d) Importer(2089858483,192608db42251d675da83286b1cce702) (ScriptedImporter) -> (artifact id: 'bfb8a3890f85a0d4e88ba67d63df553a') in 0.0186295 seconds
Number of updated asset objects reloaded before import = 0Number of asset objects unloaded after import = 0

========================================================================
Received Import Request.
  Time since last request: 0.000110 seconds.
  path: Assets/CorgiEngine/ThirdParty/MoreMountains/MMTools/Accessories/MMActivation/MMPeriodicExecution.cs
  artifactKey: Guid(b91c53058d9ddc04bbc92506986923a3) Importer(2089858483,192608db42251d675da83286b1cce702)
Start importing Assets/CorgiEngine/ThirdParty/MoreMountains/MMTools/Accessories/MMActivation/MMPeriodicExecution.cs using Guid(b91c53058d9ddc04bbc92506986923a3) Importer(2089858483,192608db42251d675da83286b1cce702) (ScriptedImporter) -> (artifact id: '27e83d57d907d978f6f226e8a3515734') in 0.0195207 seconds
Number of updated asset objects reloaded before import = 0Number of asset objects unloaded after import = 0

========================================================================
Received Import Request.
  Time since last request: 0.000113 seconds.
  path: Assets/CorgiEngine/ThirdParty/MoreMountains/InventoryEngine/InventoryEngine/Editor/Core/PickableInventoryItemEditor.cs
  artifactKey: Guid(6dca7caeef0265245949b43e1527055c) Importer(2089858483,192608db42251d675da83286b1cce702)
Start importing Assets/CorgiEngine/ThirdParty/MoreMountains/InventoryEngine/InventoryEngine/Editor/Core/PickableInventoryItemEditor.cs using Guid(6dca7caeef0265245949b43e1527055c) Importer(2089858483,192608db42251d675da83286b1cce702) (ScriptedImporter) -> (artifact id: 'cc3d208a35702f425cf1a2f611697cac') in 0.0225453 seconds
Number of updated asset objects reloaded before import = 0Number of asset objects unloaded after import = 0

========================================================================
Received Import Request.
  Time since last request: 0.000283 seconds.
  path: Assets/CorgiEngine/Demos/Corgi2D/Prefabs/Environment/Trees/Tree9.prefab
  artifactKey: Guid(f6e43c33994313d4aa68d6426513cfbb) Importer(2089858483,192608db42251d675da83286b1cce702)
Start importing Assets/CorgiEngine/Demos/Corgi2D/Prefabs/Environment/Trees/Tree9.prefab using Guid(f6e43c33994313d4aa68d6426513cfbb) Importer(2089858483,192608db42251d675da83286b1cce702) (ScriptedImporter) -> (artifact id: '05aa78dd652b29a52f48c6c2fc944378') in 0.0430156 seconds
Number of updated asset objects reloaded before import = 0Number of asset objects unloaded after import = 8

========================================================================
Received Import Request.
  Time since last request: 0.000028 seconds.
  path: Assets/CorgiEngine/Demos/Retro/Tilemaps/RetroCave/RetroCave_8.asset
  artifactKey: Guid(685aba4abf7783ae13aa7735f5a7dd32) Importer(2089858483,192608db42251d675da83286b1cce702)
Start importing Assets/CorgiEngine/Demos/Retro/Tilemaps/RetroCave/RetroCave_8.asset using Guid(685aba4abf7783ae13aa7735f5a7dd32) Importer(2089858483,192608db42251d675da83286b1cce702) (ScriptedImporter) -> (artifact id: '63bc1a9a37639d0a7d6ccdb772797b86') in 0.0316103 seconds
Number of updated asset objects reloaded before import = 0Number of asset objects unloaded after import = 2

========================================================================
Received Import Request.
  Time since last request: 0.000087 seconds.
  path: Assets/CorgiEngine/ThirdParty/MoreMountains/MMFeedbacks/MMFeedbacks/Shakers/MMLightShaker.cs
  artifactKey: Guid(c32d98c861c973c409133940cf9c2231) Importer(2089858483,192608db42251d675da83286b1cce702)
Start importing Assets/CorgiEngine/ThirdParty/MoreMountains/MMFeedbacks/MMFeedbacks/Shakers/MMLightShaker.cs using Guid(c32d98c861c973c409133940cf9c2231) Importer(2089858483,192608db42251d675da83286b1cce702) (ScriptedImporter) -> (artifact id: 'c6c5851ceb09bd1f467656aa26889c99') in 0.024843 seconds
Number of updated asset objects reloaded before import = 0Number of asset objects unloaded after import = 0

========================================================================
Received Import Request.
  Time since last request: 0.000086 seconds.
  path: Assets/CorgiEngine/ThirdParty/MoreMountains/MMFeedbacks/MMFeedbacks/Feedbacks/MMF_AnimatorPlayState.cs
  artifactKey: Guid(333259468901c6b40b6cfd1b603a34d5) Importer(2089858483,192608db42251d675da83286b1cce702)
Start importing Assets/CorgiEngine/ThirdParty/MoreMountains/MMFeedbacks/MMFeedbacks/Feedbacks/MMF_AnimatorPlayState.cs using Guid(333259468901c6b40b6cfd1b603a34d5) Importer(2089858483,192608db42251d675da83286b1cce702) (ScriptedImporter) -> (artifact id: 'f9171b7cdd71b2c40b93e391cb0336e5') in 0.0224952 seconds
Number of updated asset objects reloaded before import = 0Number of asset objects unloaded after import = 0

========================================================================
Received Import Request.
  Time since last request: 0.000087 seconds.
  path: Assets/CorgiEngine/Demos/TheHunt/Prefabs/PlayableCharacters/Soldier3DYellow.prefab
  artifactKey: Guid(a4a4735c651e5654d853b7c670f15746) Importer(2089858483,192608db42251d675da83286b1cce702)
Start importing Assets/CorgiEngine/Demos/TheHunt/Prefabs/PlayableCharacters/Soldier3DYellow.prefab using Guid(a4a4735c651e5654d853b7c670f15746) Importer(2089858483,192608db42251d675da83286b1cce702) (ScriptedImporter) -> (artifact id: '2aaec563928c969f9fd0359d1fb113bb') in 0.190785 seconds
Number of updated asset objects reloaded before import = 0Number of asset objects unloaded after import = 180

========================================================================
Received Import Request.
  Time since last request: 0.000038 seconds.
  path: Assets/CorgiEngine/ThirdParty/MoreMountains/MMTools/Core/MMHelpers/MMCoroutine.cs
  artifactKey: Guid(be7f36cb3d627414895b9bb53b323c15) Importer(2089858483,192608db42251d675da83286b1cce702)
Start importing Assets/CorgiEngine/ThirdParty/MoreMountains/MMTools/Core/MMHelpers/MMCoroutine.cs using Guid(be7f36cb3d627414895b9bb53b323c15) Importer(2089858483,192608db42251d675da83286b1cce702) (ScriptedImporter) -> (artifact id: '8d34198ba4f9f1f40c9adf3980dc3db3') in 0.0223372 seconds
Number of updated asset objects reloaded before import = 0Number of asset objects unloaded after import = 0

========================================================================
Received Import Request.
  Time since last request: 0.000032 seconds.
  path: Assets/CorgiEngine/ThirdParty/MoreMountains/InventoryEngine/Demos/PixelRogue/Scripts/ChangeLevel.cs
  artifactKey: Guid(7ef7cadc24177984fa6b69c84cc314e3) Importer(2089858483,192608db42251d675da83286b1cce702)
Start importing Assets/CorgiEngine/ThirdParty/MoreMountains/InventoryEngine/Demos/PixelRogue/Scripts/ChangeLevel.cs using Guid(7ef7cadc24177984fa6b69c84cc314e3) Importer(2089858483,192608db42251d675da83286b1cce702) (ScriptedImporter) -> (artifact id: '2d6302abafa6bcd9bfb16cea55eea6ba') in 0.0234205 seconds
Number of updated asset objects reloaded before import = 0Number of asset objects unloaded after import = 0

========================================================================
Received Import Request.
  Time since last request: 0.000082 seconds.
  path: Assets/CorgiEngine/ThirdParty/MoreMountains/MMFeedbacks/Demos/MMFeedbacksDemo/Materials/FeedbacksDemoDudeBody.mat
  artifactKey: Guid(440eacb0793ae0546b9f287ef399ee84) Importer(2089858483,192608db42251d675da83286b1cce702)
Start importing Assets/CorgiEngine/ThirdParty/MoreMountains/MMFeedbacks/Demos/MMFeedbacksDemo/Materials/FeedbacksDemoDudeBody.mat using Guid(440eacb0793ae0546b9f287ef399ee84) Importer(2089858483,192608db42251d675da83286b1cce702) (ScriptedImporter) -> (artifact id: 'b3ae22aa36960d15bdc60b999e46695e') in 0.0338277 seconds
Number of updated asset objects reloaded before import = 0Number of asset objects unloaded after import = 2

========================================================================
Received Import Request.
  Time since last request: 0.000030 seconds.
  path: Assets/CorgiEngine/ThirdParty/MoreMountains/InventoryEngine/Demos/PixelRogue/Sprites/PixelInventorySlots.png
  artifactKey: Guid(bda834b2a65fffa42b0cb8ee84b4b852) Importer(2089858483,192608db42251d675da83286b1cce702)
Start importing Assets/CorgiEngine/ThirdParty/MoreMountains/InventoryEngine/Demos/PixelRogue/Sprites/PixelInventorySlots.png using Guid(bda834b2a65fffa42b0cb8ee84b4b852) Importer(2089858483,192608db42251d675da83286b1cce702) (ScriptedImporter) -> (artifact id: '57dc2797b7d6d3bcfe6bc4c3342b343c') in 0.073875 seconds
Number of updated asset objects reloaded before import = 0Number of asset objects unloaded after import = 11

========================================================================
Received Import Request.
  Time since last request: 0.000024 seconds.
  path: Assets/CorgiEngine/ThirdParty/MoreMountains/InventoryEngine/InventoryEngine/Editor/GUI/InventorySlotEditor.cs
  artifactKey: Guid(f7bfadd26d4a3dd488081d4a6dd1e402) Importer(2089858483,192608db42251d675da83286b1cce702)
Start importing Assets/CorgiEngine/ThirdParty/MoreMountains/InventoryEngine/InventoryEngine/Editor/GUI/InventorySlotEditor.cs using Guid(f7bfadd26d4a3dd488081d4a6dd1e402) Importer(2089858483,192608db42251d675da83286b1cce702) (ScriptedImporter) -> (artifact id: 'f228b0dc0971bbf6e32fa34d16cf9e34') in 0.0199832 seconds
Number of updated asset objects reloaded before import = 0Number of asset objects unloaded after import = 0

========================================================================
Received Import Request.
  Time since last request: 0.000073 seconds.
  path: Assets/CorgiEngine/ThirdParty/MoreMountains/MMTools/Accessories/MMVision/MMConeOfVision.cs
  artifactKey: Guid(4fb9c8af0fcd0514e89d35554b6cae77) Importer(2089858483,192608db42251d675da83286b1cce702)
Start importing Assets/CorgiEngine/ThirdParty/MoreMountains/MMTools/Accessories/MMVision/MMConeOfVision.cs using Guid(4fb9c8af0fcd0514e89d35554b6cae77) Importer(2089858483,192608db42251d675da83286b1cce702) (ScriptedImporter) -> (artifact id: '3527d56ad67170d79de2e9b2b9d50213') in 0.0240238 seconds
Number of updated asset objects reloaded before import = 0Number of asset objects unloaded after import = 0

========================================================================
Received Import Request.
  Time since last request: 0.000155 seconds.
  path: Assets/CorgiEngine/ThirdParty/MoreMountains/MMFeedbacks/Demos/MMFeedbacksDemo/Materials/FeedbacksDemoRed.mat
  artifactKey: Guid(6e044c899ad224c49a365cf038dc3dd0) Importer(2089858483,192608db42251d675da83286b1cce702)
Start importing Assets/CorgiEngine/ThirdParty/MoreMountains/MMFeedbacks/Demos/MMFeedbacksDemo/Materials/FeedbacksDemoRed.mat using Guid(6e044c899ad224c49a365cf038dc3dd0) Importer(2089858483,192608db42251d675da83286b1cce702) (ScriptedImporter) -> (artifact id: 'a969648aff683cc2d4ab2d633fd9f7d4') in 0.0305876 seconds
Number of updated asset objects reloaded before import = 0Number of asset objects unloaded after import = 1

========================================================================
Received Import Request.
  Time since last request: 0.000056 seconds.
  path: Assets/CorgiEngine/ThirdParty/MoreMountains/MMTools/Core/MMAttributes/MMInspectorGroupAttribute.cs
  artifactKey: Guid(59a1dca0105634a4db09372297afadbf) Importer(2089858483,192608db42251d675da83286b1cce702)
Start importing Assets/CorgiEngine/ThirdParty/MoreMountains/MMTools/Core/MMAttributes/MMInspectorGroupAttribute.cs using Guid(59a1dca0105634a4db09372297afadbf) Importer(2089858483,192608db42251d675da83286b1cce702) (ScriptedImporter) -> (artifact id: '33bad705f3c3f6e31cec91c86461a5ff') in 0.0221785 seconds
Number of updated asset objects reloaded before import = 0Number of asset objects unloaded after import = 0

========================================================================
Received Import Request.
  Time since last request: 0.000096 seconds.
  path: Assets/CorgiEngine/ThirdParty/MoreMountains/MMTools/Accessories/MMPerformance/MMSpeedTest.cs
  artifactKey: Guid(0305ee4dd71cd604e95fb34a39ce09bd) Importer(2089858483,192608db42251d675da83286b1cce702)
Start importing Assets/CorgiEngine/ThirdParty/MoreMountains/MMTools/Accessories/MMPerformance/MMSpeedTest.cs using Guid(0305ee4dd71cd604e95fb34a39ce09bd) Importer(2089858483,192608db42251d675da83286b1cce702) (ScriptedImporter) -> (artifact id: '9dd6f8e4402ffe8e050cb3b5824cafb1') in 0.0265913 seconds
Number of updated asset objects reloaded before import = 0Number of asset objects unloaded after import = 0

========================================================================
Received Import Request.
  Time since last request: 0.000139 seconds.
  path: Assets/CorgiEngine/ThirdParty/MoreMountains/MMTools/Core/MMHelpers/MMShufflebag.cs
  artifactKey: Guid(695c7cc8319cf894f914eacf53e3d143) Importer(2089858483,192608db42251d675da83286b1cce702)
Start importing Assets/CorgiEngine/ThirdParty/MoreMountains/MMTools/Core/MMHelpers/MMShufflebag.cs using Guid(695c7cc8319cf894f914eacf53e3d143) Importer(2089858483,192608db42251d675da83286b1cce702) (ScriptedImporter) -> (artifact id: '5d75ec395602f9a77757fcf7fcb77015') in 0.0207814 seconds
Number of updated asset objects reloaded before import = 0Number of asset objects unloaded after import = 0

========================================================================
Received Import Request.
  Time since last request: 0.000113 seconds.
  path: Assets/CorgiEngine/ThirdParty/MoreMountains/InventoryEngine/Demos/PixelRogue/Physics/Bouncy.physicsMaterial2D
  artifactKey: Guid(be9ee1d341afc9948b626f0af1e26c42) Importer(2089858483,192608db42251d675da83286b1cce702)
Start importing Assets/CorgiEngine/ThirdParty/MoreMountains/InventoryEngine/Demos/PixelRogue/Physics/Bouncy.physicsMaterial2D using Guid(be9ee1d341afc9948b626f0af1e26c42) Importer(2089858483,192608db42251d675da83286b1cce702) (ScriptedImporter) -> (artifact id: 'bb08aa440a321b5d04cb0bfa3ec91c50') in 0.0211645 seconds
Number of updated asset objects reloaded before import = 0Number of asset objects unloaded after import = 1

========================================================================
Received Import Request.
  Time since last request: 0.000027 seconds.
  path: Assets/CorgiEngine/ThirdParty/MoreMountains/InventoryEngine/InventoryEngine/Sounds/DefaultSounds/SelectWav.wav
  artifactKey: Guid(333d9e6cd4cf4b847a94fdb0c48ca6f7) Importer(2089858483,192608db42251d675da83286b1cce702)
Start importing Assets/CorgiEngine/ThirdParty/MoreMountains/InventoryEngine/InventoryEngine/Sounds/DefaultSounds/SelectWav.wav using Guid(333d9e6cd4cf4b847a94fdb0c48ca6f7) Importer(2089858483,192608db42251d675da83286b1cce702) (ScriptedImporter) -> (artifact id: '66df0035ee0170f06a7f7448390f1c96') in 0.0798578 seconds
Number of updated asset objects reloaded before import = 0Number of asset objects unloaded after import = 1

========================================================================
Received Import Request.
  Time since last request: 0.000039 seconds.
  path: Assets/CorgiEngine/ThirdParty/MoreMountains/MMTools/Foundation/MMAnimation/MMOffsetAnimation.cs
  artifactKey: Guid(9c77c6d59898ea34989b338214db7de1) Importer(2089858483,192608db42251d675da83286b1cce702)
Start importing Assets/CorgiEngine/ThirdParty/MoreMountains/MMTools/Foundation/MMAnimation/MMOffsetAnimation.cs using Guid(9c77c6d59898ea34989b338214db7de1) Importer(2089858483,192608db42251d675da83286b1cce702) (ScriptedImporter) -> (artifact id: 'b2c0f11a11320c2a2101715ea7dda15e') in 0.0275011 seconds
Number of updated asset objects reloaded before import = 0Number of asset objects unloaded after import = 0

========================================================================
Received Import Request.
  Time since last request: 0.000052 seconds.
  path: Assets/CorgiEngine/ThirdParty/MoreMountains/MMTools/Core/MMHelpers/MMConsole.cs
  artifactKey: Guid(878e38786f84b4cb2befd22693a97a33) Importer(2089858483,192608db42251d675da83286b1cce702)
Start importing Assets/CorgiEngine/ThirdParty/MoreMountains/MMTools/Core/MMHelpers/MMConsole.cs using Guid(878e38786f84b4cb2befd22693a97a33) Importer(2089858483,192608db42251d675da83286b1cce702) (ScriptedImporter) -> (artifact id: '2a4abd4cb9089609d7d869610259fff0') in 0.0227063 seconds
Number of updated asset objects reloaded before import = 0Number of asset objects unloaded after import = 0

========================================================================
Received Import Request.
  Time since last request: 0.000110 seconds.
  path: Assets/CorgiEngine/ThirdParty/MoreMountains/MMTools/Core/MMPropertyControllers/LightController.cs
  artifactKey: Guid(c7e54a3a8f5944d43ae992cd916cedda) Importer(2089858483,192608db42251d675da83286b1cce702)
Start importing Assets/CorgiEngine/ThirdParty/MoreMountains/MMTools/Core/MMPropertyControllers/LightController.cs using Guid(c7e54a3a8f5944d43ae992cd916cedda) Importer(2089858483,192608db42251d675da83286b1cce702) (ScriptedImporter) -> (artifact id: '6ac68d03bbb64f5f9f8161c885d801ab') in 0.0214443 seconds
Number of updated asset objects reloaded before import = 0Number of asset objects unloaded after import = 0

========================================================================
Received Import Request.
  Time since last request: 0.000128 seconds.
  path: Assets/CorgiEngine/ThirdParty/MoreMountains/MMTools/Core/MMHelpers/MMTime.cs
  artifactKey: Guid(49af33803f6148b4dad64c35bf986275) Importer(2089858483,192608db42251d675da83286b1cce702)
Start importing Assets/CorgiEngine/ThirdParty/MoreMountains/MMTools/Core/MMHelpers/MMTime.cs using Guid(49af33803f6148b4dad64c35bf986275) Importer(2089858483,192608db42251d675da83286b1cce702) (ScriptedImporter) -> (artifact id: 'ccad70d7a49ab9271d4f3c8062fa7b74') in 0.024474 seconds
Number of updated asset objects reloaded before import = 0Number of asset objects unloaded after import = 0

========================================================================
Received Import Request.
  Time since last request: 0.000160 seconds.
  path: Assets/CorgiEngine/ThirdParty/MoreMountains/InventoryEngine/Demos/PixelRogue/Prefabs/Slot.prefab
  artifactKey: Guid(553acb8dc3662f04093dfc2d43de4e35) Importer(2089858483,192608db42251d675da83286b1cce702)
Start importing Assets/CorgiEngine/ThirdParty/MoreMountains/InventoryEngine/Demos/PixelRogue/Prefabs/Slot.prefab using Guid(553acb8dc3662f04093dfc2d43de4e35) Importer(2089858483,192608db42251d675da83286b1cce702) (ScriptedImporter) -> (artifact id: 'c531e298410c06844025747ca6639bc4') in 0.0883525 seconds
Number of updated asset objects reloaded before import = 0Number of asset objects unloaded after import = 23

========================================================================
Received Import Request.
  Time since last request: 0.000019 seconds.
  path: Assets/CorgiEngine/ThirdParty/MoreMountains/MMTools/Core/MMAttributes/MMBackgroundColorAttribute.cs
  artifactKey: Guid(3d940d484781c4040921ce29789b1943) Importer(2089858483,192608db42251d675da83286b1cce702)
Start importing Assets/CorgiEngine/ThirdParty/MoreMountains/MMTools/Core/MMAttributes/MMBackgroundColorAttribute.cs using Guid(3d940d484781c4040921ce29789b1943) Importer(2089858483,192608db42251d675da83286b1cce702) (ScriptedImporter) -> (artifact id: '39f355c20645e68e59a52c572fa1aef3') in 0.0211839 seconds
Number of updated asset objects reloaded before import = 0Number of asset objects unloaded after import = 0

========================================================================
Received Import Request.
  Time since last request: 0.000117 seconds.
  path: Assets/CorgiEngine/ThirdParty/MoreMountains/MMTools/Accessories/MMInstantiation/MMRandomBoundsInstantiator.cs
  artifactKey: Guid(290476dd0718b944c9de1d397bfa0f4d) Importer(2089858483,192608db42251d675da83286b1cce702)
Start importing Assets/CorgiEngine/ThirdParty/MoreMountains/MMTools/Accessories/MMInstantiation/MMRandomBoundsInstantiator.cs using Guid(290476dd0718b944c9de1d397bfa0f4d) Importer(2089858483,192608db42251d675da83286b1cce702) (ScriptedImporter) -> (artifact id: '7123cc5b8b7b1214200231dbe446a9e2') in 0.0217053 seconds
Number of updated asset objects reloaded before import = 0Number of asset objects unloaded after import = 0

========================================================================
Received Import Request.
  Time since last request: 0.000024 seconds.
  path: Assets/CorgiEngine/ThirdParty/MoreMountains/MMFeedbacks/Demos/SequencingDemo/Textures/Carpet05_rgh.png
  artifactKey: Guid(83247f4004c68e648b3143b05c601da4) Importer(2089858483,192608db42251d675da83286b1cce702)
Start importing Assets/CorgiEngine/ThirdParty/MoreMountains/MMFeedbacks/Demos/SequencingDemo/Textures/Carpet05_rgh.png using Guid(83247f4004c68e648b3143b05c601da4) Importer(2089858483,192608db42251d675da83286b1cce702) (ScriptedImporter) -> (artifact id: '514b293a9625ce1a5eb969026df1e073') in 0.0435689 seconds
Number of updated asset objects reloaded before import = 0Number of asset objects unloaded after import = 1

========================================================================
Received Import Request.
  Time since last request: 0.000081 seconds.
  path: Assets/CorgiEngine/ThirdParty/MoreMountains/MMFeedbacks/MMFeedbacks/Sequencing/Scripts/MMSoundSequencer.cs
  artifactKey: Guid(d286788c116ce6547b8144f05f2f14d2) Importer(2089858483,192608db42251d675da83286b1cce702)
Start importing Assets/CorgiEngine/ThirdParty/MoreMountains/MMFeedbacks/MMFeedbacks/Sequencing/Scripts/MMSoundSequencer.cs using Guid(d286788c116ce6547b8144f05f2f14d2) Importer(2089858483,192608db42251d675da83286b1cce702) (ScriptedImporter) -> (artifact id: 'b36624215253ffd046dbb0c229b93ab3') in 0.0235739 seconds
Number of updated asset objects reloaded before import = 0Number of asset objects unloaded after import = 0

========================================================================
Received Import Request.
  Time since last request: 0.000108 seconds.
  path: Assets/CorgiEngine/ThirdParty/MoreMountains/MMFeedbacks/MMFeedbacks/Core/MMChannels/ChannelB.asset
  artifactKey: Guid(7471a7ccb4c5bdb4e9c9d5b51f6db888) Importer(2089858483,192608db42251d675da83286b1cce702)
Start importing Assets/CorgiEngine/ThirdParty/MoreMountains/MMFeedbacks/MMFeedbacks/Core/MMChannels/ChannelB.asset using Guid(7471a7ccb4c5bdb4e9c9d5b51f6db888) Importer(2089858483,192608db42251d675da83286b1cce702) (ScriptedImporter) -> (artifact id: '1b1956d794312e5f43180fd749557729') in 0.0231477 seconds
Number of updated asset objects reloaded before import = 0Number of asset objects unloaded after import = 1

========================================================================
Received Import Request.
  Time since last request: 0.000071 seconds.
  path: Assets/CorgiEngine/ThirdParty/MoreMountains/MMFeedbacks/Demos/SequencingDemo/Textures/Fabric09_disp.png
  artifactKey: Guid(b018cf3db99072647897c9d65ecbff8b) Importer(2089858483,192608db42251d675da83286b1cce702)
Start importing Assets/CorgiEngine/ThirdParty/MoreMountains/MMFeedbacks/Demos/SequencingDemo/Textures/Fabric09_disp.png using Guid(b018cf3db99072647897c9d65ecbff8b) Importer(2089858483,192608db42251d675da83286b1cce702) (ScriptedImporter) -> (artifact id: 'c463a39bf1bfc79c6ffe796f105a16da') in 0.0537704 seconds
Number of updated asset objects reloaded before import = 0Number of asset objects unloaded after import = 1

========================================================================
Received Import Request.
  Time since last request: 0.000030 seconds.
  path: Assets/CorgiEngine/ThirdParty/MoreMountains/MMFeedbacks/Demos/SequencingDemo/SequencerDemo_Profiles/MMSequencerDemoGlobalPPP.asset
  artifactKey: Guid(07c0d76c76e70e64c82dc522636cd034) Importer(2089858483,192608db42251d675da83286b1cce702)
Start importing Assets/CorgiEngine/ThirdParty/MoreMountains/MMFeedbacks/Demos/SequencingDemo/SequencerDemo_Profiles/MMSequencerDemoGlobalPPP.asset using Guid(07c0d76c76e70e64c82dc522636cd034) Importer(2089858483,192608db42251d675da83286b1cce702) (ScriptedImporter) -> (artifact id: 'a3406d9abbce1cd2b79df1fc81b1d8bd') in 0.0250783 seconds
Number of updated asset objects reloaded before import = 0Number of asset objects unloaded after import = 8

========================================================================
Received Import Request.
  Time since last request: 0.000024 seconds.
  path: Assets/CorgiEngine/ThirdParty/MoreMountains/MMFeedbacks/MMFeedbacks/Core/MMF_Player/MMF_PlayerDebugInput.cs
  artifactKey: Guid(4474026fd06a48748b3ac7eef71e802d) Importer(2089858483,192608db42251d675da83286b1cce702)
Start importing Assets/CorgiEngine/ThirdParty/MoreMountains/MMFeedbacks/MMFeedbacks/Core/MMF_Player/MMF_PlayerDebugInput.cs using Guid(4474026fd06a48748b3ac7eef71e802d) Importer(2089858483,192608db42251d675da83286b1cce702) (ScriptedImporter) -> (artifact id: '35fa8e90ced8155607c7f871eafb88d5') in 0.0260192 seconds
Number of updated asset objects reloaded before import = 0Number of asset objects unloaded after import = 0

========================================================================
Received Import Request.
  Time since last request: 0.000082 seconds.
  path: Assets/CorgiEngine/ThirdParty/MoreMountains/MMFeedbacks/MMFeedbacks/Springs/Springs/MMSpringImageColor.cs
  artifactKey: Guid(023e5778f8d3894419aef3ebf75dc74d) Importer(2089858483,192608db42251d675da83286b1cce702)
Start importing Assets/CorgiEngine/ThirdParty/MoreMountains/MMFeedbacks/MMFeedbacks/Springs/Springs/MMSpringImageColor.cs using Guid(023e5778f8d3894419aef3ebf75dc74d) Importer(2089858483,192608db42251d675da83286b1cce702) (ScriptedImporter) -> (artifact id: '2b275a2478b96bc16b85b5ad27cb9fd6') in 0.0185156 seconds
Number of updated asset objects reloaded before import = 0Number of asset objects unloaded after import = 0

========================================================================
Received Import Request.
  Time since last request: 0.000067 seconds.
  path: Assets/CorgiEngine/ThirdParty/MoreMountains/MMFeedbacks/Demos/SequencingDemo/Textures/Metal03_met.png
  artifactKey: Guid(95cef9375c8075846ae9e896137453e6) Importer(2089858483,192608db42251d675da83286b1cce702)
Start importing Assets/CorgiEngine/ThirdParty/MoreMountains/MMFeedbacks/Demos/SequencingDemo/Textures/Metal03_met.png using Guid(95cef9375c8075846ae9e896137453e6) Importer(2089858483,192608db42251d675da83286b1cce702) (ScriptedImporter) -> (artifact id: '2d099eb6fb85295b86f060caa259495e') in 0.0539371 seconds
Number of updated asset objects reloaded before import = 0Number of asset objects unloaded after import = 1

========================================================================
Received Import Request.
  Time since last request: 0.000026 seconds.
  path: Assets/CorgiEngine/ThirdParty/MoreMountains/MMFeedbacks/Demos/SequencingDemo/Textures/Metal03_col.png
  artifactKey: Guid(27ac4d418f8c1f741b076e8d203aa642) Importer(2089858483,192608db42251d675da83286b1cce702)
Start importing Assets/CorgiEngine/ThirdParty/MoreMountains/MMFeedbacks/Demos/SequencingDemo/Textures/Metal03_col.png using Guid(27ac4d418f8c1f741b076e8d203aa642) Importer(2089858483,192608db42251d675da83286b1cce702) (ScriptedImporter) -> (artifact id: '2b81dd86c021ce0a72d1390cca984321') in 0.0583716 seconds
Number of updated asset objects reloaded before import = 0Number of asset objects unloaded after import = 1

========================================================================
Received Import Request.
  Time since last request: 0.000037 seconds.
  path: Assets/CorgiEngine/ThirdParty/MoreMountains/MMFeedbacks/Demos/SequencingDemo/Textures/Carpet10_disp.png
  artifactKey: Guid(ed5edcc2f2727d44aa28b64e2fc1e7a8) Importer(2089858483,192608db42251d675da83286b1cce702)
Start importing Assets/CorgiEngine/ThirdParty/MoreMountains/MMFeedbacks/Demos/SequencingDemo/Textures/Carpet10_disp.png using Guid(ed5edcc2f2727d44aa28b64e2fc1e7a8) Importer(2089858483,192608db42251d675da83286b1cce702) (ScriptedImporter) -> (artifact id: 'f8a9ea4d04af49918b9854a790d1f388') in 0.0541961 seconds
Number of updated asset objects reloaded before import = 0Number of asset objects unloaded after import = 1

========================================================================
Received Import Request.
  Time since last request: 0.000024 seconds.
  path: Assets/CorgiEngine/ThirdParty/MoreMountains/MMFeedbacks/MMFeedbacks/Springs/Core/MMSpringClampSettings.cs
  artifactKey: Guid(fa26be0caf703664aa4524fb89373dd1) Importer(2089858483,192608db42251d675da83286b1cce702)
Start importing Assets/CorgiEngine/ThirdParty/MoreMountains/MMFeedbacks/MMFeedbacks/Springs/Core/MMSpringClampSettings.cs using Guid(fa26be0caf703664aa4524fb89373dd1) Importer(2089858483,192608db42251d675da83286b1cce702) (ScriptedImporter) -> (artifact id: 'e864e091aab6be9525fb1810618e9a46') in 0.0272649 seconds
Number of updated asset objects reloaded before import = 0Number of asset objects unloaded after import = 0

========================================================================
Received Import Request.
  Time since last request: 0.000068 seconds.
  path: Assets/CorgiEngine/ThirdParty/MoreMountains/MMFeedbacks/Demos/SequencingDemo/Materials/SequencerTiles12.mat
  artifactKey: Guid(28f4ba3ff8cbc124d82cbe3d696ed209) Importer(2089858483,192608db42251d675da83286b1cce702)
Start importing Assets/CorgiEngine/ThirdParty/MoreMountains/MMFeedbacks/Demos/SequencingDemo/Materials/SequencerTiles12.mat using Guid(28f4ba3ff8cbc124d82cbe3d696ed209) Importer(2089858483,192608db42251d675da83286b1cce702) (ScriptedImporter) -> (artifact id: 'cf0ec03ce2ac815d75d477ed4f7d7b84') in 0.1237921 seconds
Number of updated asset objects reloaded before import = 0Number of asset objects unloaded after import = 4

========================================================================
Received Import Request.
  Time since last request: 0.000032 seconds.
  path: Assets/CorgiEngine/ThirdParty/MoreMountains/MMFeedbacks/MMFeedbacksForThirdParty/HDRP/Feedbacks/MMF_ChromaticAberration_HDRP.cs
  artifactKey: Guid(3631f6ce0e380d74295fbb1d1f9ebbb8) Importer(2089858483,192608db42251d675da83286b1cce702)
Start importing Assets/CorgiEngine/ThirdParty/MoreMountains/MMFeedbacks/MMFeedbacksForThirdParty/HDRP/Feedbacks/MMF_ChromaticAberration_HDRP.cs using Guid(3631f6ce0e380d74295fbb1d1f9ebbb8) Importer(2089858483,192608db42251d675da83286b1cce702) (ScriptedImporter) -> (artifact id: 'd7f18ccfc4dcb76ef373a8ab39948f24') in 0.0238749 seconds
Number of updated asset objects reloaded before import = 0Number of asset objects unloaded after import = 0

========================================================================
Received Import Request.
  Time since last request: 0.000036 seconds.
  path: Assets/CorgiEngine/ThirdParty/MoreMountains/MMFeedbacks/Demos/SequencingDemo/Textures/Tiles12_nrm.png
  artifactKey: Guid(fe457f6a83be24b4e864d3cf8bcef5da) Importer(2089858483,192608db42251d675da83286b1cce702)
Start importing Assets/CorgiEngine/ThirdParty/MoreMountains/MMFeedbacks/Demos/SequencingDemo/Textures/Tiles12_nrm.png using Guid(fe457f6a83be24b4e864d3cf8bcef5da) Importer(2089858483,192608db42251d675da83286b1cce702) (ScriptedImporter) -> (artifact id: '0ddec74f55e6f744a285fb83465063ef') in 0.0401915 seconds
Number of updated asset objects reloaded before import = 0Number of asset objects unloaded after import = 1

========================================================================
Received Import Request.
  Time since last request: 0.000035 seconds.
  path: Assets/CorgiEngine/ThirdParty/MoreMountains/MMFeedbacks/MMFeedbacksForThirdParty/HDRP/Feedbacks/MMF_PaniniProjection_HDRP.cs
  artifactKey: Guid(37877494ec9bebd499aa2b7ee97f204e) Importer(2089858483,192608db42251d675da83286b1cce702)
Start importing Assets/CorgiEngine/ThirdParty/MoreMountains/MMFeedbacks/MMFeedbacksForThirdParty/HDRP/Feedbacks/MMF_PaniniProjection_HDRP.cs using Guid(37877494ec9bebd499aa2b7ee97f204e) Importer(2089858483,192608db42251d675da83286b1cce702) (ScriptedImporter) -> (artifact id: '10347e6303448b7a4cc25947610fed18') in 0.0273168 seconds
Number of updated asset objects reloaded before import = 0Number of asset objects unloaded after import = 0

========================================================================
Received Import Request.
  Time since last request: 0.000107 seconds.
  path: Assets/CorgiEngine/ThirdParty/MoreMountains/MMFeedbacks/MMFeedbacks/Springs/Springs/MMSpringCameraFieldOfView.cs
  artifactKey: Guid(501b92ed18cfbdc48a6c90492e8834fc) Importer(2089858483,192608db42251d675da83286b1cce702)
Start importing Assets/CorgiEngine/ThirdParty/MoreMountains/MMFeedbacks/MMFeedbacks/Springs/Springs/MMSpringCameraFieldOfView.cs using Guid(501b92ed18cfbdc48a6c90492e8834fc) Importer(2089858483,192608db42251d675da83286b1cce702) (ScriptedImporter) -> (artifact id: 'f819e24ac58b00599e9c6869755c7d19') in 0.0249598 seconds
Number of updated asset objects reloaded before import = 0Number of asset objects unloaded after import = 0

========================================================================
Received Import Request.
  Time since last request: 0.000064 seconds.
  path: Assets/CorgiEngine/ThirdParty/MoreMountains/MMFeedbacks/Demos/SequencingDemo/Textures/Tiles69_nrm.png
  artifactKey: Guid(378a722c891e7a742a03ee57b9fa1be6) Importer(2089858483,192608db42251d675da83286b1cce702)
Start importing Assets/CorgiEngine/ThirdParty/MoreMountains/MMFeedbacks/Demos/SequencingDemo/Textures/Tiles69_nrm.png using Guid(378a722c891e7a742a03ee57b9fa1be6) Importer(2089858483,192608db42251d675da83286b1cce702) (ScriptedImporter) -> (artifact id: 'aa762c089693648b17e94b51598d22f6') in 0.0456545 seconds
Number of updated asset objects reloaded before import = 0Number of asset objects unloaded after import = 1

========================================================================
Received Import Request.
  Time since last request: 0.000077 seconds.
  path: Assets/CorgiEngine/ThirdParty/MoreMountains/MMFeedbacks/Demos/SequencingDemo/Textures/Carpet06_AO.png
  artifactKey: Guid(1ee7859e9ba2b4d4488e305a8553cdeb) Importer(2089858483,192608db42251d675da83286b1cce702)
Start importing Assets/CorgiEngine/ThirdParty/MoreMountains/MMFeedbacks/Demos/SequencingDemo/Textures/Carpet06_AO.png using Guid(1ee7859e9ba2b4d4488e305a8553cdeb) Importer(2089858483,192608db42251d675da83286b1cce702) (ScriptedImporter) -> (artifact id: 'b5d3c0fb4b791e92ce7015076a65f0dd') in 0.0561285 seconds
Number of updated asset objects reloaded before import = 0Number of asset objects unloaded after import = 1

========================================================================
Received Import Request.
  Time since last request: 0.000078 seconds.
  path: Assets/CorgiEngine/ThirdParty/MoreMountains/MMFeedbacks/MMFeedbacks/Springs/Springs/MMSpringRotation.cs
  artifactKey: Guid(77e19943fc6c12249aa90e2f613265ad) Importer(2089858483,192608db42251d675da83286b1cce702)
Start importing Assets/CorgiEngine/ThirdParty/MoreMountains/MMFeedbacks/MMFeedbacks/Springs/Springs/MMSpringRotation.cs using Guid(77e19943fc6c12249aa90e2f613265ad) Importer(2089858483,192608db42251d675da83286b1cce702) (ScriptedImporter) -> (artifact id: '15c5b8de78700695df151444e6f19ed0') in 0.0275294 seconds
Number of updated asset objects reloaded before import = 0Number of asset objects unloaded after import = 0

========================================================================
Received Import Request.
  Time since last request: 0.000088 seconds.
  path: Assets/CorgiEngine/ThirdParty/MoreMountains/MMFeedbacks/MMFeedbacks/Core/MMF_Player/MMF_PlayerEnabler.cs
  artifactKey: Guid(109f4af2c917dc74aa07733bafe2f548) Importer(2089858483,192608db42251d675da83286b1cce702)
Start importing Assets/CorgiEngine/ThirdParty/MoreMountains/MMFeedbacks/MMFeedbacks/Core/MMF_Player/MMF_PlayerEnabler.cs using Guid(109f4af2c917dc74aa07733bafe2f548) Importer(2089858483,192608db42251d675da83286b1cce702) (ScriptedImporter) -> (artifact id: '5f0fd24ddfa2e27172d6062c4ffec4ae') in 0.0219988 seconds
Number of updated asset objects reloaded before import = 0Number of asset objects unloaded after import = 0

========================================================================
Received Import Request.
  Time since last request: 0.000058 seconds.
  path: Assets/CorgiEngine/ThirdParty/MoreMountains/MMFeedbacks/Demos/SequencingDemo/Textures/Tiles60_met.png
  artifactKey: Guid(698239a48cf01994a923714e732512f7) Importer(2089858483,192608db42251d675da83286b1cce702)
Start importing Assets/CorgiEngine/ThirdParty/MoreMountains/MMFeedbacks/Demos/SequencingDemo/Textures/Tiles60_met.png using Guid(698239a48cf01994a923714e732512f7) Importer(2089858483,192608db42251d675da83286b1cce702) (ScriptedImporter) -> (artifact id: '3073259b1de861f4c8530db4b9686817') in 0.0541473 seconds
Number of updated asset objects reloaded before import = 0Number of asset objects unloaded after import = 1

========================================================================
Received Import Request.
  Time since last request: 0.000023 seconds.
  path: Assets/CorgiEngine/ThirdParty/MoreMountains/MMFeedbacks/MMFeedbacks/Springs/Springs/MMSpringTMPWordSpacing.cs
  artifactKey: Guid(45c7e7c8965a9e247b9e9b53897db43b) Importer(2089858483,192608db42251d675da83286b1cce702)
Start importing Assets/CorgiEngine/ThirdParty/MoreMountains/MMFeedbacks/MMFeedbacks/Springs/Springs/MMSpringTMPWordSpacing.cs using Guid(45c7e7c8965a9e247b9e9b53897db43b) Importer(2089858483,192608db42251d675da83286b1cce702) (ScriptedImporter) -> (artifact id: 'b032641e8567af567009047d39c9412d') in 0.02478 seconds
Number of updated asset objects reloaded before import = 0Number of asset objects unloaded after import = 0

========================================================================
Received Import Request.
  Time since last request: 0.000074 seconds.
  path: Assets/CorgiEngine/ThirdParty/MoreMountains/MMFeedbacks/MMFeedbacksForThirdParty/HDRP/Feedbacks/MMF_WhiteBalance_HDRP.cs
  artifactKey: Guid(c85a8307aa986a14d83db219ddc633da) Importer(2089858483,192608db42251d675da83286b1cce702)
Start importing Assets/CorgiEngine/ThirdParty/MoreMountains/MMFeedbacks/MMFeedbacksForThirdParty/HDRP/Feedbacks/MMF_WhiteBalance_HDRP.cs using Guid(c85a8307aa986a14d83db219ddc633da) Importer(2089858483,192608db42251d675da83286b1cce702) (ScriptedImporter) -> (artifact id: 'a23aed28f166422dbd0e8774aca90215') in 0.0261494 seconds
Number of updated asset objects reloaded before import = 0Number of asset objects unloaded after import = 0

========================================================================
Received Import Request.
  Time since last request: 0.000028 seconds.
  path: Assets/CorgiEngine/ThirdParty/MoreMountains/MMFeedbacks/Demos/SequencingDemo/Textures/Tiles65_nrm.png
  artifactKey: Guid(b5cb769873586c046b1a5cf63ef40b60) Importer(2089858483,192608db42251d675da83286b1cce702)
Start importing Assets/CorgiEngine/ThirdParty/MoreMountains/MMFeedbacks/Demos/SequencingDemo/Textures/Tiles65_nrm.png using Guid(b5cb769873586c046b1a5cf63ef40b60) Importer(2089858483,192608db42251d675da83286b1cce702) (ScriptedImporter) -> (artifact id: '03e2d33ec59fedbf2f9cf8815a234075') in 0.0394264 seconds
Number of updated asset objects reloaded before import = 0Number of asset objects unloaded after import = 1

========================================================================
Received Import Request.
  Time since last request: 0.000018 seconds.
  path: Assets/CorgiEngine/ThirdParty/MoreMountains/MMFeedbacks/Demos/SequencingDemo/Textures/Fabric09_mask1.png
  artifactKey: Guid(1901da16b3cb84c4ca3e82cf4b9debad) Importer(2089858483,192608db42251d675da83286b1cce702)
Start importing Assets/CorgiEngine/ThirdParty/MoreMountains/MMFeedbacks/Demos/SequencingDemo/Textures/Fabric09_mask1.png using Guid(1901da16b3cb84c4ca3e82cf4b9debad) Importer(2089858483,192608db42251d675da83286b1cce702) (ScriptedImporter) -> (artifact id: '9fccd6adea3c20c1eda0afb0fdf4a7f2') in 0.0583593 seconds
Number of updated asset objects reloaded before import = 0Number of asset objects unloaded after import = 1

========================================================================
Received Import Request.
  Time since last request: 0.000041 seconds.
  path: Assets/CorgiEngine/ThirdParty/MoreMountains/MMFeedbacks/MMFeedbacks/Core/MMChannels/MMChannel.cs
  artifactKey: Guid(09e29c2242d13d64480d58af86fcb50f) Importer(2089858483,192608db42251d675da83286b1cce702)
Start importing Assets/CorgiEngine/ThirdParty/MoreMountains/MMFeedbacks/MMFeedbacks/Core/MMChannels/MMChannel.cs using Guid(09e29c2242d13d64480d58af86fcb50f) Importer(2089858483,192608db42251d675da83286b1cce702) (ScriptedImporter) -> (artifact id: '93170c6bd5654c4493e6a6d33079ef9a') in 0.0210572 seconds
Number of updated asset objects reloaded before import = 0Number of asset objects unloaded after import = 0

========================================================================
Received Import Request.
  Time since last request: 0.000074 seconds.
  path: Assets/CorgiEngine/ThirdParty/MoreMountains/MMFeedbacks/Demos/MMFeedbacksDemo/Sounds/MMFeedbacksDemoSnap.wav
  artifactKey: Guid(2022dcb1a6b4a7f49ba4f9de4ef3f48e) Importer(2089858483,192608db42251d675da83286b1cce702)
Start importing Assets/CorgiEngine/ThirdParty/MoreMountains/MMFeedbacks/Demos/MMFeedbacksDemo/Sounds/MMFeedbacksDemoSnap.wav using Guid(2022dcb1a6b4a7f49ba4f9de4ef3f48e) Importer(2089858483,192608db42251d675da83286b1cce702) (ScriptedImporter) -> (artifact id: '255dda6446152ea8f674cbd59d905f2a') in 0.0810121 seconds
Number of updated asset objects reloaded before import = 0Number of asset objects unloaded after import = 1

========================================================================
Received Import Request.
  Time since last request: 0.000052 seconds.
  path: Assets/CorgiEngine/ThirdParty/MoreMountains/MMFeedbacks/Demos/SequencingDemo/Materials/SequencerTiles69.mat
  artifactKey: Guid(9b99e0d3f9ba0e747ae9e6c229f25a82) Importer(2089858483,192608db42251d675da83286b1cce702)
Start importing Assets/CorgiEngine/ThirdParty/MoreMountains/MMFeedbacks/Demos/SequencingDemo/Materials/SequencerTiles69.mat using Guid(9b99e0d3f9ba0e747ae9e6c229f25a82) Importer(2089858483,192608db42251d675da83286b1cce702) (ScriptedImporter) -> (artifact id: '972e0b1df4cd43ae3374f8a79b73af28') in 0.035288 seconds
Number of updated asset objects reloaded before import = 0Number of asset objects unloaded after import = 5

========================================================================
Received Import Request.
  Time since last request: 0.000028 seconds.
  path: Assets/CorgiEngine/ThirdParty/MoreMountains/MMFeedbacks/Demos/SequencingDemo/Textures/Tiles67_rgh.png
  artifactKey: Guid(81aaf5eefb032aa4e8dc07ad882e42f3) Importer(2089858483,192608db42251d675da83286b1cce702)
Start importing Assets/CorgiEngine/ThirdParty/MoreMountains/MMFeedbacks/Demos/SequencingDemo/Textures/Tiles67_rgh.png using Guid(81aaf5eefb032aa4e8dc07ad882e42f3) Importer(2089858483,192608db42251d675da83286b1cce702) (ScriptedImporter) -> (artifact id: '46fc7f563866338a25e5d01f3a2e507e') in 0.0382627 seconds
Number of updated asset objects reloaded before import = 0Number of asset objects unloaded after import = 1

========================================================================
Received Import Request.
  Time since last request: 0.000018 seconds.
  path: Assets/CorgiEngine/ThirdParty/MoreMountains/MMFeedbacks/Demos/SequencingDemo/Materials/SequencerMetal.mat
  artifactKey: Guid(9bef2c99fbaaba541b418740f320969d) Importer(2089858483,192608db42251d675da83286b1cce702)
Start importing Assets/CorgiEngine/ThirdParty/MoreMountains/MMFeedbacks/Demos/SequencingDemo/Materials/SequencerMetal.mat using Guid(9bef2c99fbaaba541b418740f320969d) Importer(2089858483,192608db42251d675da83286b1cce702) (ScriptedImporter) -> (artifact id: '7621d9013ed1083b2e48cd724bcea056') in 0.0342486 seconds
Number of updated asset objects reloaded before import = 0Number of asset objects unloaded after import = 4

========================================================================
Received Import Request.
  Time since last request: 0.000023 seconds.
  path: Assets/CorgiEngine/ThirdParty/MoreMountains/MMFeedbacks/Demos/SequencingDemo/Textures/Tiles65_rgh.png
  artifactKey: Guid(9809de1c8429da944ad5ec32a1422fba) Importer(2089858483,192608db42251d675da83286b1cce702)
Start importing Assets/CorgiEngine/ThirdParty/MoreMountains/MMFeedbacks/Demos/SequencingDemo/Textures/Tiles65_rgh.png using Guid(9809de1c8429da944ad5ec32a1422fba) Importer(2089858483,192608db42251d675da83286b1cce702) (ScriptedImporter) -> (artifact id: '20406792621cbb4a989ef673f50888c9') in 0.0389039 seconds
Number of updated asset objects reloaded before import = 0Number of asset objects unloaded after import = 1

========================================================================
Received Import Request.
  Time since last request: 0.000023 seconds.
  path: Assets/CorgiEngine/ThirdParty/MoreMountains/MMFeedbacks/Demos/SequencingDemo/SequencerDemo_Profiles/MMSequencerDemoMovingPPP.asset
  artifactKey: Guid(2a591d6cae1533b45bfbbe06de11f40c) Importer(2089858483,192608db42251d675da83286b1cce702)
Start importing Assets/CorgiEngine/ThirdParty/MoreMountains/MMFeedbacks/Demos/SequencingDemo/SequencerDemo_Profiles/MMSequencerDemoMovingPPP.asset using Guid(2a591d6cae1533b45bfbbe06de11f40c) Importer(2089858483,192608db42251d675da83286b1cce702) (ScriptedImporter) -> (artifact id: '37f9326f19831c5acb556c513c53d38d') in 0.029713 seconds
Number of updated asset objects reloaded before import = 0Number of asset objects unloaded after import = 3

========================================================================
Received Import Request.
  Time since last request: 0.000120 seconds.
  path: Assets/CorgiEngine/ThirdParty/MoreMountains/MMFeedbacks/MMFeedbacks/Springs/Springs/MMSpringTextureScale.cs
  artifactKey: Guid(d6234e4f3a210834b84433feac1a602d) Importer(2089858483,192608db42251d675da83286b1cce702)
Start importing Assets/CorgiEngine/ThirdParty/MoreMountains/MMFeedbacks/MMFeedbacks/Springs/Springs/MMSpringTextureScale.cs using Guid(d6234e4f3a210834b84433feac1a602d) Importer(2089858483,192608db42251d675da83286b1cce702) (ScriptedImporter) -> (artifact id: '98dfdc0904d28eaf5af07bc8ce3c6f5c') in 0.0195873 seconds
Number of updated asset objects reloaded before import = 0Number of asset objects unloaded after import = 0

========================================================================
Received Import Request.
  Time since last request: 0.000102 seconds.
  path: Assets/CorgiEngine/ThirdParty/MoreMountains/MMFeedbacks/MMFeedbacks/Springs/Springs/MMSpringTMPLineSpacing.cs
  artifactKey: Guid(38a2b9ccac643d24393293543ef5d825) Importer(2089858483,192608db42251d675da83286b1cce702)
Start importing Assets/CorgiEngine/ThirdParty/MoreMountains/MMFeedbacks/MMFeedbacks/Springs/Springs/MMSpringTMPLineSpacing.cs using Guid(38a2b9ccac643d24393293543ef5d825) Importer(2089858483,192608db42251d675da83286b1cce702) (ScriptedImporter) -> (artifact id: '82b20f135e68258e965a8ad5fa90469e') in 0.0266982 seconds
Number of updated asset objects reloaded before import = 0Number of asset objects unloaded after import = 0

========================================================================
Received Import Request.
  Time since last request: 0.000165 seconds.
  path: Assets/CorgiEngine/ThirdParty/MoreMountains/MMFeedbacks/Demos/SequencingDemo/Textures/Tiles12_rgh.png
  artifactKey: Guid(bab3fe9fa1463de45989e98dbd99b341) Importer(2089858483,192608db42251d675da83286b1cce702)
Start importing Assets/CorgiEngine/ThirdParty/MoreMountains/MMFeedbacks/Demos/SequencingDemo/Textures/Tiles12_rgh.png using Guid(bab3fe9fa1463de45989e98dbd99b341) Importer(2089858483,192608db42251d675da83286b1cce702) (ScriptedImporter) -> (artifact id: '7caa9f24a63224997b8b485899b17c34') in 0.0396562 seconds
Number of updated asset objects reloaded before import = 0Number of asset objects unloaded after import = 1

========================================================================
Received Import Request.
  Time since last request: 0.000019 seconds.
  path: Assets/CorgiEngine/ThirdParty/MoreMountains/MMFeedbacks/Editor/Core/UIToolkit/MMF_PlayerEditorUITKStyleSheet_Foldouts.uss
  artifactKey: Guid(9bb3dab26afe5274597af318a1c3592c) Importer(2089858483,192608db42251d675da83286b1cce702)
Start importing Assets/CorgiEngine/ThirdParty/MoreMountains/MMFeedbacks/Editor/Core/UIToolkit/MMF_PlayerEditorUITKStyleSheet_Foldouts.uss using Guid(9bb3dab26afe5274597af318a1c3592c) Importer(2089858483,192608db42251d675da83286b1cce702) (ScriptedImporter) -> (artifact id: '635f86867c5e1b5a94a5605525b54dbb') in 0.0389544 seconds
Number of updated asset objects reloaded before import = 0Number of asset objects unloaded after import = 1

========================================================================
Received Import Request.
  Time since last request: 0.000038 seconds.
  path: Assets/CorgiEngine/ThirdParty/MoreMountains/MMFeedbacks/MMFeedbacks/Springs/Springs/MMSpringTMPTextColor.cs
  artifactKey: Guid(c305c1f0b1c3f8e448d224c11baaaf9f) Importer(2089858483,192608db42251d675da83286b1cce702)
Start importing Assets/CorgiEngine/ThirdParty/MoreMountains/MMFeedbacks/MMFeedbacks/Springs/Springs/MMSpringTMPTextColor.cs using Guid(c305c1f0b1c3f8e448d224c11baaaf9f) Importer(2089858483,192608db42251d675da83286b1cce702) (ScriptedImporter) -> (artifact id: 'f5221b1008d1dec5641d230f7db6e027') in 0.0232119 seconds
Number of updated asset objects reloaded before import = 0Number of asset objects unloaded after import = 0

========================================================================
Received Import Request.
  Time since last request: 0.000053 seconds.
  path: Assets/CorgiEngine/ThirdParty/MoreMountains/MMFeedbacks/MMFeedbacks/Springs/Springs/MMSpringSpriteColor.cs
  artifactKey: Guid(b8671651c483f78429d998c7d9f5827f) Importer(2089858483,192608db42251d675da83286b1cce702)
Start importing Assets/CorgiEngine/ThirdParty/MoreMountains/MMFeedbacks/MMFeedbacks/Springs/Springs/MMSpringSpriteColor.cs using Guid(b8671651c483f78429d998c7d9f5827f) Importer(2089858483,192608db42251d675da83286b1cce702) (ScriptedImporter) -> (artifact id: '6ed620f2e99765609b6dd7a43d9dee01') in 0.021942 seconds
Number of updated asset objects reloaded before import = 0Number of asset objects unloaded after import = 0

========================================================================
Received Import Request.
  Time since last request: 0.000089 seconds.
  path: Assets/CorgiEngine/ThirdParty/MoreMountains/MMFeedbacks/Demos/SequencingDemo/Sounds/MMSequencingClick.wav
  artifactKey: Guid(8378807d371fc264f9628946390df8d1) Importer(2089858483,192608db42251d675da83286b1cce702)
Start importing Assets/CorgiEngine/ThirdParty/MoreMountains/MMFeedbacks/Demos/SequencingDemo/Sounds/MMSequencingClick.wav using Guid(8378807d371fc264f9628946390df8d1) Importer(2089858483,192608db42251d675da83286b1cce702) (ScriptedImporter) -> (artifact id: '18b3f0fe1c4a597b40dbb51d7b8538a6') in 0.0815738 seconds
Number of updated asset objects reloaded before import = 0Number of asset objects unloaded after import = 1

========================================================================
Received Import Request.
  Time since last request: 0.000076 seconds.
  path: Assets/CorgiEngine/ThirdParty/MoreMountains/MMFeedbacks/Demos/MMFeedbacksDemo/Textures/FeedbacksDemo1px.png
  artifactKey: Guid(a9fd44c7daf773c489b86519d261b198) Importer(2089858483,192608db42251d675da83286b1cce702)
Start importing Assets/CorgiEngine/ThirdParty/MoreMountains/MMFeedbacks/Demos/MMFeedbacksDemo/Textures/FeedbacksDemo1px.png using Guid(a9fd44c7daf773c489b86519d261b198) Importer(2089858483,192608db42251d675da83286b1cce702) (ScriptedImporter) -> (artifact id: 'd57367f6116d3f796266c503248d6c13') in 0.0529562 seconds
Number of updated asset objects reloaded before import = 0Number of asset objects unloaded after import = 3

========================================================================
Received Import Request.
  Time since last request: 0.000023 seconds.
  path: Assets/CorgiEngine/ThirdParty/MoreMountains/MMFeedbacks/MMFeedbacksForThirdParty/HDRP/Feedbacks/MMF_ColorAdjustments_HDRP.cs
  artifactKey: Guid(0e5152d83c531f540987d09bea4675bb) Importer(2089858483,192608db42251d675da83286b1cce702)
Start importing Assets/CorgiEngine/ThirdParty/MoreMountains/MMFeedbacks/MMFeedbacksForThirdParty/HDRP/Feedbacks/MMF_ColorAdjustments_HDRP.cs using Guid(0e5152d83c531f540987d09bea4675bb) Importer(2089858483,192608db42251d675da83286b1cce702) (ScriptedImporter) -> (artifact id: 'a8d7e429fb400a579cc584b5ec99aede') in 0.0235578 seconds
Number of updated asset objects reloaded before import = 0Number of asset objects unloaded after import = 0

========================================================================
Received Import Request.
  Time since last request: 0.000051 seconds.
  path: Assets/CorgiEngine/ThirdParty/MoreMountains/MMFeedbacks/MMFeedbacksForThirdParty/Cinemachine/Shakers/MMCinemachineFieldOfViewShaker.cs
  artifactKey: Guid(d68394ff0deaba948873307b5fe5a801) Importer(2089858483,192608db42251d675da83286b1cce702)
Start importing Assets/CorgiEngine/ThirdParty/MoreMountains/MMFeedbacks/MMFeedbacksForThirdParty/Cinemachine/Shakers/MMCinemachineFieldOfViewShaker.cs using Guid(d68394ff0deaba948873307b5fe5a801) Importer(2089858483,192608db42251d675da83286b1cce702) (ScriptedImporter) -> (artifact id: '0590e8616db7cea11dacc945e77f9575') in 0.0231398 seconds
Number of updated asset objects reloaded before import = 0Number of asset objects unloaded after import = 0

========================================================================
Received Import Request.
  Time since last request: 0.000078 seconds.
  path: Assets/CorgiEngine/ThirdParty/MoreMountains/MMFeedbacks/Demos/SequencingDemo/Textures/Facade02_emi.png
  artifactKey: Guid(e94aeab608be8764faed1b8a9595228f) Importer(2089858483,192608db42251d675da83286b1cce702)
Start importing Assets/CorgiEngine/ThirdParty/MoreMountains/MMFeedbacks/Demos/SequencingDemo/Textures/Facade02_emi.png using Guid(e94aeab608be8764faed1b8a9595228f) Importer(2089858483,192608db42251d675da83286b1cce702) (ScriptedImporter) -> (artifact id: 'b9845af258859be7a327b0c44f698566') in 0.0421306 seconds
Number of updated asset objects reloaded before import = 0Number of asset objects unloaded after import = 1

========================================================================
Received Import Request.
  Time since last request: 0.000023 seconds.
  path: Assets/CorgiEngine/ThirdParty/MoreMountains/MMFeedbacks/Demos/SequencingDemo/Materials/SequencerFabric06.mat
  artifactKey: Guid(ae6a11d25d0cb2b48aa36d9176875dce) Importer(2089858483,192608db42251d675da83286b1cce702)
Start importing Assets/CorgiEngine/ThirdParty/MoreMountains/MMFeedbacks/Demos/SequencingDemo/Materials/SequencerFabric06.mat using Guid(ae6a11d25d0cb2b48aa36d9176875dce) Importer(2089858483,192608db42251d675da83286b1cce702) (ScriptedImporter) -> (artifact id: 'b49c57116486fd0f2f07f29942d7f2e4') in 0.0494905 seconds
Number of updated asset objects reloaded before import = 0Number of asset objects unloaded after import = 4

========================================================================
Received Import Request.
  Time since last request: 0.000025 seconds.
  path: Assets/CorgiEngine/ThirdParty/MoreMountains/MMTools/Accessories/MMTilemaps/MMTilemapCleaner.cs
  artifactKey: Guid(158241bba510d154b9d2e7d7ab8d4fd7) Importer(2089858483,192608db42251d675da83286b1cce702)
Start importing Assets/CorgiEngine/ThirdParty/MoreMountains/MMTools/Accessories/MMTilemaps/MMTilemapCleaner.cs using Guid(158241bba510d154b9d2e7d7ab8d4fd7) Importer(2089858483,192608db42251d675da83286b1cce702) (ScriptedImporter) -> (artifact id: 'e76469ca47f824214697b261ae00e301') in 0.0238095 seconds
Number of updated asset objects reloaded before import = 0Number of asset objects unloaded after import = 0

========================================================================
Received Import Request.
  Time since last request: 0.000253 seconds.
  path: Assets/CorgiEngine/ThirdParty/MoreMountains/MMTools/Accessories/MMShaders/MMWorldspace.shader
  artifactKey: Guid(93b39336c7407ba4cb17a6d77dfa9605) Importer(2089858483,192608db42251d675da83286b1cce702)
Start importing Assets/CorgiEngine/ThirdParty/MoreMountains/MMTools/Accessories/MMShaders/MMWorldspace.shader using Guid(93b39336c7407ba4cb17a6d77dfa9605) Importer(2089858483,192608db42251d675da83286b1cce702) (ScriptedImporter) -> (artifact id: 'df3b6fab85b116f6b17c74e1e060f5f0') in 0.0290861 seconds
Number of updated asset objects reloaded before import = 0Number of asset objects unloaded after import = 1

========================================================================
Received Import Request.
  Time since last request: 0.000024 seconds.
  path: Assets/CorgiEngine/ThirdParty/MoreMountains/MMFeedbacks/Demos/SequencingDemo/Textures/Tiles31_rgh.png
  artifactKey: Guid(130738348661b614a91b65ab8a83e0d4) Importer(2089858483,192608db42251d675da83286b1cce702)
Start importing Assets/CorgiEngine/ThirdParty/MoreMountains/MMFeedbacks/Demos/SequencingDemo/Textures/Tiles31_rgh.png using Guid(130738348661b614a91b65ab8a83e0d4) Importer(2089858483,192608db42251d675da83286b1cce702) (ScriptedImporter) -> (artifact id: 'ee2869551090ed5993c885fe2bd13ae2') in 0.0507972 seconds
Number of updated asset objects reloaded before import = 0Number of asset objects unloaded after import = 1

========================================================================
Received Import Request.
  Time since last request: 0.000028 seconds.
  path: Assets/CorgiEngine/ThirdParty/MoreMountains/MMTools/Core/MMExtensions/MMColorExtensions.cs
  artifactKey: Guid(9ea7a938d4b9d584db335667287955f2) Importer(2089858483,192608db42251d675da83286b1cce702)
Start importing Assets/CorgiEngine/ThirdParty/MoreMountains/MMTools/Core/MMExtensions/MMColorExtensions.cs using Guid(9ea7a938d4b9d584db335667287955f2) Importer(2089858483,192608db42251d675da83286b1cce702) (ScriptedImporter) -> (artifact id: '91e797a31c04d5d201c53c91bb12726a') in 0.0255095 seconds
Number of updated asset objects reloaded before import = 0Number of asset objects unloaded after import = 0

========================================================================
Received Import Request.
  Time since last request: 0.000077 seconds.
  path: Assets/CorgiEngine/ThirdParty/MoreMountains/MMFeedbacks/MMFeedbacksForThirdParty/PostProcessing/Resources/MMDefaultPostProcessingProfile.asset
  artifactKey: Guid(c1bea42a5942a4c09a3ecd393f6054aa) Importer(2089858483,192608db42251d675da83286b1cce702)
Start importing Assets/CorgiEngine/ThirdParty/MoreMountains/MMFeedbacks/MMFeedbacksForThirdParty/PostProcessing/Resources/MMDefaultPostProcessingProfile.asset using Guid(c1bea42a5942a4c09a3ecd393f6054aa) Importer(2089858483,192608db42251d675da83286b1cce702) (ScriptedImporter) -> (artifact id: '280fc0649348fd2242fafc0ad6f674ee') in 0.0316402 seconds
Number of updated asset objects reloaded before import = 0Number of asset objects unloaded after import = 1

========================================================================
Received Import Request.
  Time since last request: 0.000053 seconds.
  path: Assets/CorgiEngine/ThirdParty/MoreMountains/MMFeedbacks/MMFeedbacksForThirdParty/HDRP/Shakers/MMFilmGrainShaker_HDRP.cs
  artifactKey: Guid(d2f88b719c3eddc45be16396a493f8d8) Importer(2089858483,192608db42251d675da83286b1cce702)
Start importing Assets/CorgiEngine/ThirdParty/MoreMountains/MMFeedbacks/MMFeedbacksForThirdParty/HDRP/Shakers/MMFilmGrainShaker_HDRP.cs using Guid(d2f88b719c3eddc45be16396a493f8d8) Importer(2089858483,192608db42251d675da83286b1cce702) (ScriptedImporter) -> (artifact id: '3d0172b72bdf0e14490ea3d64f3d1790') in 0.0298389 seconds
Number of updated asset objects reloaded before import = 0Number of asset objects unloaded after import = 0

========================================================================
Received Import Request.
  Time since last request: 0.000085 seconds.
  path: Assets/CorgiEngine/ThirdParty/MoreMountains/MMFeedbacks/MMFeedbacksForThirdParty/MMTools/Feedbacks/MMF_MMSoundManagerSoundFade.cs
  artifactKey: Guid(14c18eda2751dd04ba846546118f8d97) Importer(2089858483,192608db42251d675da83286b1cce702)
Start importing Assets/CorgiEngine/ThirdParty/MoreMountains/MMFeedbacks/MMFeedbacksForThirdParty/MMTools/Feedbacks/MMF_MMSoundManagerSoundFade.cs using Guid(14c18eda2751dd04ba846546118f8d97) Importer(2089858483,192608db42251d675da83286b1cce702) (ScriptedImporter) -> (artifact id: 'de082ca8ede7ca5acf29a8f442e89aae') in 0.0229621 seconds
Number of updated asset objects reloaded before import = 0Number of asset objects unloaded after import = 0

========================================================================
Received Import Request.
  Time since last request: 0.000085 seconds.
  path: Assets/CorgiEngine/ThirdParty/MoreMountains/MMFeedbacks/MMFeedbacksForThirdParty/TextMeshPro/Feedbacks/MMF_TMPDilate.cs
  artifactKey: Guid(ce42aabd176ab5e4d8ba2a0dc416e78e) Importer(2089858483,192608db42251d675da83286b1cce702)
Start importing Assets/CorgiEngine/ThirdParty/MoreMountains/MMFeedbacks/MMFeedbacksForThirdParty/TextMeshPro/Feedbacks/MMF_TMPDilate.cs using Guid(ce42aabd176ab5e4d8ba2a0dc416e78e) Importer(2089858483,192608db42251d675da83286b1cce702) (ScriptedImporter) -> (artifact id: '7a41269e7472af9357a02ebe1e202526') in 0.0284136 seconds
Number of updated asset objects reloaded before import = 0Number of asset objects unloaded after import = 0

========================================================================
Received Import Request.
  Time since last request: 0.000033 seconds.
  path: Assets/CorgiEngine/ThirdParty/MoreMountains/MMFeedbacks/MMFeedbacksForThirdParty/URP/Feedbacks/MMF_ChannelMixer_URP.cs
  artifactKey: Guid(91ee58105ec38c84b905bd3f290dd6b6) Importer(2089858483,192608db42251d675da83286b1cce702)
Start importing Assets/CorgiEngine/ThirdParty/MoreMountains/MMFeedbacks/MMFeedbacksForThirdParty/URP/Feedbacks/MMF_ChannelMixer_URP.cs using Guid(91ee58105ec38c84b905bd3f290dd6b6) Importer(2089858483,192608db42251d675da83286b1cce702) (ScriptedImporter) -> (artifact id: '2b51852c0dccbd20a52a49473179e5a8') in 0.0240939 seconds
Number of updated asset objects reloaded before import = 0Number of asset objects unloaded after import = 0

========================================================================
Received Import Request.
  Time since last request: 0.000047 seconds.
  path: Assets/CorgiEngine/ThirdParty/MoreMountains/MMFeedbacks/MMFeedbacksForThirdParty/UIToolkit/Base/MMF_UIToolkitFloatBase.cs
  artifactKey: Guid(889e935e9689c09488cc64807a889d5e) Importer(2089858483,192608db42251d675da83286b1cce702)
Start importing Assets/CorgiEngine/ThirdParty/MoreMountains/MMFeedbacks/MMFeedbacksForThirdParty/UIToolkit/Base/MMF_UIToolkitFloatBase.cs using Guid(889e935e9689c09488cc64807a889d5e) Importer(2089858483,192608db42251d675da83286b1cce702) (ScriptedImporter) -> (artifact id: '659ce31f361f2942a1649e90eb5aee78') in 0.0260423 seconds
Number of updated asset objects reloaded before import = 0Number of asset objects unloaded after import = 0

========================================================================
Received Import Request.
  Time since last request: 0.000024 seconds.
  path: Assets/CorgiEngine/ThirdParty/MoreMountains/MMFeedbacks/MMFeedbacksForThirdParty/MMTools/Feedbacks/MMF_ShaderController.cs
  artifactKey: Guid(09758e9809f18be4db32f0059b184095) Importer(2089858483,192608db42251d675da83286b1cce702)
Start importing Assets/CorgiEngine/ThirdParty/MoreMountains/MMFeedbacks/MMFeedbacksForThirdParty/MMTools/Feedbacks/MMF_ShaderController.cs using Guid(09758e9809f18be4db32f0059b184095) Importer(2089858483,192608db42251d675da83286b1cce702) (ScriptedImporter) -> (artifact id: '280e8c05ed9063468988b00d418d2f57') in 0.0295182 seconds
Number of updated asset objects reloaded before import = 0Number of asset objects unloaded after import = 0

========================================================================
Received Import Request.
  Time since last request: 0.000027 seconds.
  path: Assets/CorgiEngine/ThirdParty/MoreMountains/MMFeedbacks/MMFeedbacksForThirdParty/HDRP/Springs/MMSpringColorAdjustmentsHueShift_HDRP.cs
  artifactKey: Guid(f2e66687d665f8a4bb4d00f4b8ca3d1a) Importer(2089858483,192608db42251d675da83286b1cce702)
Start importing Assets/CorgiEngine/ThirdParty/MoreMountains/MMFeedbacks/MMFeedbacksForThirdParty/HDRP/Springs/MMSpringColorAdjustmentsHueShift_HDRP.cs using Guid(f2e66687d665f8a4bb4d00f4b8ca3d1a) Importer(2089858483,192608db42251d675da83286b1cce702) (ScriptedImporter) -> (artifact id: '691a769178adee50e530b7cc0310c678') in 0.0211353 seconds
Number of updated asset objects reloaded before import = 0Number of asset objects unloaded after import = 0

========================================================================
Received Import Request.
  Time since last request: 0.000100 seconds.
  path: Assets/CorgiEngine/ThirdParty/MoreMountains/MMFeedbacks/MMFeedbacksForThirdParty/HDRP/Shakers/MMPaniniProjectionShaker_HDRP.cs
  artifactKey: Guid(00b9fc554bc35094d9e423683c81474e) Importer(2089858483,192608db42251d675da83286b1cce702)
Start importing Assets/CorgiEngine/ThirdParty/MoreMountains/MMFeedbacks/MMFeedbacksForThirdParty/HDRP/Shakers/MMPaniniProjectionShaker_HDRP.cs using Guid(00b9fc554bc35094d9e423683c81474e) Importer(2089858483,192608db42251d675da83286b1cce702) (ScriptedImporter) -> (artifact id: '4cbf9715161efd293fc383d92af7c6b7') in 0.0222655 seconds
Number of updated asset objects reloaded before import = 0Number of asset objects unloaded after import = 0

========================================================================
Received Import Request.
  Time since last request: 0.000101 seconds.
  path: Assets/CorgiEngine/ThirdParty/MoreMountains/MMFeedbacks/MMFeedbacksForThirdParty/TextMeshPro/Feedbacks/MMF_TMPFontSize.cs
  artifactKey: Guid(0fffa36c603d1bd4ea253a17e4d17757) Importer(2089858483,192608db42251d675da83286b1cce702)
Start importing Assets/CorgiEngine/ThirdParty/MoreMountains/MMFeedbacks/MMFeedbacksForThirdParty/TextMeshPro/Feedbacks/MMF_TMPFontSize.cs using Guid(0fffa36c603d1bd4ea253a17e4d17757) Importer(2089858483,192608db42251d675da83286b1cce702) (ScriptedImporter) -> (artifact id: '80e8b3ed42d0b597427909db8e53ada5') in 0.0281517 seconds
Number of updated asset objects reloaded before import = 0Number of asset objects unloaded after import = 0

========================================================================
Received Import Request.
  Time since last request: 0.000068 seconds.
  path: Assets/CorgiEngine/ThirdParty/MoreMountains/MMFeedbacks/MMFeedbacksForThirdParty/UIToolkit/Feedbacks/MMF_UIToolkitScale.cs
  artifactKey: Guid(ff1bc0ee84c11704b9fdeae5c51f6a76) Importer(2089858483,192608db42251d675da83286b1cce702)
Start importing Assets/CorgiEngine/ThirdParty/MoreMountains/MMFeedbacks/MMFeedbacksForThirdParty/UIToolkit/Feedbacks/MMF_UIToolkitScale.cs using Guid(ff1bc0ee84c11704b9fdeae5c51f6a76) Importer(2089858483,192608db42251d675da83286b1cce702) (ScriptedImporter) -> (artifact id: '81d75dcd25c85ffe3d976630cfe4b399') in 0.023576 seconds
Number of updated asset objects reloaded before import = 0Number of asset objects unloaded after import = 0

========================================================================
Received Import Request.
  Time since last request: 0.000094 seconds.
  path: Assets/CorgiEngine/ThirdParty/MoreMountains/MMFeedbacks/MMFeedbacksForThirdParty/HDRP/Shakers/MMChannelMixerShaker_HDRP.cs
  artifactKey: Guid(33e96efc928fc8848b7698b3703f9f02) Importer(2089858483,192608db42251d675da83286b1cce702)
Start importing Assets/CorgiEngine/ThirdParty/MoreMountains/MMFeedbacks/MMFeedbacksForThirdParty/HDRP/Shakers/MMChannelMixerShaker_HDRP.cs using Guid(33e96efc928fc8848b7698b3703f9f02) Importer(2089858483,192608db42251d675da83286b1cce702) (ScriptedImporter) -> (artifact id: '6bab8da3b9d054ce8b6f8a8d67d58cf8') in 0.0227707 seconds
Number of updated asset objects reloaded before import = 0Number of asset objects unloaded after import = 0

========================================================================
Received Import Request.
  Time since last request: 0.000079 seconds.
  path: Assets/CorgiEngine/ThirdParty/MoreMountains/MMFeedbacks/MMFeedbacksForThirdParty/MMTools/Feedbacks/MMF_MMSoundManagerAllSoundsControl.cs
  artifactKey: Guid(f641f9c946f40f346b424ed65100be88) Importer(2089858483,192608db42251d675da83286b1cce702)
Start importing Assets/CorgiEngine/ThirdParty/MoreMountains/MMFeedbacks/MMFeedbacksForThirdParty/MMTools/Feedbacks/MMF_MMSoundManagerAllSoundsControl.cs using Guid(f641f9c946f40f346b424ed65100be88) Importer(2089858483,192608db42251d675da83286b1cce702) (ScriptedImporter) -> (artifact id: 'e7fb99d233616025cb873e00100a2f8c') in 0.0249596 seconds
Number of updated asset objects reloaded before import = 0Number of asset objects unloaded after import = 0

========================================================================
Received Import Request.
  Time since last request: 0.000058 seconds.
  path: Assets/CorgiEngine/ThirdParty/MoreMountains/MMFeedbacks/MMFeedbacksForThirdParty/HDRP/Springs/MMSpringVignetteColor_HDRP.cs
  artifactKey: Guid(15ea18286341f8e4aa898fb1b8eb2cfa) Importer(2089858483,192608db42251d675da83286b1cce702)
Start importing Assets/CorgiEngine/ThirdParty/MoreMountains/MMFeedbacks/MMFeedbacksForThirdParty/HDRP/Springs/MMSpringVignetteColor_HDRP.cs using Guid(15ea18286341f8e4aa898fb1b8eb2cfa) Importer(2089858483,192608db42251d675da83286b1cce702) (ScriptedImporter) -> (artifact id: '10ff9cbf5e4881e5f6dfd23e625ea647') in 0.0252831 seconds
Number of updated asset objects reloaded before import = 0Number of asset objects unloaded after import = 0

========================================================================
Received Import Request.
  Time since last request: 0.000034 seconds.
  path: Assets/CorgiEngine/ThirdParty/MoreMountains/MMFeedbacks/MMFeedbacksForThirdParty/URP/Springs/MMSpringMotionBlurIntensity_URP.cs
  artifactKey: Guid(5412ea97eaefefa4fa53519f330cfaad) Importer(2089858483,192608db42251d675da83286b1cce702)
Start importing Assets/CorgiEngine/ThirdParty/MoreMountains/MMFeedbacks/MMFeedbacksForThirdParty/URP/Springs/MMSpringMotionBlurIntensity_URP.cs using Guid(5412ea97eaefefa4fa53519f330cfaad) Importer(2089858483,192608db42251d675da83286b1cce702) (ScriptedImporter) -> (artifact id: 'fdf34ec89fd668446742d311e09d5a04') in 0.0220098 seconds
Number of updated asset objects reloaded before import = 0Number of asset objects unloaded after import = 0

========================================================================
Received Import Request.
  Time since last request: 0.000081 seconds.
  path: Assets/CorgiEngine/ThirdParty/MoreMountains/MMFeedbacks/MMFeedbacksForThirdParty/TextMeshPro/Feedbacks/MMF_TMPWordSpacing.cs
  artifactKey: Guid(bfe04c61ac8739b4eb65938198bcc344) Importer(2089858483,192608db42251d675da83286b1cce702)
Start importing Assets/CorgiEngine/ThirdParty/MoreMountains/MMFeedbacks/MMFeedbacksForThirdParty/TextMeshPro/Feedbacks/MMF_TMPWordSpacing.cs using Guid(bfe04c61ac8739b4eb65938198bcc344) Importer(2089858483,192608db42251d675da83286b1cce702) (ScriptedImporter) -> (artifact id: '244d27f9b693e07c24e4abf7dba5ce11') in 0.0233149 seconds
Number of updated asset objects reloaded before import = 0Number of asset objects unloaded after import = 0

========================================================================
Received Import Request.
  Time since last request: 0.000103 seconds.
  path: Assets/CorgiEngine/ThirdParty/MoreMountains/MMFeedbacks/MMFeedbacksForThirdParty/UIToolkit/Feedbacks/MMF_UIToolkitFontSize.cs
  artifactKey: Guid(755aedfb494d0004cacdb9dddcb170b0) Importer(2089858483,192608db42251d675da83286b1cce702)
Start importing Assets/CorgiEngine/ThirdParty/MoreMountains/MMFeedbacks/MMFeedbacksForThirdParty/UIToolkit/Feedbacks/MMF_UIToolkitFontSize.cs using Guid(755aedfb494d0004cacdb9dddcb170b0) Importer(2089858483,192608db42251d675da83286b1cce702) (ScriptedImporter) -> (artifact id: 'ba24ee8bbf4ad70acfafbeecf09a4187') in 0.0246686 seconds
Number of updated asset objects reloaded before import = 0Number of asset objects unloaded after import = 0

========================================================================
Received Import Request.
  Time since last request: 0.000078 seconds.
  path: Assets/CorgiEngine/ThirdParty/MoreMountains/MMFeedbacks/MMFeedbacksForThirdParty/PostProcessing/Shakers/MMVignetteShaker.cs
  artifactKey: Guid(81cf12de3b3c98d489779a3382046725) Importer(2089858483,192608db42251d675da83286b1cce702)
Start importing Assets/CorgiEngine/ThirdParty/MoreMountains/MMFeedbacks/MMFeedbacksForThirdParty/PostProcessing/Shakers/MMVignetteShaker.cs using Guid(81cf12de3b3c98d489779a3382046725) Importer(2089858483,192608db42251d675da83286b1cce702) (ScriptedImporter) -> (artifact id: '2bcb95fd78d38ff192bf88ec116f6f45') in 0.021938 seconds
Number of updated asset objects reloaded before import = 0Number of asset objects unloaded after import = 0

========================================================================
Received Import Request.
  Time since last request: 0.000101 seconds.
  path: Assets/CorgiEngine/ThirdParty/MoreMountains/MMFeedbacks/MMFeedbacksForThirdParty/MMTools/Feedbacks/MMF_RadioSignal.cs
  artifactKey: Guid(d01c21882f8c03844831b4d587f470b6) Importer(2089858483,192608db42251d675da83286b1cce702)
Start importing Assets/CorgiEngine/ThirdParty/MoreMountains/MMFeedbacks/MMFeedbacksForThirdParty/MMTools/Feedbacks/MMF_RadioSignal.cs using Guid(d01c21882f8c03844831b4d587f470b6) Importer(2089858483,192608db42251d675da83286b1cce702) (ScriptedImporter) -> (artifact id: 'c0dee732365eaad61e8e8d8a1f12c7d0') in 0.0240094 seconds
Number of updated asset objects reloaded before import = 0Number of asset objects unloaded after import = 0

========================================================================
Received Import Request.
  Time since last request: 0.000106 seconds.
  path: Assets/CorgiEngine/ThirdParty/MoreMountains/MMFeedbacks/MMFeedbacksForThirdParty/MMTools/Feedbacks/MMF_CanvasGroup.cs
  artifactKey: Guid(0bcfac83087655f42bcb7a42d7d02f05) Importer(2089858483,192608db42251d675da83286b1cce702)
Start importing Assets/CorgiEngine/ThirdParty/MoreMountains/MMFeedbacks/MMFeedbacksForThirdParty/MMTools/Feedbacks/MMF_CanvasGroup.cs using Guid(0bcfac83087655f42bcb7a42d7d02f05) Importer(2089858483,192608db42251d675da83286b1cce702) (ScriptedImporter) -> (artifact id: '89ed608159024020ecca9bfa29d43633') in 0.0275575 seconds
Number of updated asset objects reloaded before import = 0Number of asset objects unloaded after import = 0

========================================================================
Received Import Request.
  Time since last request: 0.000050 seconds.
  path: Assets/CorgiEngine/ThirdParty/MoreMountains/MMFeedbacks/MMFeedbacksForThirdParty/HDRP/Springs/MMSpringWhiteBalanceTemperature_HDRP.cs
  artifactKey: Guid(0516121ec1782264898972570320fbc9) Importer(2089858483,192608db42251d675da83286b1cce702)
Start importing Assets/CorgiEngine/ThirdParty/MoreMountains/MMFeedbacks/MMFeedbacksForThirdParty/HDRP/Springs/MMSpringWhiteBalanceTemperature_HDRP.cs using Guid(0516121ec1782264898972570320fbc9) Importer(2089858483,192608db42251d675da83286b1cce702) (ScriptedImporter) -> (artifact id: '11a4c9f4790d6c67ba996962b69c0271') in 0.0239132 seconds
Number of updated asset objects reloaded before import = 0Number of asset objects unloaded after import = 0

========================================================================
Received Import Request.
  Time since last request: 0.000127 seconds.
  path: Assets/CorgiEngine/ThirdParty/MoreMountains/MMFeedbacks/MMFeedbacksForThirdParty/URP/Springs/MMSpringChromaticAberrationIntensity_URP.cs
  artifactKey: Guid(8b91ce6d480b92e488d567b5558e559e) Importer(2089858483,192608db42251d675da83286b1cce702)
Start importing Assets/CorgiEngine/ThirdParty/MoreMountains/MMFeedbacks/MMFeedbacksForThirdParty/URP/Springs/MMSpringChromaticAberrationIntensity_URP.cs using Guid(8b91ce6d480b92e488d567b5558e559e) Importer(2089858483,192608db42251d675da83286b1cce702) (ScriptedImporter) -> (artifact id: 'e182134b49c2d7dcbd510decf43a8727') in 0.0241011 seconds
Number of updated asset objects reloaded before import = 0Number of asset objects unloaded after import = 0

========================================================================
Received Import Request.
  Time since last request: 0.000037 seconds.
  path: Assets/CorgiEngine/ThirdParty/MoreMountains/MMFeedbacks/MMFeedbacksForThirdParty/UIToolkit/Feedbacks/MMF_UIToolkitTextColor.cs
  artifactKey: Guid(413dbb3ab27b9eb40a8bc94473c0565c) Importer(2089858483,192608db42251d675da83286b1cce702)
Start importing Assets/CorgiEngine/ThirdParty/MoreMountains/MMFeedbacks/MMFeedbacksForThirdParty/UIToolkit/Feedbacks/MMF_UIToolkitTextColor.cs using Guid(413dbb3ab27b9eb40a8bc94473c0565c) Importer(2089858483,192608db42251d675da83286b1cce702) (ScriptedImporter) -> (artifact id: 'affe2102807a42153352ba1cb0ee69fa') in 0.0298031 seconds
Number of updated asset objects reloaded before import = 0Number of asset objects unloaded after import = 0

========================================================================
Received Import Request.
  Time since last request: 0.000065 seconds.
  path: Assets/CorgiEngine/ThirdParty/MoreMountains/MMFeedbacks/MMFeedbacksForThirdParty/URP/Shakers/MMPaniniProjectionShaker_URP.cs
  artifactKey: Guid(d6fe51abeddc2b844abf21fdba23b947) Importer(2089858483,192608db42251d675da83286b1cce702)
Start importing Assets/CorgiEngine/ThirdParty/MoreMountains/MMFeedbacks/MMFeedbacksForThirdParty/URP/Shakers/MMPaniniProjectionShaker_URP.cs using Guid(d6fe51abeddc2b844abf21fdba23b947) Importer(2089858483,192608db42251d675da83286b1cce702) (ScriptedImporter) -> (artifact id: '0e061239a39c142b9f3785dcb428bcf6') in 0.0227993 seconds
Number of updated asset objects reloaded before import = 0Number of asset objects unloaded after import = 0

========================================================================
Received Import Request.
  Time since last request: 0.000127 seconds.
  path: Assets/CorgiEngine/ThirdParty/MoreMountains/MMFeedbacks/MMFeedbacksForThirdParty/PostProcessing/Springs/MMSpringDepthOfFieldFocusDistance.cs
  artifactKey: Guid(df7eb734a87468a40a9194761576a513) Importer(2089858483,192608db42251d675da83286b1cce702)
Start importing Assets/CorgiEngine/ThirdParty/MoreMountains/MMFeedbacks/MMFeedbacksForThirdParty/PostProcessing/Springs/MMSpringDepthOfFieldFocusDistance.cs using Guid(df7eb734a87468a40a9194761576a513) Importer(2089858483,192608db42251d675da83286b1cce702) (ScriptedImporter) -> (artifact id: 'e16f5700f5bc31d0cd5571de1379e16a') in 0.027733 seconds
Number of updated asset objects reloaded before import = 0Number of asset objects unloaded after import = 0

========================================================================
Received Import Request.
  Time since last request: 0.000070 seconds.
  path: Assets/CorgiEngine/ThirdParty/MoreMountains/MMFeedbacks/MMFeedbacksForThirdParty/PostProcessing/Springs/MMSpringMotionBlurShutterAngle.cs
  artifactKey: Guid(24ee678719e0c084eae35248ed08c192) Importer(2089858483,192608db42251d675da83286b1cce702)
Start importing Assets/CorgiEngine/ThirdParty/MoreMountains/MMFeedbacks/MMFeedbacksForThirdParty/PostProcessing/Springs/MMSpringMotionBlurShutterAngle.cs using Guid(24ee678719e0c084eae35248ed08c192) Importer(2089858483,192608db42251d675da83286b1cce702) (ScriptedImporter) -> (artifact id: '52631dac5b1372c8b3eb4cb5f48dbe60') in 0.0271522 seconds
Number of updated asset objects reloaded before import = 0Number of asset objects unloaded after import = 0

========================================================================
Received Import Request.
  Time since last request: 0.000076 seconds.
  path: Assets/CorgiEngine/ThirdParty/MoreMountains/MMFeedbacks/MMFeedbacksForThirdParty/MMTools/Feedbacks/MMF_Broadcast.cs
  artifactKey: Guid(f92a3f5abd60c5e41b92ebf0add536a1) Importer(2089858483,192608db42251d675da83286b1cce702)
Start importing Assets/CorgiEngine/ThirdParty/MoreMountains/MMFeedbacks/MMFeedbacksForThirdParty/MMTools/Feedbacks/MMF_Broadcast.cs using Guid(f92a3f5abd60c5e41b92ebf0add536a1) Importer(2089858483,192608db42251d675da83286b1cce702) (ScriptedImporter) -> (artifact id: 'd22eca6fadb5851dead0ef0ebe3a2404') in 0.0214223 seconds
Number of updated asset objects reloaded before import = 0Number of asset objects unloaded after import = 0

========================================================================
Received Import Request.
  Time since last request: 0.000038 seconds.
  path: Assets/CorgiEngine/ThirdParty/MoreMountains/MMFeedbacks/MMFeedbacksForThirdParty/HDRP/Springs/MMSpringColorAdjustmentsSaturation_HDRP.cs
  artifactKey: Guid(c0c6834fc909cbf439bdf1d669ef2958) Importer(2089858483,192608db42251d675da83286b1cce702)
Start importing Assets/CorgiEngine/ThirdParty/MoreMountains/MMFeedbacks/MMFeedbacksForThirdParty/HDRP/Springs/MMSpringColorAdjustmentsSaturation_HDRP.cs using Guid(c0c6834fc909cbf439bdf1d669ef2958) Importer(2089858483,192608db42251d675da83286b1cce702) (ScriptedImporter) -> (artifact id: '17bebba0be3424a0de5ca74907f51df6') in 0.0248962 seconds
Number of updated asset objects reloaded before import = 0Number of asset objects unloaded after import = 0

========================================================================
Received Import Request.
  Time since last request: 0.000082 seconds.
  path: Assets/CorgiEngine/ThirdParty/MoreMountains/MMFeedbacks/MMFeedbacksForThirdParty/TextMeshPro/Feedbacks/MMF_TMPParagraphSpacing.cs
  artifactKey: Guid(0be258710b59b254097822aef1c6820e) Importer(2089858483,192608db42251d675da83286b1cce702)
Start importing Assets/CorgiEngine/ThirdParty/MoreMountains/MMFeedbacks/MMFeedbacksForThirdParty/TextMeshPro/Feedbacks/MMF_TMPParagraphSpacing.cs using Guid(0be258710b59b254097822aef1c6820e) Importer(2089858483,192608db42251d675da83286b1cce702) (ScriptedImporter) -> (artifact id: '6914a2643abb8a0a088e06279a67a5eb') in 0.0282695 seconds
Number of updated asset objects reloaded before import = 0Number of asset objects unloaded after import = 0

========================================================================
Received Import Request.
  Time since last request: 0.000096 seconds.
  path: Assets/CorgiEngine/ThirdParty/MoreMountains/MMFeedbacks/MMFeedbacksForThirdParty/MMTools/Feedbacks/MMF_MMSoundManagerTrackControl.cs
  artifactKey: Guid(f5c2406e2726fb2418de78aecddaefbe) Importer(2089858483,192608db42251d675da83286b1cce702)
Start importing Assets/CorgiEngine/ThirdParty/MoreMountains/MMFeedbacks/MMFeedbacksForThirdParty/MMTools/Feedbacks/MMF_MMSoundManagerTrackControl.cs using Guid(f5c2406e2726fb2418de78aecddaefbe) Importer(2089858483,192608db42251d675da83286b1cce702) (ScriptedImporter) -> (artifact id: '8027bbe43c37ffa4c0f94ffa6864e568') in 0.023694 seconds
Number of updated asset objects reloaded before import = 0Number of asset objects unloaded after import = 0

========================================================================
Received Import Request.
  Time since last request: 0.000030 seconds.
  path: Assets/CorgiEngine/ThirdParty/MoreMountains/MMFeedbacks/MMFeedbacksForThirdParty/MMTools/Shakers/MMPostProcessingMovingFilter.cs
  artifactKey: Guid(6acbf0a8faacbb342ad72339d38c5a4d) Importer(2089858483,192608db42251d675da83286b1cce702)
Start importing Assets/CorgiEngine/ThirdParty/MoreMountains/MMFeedbacks/MMFeedbacksForThirdParty/MMTools/Shakers/MMPostProcessingMovingFilter.cs using Guid(6acbf0a8faacbb342ad72339d38c5a4d) Importer(2089858483,192608db42251d675da83286b1cce702) (ScriptedImporter) -> (artifact id: '76aa9373be5a14b2f19320216f9f36c7') in 0.0241531 seconds
Number of updated asset objects reloaded before import = 0Number of asset objects unloaded after import = 0

========================================================================
Received Import Request.
  Time since last request: 0.000052 seconds.
  path: Assets/CorgiEngine/ThirdParty/MoreMountains/MMFeedbacks/MMFeedbacksForThirdParty/UIToolkit/Feedbacks/MMF_UIToolkitRotate.cs
  artifactKey: Guid(8e1c231ece781884ba12b20110efeb03) Importer(2089858483,192608db42251d675da83286b1cce702)
Start importing Assets/CorgiEngine/ThirdParty/MoreMountains/MMFeedbacks/MMFeedbacksForThirdParty/UIToolkit/Feedbacks/MMF_UIToolkitRotate.cs using Guid(8e1c231ece781884ba12b20110efeb03) Importer(2089858483,192608db42251d675da83286b1cce702) (ScriptedImporter) -> (artifact id: 'a8ca659cf770eee848d56634b3ec1891') in 0.0256497 seconds
Number of updated asset objects reloaded before import = 0Number of asset objects unloaded after import = 0

========================================================================
Received Import Request.
  Time since last request: 0.000110 seconds.
  path: Assets/CorgiEngine/ThirdParty/MoreMountains/MMFeedbacks/MMFeedbacksForThirdParty/UIToolkit/Feedbacks/MMF_UIToolkitOpacity.cs
  artifactKey: Guid(10a07c80400c0ab45a2f60fcda5d5013) Importer(2089858483,192608db42251d675da83286b1cce702)
Start importing Assets/CorgiEngine/ThirdParty/MoreMountains/MMFeedbacks/MMFeedbacksForThirdParty/UIToolkit/Feedbacks/MMF_UIToolkitOpacity.cs using Guid(10a07c80400c0ab45a2f60fcda5d5013) Importer(2089858483,192608db42251d675da83286b1cce702) (ScriptedImporter) -> (artifact id: '46c15db58e3188ba4bd38587d46d5470') in 0.02196 seconds
Number of updated asset objects reloaded before import = 0Number of asset objects unloaded after import = 0

========================================================================
Received Import Request.
  Time since last request: 0.000048 seconds.
  path: Assets/CorgiEngine/ThirdParty/MoreMountains/MMFeedbacks/MMFeedbacksForThirdParty/PostProcessing/Resources/MMDefaultPostProcessingVolume.prefab
  artifactKey: Guid(948e90df3bdde44068685e4ebecfcc25) Importer(2089858483,192608db42251d675da83286b1cce702)
Start importing Assets/CorgiEngine/ThirdParty/MoreMountains/MMFeedbacks/MMFeedbacksForThirdParty/PostProcessing/Resources/MMDefaultPostProcessingVolume.prefab using Guid(948e90df3bdde44068685e4ebecfcc25) Importer(2089858483,192608db42251d675da83286b1cce702) (ScriptedImporter) -> (artifact id: '4a5408f45b4194efc137bb499debf3b7') in 0.0326429 seconds
Number of updated asset objects reloaded before import = 0Number of asset objects unloaded after import = 6

========================================================================
Received Import Request.
  Time since last request: 0.000034 seconds.
  path: Assets/CorgiEngine/ThirdParty/MoreMountains/InventoryEngine/InventoryEngine/Scripts/GUI/InventoryCounterDisplay.cs
  artifactKey: Guid(13f80461df19c054f94eb78823a8d046) Importer(2089858483,192608db42251d675da83286b1cce702)
Start importing Assets/CorgiEngine/ThirdParty/MoreMountains/InventoryEngine/InventoryEngine/Scripts/GUI/InventoryCounterDisplay.cs using Guid(13f80461df19c054f94eb78823a8d046) Importer(2089858483,192608db42251d675da83286b1cce702) (ScriptedImporter) -> (artifact id: 'bda702a328035f9327acd13b442b7cc6') in 0.0274891 seconds
Number of updated asset objects reloaded before import = 0Number of asset objects unloaded after import = 0

========================================================================
Received Import Request.
  Time since last request: 0.000088 seconds.
  path: Assets/CorgiEngine/ThirdParty/MoreMountains/MMFeedbacks/Demos/MMFeedbacksDemo/Animations/FeedbackGhostAnimation.anim
  artifactKey: Guid(1b93837beedb1a6488f0d094070bba41) Importer(2089858483,192608db42251d675da83286b1cce702)
Start importing Assets/CorgiEngine/ThirdParty/MoreMountains/MMFeedbacks/Demos/MMFeedbacksDemo/Animations/FeedbackGhostAnimation.anim using Guid(1b93837beedb1a6488f0d094070bba41) Importer(2089858483,192608db42251d675da83286b1cce702) (ScriptedImporter) -> (artifact id: 'dca5ed6690b191c3e2bdcd3c68f8d07d') in 0.0404781 seconds
Number of updated asset objects reloaded before import = 0Number of asset objects unloaded after import = 1

========================================================================
Received Import Request.
  Time since last request: 0.000060 seconds.
  path: Assets/CorgiEngine/ThirdParty/MoreMountains/MMFeedbacks/Editor/Core/UIToolkit/MMF_FeedbackPropertyDrawerUITK.cs
  artifactKey: Guid(886d805cbd686b046b8707c00676d919) Importer(2089858483,192608db42251d675da83286b1cce702)
Start importing Assets/CorgiEngine/ThirdParty/MoreMountains/MMFeedbacks/Editor/Core/UIToolkit/MMF_FeedbackPropertyDrawerUITK.cs using Guid(886d805cbd686b046b8707c00676d919) Importer(2089858483,192608db42251d675da83286b1cce702) (ScriptedImporter) -> (artifact id: '0246ac51202ce84ccfe5a8f600b1a53e') in 0.0263709 seconds
Number of updated asset objects reloaded before import = 0Number of asset objects unloaded after import = 0

========================================================================
Received Import Request.
  Time since last request: 0.000105 seconds.
  path: Assets/CorgiEngine/ThirdParty/MoreMountains/MMTools/Core/MMExtensions/MMRendererExtensions.cs
  artifactKey: Guid(5e41d6cfe6c233c40a2bf4ddc63a71dc) Importer(2089858483,192608db42251d675da83286b1cce702)
Start importing Assets/CorgiEngine/ThirdParty/MoreMountains/MMTools/Core/MMExtensions/MMRendererExtensions.cs using Guid(5e41d6cfe6c233c40a2bf4ddc63a71dc) Importer(2089858483,192608db42251d675da83286b1cce702) (ScriptedImporter) -> (artifact id: '5996beab72144568cbf77ba4933f6569') in 0.0218339 seconds
Number of updated asset objects reloaded before import = 0Number of asset objects unloaded after import = 0

========================================================================
Received Import Request.
  Time since last request: 0.000074 seconds.
  path: Assets/CorgiEngine/Demos/Corgi2D/Spine/NativeSpineCorgi/ExportedFromSpine/space-corgi_Controller.controller
  artifactKey: Guid(af8c3b81d6b37504db3e78e27b387870) Importer(2089858483,192608db42251d675da83286b1cce702)
Start importing Assets/CorgiEngine/Demos/Corgi2D/Spine/NativeSpineCorgi/ExportedFromSpine/space-corgi_Controller.controller using Guid(af8c3b81d6b37504db3e78e27b387870) Importer(2089858483,192608db42251d675da83286b1cce702) (ScriptedImporter) -> (artifact id: '1a443b90365ea12bbcce92a85cf9ae5b') in 0.090095 seconds
Number of updated asset objects reloaded before import = 0Number of asset objects unloaded after import = 40

========================================================================
Received Import Request.
  Time since last request: 0.000023 seconds.
  path: Assets/CorgiEngine/ThirdParty/MoreMountains/MMFeedbacks/MMFeedbacksForThirdParty/URP/Springs/MMSpringColorAdjustmentsContrast_URP.cs
  artifactKey: Guid(81b13cdaf196f864186817b183b55f91) Importer(2089858483,192608db42251d675da83286b1cce702)
Start importing Assets/CorgiEngine/ThirdParty/MoreMountains/MMFeedbacks/MMFeedbacksForThirdParty/URP/Springs/MMSpringColorAdjustmentsContrast_URP.cs using Guid(81b13cdaf196f864186817b183b55f91) Importer(2089858483,192608db42251d675da83286b1cce702) (ScriptedImporter) -> (artifact id: '056f9d8ac8c012618785c498fa1638d2') in 0.0232408 seconds
Number of updated asset objects reloaded before import = 0Number of asset objects unloaded after import = 0

========================================================================
Received Import Request.
  Time since last request: 0.000058 seconds.
  path: Assets/CorgiEngine/ThirdParty/MoreMountains/MMFeedbacks/MMFeedbacksForThirdParty/Cinemachine/Resources/MM_6D_Shake.asset
  artifactKey: Guid(bcf6524ce6451f34cb7106d0c00da9a5) Importer(2089858483,192608db42251d675da83286b1cce702)
Start importing Assets/CorgiEngine/ThirdParty/MoreMountains/MMFeedbacks/MMFeedbacksForThirdParty/Cinemachine/Resources/MM_6D_Shake.asset using Guid(bcf6524ce6451f34cb7106d0c00da9a5) Importer(2089858483,192608db42251d675da83286b1cce702) (ScriptedImporter) -> (artifact id: '256f2f0b3a785734d0e01a9c9dce6ad1') in 0.0286388 seconds
Number of updated asset objects reloaded before import = 0Number of asset objects unloaded after import = 1

========================================================================
Received Import Request.
  Time since last request: 0.000024 seconds.
  path: Assets/CorgiEngine/ThirdParty/MoreMountains/MMFeedbacks/MMFeedbacks/Shakers/MMFeedbacksShaker.cs
  artifactKey: Guid(bf25723e7c003d74399d0f62f1098637) Importer(2089858483,192608db42251d675da83286b1cce702)
Start importing Assets/CorgiEngine/ThirdParty/MoreMountains/MMFeedbacks/MMFeedbacks/Shakers/MMFeedbacksShaker.cs using Guid(bf25723e7c003d74399d0f62f1098637) Importer(2089858483,192608db42251d675da83286b1cce702) (ScriptedImporter) -> (artifact id: '604ae33758bca33b8980a1accbc34c84') in 0.0247002 seconds
Number of updated asset objects reloaded before import = 0Number of asset objects unloaded after import = 0

========================================================================
Received Import Request.
  Time since last request: 0.000121 seconds.
  path: Assets/CorgiEngine/ThirdParty/MoreMountains/MMFeedbacks/MMFeedbacks/Feedbacks/MMF_Particles.cs
  artifactKey: Guid(917c0ac4eae5a1242b4e00cc4381eba1) Importer(2089858483,192608db42251d675da83286b1cce702)
Start importing Assets/CorgiEngine/ThirdParty/MoreMountains/MMFeedbacks/MMFeedbacks/Feedbacks/MMF_Particles.cs using Guid(917c0ac4eae5a1242b4e00cc4381eba1) Importer(2089858483,192608db42251d675da83286b1cce702) (ScriptedImporter) -> (artifact id: '78f09b3cc66555ad1af981496695c359') in 0.0228646 seconds
Number of updated asset objects reloaded before import = 0Number of asset objects unloaded after import = 0

========================================================================
Received Import Request.
  Time since last request: 0.000053 seconds.
  path: Assets/CorgiEngine/ThirdParty/MoreMountains/MMFeedbacks/MMFeedbacksForThirdParty/URP/Feedbacks/MMF_DepthOfField_URP.cs
  artifactKey: Guid(951e153e1b6cbb442865fac50d3ea0db) Importer(2089858483,192608db42251d675da83286b1cce702)
Start importing Assets/CorgiEngine/ThirdParty/MoreMountains/MMFeedbacks/MMFeedbacksForThirdParty/URP/Feedbacks/MMF_DepthOfField_URP.cs using Guid(951e153e1b6cbb442865fac50d3ea0db) Importer(2089858483,192608db42251d675da83286b1cce702) (ScriptedImporter) -> (artifact id: '9d038935ee2f755f7fe9c6af7750e426') in 0.0267302 seconds
Number of updated asset objects reloaded before import = 0Number of asset objects unloaded after import = 0

========================================================================
Received Import Request.
  Time since last request: 0.000036 seconds.
  path: Assets/CorgiEngine/ThirdParty/MoreMountains/MMFeedbacks/MMFeedbacksForThirdParty/URP/Helpers/MMURPHelpers.cs
  artifactKey: Guid(4e0304051f9f8464c9fe5ca7e5103140) Importer(2089858483,192608db42251d675da83286b1cce702)
Start importing Assets/CorgiEngine/ThirdParty/MoreMountains/MMFeedbacks/MMFeedbacksForThirdParty/URP/Helpers/MMURPHelpers.cs using Guid(4e0304051f9f8464c9fe5ca7e5103140) Importer(2089858483,192608db42251d675da83286b1cce702) (ScriptedImporter) -> (artifact id: 'a71dfbc401f41f5e7375d8758077eeca') in 0.0206413 seconds
Number of updated asset objects reloaded before import = 0Number of asset objects unloaded after import = 0

========================================================================
Received Import Request.
  Time since last request: 0.000106 seconds.
  path: Assets/CorgiEngine/ThirdParty/MoreMountains/MMInterface/Common/Sounds/BeepShort.wav
  artifactKey: Guid(630bd3b73d3fea34c94c7794b0b7bb2c) Importer(2089858483,192608db42251d675da83286b1cce702)
Start importing Assets/CorgiEngine/ThirdParty/MoreMountains/MMInterface/Common/Sounds/BeepShort.wav using Guid(630bd3b73d3fea34c94c7794b0b7bb2c) Importer(2089858483,192608db42251d675da83286b1cce702) (ScriptedImporter) -> (artifact id: 'b9b4b3e031e775c697480e9dc22d1caa') in 0.0787701 seconds
Number of updated asset objects reloaded before import = 0Number of asset objects unloaded after import = 1

========================================================================
Received Import Request.
  Time since last request: 0.000050 seconds.
  path: Assets/CorgiEngine/ThirdParty/MoreMountains/InventoryEngine/InventoryEngine/Sounds/DefaultSounds/DropWav.wav
  artifactKey: Guid(d4938d6649c83134b98eae3d7f42922e) Importer(2089858483,192608db42251d675da83286b1cce702)
Start importing Assets/CorgiEngine/ThirdParty/MoreMountains/InventoryEngine/InventoryEngine/Sounds/DefaultSounds/DropWav.wav using Guid(d4938d6649c83134b98eae3d7f42922e) Importer(2089858483,192608db42251d675da83286b1cce702) (ScriptedImporter) -> (artifact id: '75317335859a834963cc78d08ae235cb') in 0.1013597 seconds
Number of updated asset objects reloaded before import = 0Number of asset objects unloaded after import = 1

========================================================================
Received Import Request.
  Time since last request: 0.000036 seconds.
  path: Assets/CorgiEngine/ThirdParty/MoreMountains/MMFeedbacks/Editor/Core/UIToolkit/FeelEmptyList.png
  artifactKey: Guid(e305d4ff6fcb66148a89b78f93cc03fa) Importer(2089858483,192608db42251d675da83286b1cce702)
Start importing Assets/CorgiEngine/ThirdParty/MoreMountains/MMFeedbacks/Editor/Core/UIToolkit/FeelEmptyList.png using Guid(e305d4ff6fcb66148a89b78f93cc03fa) Importer(2089858483,192608db42251d675da83286b1cce702) (ScriptedImporter) -> (artifact id: '5b6c4743b135c5ad343a5210603e72fc') in 0.0468524 seconds
Number of updated asset objects reloaded before import = 0Number of asset objects unloaded after import = 3

========================================================================
Received Import Request.
  Time since last request: 0.000030 seconds.
  path: Assets/CorgiEngine/ThirdParty/MoreMountains/MMFeedbacks/Demos/MMFeedbacksDemo/Scripts/MMFDependencyInstaller.cs
  artifactKey: Guid(f486667260dbdcb4cadd460c2fd25885) Importer(2089858483,192608db42251d675da83286b1cce702)
Start importing Assets/CorgiEngine/ThirdParty/MoreMountains/MMFeedbacks/Demos/MMFeedbacksDemo/Scripts/MMFDependencyInstaller.cs using Guid(f486667260dbdcb4cadd460c2fd25885) Importer(2089858483,192608db42251d675da83286b1cce702) (ScriptedImporter) -> (artifact id: 'dd880925894bbd75915ab94f1011e265') in 0.0258982 seconds
Number of updated asset objects reloaded before import = 0Number of asset objects unloaded after import = 0

========================================================================
Received Import Request.
  Time since last request: 0.000035 seconds.
  path: Assets/CorgiEngine/ThirdParty/MoreMountains/MMTools/Accessories/MMGUI/MMRadialProgressBar.cs
  artifactKey: Guid(6875477705097214296780853d481a87) Importer(2089858483,192608db42251d675da83286b1cce702)
Start importing Assets/CorgiEngine/ThirdParty/MoreMountains/MMTools/Accessories/MMGUI/MMRadialProgressBar.cs using Guid(6875477705097214296780853d481a87) Importer(2089858483,192608db42251d675da83286b1cce702) (ScriptedImporter) -> (artifact id: '3d65da51888bc59f7d714e24c78f2e03') in 0.0292024 seconds
Number of updated asset objects reloaded before import = 0Number of asset objects unloaded after import = 0

========================================================================
Received Import Request.
  Time since last request: 0.000163 seconds.
  path: Assets/CorgiEngine/ThirdParty/MoreMountains/MMFeedbacks/Demos/SequencingDemo/DemoSequences/FeedbacksSequence.asset
  artifactKey: Guid(bafc49ff570e80444831b61dc9e4513e) Importer(2089858483,192608db42251d675da83286b1cce702)
Start importing Assets/CorgiEngine/ThirdParty/MoreMountains/MMFeedbacks/Demos/SequencingDemo/DemoSequences/FeedbacksSequence.asset using Guid(bafc49ff570e80444831b61dc9e4513e) Importer(2089858483,192608db42251d675da83286b1cce702) (ScriptedImporter) -> (artifact id: 'c9f4f37aefda60bd4354cf15280d72ce') in 0.0284906 seconds
Number of updated asset objects reloaded before import = 0Number of asset objects unloaded after import = 1

========================================================================
Received Import Request.
  Time since last request: 0.000172 seconds.
  path: Assets/CorgiEngine/ThirdParty/MoreMountains/MMTools/Core/MMRadio/MMRadioReceiver.cs
  artifactKey: Guid(83dcb4ea8c2204a43adf98a01a3bc0d1) Importer(2089858483,192608db42251d675da83286b1cce702)
Start importing Assets/CorgiEngine/ThirdParty/MoreMountains/MMTools/Core/MMRadio/MMRadioReceiver.cs using Guid(83dcb4ea8c2204a43adf98a01a3bc0d1) Importer(2089858483,192608db42251d675da83286b1cce702) (ScriptedImporter) -> (artifact id: '1e683e0a5c81290fb9339ab22a3fbabe') in 0.0212985 seconds
Number of updated asset objects reloaded before import = 0Number of asset objects unloaded after import = 0

========================================================================
Received Import Request.
  Time since last request: 0.000080 seconds.
  path: Assets/CorgiEngine/ThirdParty/MoreMountains/MMTools/Accessories/MMShaders/MMUINoAlpha.shader
  artifactKey: Guid(f67990759854d1e4aa64a3821734dcd8) Importer(2089858483,192608db42251d675da83286b1cce702)
Start importing Assets/CorgiEngine/ThirdParty/MoreMountains/MMTools/Accessories/MMShaders/MMUINoAlpha.shader using Guid(f67990759854d1e4aa64a3821734dcd8) Importer(2089858483,192608db42251d675da83286b1cce702) (ScriptedImporter) -> (artifact id: '6a097b0fffd932b1ecf1a1af7c8b656d') in 0.0243411 seconds
Number of updated asset objects reloaded before import = 0Number of asset objects unloaded after import = 1

========================================================================
Received Import Request.
  Time since last request: 0.000067 seconds.
  path: Assets/CorgiEngine/ThirdParty/MoreMountains/MMInterface/Styles/Mini/Prefabs/Popup.prefab
  artifactKey: Guid(1a62412187bfee544a86a47774cdee34) Importer(2089858483,192608db42251d675da83286b1cce702)
Start importing Assets/CorgiEngine/ThirdParty/MoreMountains/MMInterface/Styles/Mini/Prefabs/Popup.prefab using Guid(1a62412187bfee544a86a47774cdee34) Importer(2089858483,192608db42251d675da83286b1cce702) (ScriptedImporter) -> (artifact id: '5659891d8df9015a72fad33f741503cb') in 0.0645886 seconds
Number of updated asset objects reloaded before import = 0Number of asset objects unloaded after import = 108

========================================================================
Received Import Request.
  Time since last request: 0.000027 seconds.
  path: Assets/CorgiEngine/ThirdParty/MoreMountains/MMTools/Accessories/MMVFX/MMNoise/MMWhiteNoise.png
  artifactKey: Guid(f3b13b1ebf6e39d4ca1ce4ac83706896) Importer(2089858483,192608db42251d675da83286b1cce702)
Start importing Assets/CorgiEngine/ThirdParty/MoreMountains/MMTools/Accessories/MMVFX/MMNoise/MMWhiteNoise.png using Guid(f3b13b1ebf6e39d4ca1ce4ac83706896) Importer(2089858483,192608db42251d675da83286b1cce702) (ScriptedImporter) -> (artifact id: '4a852c13c8a19124a9201369c94588f1') in 0.0620092 seconds
Number of updated asset objects reloaded before import = 0Number of asset objects unloaded after import = 1

========================================================================
Received Import Request.
  Time since last request: 0.000045 seconds.
  path: Assets/CorgiEngine/ThirdParty/MoreMountains/MMInterface/Common/Animations/Switch/Idle.anim
  artifactKey: Guid(2c509ee552e357f41ba78633977a927e) Importer(2089858483,192608db42251d675da83286b1cce702)
Start importing Assets/CorgiEngine/ThirdParty/MoreMountains/MMInterface/Common/Animations/Switch/Idle.anim using Guid(2c509ee552e357f41ba78633977a927e) Importer(2089858483,192608db42251d675da83286b1cce702) (ScriptedImporter) -> (artifact id: '115f219f71f237a4402272efdd7b7c13') in 0.0265894 seconds
Number of updated asset objects reloaded before import = 0Number of asset objects unloaded after import = 1

========================================================================
Received Import Request.
  Time since last request: 0.000037 seconds.
  path: Assets/CorgiEngine/ThirdParty/MoreMountains/MMInterface/Styles/Mini/Prefabs/TextTitle.prefab
  artifactKey: Guid(3cd8618a612eaaf4fa46e96866d54350) Importer(2089858483,192608db42251d675da83286b1cce702)
Start importing Assets/CorgiEngine/ThirdParty/MoreMountains/MMInterface/Styles/Mini/Prefabs/TextTitle.prefab using Guid(3cd8618a612eaaf4fa46e96866d54350) Importer(2089858483,192608db42251d675da83286b1cce702) (ScriptedImporter) -> (artifact id: 'ba28c5a85c8507c60b1c3ca6be640c72') in 0.0487173 seconds
Number of updated asset objects reloaded before import = 0Number of asset objects unloaded after import = 9

========================================================================
Received Import Request.
  Time since last request: 0.000031 seconds.
  path: Assets/CorgiEngine/ThirdParty/MoreMountains/MMTools/Accessories/Editor/MMUtilities/ManagerIconEditor.cs
  artifactKey: Guid(22acaeb1b9f9e4fbbb6486133e649e67) Importer(2089858483,192608db42251d675da83286b1cce702)
Start importing Assets/CorgiEngine/ThirdParty/MoreMountains/MMTools/Accessories/Editor/MMUtilities/ManagerIconEditor.cs using Guid(22acaeb1b9f9e4fbbb6486133e649e67) Importer(2089858483,192608db42251d675da83286b1cce702) (ScriptedImporter) -> (artifact id: 'fb07d06dbcb4de3a2994fe5d78583a22') in 0.0247361 seconds
Number of updated asset objects reloaded before import = 0Number of asset objects unloaded after import = 0

========================================================================
Received Import Request.
  Time since last request: 0.000041 seconds.
  path: Assets/CorgiEngine/ThirdParty/MoreMountains/MMTools/Accessories/MMDebugMenu/Prefabs/MMDebugMenuSpacerBig.prefab
  artifactKey: Guid(f72e7b8c96262ed4d976576afafd53b0) Importer(2089858483,192608db42251d675da83286b1cce702)
Start importing Assets/CorgiEngine/ThirdParty/MoreMountains/MMTools/Accessories/MMDebugMenu/Prefabs/MMDebugMenuSpacerBig.prefab using Guid(f72e7b8c96262ed4d976576afafd53b0) Importer(2089858483,192608db42251d675da83286b1cce702) (ScriptedImporter) -> (artifact id: 'fdada640fe98c657f166038dec61c9a7') in 0.0460488 seconds
Number of updated asset objects reloaded before import = 0Number of asset objects unloaded after import = 6

========================================================================
Received Import Request.
  Time since last request: 0.000028 seconds.
  path: Assets/CorgiEngine/ThirdParty/MoreMountains/MMTools/Accessories/MMVFX/MMParticles/MMParticlesStorm.png
  artifactKey: Guid(0c56439a20097e54b9fc9cbdca6968e9) Importer(2089858483,192608db42251d675da83286b1cce702)
Start importing Assets/CorgiEngine/ThirdParty/MoreMountains/MMTools/Accessories/MMVFX/MMParticles/MMParticlesStorm.png using Guid(0c56439a20097e54b9fc9cbdca6968e9) Importer(2089858483,192608db42251d675da83286b1cce702) (ScriptedImporter) -> (artifact id: '5307c01f812dd7c66e9e272e7151cb98') in 0.058402 seconds
Number of updated asset objects reloaded before import = 0Number of asset objects unloaded after import = 1

========================================================================
Received Import Request.
  Time since last request: 0.000075 seconds.
  path: Assets/CorgiEngine/ThirdParty/MoreMountains/MMTools/Accessories/MMDebugMenu/Scripts/MMDebugMenuData.cs
  artifactKey: Guid(b950a5ce764708a4ca0425a952fce75f) Importer(2089858483,192608db42251d675da83286b1cce702)
Start importing Assets/CorgiEngine/ThirdParty/MoreMountains/MMTools/Accessories/MMDebugMenu/Scripts/MMDebugMenuData.cs using Guid(b950a5ce764708a4ca0425a952fce75f) Importer(2089858483,192608db42251d675da83286b1cce702) (ScriptedImporter) -> (artifact id: '43852e24e43a49327abd49ca54b9411c') in 0.0281827 seconds
Number of updated asset objects reloaded before import = 0Number of asset objects unloaded after import = 0

========================================================================
Received Import Request.
  Time since last request: 0.000056 seconds.
  path: Assets/CorgiEngine/ThirdParty/MoreMountains/MMTools/Accessories/MMVFX/MMNoise/MMFireNoise.png
  artifactKey: Guid(10f0f05cdfbe64f44b9e3b2655c32308) Importer(2089858483,192608db42251d675da83286b1cce702)
Start importing Assets/CorgiEngine/ThirdParty/MoreMountains/MMTools/Accessories/MMVFX/MMNoise/MMFireNoise.png using Guid(10f0f05cdfbe64f44b9e3b2655c32308) Importer(2089858483,192608db42251d675da83286b1cce702) (ScriptedImporter) -> (artifact id: 'fe1e1165c92c1ee218490d531e50db0b') in 0.057057 seconds
Number of updated asset objects reloaded before import = 0Number of asset objects unloaded after import = 1

========================================================================
Received Import Request.
  Time since last request: 0.000053 seconds.
  path: Assets/CorgiEngine/ThirdParty/MoreMountains/MMTools/Accessories/MMVFX/MMRamps/MMRamp7.png
  artifactKey: Guid(5f57c110c89ccd542abda3719c5818ae) Importer(2089858483,192608db42251d675da83286b1cce702)
Start importing Assets/CorgiEngine/ThirdParty/MoreMountains/MMTools/Accessories/MMVFX/MMRamps/MMRamp7.png using Guid(5f57c110c89ccd542abda3719c5818ae) Importer(2089858483,192608db42251d675da83286b1cce702) (ScriptedImporter) -> (artifact id: '8c375fcb4a2b87fc533d2e59ff30a1e9') in 0.0538867 seconds
Number of updated asset objects reloaded before import = 0Number of asset objects unloaded after import = 1

========================================================================
Received Import Request.
  Time since last request: 0.000032 seconds.
  path: Assets/CorgiEngine/ThirdParty/MoreMountains/MMTools/Accessories/MMDebugOnScreen/Sprites/MMLogo16x16.png
  artifactKey: Guid(0a9d566b902c9a84087bf3ca3a178e6b) Importer(2089858483,192608db42251d675da83286b1cce702)
Start importing Assets/CorgiEngine/ThirdParty/MoreMountains/MMTools/Accessories/MMDebugOnScreen/Sprites/MMLogo16x16.png using Guid(0a9d566b902c9a84087bf3ca3a178e6b) Importer(2089858483,192608db42251d675da83286b1cce702) (ScriptedImporter) -> (artifact id: '95554ed61298ff11248c8d18ef5b9224') in 0.0479708 seconds
Number of updated asset objects reloaded before import = 0Number of asset objects unloaded after import = 3

========================================================================
Received Import Request.
  Time since last request: 0.000023 seconds.
  path: Assets/CorgiEngine/ThirdParty/MoreMountains/MMTools/Accessories/MMPrototypeTextures/MMBRP_Materials/MMBPR_DarkGreyFrame.mat
  artifactKey: Guid(13516cfdf366d2542bc2fa983b6f803a) Importer(2089858483,192608db42251d675da83286b1cce702)
Start importing Assets/CorgiEngine/ThirdParty/MoreMountains/MMTools/Accessories/MMPrototypeTextures/MMBRP_Materials/MMBPR_DarkGreyFrame.mat using Guid(13516cfdf366d2542bc2fa983b6f803a) Importer(2089858483,192608db42251d675da83286b1cce702) (ScriptedImporter) -> (artifact id: '57796fca5d23b2ffbeff33298331e1c7') in 0.0564402 seconds
Number of updated asset objects reloaded before import = 0Number of asset objects unloaded after import = 4

========================================================================
Received Import Request.
  Time since last request: 0.000041 seconds.
  path: Assets/CorgiEngine/ThirdParty/MoreMountains/MMTools/Accessories/MMVFX/MMRipple/MMRippleSpiral1.mat
  artifactKey: Guid(a617e0f28404308478e66c689628ebf8) Importer(2089858483,192608db42251d675da83286b1cce702)
Start importing Assets/CorgiEngine/ThirdParty/MoreMountains/MMTools/Accessories/MMVFX/MMRipple/MMRippleSpiral1.mat using Guid(a617e0f28404308478e66c689628ebf8) Importer(2089858483,192608db42251d675da83286b1cce702) (ScriptedImporter) -> (artifact id: 'beb6be7f9faf4f10e91b31ccc0431b91') in 0.04198 seconds
Number of updated asset objects reloaded before import = 0Number of asset objects unloaded after import = 2

========================================================================
Received Import Request.
  Time since last request: 0.000037 seconds.
  path: Assets/CorgiEngine/ThirdParty/MoreMountains/MMTools/Accessories/MMGUI/Sprites/MMFaderRoundMask.png
  artifactKey: Guid(47332880f10dee4429534303790a8399) Importer(2089858483,192608db42251d675da83286b1cce702)
Start importing Assets/CorgiEngine/ThirdParty/MoreMountains/MMTools/Accessories/MMGUI/Sprites/MMFaderRoundMask.png using Guid(47332880f10dee4429534303790a8399) Importer(2089858483,192608db42251d675da83286b1cce702) (ScriptedImporter) -> (artifact id: 'f36a62f2ff0572eb4f65380b9e299318') in 0.0508424 seconds
Number of updated asset objects reloaded before import = 0Number of asset objects unloaded after import = 3

========================================================================
Received Import Request.
  Time since last request: 0.000021 seconds.
  path: Assets/CorgiEngine/ThirdParty/MoreMountains/MMTools/Accessories/MMVFX/MMNoise/MMCloudsNoise.png
  artifactKey: Guid(75b254a55f7e3f347ac8f2b5db9b11d9) Importer(2089858483,192608db42251d675da83286b1cce702)
Start importing Assets/CorgiEngine/ThirdParty/MoreMountains/MMTools/Accessories/MMVFX/MMNoise/MMCloudsNoise.png using Guid(75b254a55f7e3f347ac8f2b5db9b11d9) Importer(2089858483,192608db42251d675da83286b1cce702) (ScriptedImporter) -> (artifact id: '1c80d8824c0296fe6c4a7d1cbe25e231') in 0.0499311 seconds
Number of updated asset objects reloaded before import = 0Number of asset objects unloaded after import = 1

========================================================================
Received Import Request.
  Time since last request: 0.000027 seconds.
  path: Assets/CorgiEngine/ThirdParty/MoreMountains/MMTools/Accessories/MMVFX/MMNoise/MMVoronoiNoise.png
  artifactKey: Guid(8fda172b188d7f342ba64c2c53acc2e4) Importer(2089858483,192608db42251d675da83286b1cce702)
Start importing Assets/CorgiEngine/ThirdParty/MoreMountains/MMTools/Accessories/MMVFX/MMNoise/MMVoronoiNoise.png using Guid(8fda172b188d7f342ba64c2c53acc2e4) Importer(2089858483,192608db42251d675da83286b1cce702) (ScriptedImporter) -> (artifact id: '6bee9cb4b1409ef0c827284cda1aa148') in 0.0466161 seconds
Number of updated asset objects reloaded before import = 0Number of asset objects unloaded after import = 1

========================================================================
Received Import Request.
  Time since last request: 0.000024 seconds.
  path: Assets/CorgiEngine/ThirdParty/MoreMountains/MMInterface/Common/Animations/Popup/PopupIdle.anim
  artifactKey: Guid(c10229dda7348e140a7c4d9a4ef06dd6) Importer(2089858483,192608db42251d675da83286b1cce702)
Start importing Assets/CorgiEngine/ThirdParty/MoreMountains/MMInterface/Common/Animations/Popup/PopupIdle.anim using Guid(c10229dda7348e140a7c4d9a4ef06dd6) Importer(2089858483,192608db42251d675da83286b1cce702) (ScriptedImporter) -> (artifact id: '3f221ddadb3f3a8972ef2dfc2c1242f8') in 0.0214802 seconds
Number of updated asset objects reloaded before import = 0Number of asset objects unloaded after import = 1

========================================================================
Received Import Request.
  Time since last request: 0.000037 seconds.
  path: Assets/CorgiEngine/ThirdParty/MoreMountains/MMTools/Accessories/MMProcedural/MMTilemapGenerator/MMTilemapGeneratorLayer.cs
  artifactKey: Guid(01608833a8be3af4587b87e116bffc68) Importer(2089858483,192608db42251d675da83286b1cce702)
Start importing Assets/CorgiEngine/ThirdParty/MoreMountains/MMTools/Accessories/MMProcedural/MMTilemapGenerator/MMTilemapGeneratorLayer.cs using Guid(01608833a8be3af4587b87e116bffc68) Importer(2089858483,192608db42251d675da83286b1cce702) (ScriptedImporter) -> (artifact id: 'c45c5b3397ba0e3019caef86175aeea9') in 0.0250648 seconds
Number of updated asset objects reloaded before import = 0Number of asset objects unloaded after import = 0

========================================================================
Received Import Request.
  Time since last request: 0.000159 seconds.
  path: Assets/CorgiEngine/ThirdParty/MoreMountains/MMTools/Accessories/MMPrototypeTextures/MMBRP_Materials/MMBPR_LightGreySquares.mat
  artifactKey: Guid(01d51756b98901e41956185e673e6f18) Importer(2089858483,192608db42251d675da83286b1cce702)
Start importing Assets/CorgiEngine/ThirdParty/MoreMountains/MMTools/Accessories/MMPrototypeTextures/MMBRP_Materials/MMBPR_LightGreySquares.mat using Guid(01d51756b98901e41956185e673e6f18) Importer(2089858483,192608db42251d675da83286b1cce702) (ScriptedImporter) -> (artifact id: '66e24827adba591c79df92d2d91562a6') in 0.0472875 seconds
Number of updated asset objects reloaded before import = 0Number of asset objects unloaded after import = 4

========================================================================
Received Import Request.
  Time since last request: 0.000043 seconds.
  path: Assets/CorgiEngine/ThirdParty/MoreMountains/MMTools/Accessories/MMVFX/MMParticles/MMParticlesBlackSun.png
  artifactKey: Guid(7eef1b66a64daee46b87f6f979353425) Importer(2089858483,192608db42251d675da83286b1cce702)
Start importing Assets/CorgiEngine/ThirdParty/MoreMountains/MMTools/Accessories/MMVFX/MMParticles/MMParticlesBlackSun.png using Guid(7eef1b66a64daee46b87f6f979353425) Importer(2089858483,192608db42251d675da83286b1cce702) (ScriptedImporter) -> (artifact id: 'fd33e0c86f1bff4ad1105f7ff0da19ab') in 0.0578573 seconds
Number of updated asset objects reloaded before import = 0Number of asset objects unloaded after import = 1

========================================================================
Received Import Request.
  Time since last request: 0.000048 seconds.
  path: Assets/CorgiEngine/ThirdParty/MoreMountains/MMTools/Accessories/MMVFX/MMBloomDirt/MMBloomDirt2.png
  artifactKey: Guid(517afba2f824eb244b94a340fe47a650) Importer(2089858483,192608db42251d675da83286b1cce702)
Start importing Assets/CorgiEngine/ThirdParty/MoreMountains/MMTools/Accessories/MMVFX/MMBloomDirt/MMBloomDirt2.png using Guid(517afba2f824eb244b94a340fe47a650) Importer(2089858483,192608db42251d675da83286b1cce702) (ScriptedImporter) -> (artifact id: 'd6945b4fdfc0434bef4027a3d70ea9ab') in 0.088418 seconds
Number of updated asset objects reloaded before import = 0Number of asset objects unloaded after import = 1

========================================================================
Received Import Request.
  Time since last request: 0.000031 seconds.
  path: Assets/CorgiEngine/ThirdParty/MoreMountains/MMTools/Accessories/MMMovement/MMPathMovement/MMPath.cs
  artifactKey: Guid(b81dc1a6e4b189d4bae2faab8a2a1a25) Importer(2089858483,192608db42251d675da83286b1cce702)
Start importing Assets/CorgiEngine/ThirdParty/MoreMountains/MMTools/Accessories/MMMovement/MMPathMovement/MMPath.cs using Guid(b81dc1a6e4b189d4bae2faab8a2a1a25) Importer(2089858483,192608db42251d675da83286b1cce702) (ScriptedImporter) -> (artifact id: '8d23796902c17ab9d6657e9f169a947b') in 0.0259601 seconds
Number of updated asset objects reloaded before import = 0Number of asset objects unloaded after import = 0

========================================================================
Received Import Request.
  Time since last request: 0.000110 seconds.
  path: Assets/CorgiEngine/ThirdParty/MoreMountains/MMTools/Accessories/MMDebugMenu/Prefabs/MMDebugMenuDebugPanel.prefab
  artifactKey: Guid(94cfa935aa4cff74a9451b22cb7627a6) Importer(2089858483,192608db42251d675da83286b1cce702)
Start importing Assets/CorgiEngine/ThirdParty/MoreMountains/MMTools/Accessories/MMDebugMenu/Prefabs/MMDebugMenuDebugPanel.prefab using Guid(94cfa935aa4cff74a9451b22cb7627a6) Importer(2089858483,192608db42251d675da83286b1cce702) (ScriptedImporter) -> (artifact id: 'd77ac7def8c1c5a29fc7751be8650cdd') in 0.0877184 seconds
Number of updated asset objects reloaded before import = 0Number of asset objects unloaded after import = 64

========================================================================
Received Import Request.
  Time since last request: 0.000040 seconds.
  path: Assets/CorgiEngine/ThirdParty/MoreMountains/MMTools/Accessories/MMVFX/MMRamps/MMRamp0.png
  artifactKey: Guid(2178326803c98c949a3bad7b06f340c2) Importer(2089858483,192608db42251d675da83286b1cce702)
Start importing Assets/CorgiEngine/ThirdParty/MoreMountains/MMTools/Accessories/MMVFX/MMRamps/MMRamp0.png using Guid(2178326803c98c949a3bad7b06f340c2) Importer(2089858483,192608db42251d675da83286b1cce702) (ScriptedImporter) -> (artifact id: '7116412e478e98e4fe00eb625a896289') in 0.0440003 seconds
Number of updated asset objects reloaded before import = 0Number of asset objects unloaded after import = 1

========================================================================
Received Import Request.
  Time since last request: 0.000036 seconds.
  path: Assets/CorgiEngine/ThirdParty/MoreMountains/MMTools/Accessories/MMDebugMenu/Prefabs/MMDebugMenuButtonBorder.prefab
  artifactKey: Guid(f2be8011322fbf943a44edc64dedbf2c) Importer(2089858483,192608db42251d675da83286b1cce702)
Start importing Assets/CorgiEngine/ThirdParty/MoreMountains/MMTools/Accessories/MMDebugMenu/Prefabs/MMDebugMenuButtonBorder.prefab using Guid(f2be8011322fbf943a44edc64dedbf2c) Importer(2089858483,192608db42251d675da83286b1cce702) (ScriptedImporter) -> (artifact id: 'ebaa027714e17bd0b09c2b743357cfe6') in 0.0541631 seconds
Number of updated asset objects reloaded before import = 0Number of asset objects unloaded after import = 19

========================================================================
Received Import Request.
  Time since last request: 0.000076 seconds.
  path: Assets/CorgiEngine/ThirdParty/MoreMountains/MMInterface/Styles/Mini/Prefabs/InputPassword.prefab
  artifactKey: Guid(dedc4418347dffa4d8150ce961626ccb) Importer(2089858483,192608db42251d675da83286b1cce702)
Start importing Assets/CorgiEngine/ThirdParty/MoreMountains/MMInterface/Styles/Mini/Prefabs/InputPassword.prefab using Guid(dedc4418347dffa4d8150ce961626ccb) Importer(2089858483,192608db42251d675da83286b1cce702) (ScriptedImporter) -> (artifact id: '9d5614c1b92cd03d9f2be002cb558e78') in 0.0943105 seconds
Number of updated asset objects reloaded before import = 0Number of asset objects unloaded after import = 19

========================================================================
Received Import Request.
  Time since last request: 0.000043 seconds.
  path: Assets/CorgiEngine/ThirdParty/MoreMountains/MMInterface/Styles/Mini/Prefabs/ButtonSwapperCycle.prefab
  artifactKey: Guid(86d118173b176184bb39400ff58d3c52) Importer(2089858483,192608db42251d675da83286b1cce702)
Start importing Assets/CorgiEngine/ThirdParty/MoreMountains/MMInterface/Styles/Mini/Prefabs/ButtonSwapperCycle.prefab using Guid(86d118173b176184bb39400ff58d3c52) Importer(2089858483,192608db42251d675da83286b1cce702) (ScriptedImporter) -> (artifact id: '610a6fd7e2350a2133b0c46ce5b6b9a0') in 0.042735 seconds
Number of updated asset objects reloaded before import = 0Number of asset objects unloaded after import = 41

========================================================================
Received Import Request.
  Time since last request: 0.000025 seconds.
  path: Assets/CorgiEngine/ThirdParty/MoreMountains/MMTools/Accessories/MMVFX/MMParticles/MMParticlesSlash.png
  artifactKey: Guid(911c22680cab39842bdcfa0232128182) Importer(2089858483,192608db42251d675da83286b1cce702)
Start importing Assets/CorgiEngine/ThirdParty/MoreMountains/MMTools/Accessories/MMVFX/MMParticles/MMParticlesSlash.png using Guid(911c22680cab39842bdcfa0232128182) Importer(2089858483,192608db42251d675da83286b1cce702) (ScriptedImporter) -> (artifact id: '053c33238db96f18db91c2a8184d68ce') in 0.0690725 seconds
Number of updated asset objects reloaded before import = 0Number of asset objects unloaded after import = 1

========================================================================
Received Import Request.
  Time since last request: 0.000034 seconds.
  path: Assets/CorgiEngine/ThirdParty/MoreMountains/MMTools/Accessories/Editor/MMMaintenance/MMLockInspector.cs
  artifactKey: Guid(5c0e71f738b287843b432d007a0626bb) Importer(2089858483,192608db42251d675da83286b1cce702)
Start importing Assets/CorgiEngine/ThirdParty/MoreMountains/MMTools/Accessories/Editor/MMMaintenance/MMLockInspector.cs using Guid(5c0e71f738b287843b432d007a0626bb) Importer(2089858483,192608db42251d675da83286b1cce702) (ScriptedImporter) -> (artifact id: 'e02fc512efa11278ee41ab1b0013927d') in 0.0275581 seconds
Number of updated asset objects reloaded before import = 0Number of asset objects unloaded after import = 0

========================================================================
Received Import Request.
  Time since last request: 0.000054 seconds.
  path: Assets/CorgiEngine/ThirdParty/MoreMountains/MMTools/Accessories/MMDebugMenu/Prefabs/MMDebugMenuTextLong.prefab
  artifactKey: Guid(4332ad3ebf8592c41bc275ff77d24b29) Importer(2089858483,192608db42251d675da83286b1cce702)
Start importing Assets/CorgiEngine/ThirdParty/MoreMountains/MMTools/Accessories/MMDebugMenu/Prefabs/MMDebugMenuTextLong.prefab using Guid(4332ad3ebf8592c41bc275ff77d24b29) Importer(2089858483,192608db42251d675da83286b1cce702) (ScriptedImporter) -> (artifact id: '0017834fdb85e356af9f4aa1ae9ae5f8') in 0.0392972 seconds
Number of updated asset objects reloaded before import = 0Number of asset objects unloaded after import = 13

========================================================================
Received Import Request.
  Time since last request: 0.000038 seconds.
  path: Assets/CorgiEngine/ThirdParty/MoreMountains/MMTools/Foundation/Editor/MMAchievements/MMAchievementMenu.cs
  artifactKey: Guid(a1d53c42aa1029048b98580478952105) Importer(2089858483,192608db42251d675da83286b1cce702)
Start importing Assets/CorgiEngine/ThirdParty/MoreMountains/MMTools/Foundation/Editor/MMAchievements/MMAchievementMenu.cs using Guid(a1d53c42aa1029048b98580478952105) Importer(2089858483,192608db42251d675da83286b1cce702) (ScriptedImporter) -> (artifact id: '80a07abb5ebd1b178021cceb815307d8') in 0.024558 seconds
Number of updated asset objects reloaded before import = 0Number of asset objects unloaded after import = 0

========================================================================
Received Import Request.
  Time since last request: 0.000030 seconds.
  path: Assets/CorgiEngine/ThirdParty/MoreMountains/MMTools/Demos/MMPrototypeTextures/PostProcessing/MMPrototypeTexturesPPProfile.asset
  artifactKey: Guid(377b03b64b8e4ea45bd7f79c650610b0) Importer(2089858483,192608db42251d675da83286b1cce702)
Start importing Assets/CorgiEngine/ThirdParty/MoreMountains/MMTools/Demos/MMPrototypeTextures/PostProcessing/MMPrototypeTexturesPPProfile.asset using Guid(377b03b64b8e4ea45bd7f79c650610b0) Importer(2089858483,192608db42251d675da83286b1cce702) (ScriptedImporter) -> (artifact id: 'db3b25d9ce65ee451a3e71980a0797d2') in 0.0313869 seconds
Number of updated asset objects reloaded before import = 0Number of asset objects unloaded after import = 6

========================================================================
Received Import Request.
  Time since last request: 0.000025 seconds.
  path: Assets/CorgiEngine/ThirdParty/MoreMountains/MMTools/Demos/MMTween/Camera/MMPlotterPostProcessingProfile.asset
  artifactKey: Guid(a362ed6a986e00d43b99c55140c54676) Importer(2089858483,192608db42251d675da83286b1cce702)
Start importing Assets/CorgiEngine/ThirdParty/MoreMountains/MMTools/Demos/MMTween/Camera/MMPlotterPostProcessingProfile.asset using Guid(a362ed6a986e00d43b99c55140c54676) Importer(2089858483,192608db42251d675da83286b1cce702) (ScriptedImporter) -> (artifact id: 'bb5b98ea064c0e457328af57ee34bceb') in 0.0257227 seconds
Number of updated asset objects reloaded before import = 0Number of asset objects unloaded after import = 3

========================================================================
Received Import Request.
  Time since last request: 0.000058 seconds.
  path: Assets/CorgiEngine/ThirdParty/MoreMountains/MMTools/Foundation/MMAchievements/Sprites/AchievementBackgroundUnlocked.png
  artifactKey: Guid(c379ef0fb8ae144a5b0a0b1d0c02d125) Importer(2089858483,192608db42251d675da83286b1cce702)
Start importing Assets/CorgiEngine/ThirdParty/MoreMountains/MMTools/Foundation/MMAchievements/Sprites/AchievementBackgroundUnlocked.png using Guid(c379ef0fb8ae144a5b0a0b1d0c02d125) Importer(2089858483,192608db42251d675da83286b1cce702) (ScriptedImporter) -> (artifact id: '49160f849c153698a3fb662741487236') in 0.049058 seconds
Number of updated asset objects reloaded before import = 0Number of asset objects unloaded after import = 3

========================================================================
Received Import Request.
  Time since last request: 0.000051 seconds.
  path: Assets/CorgiEngine/ThirdParty/MoreMountains/MMTools/Demos/MMGhostCamera/Materials/MMGhostCameraDark.mat
  artifactKey: Guid(cfcdc5dc0e6c9c24d8a191370c6569de) Importer(2089858483,192608db42251d675da83286b1cce702)
Start importing Assets/CorgiEngine/ThirdParty/MoreMountains/MMTools/Demos/MMGhostCamera/Materials/MMGhostCameraDark.mat using Guid(cfcdc5dc0e6c9c24d8a191370c6569de) Importer(2089858483,192608db42251d675da83286b1cce702) (ScriptedImporter) -> (artifact id: 'd8226e33c824687459840f4f93cd6b60') in 0.0288822 seconds
Number of updated asset objects reloaded before import = 0Number of asset objects unloaded after import = 1

========================================================================
Received Import Request.
  Time since last request: 0.000028 seconds.
  path: Assets/CorgiEngine/ThirdParty/MoreMountains/MMTools/Core/MMAudio/MMSMPlaylist/MMSMPlaylist.cs
  artifactKey: Guid(bc7924747b6dade48ac9a15d72b5176b) Importer(2089858483,192608db42251d675da83286b1cce702)
Start importing Assets/CorgiEngine/ThirdParty/MoreMountains/MMTools/Core/MMAudio/MMSMPlaylist/MMSMPlaylist.cs using Guid(bc7924747b6dade48ac9a15d72b5176b) Importer(2089858483,192608db42251d675da83286b1cce702) (ScriptedImporter) -> (artifact id: '1a6b13366057c359b5eb21368b8d9b4f') in 0.0238141 seconds
Number of updated asset objects reloaded before import = 0Number of asset objects unloaded after import = 0

========================================================================
Received Import Request.
  Time since last request: 0.000068 seconds.
  path: Assets/CorgiEngine/ThirdParty/MoreMountains/MMTools/Core/Editor/MMAttributes/MMVectorAttributeDrawer.cs
  artifactKey: Guid(d2ed4e1d780d3c341b45a60fd3358cf5) Importer(2089858483,192608db42251d675da83286b1cce702)
Start importing Assets/CorgiEngine/ThirdParty/MoreMountains/MMTools/Core/Editor/MMAttributes/MMVectorAttributeDrawer.cs using Guid(d2ed4e1d780d3c341b45a60fd3358cf5) Importer(2089858483,192608db42251d675da83286b1cce702) (ScriptedImporter) -> (artifact id: 'e24f9442934ee4e7ea4aebf180183cf9') in 0.0229755 seconds
Number of updated asset objects reloaded before import = 0Number of asset objects unloaded after import = 0

========================================================================
Received Import Request.
  Time since last request: 0.000025 seconds.
  path: Assets/CorgiEngine/ThirdParty/MoreMountains/InventoryEngine/Demos/PixelRogue/Prefabs/ItemsPickers/Apple.prefab
  artifactKey: Guid(9656340f886d7124dbc67c8cd98349d6) Importer(2089858483,192608db42251d675da83286b1cce702)
Start importing Assets/CorgiEngine/ThirdParty/MoreMountains/InventoryEngine/Demos/PixelRogue/Prefabs/ItemsPickers/Apple.prefab using Guid(9656340f886d7124dbc67c8cd98349d6) Importer(2089858483,192608db42251d675da83286b1cce702) (ScriptedImporter) -> (artifact id: '97a114da7a1fa3627960c75c7d13dbd7') in 0.0491306 seconds
Number of updated asset objects reloaded before import = 0Number of asset objects unloaded after import = 12

========================================================================
Received Import Request.
  Time since last request: 0.000020 seconds.
  path: Assets/CorgiEngine/ThirdParty/MoreMountains/MMTools/Demos/MMControls/Sprites/MMControlsDemoSpritesheet.png
  artifactKey: Guid(358b5d9f23bc9413e87c9948acc67ee1) Importer(2089858483,192608db42251d675da83286b1cce702)
Start importing Assets/CorgiEngine/ThirdParty/MoreMountains/MMTools/Demos/MMControls/Sprites/MMControlsDemoSpritesheet.png using Guid(358b5d9f23bc9413e87c9948acc67ee1) Importer(2089858483,192608db42251d675da83286b1cce702) (ScriptedImporter) -> (artifact id: '16f3061085a8e5141f711c03ef504d09') in 0.0758377 seconds
Number of updated asset objects reloaded before import = 0Number of asset objects unloaded after import = 10

========================================================================
Received Import Request.
  Time since last request: 0.000023 seconds.
  path: Assets/CorgiEngine/ThirdParty/MoreMountains/MMTools/Core/Editor/MMAttributes/MMMenuHelp.cs
  artifactKey: Guid(28fbd4d56656345f4ba40f7e4d786fb1) Importer(2089858483,192608db42251d675da83286b1cce702)
Start importing Assets/CorgiEngine/ThirdParty/MoreMountains/MMTools/Core/Editor/MMAttributes/MMMenuHelp.cs using Guid(28fbd4d56656345f4ba40f7e4d786fb1) Importer(2089858483,192608db42251d675da83286b1cce702) (ScriptedImporter) -> (artifact id: '18bda0692103fab5bfe772a83a217af2') in 0.0249445 seconds
Number of updated asset objects reloaded before import = 0Number of asset objects unloaded after import = 0

========================================================================
Received Import Request.
  Time since last request: 0.000162 seconds.
  path: Assets/CorgiEngine/ThirdParty/MoreMountains/MMTools/Demos/MMTween/Textures/PlotterAxis.png
  artifactKey: Guid(cdbaf105b9f815b4cb8bab94c303595a) Importer(2089858483,192608db42251d675da83286b1cce702)
Start importing Assets/CorgiEngine/ThirdParty/MoreMountains/MMTools/Demos/MMTween/Textures/PlotterAxis.png using Guid(cdbaf105b9f815b4cb8bab94c303595a) Importer(2089858483,192608db42251d675da83286b1cce702) (ScriptedImporter) -> (artifact id: 'd1679722f9ac2088697f42d3feccfa2a') in 0.0905769 seconds
Number of updated asset objects reloaded before import = 0Number of asset objects unloaded after import = 3

========================================================================
Received Import Request.
  Time since last request: 0.000038 seconds.
  path: Assets/CorgiEngine/ThirdParty/MoreMountains/MMTools/Core/MMSceneLoading/Sprites/LoadingAnimation.anim
  artifactKey: Guid(5c964d0d3ffd13b4ab953b5a79d30c07) Importer(2089858483,192608db42251d675da83286b1cce702)
Start importing Assets/CorgiEngine/ThirdParty/MoreMountains/MMTools/Core/MMSceneLoading/Sprites/LoadingAnimation.anim using Guid(5c964d0d3ffd13b4ab953b5a79d30c07) Importer(2089858483,192608db42251d675da83286b1cce702) (ScriptedImporter) -> (artifact id: 'f3e87a6ea62dfd8da7006446264b1f4a') in 0.0274148 seconds
Number of updated asset objects reloaded before import = 0Number of asset objects unloaded after import = 1

========================================================================
Received Import Request.
  Time since last request: 0.000083 seconds.
  path: Assets/CorgiEngine/ThirdParty/MoreMountains/MMTools/Foundation/MMAchievements/Scripts/MMAchievementManager.cs
  artifactKey: Guid(7190b0080c757413082e75f41313dee8) Importer(2089858483,192608db42251d675da83286b1cce702)
Start importing Assets/CorgiEngine/ThirdParty/MoreMountains/MMTools/Foundation/MMAchievements/Scripts/MMAchievementManager.cs using Guid(7190b0080c757413082e75f41313dee8) Importer(2089858483,192608db42251d675da83286b1cce702) (ScriptedImporter) -> (artifact id: '62e9d095b028eb6f03ead0d8fa804377') in 0.0201976 seconds
Number of updated asset objects reloaded before import = 0Number of asset objects unloaded after import = 0

========================================================================
Received Import Request.
  Time since last request: 0.000143 seconds.
  path: Assets/CorgiEngine/ThirdParty/MoreMountains/MMTools/Accessories/MMProcedural/MMTilemapGenerator/MMTilemapGenerator.cs
  artifactKey: Guid(1554ad3bc2245e64bbf7cf0a29ed7fa0) Importer(2089858483,192608db42251d675da83286b1cce702)
Start importing Assets/CorgiEngine/ThirdParty/MoreMountains/MMTools/Accessories/MMProcedural/MMTilemapGenerator/MMTilemapGenerator.cs using Guid(1554ad3bc2245e64bbf7cf0a29ed7fa0) Importer(2089858483,192608db42251d675da83286b1cce702) (ScriptedImporter) -> (artifact id: '41f0f9ba95e957821586f1083b7e0734') in 0.0234296 seconds
Number of updated asset objects reloaded before import = 0Number of asset objects unloaded after import = 0

========================================================================
Received Import Request.
  Time since last request: 0.000062 seconds.
  path: Assets/CorgiEngine/ThirdParty/MoreMountains/MMTools/Accessories/Editor/MMParticles/MMRendererSortingLayerEditor.cs
  artifactKey: Guid(0ca3ff8bc8827e24ab1490c416d7839f) Importer(2089858483,192608db42251d675da83286b1cce702)
Start importing Assets/CorgiEngine/ThirdParty/MoreMountains/MMTools/Accessories/Editor/MMParticles/MMRendererSortingLayerEditor.cs using Guid(0ca3ff8bc8827e24ab1490c416d7839f) Importer(2089858483,192608db42251d675da83286b1cce702) (ScriptedImporter) -> (artifact id: 'a0747a1963d1ad410d9f57502db15260') in 0.0280227 seconds
Number of updated asset objects reloaded before import = 0Number of asset objects unloaded after import = 0

========================================================================
Received Import Request.
  Time since last request: 0.000084 seconds.
  path: Assets/CorgiEngine/ThirdParty/MoreMountains/MMTools/Demos/MMGhostCamera/Models/MMGhostCameraCity.fbx
  artifactKey: Guid(00cafe0a18485bf4986d87092f3b2c63) Importer(2089858483,192608db42251d675da83286b1cce702)
Start importing Assets/CorgiEngine/ThirdParty/MoreMountains/MMTools/Demos/MMGhostCamera/Models/MMGhostCameraCity.fbx using Guid(00cafe0a18485bf4986d87092f3b2c63) Importer(2089858483,192608db42251d675da83286b1cce702) (ScriptedImporter) -> (artifact id: 'b01a21de3267deeaa27c72fe3b9d471f') in 0.1054823 seconds
Number of updated asset objects reloaded before import = 0Number of asset objects unloaded after import = 39

========================================================================
Received Import Request.
  Time since last request: 0.000032 seconds.
  path: Assets/CorgiEngine/ThirdParty/MoreMountains/MMTools/Accessories/Editor/MMCurves/MMCurves.curves
  artifactKey: Guid(d7ae097ceef007248a49d4df212cceb7) Importer(2089858483,192608db42251d675da83286b1cce702)
Start importing Assets/CorgiEngine/ThirdParty/MoreMountains/MMTools/Accessories/Editor/MMCurves/MMCurves.curves using Guid(d7ae097ceef007248a49d4df212cceb7) Importer(2089858483,192608db42251d675da83286b1cce702) (ScriptedImporter) -> (artifact id: '0fbecaed021b84fe35f97e7771e03aba') in 0.0328638 seconds
Number of updated asset objects reloaded before import = 0Number of asset objects unloaded after import = 1

========================================================================
Received Import Request.
  Time since last request: 0.000022 seconds.
  path: Assets/CorgiEngine/ThirdParty/MoreMountains/InventoryEngine/Demos/PixelRogue/Prefabs/ItemsPickers/ArmorBlue.prefab
  artifactKey: Guid(0f6882b0de0be6743861da4384873383) Importer(2089858483,192608db42251d675da83286b1cce702)
Start importing Assets/CorgiEngine/ThirdParty/MoreMountains/InventoryEngine/Demos/PixelRogue/Prefabs/ItemsPickers/ArmorBlue.prefab using Guid(0f6882b0de0be6743861da4384873383) Importer(2089858483,192608db42251d675da83286b1cce702) (ScriptedImporter) -> (artifact id: '8bdfb6e30ee8c56cb74783e56032b29f') in 0.0500221 seconds
Number of updated asset objects reloaded before import = 0Number of asset objects unloaded after import = 11

========================================================================
Received Import Request.
  Time since last request: 0.000134 seconds.
  path: Assets/CorgiEngine/ThirdParty/MoreMountains/MMTools/Accessories/MMVFX/MMNoise/MMFireDirectionalNoise.png
  artifactKey: Guid(c61e12b00f19ecd448a748ee4f011b63) Importer(2089858483,192608db42251d675da83286b1cce702)
Start importing Assets/CorgiEngine/ThirdParty/MoreMountains/MMTools/Accessories/MMVFX/MMNoise/MMFireDirectionalNoise.png using Guid(c61e12b00f19ecd448a748ee4f011b63) Importer(2089858483,192608db42251d675da83286b1cce702) (ScriptedImporter) -> (artifact id: '1387546544eaf1069c9b5e954f43735a') in 0.0537064 seconds
Number of updated asset objects reloaded before import = 0Number of asset objects unloaded after import = 1

========================================================================
Received Import Request.
  Time since last request: 0.000041 seconds.
  path: Assets/CorgiEngine/ThirdParty/MoreMountains/MMTools/Accessories/Editor/MMMaintenance/MMFindPrefabsByMono.cs
  artifactKey: Guid(c6f3cc53c6ac3754bbf1b45956f64a21) Importer(2089858483,192608db42251d675da83286b1cce702)
Start importing Assets/CorgiEngine/ThirdParty/MoreMountains/MMTools/Accessories/Editor/MMMaintenance/MMFindPrefabsByMono.cs using Guid(c6f3cc53c6ac3754bbf1b45956f64a21) Importer(2089858483,192608db42251d675da83286b1cce702) (ScriptedImporter) -> (artifact id: '3ea32e71e8267b139505666b91d37ab3') in 0.0254802 seconds
Number of updated asset objects reloaded before import = 0Number of asset objects unloaded after import = 0

========================================================================
Received Import Request.
  Time since last request: 0.000056 seconds.
  path: Assets/CorgiEngine/ThirdParty/MoreMountains/MMTools/Accessories/MMVFX/MMNoise/MMCellNoise.png
  artifactKey: Guid(6415e4b059f8ca249ad6c1c205f2330e) Importer(2089858483,192608db42251d675da83286b1cce702)
Start importing Assets/CorgiEngine/ThirdParty/MoreMountains/MMTools/Accessories/MMVFX/MMNoise/MMCellNoise.png using Guid(6415e4b059f8ca249ad6c1c205f2330e) Importer(2089858483,192608db42251d675da83286b1cce702) (ScriptedImporter) -> (artifact id: '1510ba6719a0875d6dd53cc1ef160e9d') in 0.0560681 seconds
Number of updated asset objects reloaded before import = 0Number of asset objects unloaded after import = 1

========================================================================
Received Import Request.
  Time since last request: 0.000031 seconds.
  path: Assets/CorgiEngine/ThirdParty/MoreMountains/MMInterface/Styles/Mini/Sprites/RoundCornersFilled.png
  artifactKey: Guid(903ebb261cd0f234486d3ca066078894) Importer(2089858483,192608db42251d675da83286b1cce702)
Start importing Assets/CorgiEngine/ThirdParty/MoreMountains/MMInterface/Styles/Mini/Sprites/RoundCornersFilled.png using Guid(903ebb261cd0f234486d3ca066078894) Importer(2089858483,192608db42251d675da83286b1cce702) (ScriptedImporter) -> (artifact id: '10245b291feb2a2d2f8a78330e18d2e6') in 0.0506349 seconds
Number of updated asset objects reloaded before import = 0Number of asset objects unloaded after import = 3

========================================================================
Received Import Request.
  Time since last request: 0.000024 seconds.
  path: Assets/CorgiEngine/ThirdParty/MoreMountains/MMTools/Accessories/MMVFX/MMRipple/MMRippleBubble1NM.png
  artifactKey: Guid(06c3a06ad80bcb147b2c74ed37ff2333) Importer(2089858483,192608db42251d675da83286b1cce702)
Start importing Assets/CorgiEngine/ThirdParty/MoreMountains/MMTools/Accessories/MMVFX/MMRipple/MMRippleBubble1NM.png using Guid(06c3a06ad80bcb147b2c74ed37ff2333) Importer(2089858483,192608db42251d675da83286b1cce702) (ScriptedImporter) -> (artifact id: 'cf44659b48aca5fde3fe69eb4874baa3') in 0.042196 seconds
Number of updated asset objects reloaded before import = 0Number of asset objects unloaded after import = 1

========================================================================
Received Import Request.
  Time since last request: 0.000035 seconds.
  path: Assets/CorgiEngine/ThirdParty/MoreMountains/MMTools/Core/MMSceneLoading/Sprites/LoadingAnimationComplete.anim
  artifactKey: Guid(72a2a5d57dd0b2448878bd2a00c7cb51) Importer(2089858483,192608db42251d675da83286b1cce702)
Start importing Assets/CorgiEngine/ThirdParty/MoreMountains/MMTools/Core/MMSceneLoading/Sprites/LoadingAnimationComplete.anim using Guid(72a2a5d57dd0b2448878bd2a00c7cb51) Importer(2089858483,192608db42251d675da83286b1cce702) (ScriptedImporter) -> (artifact id: 'eb2962dca362ec23d5a9c04636310614') in 0.0297956 seconds
Number of updated asset objects reloaded before import = 0Number of asset objects unloaded after import = 1

========================================================================
Received Import Request.
  Time since last request: 0.000036 seconds.
  path: Assets/CorgiEngine/ThirdParty/MoreMountains/MMInterface/Styles/Mini/Prefabs/TextTitleDark.prefab
  artifactKey: Guid(064f303f07828c145873d0dd56414a4b) Importer(2089858483,192608db42251d675da83286b1cce702)
Start importing Assets/CorgiEngine/ThirdParty/MoreMountains/MMInterface/Styles/Mini/Prefabs/TextTitleDark.prefab using Guid(064f303f07828c145873d0dd56414a4b) Importer(2089858483,192608db42251d675da83286b1cce702) (ScriptedImporter) -> (artifact id: 'df46ec667f901c49e927c459d50ea82b') in 0.0377315 seconds
Number of updated asset objects reloaded before import = 0Number of asset objects unloaded after import = 9

========================================================================
Received Import Request.
  Time since last request: 0.000029 seconds.
  path: Assets/CorgiEngine/ThirdParty/MoreMountains/MMTools/Accessories/MMSprites/BezierLineRenderer/MMBezierLineRenderer.cs
  artifactKey: Guid(177926c7a52cdb247b4ea692ea51aa68) Importer(2089858483,192608db42251d675da83286b1cce702)
Start importing Assets/CorgiEngine/ThirdParty/MoreMountains/MMTools/Accessories/MMSprites/BezierLineRenderer/MMBezierLineRenderer.cs using Guid(177926c7a52cdb247b4ea692ea51aa68) Importer(2089858483,192608db42251d675da83286b1cce702) (ScriptedImporter) -> (artifact id: 'c006801aa1e240837d189e9e7d58d506') in 0.0274626 seconds
Number of updated asset objects reloaded before import = 0Number of asset objects unloaded after import = 0

========================================================================
Received Import Request.
  Time since last request: 0.000034 seconds.
  path: Assets/CorgiEngine/ThirdParty/MoreMountains/MMTools/Accessories/MMDebugMenu/Prefabs/MMDebugMenuTextSmall.prefab
  artifactKey: Guid(6689802a48b01104ebd8e101f5cce555) Importer(2089858483,192608db42251d675da83286b1cce702)
Start importing Assets/CorgiEngine/ThirdParty/MoreMountains/MMTools/Accessories/MMDebugMenu/Prefabs/MMDebugMenuTextSmall.prefab using Guid(6689802a48b01104ebd8e101f5cce555) Importer(2089858483,192608db42251d675da83286b1cce702) (ScriptedImporter) -> (artifact id: 'a106a1efd05d907abce47a0391f47ac0') in 0.0325191 seconds
Number of updated asset objects reloaded before import = 0Number of asset objects unloaded after import = 13

========================================================================
Received Import Request.
  Time since last request: 0.000032 seconds.
  path: Assets/CorgiEngine/ThirdParty/MoreMountains/MMTools/Core/MMAudio/MMPlaylist/MMPlaylistRemote.cs
  artifactKey: Guid(7511c4dccd4cbd54ab12529a4389e81c) Importer(2089858483,192608db42251d675da83286b1cce702)
Start importing Assets/CorgiEngine/ThirdParty/MoreMountains/MMTools/Core/MMAudio/MMPlaylist/MMPlaylistRemote.cs using Guid(7511c4dccd4cbd54ab12529a4389e81c) Importer(2089858483,192608db42251d675da83286b1cce702) (ScriptedImporter) -> (artifact id: 'e88780ec799d8bc0ca798bb06c9da8ea') in 0.021239 seconds
Number of updated asset objects reloaded before import = 0Number of asset objects unloaded after import = 0

========================================================================
Received Import Request.
  Time since last request: 0.000128 seconds.
  path: Assets/CorgiEngine/ThirdParty/MoreMountains/MMTools/Core/Editor/MMObjectPool/ObjectBoundsEditor.cs
  artifactKey: Guid(bada8c222727b4fe49b6a90f1dddad8e) Importer(2089858483,192608db42251d675da83286b1cce702)
Start importing Assets/CorgiEngine/ThirdParty/MoreMountains/MMTools/Core/Editor/MMObjectPool/ObjectBoundsEditor.cs using Guid(bada8c222727b4fe49b6a90f1dddad8e) Importer(2089858483,192608db42251d675da83286b1cce702) (ScriptedImporter) -> (artifact id: 'd3e739f7e64864045edf1272b9d36dc4') in 0.0273488 seconds
Number of updated asset objects reloaded before import = 0Number of asset objects unloaded after import = 0

========================================================================
Received Import Request.
  Time since last request: 0.000086 seconds.
  path: Assets/CorgiEngine/ThirdParty/MoreMountains/MMTools/Accessories/MMPrototypeTextures/MMBRP_Materials/MMBPR_LightGreyCrosses.mat
  artifactKey: Guid(50ff9811d84ffeb42b11f0d57157a346) Importer(2089858483,192608db42251d675da83286b1cce702)
Start importing Assets/CorgiEngine/ThirdParty/MoreMountains/MMTools/Accessories/MMPrototypeTextures/MMBRP_Materials/MMBPR_LightGreyCrosses.mat using Guid(50ff9811d84ffeb42b11f0d57157a346) Importer(2089858483,192608db42251d675da83286b1cce702) (ScriptedImporter) -> (artifact id: 'b692c2798c7cdd91a74fc0437c1b5fed') in 0.0412817 seconds
Number of updated asset objects reloaded before import = 0Number of asset objects unloaded after import = 4

========================================================================
Received Import Request.
  Time since last request: 0.000037 seconds.
  path: Assets/CorgiEngine/ThirdParty/MoreMountains/MMTools/Accessories/MMDebugMenu/Prefabs/MMDebugMenuChoicesTwo.prefab
  artifactKey: Guid(90a0e72c11dfcbe4f88bccc465c6a0cd) Importer(2089858483,192608db42251d675da83286b1cce702)
Start importing Assets/CorgiEngine/ThirdParty/MoreMountains/MMTools/Accessories/MMDebugMenu/Prefabs/MMDebugMenuChoicesTwo.prefab using Guid(90a0e72c11dfcbe4f88bccc465c6a0cd) Importer(2089858483,192608db42251d675da83286b1cce702) (ScriptedImporter) -> (artifact id: '159245935d8461778249fc723afd0082') in 0.0462704 seconds
Number of updated asset objects reloaded before import = 0Number of asset objects unloaded after import = 30

========================================================================
Received Import Request.
  Time since last request: 0.000024 seconds.
  path: Assets/CorgiEngine/ThirdParty/MoreMountains/MMTools/Core/Editor/MMRadio/MMRadioSignalGeneratorEditor.cs
  artifactKey: Guid(a2cfef06e5c2aee4dad9fb668eddb176) Importer(2089858483,192608db42251d675da83286b1cce702)
Start importing Assets/CorgiEngine/ThirdParty/MoreMountains/MMTools/Core/Editor/MMRadio/MMRadioSignalGeneratorEditor.cs using Guid(a2cfef06e5c2aee4dad9fb668eddb176) Importer(2089858483,192608db42251d675da83286b1cce702) (ScriptedImporter) -> (artifact id: 'a5d79c8ef32ea79a7dbca72277a72e35') in 0.0193474 seconds
Number of updated asset objects reloaded before import = 0Number of asset objects unloaded after import = 0

========================================================================
Received Import Request.
  Time since last request: 0.000061 seconds.
  path: Assets/CorgiEngine/ThirdParty/MoreMountains/MMTools/Demos/MMTween/Materials/MMPlotterPointMaterial 3.mat
  artifactKey: Guid(b2391ac266b519c4697705d56b09d303) Importer(2089858483,192608db42251d675da83286b1cce702)
Start importing Assets/CorgiEngine/ThirdParty/MoreMountains/MMTools/Demos/MMTween/Materials/MMPlotterPointMaterial 3.mat using Guid(b2391ac266b519c4697705d56b09d303) Importer(2089858483,192608db42251d675da83286b1cce702) (ScriptedImporter) -> (artifact id: '02379e694a73c6c19a6570a1a13e35dc') in 0.0234645 seconds
Number of updated asset objects reloaded before import = 0Number of asset objects unloaded after import = 1

========================================================================
Received Import Request.
  Time since last request: 0.000020 seconds.
  path: Assets/CorgiEngine/ThirdParty/MoreMountains/MMFeedbacks/Demos/MMFeedbacksDemo/Textures/Paper/PaperRoughness.png
  artifactKey: Guid(40c906fd3abf32a4b81655aee35391a1) Importer(2089858483,192608db42251d675da83286b1cce702)
Start importing Assets/CorgiEngine/ThirdParty/MoreMountains/MMFeedbacks/Demos/MMFeedbacksDemo/Textures/Paper/PaperRoughness.png using Guid(40c906fd3abf32a4b81655aee35391a1) Importer(2089858483,192608db42251d675da83286b1cce702) (ScriptedImporter) -> (artifact id: '964d33f206e562b7629371fb8c46825a') in 0.0437122 seconds
Number of updated asset objects reloaded before import = 0Number of asset objects unloaded after import = 1

========================================================================
Received Import Request.
  Time since last request: 0.000020 seconds.
  path: Assets/CorgiEngine/ThirdParty/MoreMountains/MMFeedbacks/Demos/MMFeedbacksDemo/Models/Dude/DudeEyesAnimator.controller
  artifactKey: Guid(19a22e4fbc09cd941900861155061804) Importer(2089858483,192608db42251d675da83286b1cce702)
Start importing Assets/CorgiEngine/ThirdParty/MoreMountains/MMFeedbacks/Demos/MMFeedbacksDemo/Models/Dude/DudeEyesAnimator.controller using Guid(19a22e4fbc09cd941900861155061804) Importer(2089858483,192608db42251d675da83286b1cce702) (ScriptedImporter) -> (artifact id: 'ac35df3418ac53193482ca9a61c00120') in 0.0223372 seconds
Number of updated asset objects reloaded before import = 0Number of asset objects unloaded after import = 4

========================================================================
Received Import Request.
  Time since last request: 0.000021 seconds.
  path: Assets/CorgiEngine/ThirdParty/MoreMountains/MMFeedbacks/MMFeedbacks/Springs/Core/Components/MMSpringVector2Component.cs
  artifactKey: Guid(e980ecbe40d8ec64eb0a87b32fed766e) Importer(2089858483,192608db42251d675da83286b1cce702)
Start importing Assets/CorgiEngine/ThirdParty/MoreMountains/MMFeedbacks/MMFeedbacks/Springs/Core/Components/MMSpringVector2Component.cs using Guid(e980ecbe40d8ec64eb0a87b32fed766e) Importer(2089858483,192608db42251d675da83286b1cce702) (ScriptedImporter) -> (artifact id: '97b66ad9032fbb208c0f544c82541c2f') in 0.0201654 seconds
Number of updated asset objects reloaded before import = 0Number of asset objects unloaded after import = 0

========================================================================
Received Import Request.
  Time since last request: 0.000088 seconds.
  path: Assets/CorgiEngine/ThirdParty/MoreMountains/MMInterface/Common/Animations/Buttons/Animators/ButtonAnimatorMasterPressed.controller
  artifactKey: Guid(59f368236c9750940974f1c51438b942) Importer(2089858483,192608db42251d675da83286b1cce702)
Start importing Assets/CorgiEngine/ThirdParty/MoreMountains/MMInterface/Common/Animations/Buttons/Animators/ButtonAnimatorMasterPressed.controller using Guid(59f368236c9750940974f1c51438b942) Importer(2089858483,192608db42251d675da83286b1cce702) (ScriptedImporter) -> (artifact id: 'd50337da22bfedd6cdd38c8e1602051d') in 0.0323585 seconds
Number of updated asset objects reloaded before import = 0Number of asset objects unloaded after import = 18

========================================================================
Received Import Request.
  Time since last request: 0.000027 seconds.
  path: Assets/CorgiEngine/ThirdParty/MoreMountains/MMInterface/Styles/Mini/Sprites/Icons/MMIconGear.png
  artifactKey: Guid(296e07de735b6584fad38036a11668c6) Importer(2089858483,192608db42251d675da83286b1cce702)
Start importing Assets/CorgiEngine/ThirdParty/MoreMountains/MMInterface/Styles/Mini/Sprites/Icons/MMIconGear.png using Guid(296e07de735b6584fad38036a11668c6) Importer(2089858483,192608db42251d675da83286b1cce702) (ScriptedImporter) -> (artifact id: '276e1f3cd4e7844022b40e33d78765e5') in 0.0479429 seconds
Number of updated asset objects reloaded before import = 0Number of asset objects unloaded after import = 3

========================================================================
Received Import Request.
  Time since last request: 0.000032 seconds.
  path: Assets/CorgiEngine/ThirdParty/MoreMountains/InventoryEngine/Demos/PixelRogue/Resources/Items/Rifle.asset
  artifactKey: Guid(9cb7ee4b9d5371f4eafac88145088a01) Importer(2089858483,192608db42251d675da83286b1cce702)
Start importing Assets/CorgiEngine/ThirdParty/MoreMountains/InventoryEngine/Demos/PixelRogue/Resources/Items/Rifle.asset using Guid(9cb7ee4b9d5371f4eafac88145088a01) Importer(2089858483,192608db42251d675da83286b1cce702) (ScriptedImporter) -> (artifact id: 'e986acf9aa55c99f897e298ef929d266') in 0.0480646 seconds
Number of updated asset objects reloaded before import = 0Number of asset objects unloaded after import = 10

========================================================================
Received Import Request.
  Time since last request: 0.000032 seconds.
  path: Assets/CorgiEngine/ThirdParty/MoreMountains/MMFeedbacks/MMFeedbacksForThirdParty/NiceVibrations/Feedbacks/Legacy/MMFeedbackNVSettings.cs
  artifactKey: Guid(3abc70b7028a09449b0976268deba80b) Importer(2089858483,192608db42251d675da83286b1cce702)
Start importing Assets/CorgiEngine/ThirdParty/MoreMountains/MMFeedbacks/MMFeedbacksForThirdParty/NiceVibrations/Feedbacks/Legacy/MMFeedbackNVSettings.cs using Guid(3abc70b7028a09449b0976268deba80b) Importer(2089858483,192608db42251d675da83286b1cce702) (ScriptedImporter) -> (artifact id: 'b188c6a72f13102cb53fa201397308f9') in 0.021354 seconds
Number of updated asset objects reloaded before import = 0Number of asset objects unloaded after import = 0

========================================================================
Received Import Request.
  Time since last request: 0.000058 seconds.
  path: Assets/CorgiEngine/ThirdParty/MoreMountains/MMFeedbacks/Demos/SequencingDemo/Textures/wip/Rocks21_nrm.png
  artifactKey: Guid(9078c24ee211e324f943a3982a508d4b) Importer(2089858483,192608db42251d675da83286b1cce702)
Start importing Assets/CorgiEngine/ThirdParty/MoreMountains/MMFeedbacks/Demos/SequencingDemo/Textures/wip/Rocks21_nrm.png using Guid(9078c24ee211e324f943a3982a508d4b) Importer(2089858483,192608db42251d675da83286b1cce702) (ScriptedImporter) -> (artifact id: '861cddebfcb0c511e113c9cfd5f66ec4') in 0.0618229 seconds
Number of updated asset objects reloaded before import = 0Number of asset objects unloaded after import = 1

========================================================================
Received Import Request.
  Time since last request: 0.000025 seconds.
  path: Assets/CorgiEngine/ThirdParty/MoreMountains/MMInterface/Common/Animations/Buttons/Animators/ButtonAnimatorOneTimePushDownSimple.overrideController
  artifactKey: Guid(c3e9950597025ff45a3329e86fbb3b7b) Importer(2089858483,192608db42251d675da83286b1cce702)
Start importing Assets/CorgiEngine/ThirdParty/MoreMountains/MMInterface/Common/Animations/Buttons/Animators/ButtonAnimatorOneTimePushDownSimple.overrideController using Guid(c3e9950597025ff45a3329e86fbb3b7b) Importer(2089858483,192608db42251d675da83286b1cce702) (ScriptedImporter) -> (artifact id: '480b799965f749b71c030d2d672e919e') in 0.0328323 seconds
Number of updated asset objects reloaded before import = 0Number of asset objects unloaded after import = 20

========================================================================
Received Import Request.
  Time since last request: 0.000021 seconds.
  path: Assets/CorgiEngine/ThirdParty/MoreMountains/MMInterface/Common/Animations/Buttons/Animators/ButtonAnimatorOneTimeRubber.overrideController
  artifactKey: Guid(8a2b3a8db89269e40b5a5bc3f9096376) Importer(2089858483,192608db42251d675da83286b1cce702)
Start importing Assets/CorgiEngine/ThirdParty/MoreMountains/MMInterface/Common/Animations/Buttons/Animators/ButtonAnimatorOneTimeRubber.overrideController using Guid(8a2b3a8db89269e40b5a5bc3f9096376) Importer(2089858483,192608db42251d675da83286b1cce702) (ScriptedImporter) -> (artifact id: '53de928ccfd51707ee6cd6f0e118e50d') in 0.0257119 seconds
Number of updated asset objects reloaded before import = 0Number of asset objects unloaded after import = 20

========================================================================
Received Import Request.
  Time since last request: 0.000027 seconds.
  path: Assets/CorgiEngine/ThirdParty/MoreMountains/MMTools/Accessories/MMDebugMenu/Scripts/Events/MMDebugMenuButtonEventListener.cs
  artifactKey: Guid(2313508e7b935c54d9877ca20548a1b5) Importer(2089858483,192608db42251d675da83286b1cce702)
Start importing Assets/CorgiEngine/ThirdParty/MoreMountains/MMTools/Accessories/MMDebugMenu/Scripts/Events/MMDebugMenuButtonEventListener.cs using Guid(2313508e7b935c54d9877ca20548a1b5) Importer(2089858483,192608db42251d675da83286b1cce702) (ScriptedImporter) -> (artifact id: '1364cedf1f7033293e8ad7c1024a37a8') in 0.0235331 seconds
Number of updated asset objects reloaded before import = 0Number of asset objects unloaded after import = 0

========================================================================
Received Import Request.
  Time since last request: 0.000088 seconds.
  path: Assets/CorgiEngine/ThirdParty/MoreMountains/MMInterface/Common/Animations/Buttons/Animations/MMI_ButtonTwoStep.anim
  artifactKey: Guid(3a1e1646aa4c34342a29f2e1756b213a) Importer(2089858483,192608db42251d675da83286b1cce702)
Start importing Assets/CorgiEngine/ThirdParty/MoreMountains/MMInterface/Common/Animations/Buttons/Animations/MMI_ButtonTwoStep.anim using Guid(3a1e1646aa4c34342a29f2e1756b213a) Importer(2089858483,192608db42251d675da83286b1cce702) (ScriptedImporter) -> (artifact id: '302494601a4742db7c9ba8fbdee93b11') in 0.0300303 seconds
Number of updated asset objects reloaded before import = 0Number of asset objects unloaded after import = 1

========================================================================
Received Import Request.
  Time since last request: 0.000021 seconds.
  path: Assets/CorgiEngine/ThirdParty/MoreMountains/MMTools/Accessories/MMDebugMenu/Scripts/MMDebugMenuItems/MMDebugMenuItemSlider.cs
  artifactKey: Guid(6d8d661dac43a98489944be49a162bda) Importer(2089858483,192608db42251d675da83286b1cce702)
Start importing Assets/CorgiEngine/ThirdParty/MoreMountains/MMTools/Accessories/MMDebugMenu/Scripts/MMDebugMenuItems/MMDebugMenuItemSlider.cs using Guid(6d8d661dac43a98489944be49a162bda) Importer(2089858483,192608db42251d675da83286b1cce702) (ScriptedImporter) -> (artifact id: '376a72773daa09576f9ae57fb09a9532') in 0.0242818 seconds
Number of updated asset objects reloaded before import = 0Number of asset objects unloaded after import = 0

========================================================================
Received Import Request.
  Time since last request: 0.000098 seconds.
  path: Assets/CorgiEngine/ThirdParty/MoreMountains/MMInterface/Styles/Mini/Fonts/Lato/Lato-SemiboldItalic.ttf
  artifactKey: Guid(44f12193a29a96e48a377ef2710cf82b) Importer(2089858483,192608db42251d675da83286b1cce702)
Start importing Assets/CorgiEngine/ThirdParty/MoreMountains/MMInterface/Styles/Mini/Fonts/Lato/Lato-SemiboldItalic.ttf using Guid(44f12193a29a96e48a377ef2710cf82b) Importer(2089858483,192608db42251d675da83286b1cce702) (ScriptedImporter) -> (artifact id: 'fa265cbd4985153ef386efc33bfe777f') in 0.0431837 seconds
Number of updated asset objects reloaded before import = 0Number of asset objects unloaded after import = 3

========================================================================
Received Import Request.
  Time since last request: 0.000026 seconds.
  path: Assets/CorgiEngine/ThirdParty/MoreMountains/MMFeedbacks/Demos/SequencingDemo/Sounds/Kit/MMSequencingCrash2.wav
  artifactKey: Guid(88867f4a6e97083478041a8bacc9b4bf) Importer(2089858483,192608db42251d675da83286b1cce702)
Start importing Assets/CorgiEngine/ThirdParty/MoreMountains/MMFeedbacks/Demos/SequencingDemo/Sounds/Kit/MMSequencingCrash2.wav using Guid(88867f4a6e97083478041a8bacc9b4bf) Importer(2089858483,192608db42251d675da83286b1cce702) (ScriptedImporter) -> (artifact id: 'be3b77a660c25e0b9ac31cdd333fb0f0') in 0.0619514 seconds
Number of updated asset objects reloaded before import = 0Number of asset objects unloaded after import = 1

========================================================================
Received Import Request.
  Time since last request: 0.000023 seconds.
  path: Assets/CorgiEngine/ThirdParty/MoreMountains/MMInterface/Styles/Mini/Fonts/Lato/Lato-Bold.ttf
  artifactKey: Guid(705aa5e60576b334686c06caa9d4bc50) Importer(2089858483,192608db42251d675da83286b1cce702)
Start importing Assets/CorgiEngine/ThirdParty/MoreMountains/MMInterface/Styles/Mini/Fonts/Lato/Lato-Bold.ttf using Guid(705aa5e60576b334686c06caa9d4bc50) Importer(2089858483,192608db42251d675da83286b1cce702) (ScriptedImporter) -> (artifact id: '8c8456ca01041a5e0c96be50f29c4dea') in 0.0383595 seconds
Number of updated asset objects reloaded before import = 0Number of asset objects unloaded after import = 3

========================================================================
Received Import Request.
  Time since last request: 0.000019 seconds.
  path: Assets/CorgiEngine/ThirdParty/MoreMountains/MMFeedbacks/MMFeedbacksForThirdParty/MMTools/MMRadio/Legacy/MMFeedbackBase.cs
  artifactKey: Guid(9f4f5b5a7ea2cc745891557ab909c6c5) Importer(2089858483,192608db42251d675da83286b1cce702)
Start importing Assets/CorgiEngine/ThirdParty/MoreMountains/MMFeedbacks/MMFeedbacksForThirdParty/MMTools/MMRadio/Legacy/MMFeedbackBase.cs using Guid(9f4f5b5a7ea2cc745891557ab909c6c5) Importer(2089858483,192608db42251d675da83286b1cce702) (ScriptedImporter) -> (artifact id: '0bdda7c5a6de9a3256a3c90546af5d90') in 0.0207009 seconds
Number of updated asset objects reloaded before import = 0Number of asset objects unloaded after import = 0

========================================================================
Received Import Request.
  Time since last request: 0.000020 seconds.
  path: Assets/CorgiEngine/ThirdParty/MoreMountains/MMInterface/Common/Animations/Buttons/Animators/ButtonAnimatorOneTimeShake.overrideController
  artifactKey: Guid(5119b9afa7df8f447b4ff217f73cd24a) Importer(2089858483,192608db42251d675da83286b1cce702)
Start importing Assets/CorgiEngine/ThirdParty/MoreMountains/MMInterface/Common/Animations/Buttons/Animators/ButtonAnimatorOneTimeShake.overrideController using Guid(5119b9afa7df8f447b4ff217f73cd24a) Importer(2089858483,192608db42251d675da83286b1cce702) (ScriptedImporter) -> (artifact id: '1198e7a01d4b14120e8e4e40f13adc7e') in 0.0296726 seconds
Number of updated asset objects reloaded before import = 0Number of asset objects unloaded after import = 20

========================================================================
Received Import Request.
  Time since last request: 0.000036 seconds.
  path: Assets/CorgiEngine/ThirdParty/MoreMountains/InventoryEngine/Demos/PixelRogue/Resources/Items/Apple.asset
  artifactKey: Guid(40876a02f1980694e94d7190565ee90c) Importer(2089858483,192608db42251d675da83286b1cce702)
Start importing Assets/CorgiEngine/ThirdParty/MoreMountains/InventoryEngine/Demos/PixelRogue/Resources/Items/Apple.asset using Guid(40876a02f1980694e94d7190565ee90c) Importer(2089858483,192608db42251d675da83286b1cce702) (ScriptedImporter) -> (artifact id: 'be1e7a1ce0131533568c9c79ea6e882c') in 0.0496624 seconds
Number of updated asset objects reloaded before import = 0Number of asset objects unloaded after import = 11

========================================================================
Received Import Request.
  Time since last request: 0.000028 seconds.
  path: Assets/CorgiEngine/ThirdParty/MoreMountains/MMFeedbacks/Demos/SequencingDemo/Sounds/Kit/MMSequencingTom2.wav
  artifactKey: Guid(f6ab044088180434289122e41199a631) Importer(2089858483,192608db42251d675da83286b1cce702)
Start importing Assets/CorgiEngine/ThirdParty/MoreMountains/MMFeedbacks/Demos/SequencingDemo/Sounds/Kit/MMSequencingTom2.wav using Guid(f6ab044088180434289122e41199a631) Importer(2089858483,192608db42251d675da83286b1cce702) (ScriptedImporter) -> (artifact id: '45d9f5689d5f474545c8c7dc3c785ce9') in 0.0661 seconds
Number of updated asset objects reloaded before import = 0Number of asset objects unloaded after import = 1

========================================================================
Received Import Request.
  Time since last request: 0.000049 seconds.
  path: Assets/CorgiEngine/ThirdParty/MoreMountains/InventoryEngine/Demos/PixelRogue/Prefabs/ItemsPickers/Shotgun.prefab
  artifactKey: Guid(02fadec34ca113040bfb587f3f848c1a) Importer(2089858483,192608db42251d675da83286b1cce702)
Start importing Assets/CorgiEngine/ThirdParty/MoreMountains/InventoryEngine/Demos/PixelRogue/Prefabs/ItemsPickers/Shotgun.prefab using Guid(02fadec34ca113040bfb587f3f848c1a) Importer(2089858483,192608db42251d675da83286b1cce702) (ScriptedImporter) -> (artifact id: '94644f615d903f7ace769a45ac7a5744') in 0.0507053 seconds
Number of updated asset objects reloaded before import = 0Number of asset objects unloaded after import = 11

========================================================================
Received Import Request.
  Time since last request: 0.000031 seconds.
  path: Assets/CorgiEngine/ThirdParty/MoreMountains/MMFeedbacks/Demos/MMFeedbacksDemo/Models/Dude/MMFeedbackDemoDude@Idle.fbx
  artifactKey: Guid(b2fccabcb9892894a8720b37575d77ad) Importer(2089858483,192608db42251d675da83286b1cce702)
Start importing Assets/CorgiEngine/ThirdParty/MoreMountains/MMFeedbacks/Demos/MMFeedbacksDemo/Models/Dude/MMFeedbackDemoDude@Idle.fbx using Guid(b2fccabcb9892894a8720b37575d77ad) Importer(2089858483,192608db42251d675da83286b1cce702) (ScriptedImporter) -> (artifact id: '5a4c793a3e088e703a89d9900804a820') in 0.0499741 seconds
Number of updated asset objects reloaded before import = 0Number of asset objects unloaded after import = 88

========================================================================
Received Import Request.
  Time since last request: 0.000022 seconds.
  path: Assets/CorgiEngine/ThirdParty/MoreMountains/MMInterface/Common/Animations/Buttons/Animators/ButtonAnimatorOneTimeFlipVertical.overrideController
  artifactKey: Guid(db90d1cd07b0f9a408b72db286cfd007) Importer(2089858483,192608db42251d675da83286b1cce702)
Start importing Assets/CorgiEngine/ThirdParty/MoreMountains/MMInterface/Common/Animations/Buttons/Animators/ButtonAnimatorOneTimeFlipVertical.overrideController using Guid(db90d1cd07b0f9a408b72db286cfd007) Importer(2089858483,192608db42251d675da83286b1cce702) (ScriptedImporter) -> (artifact id: '83300622924414720d98ff9b5ebfd580') in 0.0318909 seconds
Number of updated asset objects reloaded before import = 0Number of asset objects unloaded after import = 20

========================================================================
Received Import Request.
  Time since last request: 0.000043 seconds.
  path: Assets/CorgiEngine/ThirdParty/MoreMountains/InventoryEngine/Demos/PixelRogue/Resources/Items/Axe.asset
  artifactKey: Guid(af2c14f3bde655947aca0d6a7b8dbeb8) Importer(2089858483,192608db42251d675da83286b1cce702)
Start importing Assets/CorgiEngine/ThirdParty/MoreMountains/InventoryEngine/Demos/PixelRogue/Resources/Items/Axe.asset using Guid(af2c14f3bde655947aca0d6a7b8dbeb8) Importer(2089858483,192608db42251d675da83286b1cce702) (ScriptedImporter) -> (artifact id: '3a6f4450f64315596cadb858d17720cf') in 0.0392163 seconds
Number of updated asset objects reloaded before import = 0Number of asset objects unloaded after import = 10

========================================================================
Received Import Request.
  Time since last request: 0.000021 seconds.
  path: Assets/CorgiEngine/ThirdParty/MoreMountains/MMFeedbacks/Demos/SequencingDemo/Sounds/Kit/MMSequencingTick.wav
  artifactKey: Guid(52f2dda63dc1e0244b39ae9075007d4e) Importer(2089858483,192608db42251d675da83286b1cce702)
Start importing Assets/CorgiEngine/ThirdParty/MoreMountains/MMFeedbacks/Demos/SequencingDemo/Sounds/Kit/MMSequencingTick.wav using Guid(52f2dda63dc1e0244b39ae9075007d4e) Importer(2089858483,192608db42251d675da83286b1cce702) (ScriptedImporter) -> (artifact id: '57792cf1945f53007abc0b3e3c42131e') in 0.0592509 seconds
Number of updated asset objects reloaded before import = 0Number of asset objects unloaded after import = 1

========================================================================
Received Import Request.
  Time since last request: 0.000034 seconds.
  path: Assets/CorgiEngine/ThirdParty/MoreMountains/MMFeedbacks/Demos/MMFeedbacksDemo/Models/Dude/MMFeedbackDemoDude@TPose.fbx
  artifactKey: Guid(2a4a40e5b8a2c674d9d8d35164810540) Importer(2089858483,192608db42251d675da83286b1cce702)
Start importing Assets/CorgiEngine/ThirdParty/MoreMountains/MMFeedbacks/Demos/MMFeedbacksDemo/Models/Dude/MMFeedbackDemoDude@TPose.fbx using Guid(2a4a40e5b8a2c674d9d8d35164810540) Importer(2089858483,192608db42251d675da83286b1cce702) (ScriptedImporter) -> (artifact id: 'e07d33932d58db0ccca41c1ea138ce51') in 0.0720856 seconds
Number of updated asset objects reloaded before import = 0Number of asset objects unloaded after import = 94

========================================================================
Received Import Request.
  Time since last request: 0.000033 seconds.
  path: Assets/CorgiEngine/ThirdParty/MoreMountains/MMInterface/Styles/Mini/Fonts/Lato/Lato-Regular.ttf
  artifactKey: Guid(b44e0905eaa40914f9c28834f2843f19) Importer(2089858483,192608db42251d675da83286b1cce702)
Start importing Assets/CorgiEngine/ThirdParty/MoreMountains/MMInterface/Styles/Mini/Fonts/Lato/Lato-Regular.ttf using Guid(b44e0905eaa40914f9c28834f2843f19) Importer(2089858483,192608db42251d675da83286b1cce702) (ScriptedImporter) -> (artifact id: '76f531af42de0ddb682b555643f5651f') in 0.0331712 seconds
Number of updated asset objects reloaded before import = 0Number of asset objects unloaded after import = 3

========================================================================
Received Import Request.
  Time since last request: 0.000017 seconds.
  path: Assets/CorgiEngine/ThirdParty/MoreMountains/MMInterface/Common/Animations/Buttons/Animators/ButtonAnimatorOneTimeCloser.overrideController
  artifactKey: Guid(3b4defddb5912b34aab1281130aeb0de) Importer(2089858483,192608db42251d675da83286b1cce702)
Start importing Assets/CorgiEngine/ThirdParty/MoreMountains/MMInterface/Common/Animations/Buttons/Animators/ButtonAnimatorOneTimeCloser.overrideController using Guid(3b4defddb5912b34aab1281130aeb0de) Importer(2089858483,192608db42251d675da83286b1cce702) (ScriptedImporter) -> (artifact id: '9dbd3d1c73a937347cafd7ac9ac6a680') in 0.0299053 seconds
Number of updated asset objects reloaded before import = 0Number of asset objects unloaded after import = 20

========================================================================
Received Import Request.
  Time since last request: 0.000036 seconds.
  path: Assets/CorgiEngine/ThirdParty/MoreMountains/MMTools/Accessories/MMVFX/MMRipple/MMRippleCircle1.mat
  artifactKey: Guid(a1a494236fc81314c8aa9585a019ccdc) Importer(2089858483,192608db42251d675da83286b1cce702)
Start importing Assets/CorgiEngine/ThirdParty/MoreMountains/MMTools/Accessories/MMVFX/MMRipple/MMRippleCircle1.mat using Guid(a1a494236fc81314c8aa9585a019ccdc) Importer(2089858483,192608db42251d675da83286b1cce702) (ScriptedImporter) -> (artifact id: 'cacb8ae1408f37440bcf8558227f850d') in 0.0315425 seconds
Number of updated asset objects reloaded before import = 0Number of asset objects unloaded after import = 2

========================================================================
Received Import Request.
  Time since last request: 0.000030 seconds.
  path: Assets/CorgiEngine/ThirdParty/MoreMountains/InventoryEngine/Demos/PixelRogue/Resources/Items/Sword.asset
  artifactKey: Guid(2c6c3c9fc82f7484ab8b3ee19e0a0cad) Importer(2089858483,192608db42251d675da83286b1cce702)
Start importing Assets/CorgiEngine/ThirdParty/MoreMountains/InventoryEngine/Demos/PixelRogue/Resources/Items/Sword.asset using Guid(2c6c3c9fc82f7484ab8b3ee19e0a0cad) Importer(2089858483,192608db42251d675da83286b1cce702) (ScriptedImporter) -> (artifact id: 'b125fc0bb53c3956c6771b42a9adda5e') in 0.039027 seconds
Number of updated asset objects reloaded before import = 0Number of asset objects unloaded after import = 10

========================================================================
Received Import Request.
  Time since last request: 0.000023 seconds.
  path: Assets/CorgiEngine/ThirdParty/MoreMountains/MMInterface/Styles/Mini/Prefabs/Buttons/Blue/ButtonCircleSoundOff.prefab
  artifactKey: Guid(bfae910c7e4945246ba39e65381aeb9d) Importer(2089858483,192608db42251d675da83286b1cce702)
Start importing Assets/CorgiEngine/ThirdParty/MoreMountains/MMInterface/Styles/Mini/Prefabs/Buttons/Blue/ButtonCircleSoundOff.prefab using Guid(bfae910c7e4945246ba39e65381aeb9d) Importer(2089858483,192608db42251d675da83286b1cce702) (ScriptedImporter) -> (artifact id: '784f2380c66d4300492b85f81c8b881d') in 0.0403595 seconds
Number of updated asset objects reloaded before import = 0Number of asset objects unloaded after import = 41

========================================================================
Received Import Request.
  Time since last request: 0.000021 seconds.
  path: Assets/CorgiEngine/ThirdParty/MoreMountains/MMTools/Core/Editor/MMAudio/MMSoundManager/MMSoundManagerEditor.cs
  artifactKey: Guid(61a572ed6d10d874b96ae733ad19bed9) Importer(2089858483,192608db42251d675da83286b1cce702)
Start importing Assets/CorgiEngine/ThirdParty/MoreMountains/MMTools/Core/Editor/MMAudio/MMSoundManager/MMSoundManagerEditor.cs using Guid(61a572ed6d10d874b96ae733ad19bed9) Importer(2089858483,192608db42251d675da83286b1cce702) (ScriptedImporter) -> (artifact id: '96f94b1d1b0ec001871b71fd57622925') in 0.0207054 seconds
Number of updated asset objects reloaded before import = 0Number of asset objects unloaded after import = 0

========================================================================
Received Import Request.
  Time since last request: 0.000087 seconds.
  path: Assets/CorgiEngine/ThirdParty/MoreMountains/MMTools/Core/MMRadio/MMProperty/MMPropertyLink/MMPropertyLinkVector3.cs
  artifactKey: Guid(f28b7b1842189d04f8eb2c7093835fc8) Importer(2089858483,192608db42251d675da83286b1cce702)
Start importing Assets/CorgiEngine/ThirdParty/MoreMountains/MMTools/Core/MMRadio/MMProperty/MMPropertyLink/MMPropertyLinkVector3.cs using Guid(f28b7b1842189d04f8eb2c7093835fc8) Importer(2089858483,192608db42251d675da83286b1cce702) (ScriptedImporter) -> (artifact id: '1f9b253f397f8fd6dbf62ab71965548a') in 0.0231433 seconds
Number of updated asset objects reloaded before import = 0Number of asset objects unloaded after import = 0

========================================================================
Received Import Request.
  Time since last request: 0.000081 seconds.
  path: Assets/CorgiEngine/ThirdParty/MoreMountains/MMInterface/Styles/Mini/Prefabs/Buttons/Blue/ButtonSquareSoundOn.prefab
  artifactKey: Guid(1b2b1ed5fac828f48b92649d06f070a5) Importer(2089858483,192608db42251d675da83286b1cce702)
Start importing Assets/CorgiEngine/ThirdParty/MoreMountains/MMInterface/Styles/Mini/Prefabs/Buttons/Blue/ButtonSquareSoundOn.prefab using Guid(1b2b1ed5fac828f48b92649d06f070a5) Importer(2089858483,192608db42251d675da83286b1cce702) (ScriptedImporter) -> (artifact id: '10a7714fab154199ce4e787e9fa22123') in 0.0441674 seconds
Number of updated asset objects reloaded before import = 0Number of asset objects unloaded after import = 41

========================================================================
Received Import Request.
  Time since last request: 0.000024 seconds.
  path: Assets/CorgiEngine/ThirdParty/MoreMountains/MMTools/Accessories/MMDebugMenu/Scripts/Tabs/MMDebugMenuTabManager.cs
  artifactKey: Guid(6caabe887d9340e4cae45cc9f41897dc) Importer(2089858483,192608db42251d675da83286b1cce702)
Start importing Assets/CorgiEngine/ThirdParty/MoreMountains/MMTools/Accessories/MMDebugMenu/Scripts/Tabs/MMDebugMenuTabManager.cs using Guid(6caabe887d9340e4cae45cc9f41897dc) Importer(2089858483,192608db42251d675da83286b1cce702) (ScriptedImporter) -> (artifact id: '97a8878cb6cf4781ed68c88a0e59cfe5') in 0.0225765 seconds
Number of updated asset objects reloaded before import = 0Number of asset objects unloaded after import = 0

========================================================================
Received Import Request.
  Time since last request: 0.000079 seconds.
  path: Assets/CorgiEngine/ThirdParty/MoreMountains/MMTools/Accessories/MMPrototypeTextures/Textures/MMProtoTextures/MMProtoTextures_YellowFrame.png
  artifactKey: Guid(be61fc00179c05846a6cdba7c2683514) Importer(2089858483,192608db42251d675da83286b1cce702)
Start importing Assets/CorgiEngine/ThirdParty/MoreMountains/MMTools/Accessories/MMPrototypeTextures/Textures/MMProtoTextures/MMProtoTextures_YellowFrame.png using Guid(be61fc00179c05846a6cdba7c2683514) Importer(2089858483,192608db42251d675da83286b1cce702) (ScriptedImporter) -> (artifact id: '7d49f6e6c5b90161811c18f32129076a') in 0.0436054 seconds
Number of updated asset objects reloaded before import = 0Number of asset objects unloaded after import = 1

========================================================================
Received Import Request.
  Time since last request: 0.000019 seconds.
  path: Assets/CorgiEngine/ThirdParty/MoreMountains/MMTools/Accessories/MMPrototypeTextures/Textures/MMProtoTextures/MMProtoTextures_RedSquares.png
  artifactKey: Guid(0bdb020a90b5f5247ab5695053e84e11) Importer(2089858483,192608db42251d675da83286b1cce702)
Start importing Assets/CorgiEngine/ThirdParty/MoreMountains/MMTools/Accessories/MMPrototypeTextures/Textures/MMProtoTextures/MMProtoTextures_RedSquares.png using Guid(0bdb020a90b5f5247ab5695053e84e11) Importer(2089858483,192608db42251d675da83286b1cce702) (ScriptedImporter) -> (artifact id: '2cd92c7c9c717f8b029c197944a823de') in 0.0424389 seconds
Number of updated asset objects reloaded before import = 0Number of asset objects unloaded after import = 1

========================================================================
Received Import Request.
  Time since last request: 0.000022 seconds.
  path: Assets/CorgiEngine/ThirdParty/MoreMountains/MMTools/Core/MMSceneLoading/Scripts/Helpers/MMLoadScene.cs
  artifactKey: Guid(d9251a9f35d2c384a9e26195e0c63ee9) Importer(2089858483,192608db42251d675da83286b1cce702)
Start importing Assets/CorgiEngine/ThirdParty/MoreMountains/MMTools/Core/MMSceneLoading/Scripts/Helpers/MMLoadScene.cs using Guid(d9251a9f35d2c384a9e26195e0c63ee9) Importer(2089858483,192608db42251d675da83286b1cce702) (ScriptedImporter) -> (artifact id: 'e3a31c0b696bb3732a21ea9b9eb7c490') in 0.0255976 seconds
Number of updated asset objects reloaded before import = 0Number of asset objects unloaded after import = 0

========================================================================
Received Import Request.
  Time since last request: 0.000027 seconds.
  path: Assets/CorgiEngine/ThirdParty/MoreMountains/MMInterface/Styles/Mini/Prefabs/Buttons/Cyan/ButtonCircleCheck.prefab
  artifactKey: Guid(dc07dc5fb0d1ce74e87555fff81237b2) Importer(2089858483,192608db42251d675da83286b1cce702)
Start importing Assets/CorgiEngine/ThirdParty/MoreMountains/MMInterface/Styles/Mini/Prefabs/Buttons/Cyan/ButtonCircleCheck.prefab using Guid(dc07dc5fb0d1ce74e87555fff81237b2) Importer(2089858483,192608db42251d675da83286b1cce702) (ScriptedImporter) -> (artifact id: '27bd67770f82f8caed53d23ca700ded9') in 0.0375368 seconds
Number of updated asset objects reloaded before import = 0Number of asset objects unloaded after import = 41

========================================================================
Received Import Request.
  Time since last request: 0.000032 seconds.
  path: Assets/CorgiEngine/ThirdParty/MoreMountains/MMTools/Accessories/MMDebugMenu/Scripts/Tabs/MMDebugMenuTab.cs
  artifactKey: Guid(5fe2233d73fc8b7449e98cbeb826216a) Importer(2089858483,192608db42251d675da83286b1cce702)
Start importing Assets/CorgiEngine/ThirdParty/MoreMountains/MMTools/Accessories/MMDebugMenu/Scripts/Tabs/MMDebugMenuTab.cs using Guid(5fe2233d73fc8b7449e98cbeb826216a) Importer(2089858483,192608db42251d675da83286b1cce702) (ScriptedImporter) -> (artifact id: '0eb2d7a2fe889cb15c66657ee6169c13') in 0.0259118 seconds
Number of updated asset objects reloaded before import = 0Number of asset objects unloaded after import = 0

========================================================================
Received Import Request.
  Time since last request: 0.000141 seconds.
  path: Assets/CorgiEngine/ThirdParty/MoreMountains/MMInterface/Styles/Mini/Prefabs/Buttons/Blue/ButtonCircleCheck.prefab
  artifactKey: Guid(127226171c980404987d4f75ae445f16) Importer(2089858483,192608db42251d675da83286b1cce702)
Start importing Assets/CorgiEngine/ThirdParty/MoreMountains/MMInterface/Styles/Mini/Prefabs/Buttons/Blue/ButtonCircleCheck.prefab using Guid(127226171c980404987d4f75ae445f16) Importer(2089858483,192608db42251d675da83286b1cce702) (ScriptedImporter) -> (artifact id: '1790bcd2183fe18ccc342db3c3e80e14') in 0.0356327 seconds
Number of updated asset objects reloaded before import = 0Number of asset objects unloaded after import = 41

========================================================================
Received Import Request.
  Time since last request: 0.000022 seconds.
  path: Assets/CorgiEngine/ThirdParty/MoreMountains/MMTools/Accessories/MMPrototypeTextures/Textures/MMProtoTextures/MMProtoTextures_BlueCrosses.png
  artifactKey: Guid(3940f67cfdf57d642894f21532af98e6) Importer(2089858483,192608db42251d675da83286b1cce702)
Start importing Assets/CorgiEngine/ThirdParty/MoreMountains/MMTools/Accessories/MMPrototypeTextures/Textures/MMProtoTextures/MMProtoTextures_BlueCrosses.png using Guid(3940f67cfdf57d642894f21532af98e6) Importer(2089858483,192608db42251d675da83286b1cce702) (ScriptedImporter) -> (artifact id: 'd8ae8344358e5c4dfd01f3974c1231fc') in 0.0447479 seconds
Number of updated asset objects reloaded before import = 0Number of asset objects unloaded after import = 1

========================================================================
Received Import Request.
  Time since last request: 0.000151 seconds.
  path: Assets/CorgiEngine/ThirdParty/MoreMountains/MMTools/Accessories/MMPrototypeTextures/Textures/MMProtoTextures/MMProtoTextures_YellowCrosses.png
  artifactKey: Guid(e7bd931b85ae0b54a86af9439440b98b) Importer(2089858483,192608db42251d675da83286b1cce702)
Start importing Assets/CorgiEngine/ThirdParty/MoreMountains/MMTools/Accessories/MMPrototypeTextures/Textures/MMProtoTextures/MMProtoTextures_YellowCrosses.png using Guid(e7bd931b85ae0b54a86af9439440b98b) Importer(2089858483,192608db42251d675da83286b1cce702) (ScriptedImporter) -> (artifact id: '532d8c66ee41d08841ee97c1e55941a1') in 0.0473764 seconds
Number of updated asset objects reloaded before import = 0Number of asset objects unloaded after import = 1

========================================================================
Received Import Request.
  Time since last request: 0.000031 seconds.
  path: Assets/CorgiEngine/ThirdParty/MoreMountains/MMTools/Demos/MMTween/Fonts/Lato/OFL.txt
  artifactKey: Guid(d6822e89519d32f4898fafd42f78e8fe) Importer(2089858483,192608db42251d675da83286b1cce702)
Start importing Assets/CorgiEngine/ThirdParty/MoreMountains/MMTools/Demos/MMTween/Fonts/Lato/OFL.txt using Guid(d6822e89519d32f4898fafd42f78e8fe) Importer(2089858483,192608db42251d675da83286b1cce702) (ScriptedImporter) -> (artifact id: '3141f5a92bb40b74124381136875d04e') in 0.0321868 seconds
Number of updated asset objects reloaded before import = 0Number of asset objects unloaded after import = 1

========================================================================
Received Import Request.
  Time since last request: 0.000056 seconds.
  path: Assets/CorgiEngine/ThirdParty/MoreMountains/MMTools/Core/MMAudio/MMSoundManager/Settings/MMSoundManagerAudioMixer.mixer
  artifactKey: Guid(7e984f512e89b60468e829489e8883e3) Importer(2089858483,192608db42251d675da83286b1cce702)
Start importing Assets/CorgiEngine/ThirdParty/MoreMountains/MMTools/Core/MMAudio/MMSoundManager/Settings/MMSoundManagerAudioMixer.mixer using Guid(7e984f512e89b60468e829489e8883e3) Importer(2089858483,192608db42251d675da83286b1cce702) (ScriptedImporter)Refreshing native plugins compatible for Editor in 26.89 ms, found 2 plugins.
Preloading 0 native plugins for Editor in 0.00 ms.
 -> (artifact id: 'b5cdeab01b9aba8102f468ce41e49229') in 0.0938241 seconds
Number of updated asset objects reloaded before import = 0Number of asset objects unloaded after import = 11

========================================================================
Received Import Request.
  Time since last request: 0.000032 seconds.
  path: Assets/CorgiEngine/ThirdParty/MoreMountains/MMInterface/Styles/Mini/Prefabs/Buttons/Blue/ButtonCircleChevron.prefab
  artifactKey: Guid(41668632eb779e84a937baacaad81991) Importer(2089858483,192608db42251d675da83286b1cce702)
Start importing Assets/CorgiEngine/ThirdParty/MoreMountains/MMInterface/Styles/Mini/Prefabs/Buttons/Blue/ButtonCircleChevron.prefab using Guid(41668632eb779e84a937baacaad81991) Importer(2089858483,192608db42251d675da83286b1cce702) (ScriptedImporter) -> (artifact id: '6d460593db8db67e78fa36b5fcb5effc') in 0.039605 seconds
Number of updated asset objects reloaded before import = 0Number of asset objects unloaded after import = 41

========================================================================
Received Import Request.
  Time since last request: 0.000060 seconds.
  path: Assets/CorgiEngine/ThirdParty/MoreMountains/MMTools/Accessories/MMPrototypeTextures/MMBRP_Materials/Neutral/MMBRP_NeutralCheckers.mat
  artifactKey: Guid(98f9943149e70e84f969f66047eb997f) Importer(2089858483,192608db42251d675da83286b1cce702)
Start importing Assets/CorgiEngine/ThirdParty/MoreMountains/MMTools/Accessories/MMPrototypeTextures/MMBRP_Materials/Neutral/MMBRP_NeutralCheckers.mat using Guid(98f9943149e70e84f969f66047eb997f) Importer(2089858483,192608db42251d675da83286b1cce702) (ScriptedImporter) -> (artifact id: 'b6b4c419f5ddbb7d7d0304a5d9e0c297') in 0.0465566 seconds
Number of updated asset objects reloaded before import = 0Number of asset objects unloaded after import = 4

========================================================================
Received Import Request.
  Time since last request: 0.000047 seconds.
  path: Assets/CorgiEngine/ThirdParty/MoreMountains/MMTools/Core/MMAudio/MMSoundManager/Events/MMSoundManagerTrackFadeEvent.cs
  artifactKey: Guid(03dee039a0942664ba28a68a924bd105) Importer(2089858483,192608db42251d675da83286b1cce702)
Start importing Assets/CorgiEngine/ThirdParty/MoreMountains/MMTools/Core/MMAudio/MMSoundManager/Events/MMSoundManagerTrackFadeEvent.cs using Guid(03dee039a0942664ba28a68a924bd105) Importer(2089858483,192608db42251d675da83286b1cce702) (ScriptedImporter) -> (artifact id: 'cdb7a8b964890a3306d656dd9fddba29') in 0.0233085 seconds
Number of updated asset objects reloaded before import = 0Number of asset objects unloaded after import = 0

========================================================================
Received Import Request.
  Time since last request: 0.000024 seconds.
  path: Assets/CorgiEngine/ThirdParty/MoreMountains/MMTools/Core/MMAudio/MMSoundManager/Events/MMSoundManagerSoundControlEvent.cs
  artifactKey: Guid(c47cf85e660a3714e98c5ac0a9c153cd) Importer(2089858483,192608db42251d675da83286b1cce702)
Start importing Assets/CorgiEngine/ThirdParty/MoreMountains/MMTools/Core/MMAudio/MMSoundManager/Events/MMSoundManagerSoundControlEvent.cs using Guid(c47cf85e660a3714e98c5ac0a9c153cd) Importer(2089858483,192608db42251d675da83286b1cce702) (ScriptedImporter) -> (artifact id: '6675ba79c9ac058c96f1cf1123238ca1') in 0.0214499 seconds
Number of updated asset objects reloaded before import = 0Number of asset objects unloaded after import = 0

========================================================================
Received Import Request.
  Time since last request: 0.000100 seconds.
  path: Assets/CorgiEngine/ThirdParty/MoreMountains/MMTools/Accessories/MMPrototypeTextures/Textures/MMCheckers/MMCheckers.png
  artifactKey: Guid(ff6ef20764af32745ad151687042db56) Importer(2089858483,192608db42251d675da83286b1cce702)
Start importing Assets/CorgiEngine/ThirdParty/MoreMountains/MMTools/Accessories/MMPrototypeTextures/Textures/MMCheckers/MMCheckers.png using Guid(ff6ef20764af32745ad151687042db56) Importer(2089858483,192608db42251d675da83286b1cce702) (ScriptedImporter) -> (artifact id: 'c7e84681dbd22cf6ed6e03a44494faa6') in 0.0445542 seconds
Number of updated asset objects reloaded before import = 0Number of asset objects unloaded after import = 1

========================================================================
Received Import Request.
  Time since last request: 0.000047 seconds.
  path: Assets/CorgiEngine/ThirdParty/MoreMountains/MMTools/Core/MMAudio/MMSoundManager/Events/MMSoundManagerEvent.cs
  artifactKey: Guid(0f7449660378a3c4aa7ab771c5a336ea) Importer(2089858483,192608db42251d675da83286b1cce702)
Start importing Assets/CorgiEngine/ThirdParty/MoreMountains/MMTools/Core/MMAudio/MMSoundManager/Events/MMSoundManagerEvent.cs using Guid(0f7449660378a3c4aa7ab771c5a336ea) Importer(2089858483,192608db42251d675da83286b1cce702) (ScriptedImporter) -> (artifact id: '431efce0a449415dcd6623fd434fbc01') in 0.0219748 seconds
Number of updated asset objects reloaded before import = 0Number of asset objects unloaded after import = 0

========================================================================
Received Import Request.
  Time since last request: 0.000049 seconds.
  path: Assets/CorgiEngine/ThirdParty/MoreMountains/MMInterface/Styles/Mini/Prefabs/Buttons/Blue/ButtonRound.prefab
  artifactKey: Guid(b5dde6958293f084c9f104eb7987fa98) Importer(2089858483,192608db42251d675da83286b1cce702)
Start importing Assets/CorgiEngine/ThirdParty/MoreMountains/MMInterface/Styles/Mini/Prefabs/Buttons/Blue/ButtonRound.prefab using Guid(b5dde6958293f084c9f104eb7987fa98) Importer(2089858483,192608db42251d675da83286b1cce702) (ScriptedImporter) -> (artifact id: '395f9f86e1014f127765a175219e489e') in 0.0569132 seconds
Number of updated asset objects reloaded before import = 0Number of asset objects unloaded after import = 43

========================================================================
Received Import Request.
  Time since last request: 0.000030 seconds.
  path: Assets/CorgiEngine/ThirdParty/MoreMountains/MMTools/Accessories/MMPrototypeTextures/Textures/MMProtoTextures/MMProtoTextures_BlueDots.png
  artifactKey: Guid(bdc5330a25b04664fbea7584bb62d859) Importer(2089858483,192608db42251d675da83286b1cce702)
Start importing Assets/CorgiEngine/ThirdParty/MoreMountains/MMTools/Accessories/MMPrototypeTextures/Textures/MMProtoTextures/MMProtoTextures_BlueDots.png using Guid(bdc5330a25b04664fbea7584bb62d859) Importer(2089858483,192608db42251d675da83286b1cce702) (ScriptedImporter) -> (artifact id: '77b635d5b873fdedbf610f4a4870fb39') in 0.0592203 seconds
Number of updated asset objects reloaded before import = 0Number of asset objects unloaded after import = 1

========================================================================
Received Import Request.
  Time since last request: 0.000032 seconds.
  path: Assets/CorgiEngine/ThirdParty/MoreMountains/MMTools/Accessories/MMPrototypeTextures/Textures/MMProtoTextures/MMProtoTextures_RedFrame.png
  artifactKey: Guid(e9ef29555e27c764193e85d5ac4cf4f4) Importer(2089858483,192608db42251d675da83286b1cce702)
Start importing Assets/CorgiEngine/ThirdParty/MoreMountains/MMTools/Accessories/MMPrototypeTextures/Textures/MMProtoTextures/MMProtoTextures_RedFrame.png using Guid(e9ef29555e27c764193e85d5ac4cf4f4) Importer(2089858483,192608db42251d675da83286b1cce702) (ScriptedImporter) -> (artifact id: '3e32a9c2f83af4c1fe2c4e3e2ffe4bdd') in 0.0472497 seconds
Number of updated asset objects reloaded before import = 0Number of asset objects unloaded after import = 1

========================================================================
Received Import Request.
  Time since last request: 0.000025 seconds.
  path: Assets/CorgiEngine/ThirdParty/MoreMountains/MMTools/Accessories/MMVFX/MMParticles/MMParticlesBolt.png
  artifactKey: Guid(4b2f59655d77fdd40bca0d6809adad81) Importer(2089858483,192608db42251d675da83286b1cce702)
Start importing Assets/CorgiEngine/ThirdParty/MoreMountains/MMTools/Accessories/MMVFX/MMParticles/MMParticlesBolt.png using Guid(4b2f59655d77fdd40bca0d6809adad81) Importer(2089858483,192608db42251d675da83286b1cce702) (ScriptedImporter) -> (artifact id: 'd29607946eb8565b72b71d4a0206d590') in 0.0570254 seconds
Number of updated asset objects reloaded before import = 0Number of asset objects unloaded after import = 1

========================================================================
Received Import Request.
  Time since last request: 0.000025 seconds.
  path: Assets/CorgiEngine/ThirdParty/MoreMountains/InventoryEngine/Demos/PixelRogue/Resources/Items/Shotgun.asset
  artifactKey: Guid(0eacf46436520d74582db44f12c66fed) Importer(2089858483,192608db42251d675da83286b1cce702)
Start importing Assets/CorgiEngine/ThirdParty/MoreMountains/InventoryEngine/Demos/PixelRogue/Resources/Items/Shotgun.asset using Guid(0eacf46436520d74582db44f12c66fed) Importer(2089858483,192608db42251d675da83286b1cce702) (ScriptedImporter) -> (artifact id: '92609a8654428800e793ab42e3934882') in 0.0408277 seconds
Number of updated asset objects reloaded before import = 0Number of asset objects unloaded after import = 10

========================================================================
Received Import Request.
  Time since last request: 0.000021 seconds.
  path: Assets/CorgiEngine/ThirdParty/MoreMountains/MMFeedbacks/MMFeedbacksForThirdParty/MMTools/Feedbacks/MMF_ImageAlpha.cs
  artifactKey: Guid(14a47d8bf77ba3943a535dae0d46e99d) Importer(2089858483,192608db42251d675da83286b1cce702)
Start importing Assets/CorgiEngine/ThirdParty/MoreMountains/MMFeedbacks/MMFeedbacksForThirdParty/MMTools/Feedbacks/MMF_ImageAlpha.cs using Guid(14a47d8bf77ba3943a535dae0d46e99d) Importer(2089858483,192608db42251d675da83286b1cce702) (ScriptedImporter) -> (artifact id: '88a31dadbfe474c719e65110ea1a22d0') in 0.0250134 seconds
Number of updated asset objects reloaded before import = 0Number of asset objects unloaded after import = 0

========================================================================
Received Import Request.
  Time since last request: 0.000049 seconds.
  path: Assets/CorgiEngine/ThirdParty/MoreMountains/InventoryEngine/Demos/PixelRogue/Sprites/PixelInventorySelectorIdle.anim
  artifactKey: Guid(86108278c48c3044c9d742004a9adf8a) Importer(2089858483,192608db42251d675da83286b1cce702)
Start importing Assets/CorgiEngine/ThirdParty/MoreMountains/InventoryEngine/Demos/PixelRogue/Sprites/PixelInventorySelectorIdle.anim using Guid(86108278c48c3044c9d742004a9adf8a) Importer(2089858483,192608db42251d675da83286b1cce702) (ScriptedImporter) -> (artifact id: 'a9e373b40db45dccad8b3f30ee3ffb5d') in 0.0275641 seconds
Number of updated asset objects reloaded before import = 0Number of asset objects unloaded after import = 1

========================================================================
Received Import Request.
  Time since last request: 0.000061 seconds.
  path: Assets/CorgiEngine/ThirdParty/MoreMountains/MMInterface/Styles/Mini/Prefabs/Buttons/DarkerGrey/ButtonSquareMusic.prefab
  artifactKey: Guid(2aa229e4bce2222408aa188bff98b7d6) Importer(2089858483,192608db42251d675da83286b1cce702)
Start importing Assets/CorgiEngine/ThirdParty/MoreMountains/MMInterface/Styles/Mini/Prefabs/Buttons/DarkerGrey/ButtonSquareMusic.prefab using Guid(2aa229e4bce2222408aa188bff98b7d6) Importer(2089858483,192608db42251d675da83286b1cce702) (ScriptedImporter) -> (artifact id: '7172de3d558a48f617454409996c6883') in 0.0490562 seconds
Number of updated asset objects reloaded before import = 0Number of asset objects unloaded after import = 41

========================================================================
Received Import Request.
  Time since last request: 0.000040 seconds.
  path: Assets/CorgiEngine/ThirdParty/MoreMountains/MMInterface/Styles/Mini/Prefabs/Buttons/DarkGrey/ButtonSquareHeart.prefab
  artifactKey: Guid(cfc802b51ba81f64395769f7ef7fb41b) Importer(2089858483,192608db42251d675da83286b1cce702)
Start importing Assets/CorgiEngine/ThirdParty/MoreMountains/MMInterface/Styles/Mini/Prefabs/Buttons/DarkGrey/ButtonSquareHeart.prefab using Guid(cfc802b51ba81f64395769f7ef7fb41b) Importer(2089858483,192608db42251d675da83286b1cce702) (ScriptedImporter) -> (artifact id: '44b4f3abecdc834297b3c748db5c794e') in 0.0507474 seconds
Number of updated asset objects reloaded before import = 0Number of asset objects unloaded after import = 42

========================================================================
Received Import Request.
  Time since last request: 0.000042 seconds.
  path: Assets/CorgiEngine/ThirdParty/MoreMountains/MMInterface/Styles/Mini/Prefabs/Buttons/DarkGrey/ButtonCircleGear.prefab
  artifactKey: Guid(b2e8bb5ff6832e44abcb6118dfe4f6fd) Importer(2089858483,192608db42251d675da83286b1cce702)
Start importing Assets/CorgiEngine/ThirdParty/MoreMountains/MMInterface/Styles/Mini/Prefabs/Buttons/DarkGrey/ButtonCircleGear.prefab using Guid(b2e8bb5ff6832e44abcb6118dfe4f6fd) Importer(2089858483,192608db42251d675da83286b1cce702) (ScriptedImporter) -> (artifact id: 'fd4d7b1fa530769ad72df1d3b5661b52') in 0.0516748 seconds
Number of updated asset objects reloaded before import = 0Number of asset objects unloaded after import = 42

========================================================================
Received Import Request.
  Time since last request: 0.000048 seconds.
  path: Assets/CorgiEngine/ThirdParty/MoreMountains/MMInterface/Styles/Mini/Prefabs/Buttons/Green/ButtonSquareSoundOff.prefab
  artifactKey: Guid(45bb7ffa9fee82d418b17731a2fdad49) Importer(2089858483,192608db42251d675da83286b1cce702)
Start importing Assets/CorgiEngine/ThirdParty/MoreMountains/MMInterface/Styles/Mini/Prefabs/Buttons/Green/ButtonSquareSoundOff.prefab using Guid(45bb7ffa9fee82d418b17731a2fdad49) Importer(2089858483,192608db42251d675da83286b1cce702) (ScriptedImporter) -> (artifact id: 'fcad8f0455eb1accdb37dd427d7e7b03') in 0.0504884 seconds
Number of updated asset objects reloaded before import = 0Number of asset objects unloaded after import = 42

========================================================================
Received Import Request.
  Time since last request: 0.000028 seconds.
  path: Assets/CorgiEngine/ThirdParty/MoreMountains/MMInterface/Styles/Mini/Prefabs/Buttons/Green/ButtonCircleArrow.prefab
  artifactKey: Guid(7dbf20d0ed352854c8f10419e076cb10) Importer(2089858483,192608db42251d675da83286b1cce702)
Start importing Assets/CorgiEngine/ThirdParty/MoreMountains/MMInterface/Styles/Mini/Prefabs/Buttons/Green/ButtonCircleArrow.prefab using Guid(7dbf20d0ed352854c8f10419e076cb10) Importer(2089858483,192608db42251d675da83286b1cce702) (ScriptedImporter) -> (artifact id: 'b97f18ea889108cd70571159bbb72090') in 0.0410727 seconds
Number of updated asset objects reloaded before import = 0Number of asset objects unloaded after import = 42

========================================================================
Received Import Request.
  Time since last request: 0.000042 seconds.
  path: Assets/CorgiEngine/ThirdParty/MoreMountains/MMInterface/Styles/Mini/Prefabs/Buttons/DarkGrey/ButtonCircleCheck.prefab
  artifactKey: Guid(ebdebac336f3f30459af5f4fb839e76b) Importer(2089858483,192608db42251d675da83286b1cce702)
Start importing Assets/CorgiEngine/ThirdParty/MoreMountains/MMInterface/Styles/Mini/Prefabs/Buttons/DarkGrey/ButtonCircleCheck.prefab using Guid(ebdebac336f3f30459af5f4fb839e76b) Importer(2089858483,192608db42251d675da83286b1cce702) (ScriptedImporter) -> (artifact id: 'e643ccb9d98be0b93138262bc81566e5') in 0.044935 seconds
Number of updated asset objects reloaded before import = 0Number of asset objects unloaded after import = 42

========================================================================
Received Import Request.
  Time since last request: 0.000025 seconds.
  path: Assets/CorgiEngine/ThirdParty/MoreMountains/MMInterface/Styles/Mini/Prefabs/Buttons/DarkerGrey/ButtonSquareCross.prefab
  artifactKey: Guid(10a947c2472eb78469fb776658e91e00) Importer(2089858483,192608db42251d675da83286b1cce702)
Start importing Assets/CorgiEngine/ThirdParty/MoreMountains/MMInterface/Styles/Mini/Prefabs/Buttons/DarkerGrey/ButtonSquareCross.prefab using Guid(10a947c2472eb78469fb776658e91e00) Importer(2089858483,192608db42251d675da83286b1cce702) (ScriptedImporter) -> (artifact id: '5e6cc75e92e8080483ac60bcf89fe6bb') in 0.0445373 seconds
Number of updated asset objects reloaded before import = 0Number of asset objects unloaded after import = 41

========================================================================
Received Import Request.
  Time since last request: 0.000073 seconds.
  path: Assets/CorgiEngine/ThirdParty/MoreMountains/MMInterface/Styles/Mini/Prefabs/Buttons/DarkGrey/ButtonSquareCheck.prefab
  artifactKey: Guid(cec4374d725e641418169306a4b638fa) Importer(2089858483,192608db42251d675da83286b1cce702)
Start importing Assets/CorgiEngine/ThirdParty/MoreMountains/MMInterface/Styles/Mini/Prefabs/Buttons/DarkGrey/ButtonSquareCheck.prefab using Guid(cec4374d725e641418169306a4b638fa) Importer(2089858483,192608db42251d675da83286b1cce702) (ScriptedImporter) -> (artifact id: '567bcc0ee258d0104e2648151297ff0f') in 0.0446877 seconds
Number of updated asset objects reloaded before import = 0Number of asset objects unloaded after import = 42

========================================================================
Received Import Request.
  Time since last request: 0.000038 seconds.
  path: Assets/CorgiEngine/ThirdParty/MoreMountains/MMInterface/Styles/Mini/Prefabs/Buttons/Green/ButtonSquareHome.prefab
  artifactKey: Guid(e38a56231b421704d95e4b36ef5c28d6) Importer(2089858483,192608db42251d675da83286b1cce702)
Start importing Assets/CorgiEngine/ThirdParty/MoreMountains/MMInterface/Styles/Mini/Prefabs/Buttons/Green/ButtonSquareHome.prefab using Guid(e38a56231b421704d95e4b36ef5c28d6) Importer(2089858483,192608db42251d675da83286b1cce702) (ScriptedImporter) -> (artifact id: '2796b82bedf474c77d0567c7ada0bcf8') in 0.0493723 seconds
Number of updated asset objects reloaded before import = 0Number of asset objects unloaded after import = 42

========================================================================
Received Import Request.
  Time since last request: 0.000031 seconds.
  path: Assets/CorgiEngine/ThirdParty/MoreMountains/MMInterface/Styles/Mini/Prefabs/Buttons/DarkGrey/ButtonCircleHome.prefab
  artifactKey: Guid(26a1b03acea83154383acd0c73018a1f) Importer(2089858483,192608db42251d675da83286b1cce702)
Start importing Assets/CorgiEngine/ThirdParty/MoreMountains/MMInterface/Styles/Mini/Prefabs/Buttons/DarkGrey/ButtonCircleHome.prefab using Guid(26a1b03acea83154383acd0c73018a1f) Importer(2089858483,192608db42251d675da83286b1cce702) (ScriptedImporter) -> (artifact id: '20734159f528be130305ef3dd17fd75d') in 0.0408515 seconds
Number of updated asset objects reloaded before import = 0Number of asset objects unloaded after import = 42

========================================================================
Received Import Request.
  Time since last request: 0.000022 seconds.
  path: Assets/CorgiEngine/ThirdParty/MoreMountains/MMInterface/Styles/Mini/Prefabs/Buttons/Cyan/ButtonSquareCoin.prefab
  artifactKey: Guid(ca7d841189465cb42af376d570ebb61e) Importer(2089858483,192608db42251d675da83286b1cce702)
Start importing Assets/CorgiEngine/ThirdParty/MoreMountains/MMInterface/Styles/Mini/Prefabs/Buttons/Cyan/ButtonSquareCoin.prefab using Guid(ca7d841189465cb42af376d570ebb61e) Importer(2089858483,192608db42251d675da83286b1cce702) (ScriptedImporter) -> (artifact id: '25d53b305a4ddcfc99fd6d8ad009b234') in 0.0434848 seconds
Number of updated asset objects reloaded before import = 0Number of asset objects unloaded after import = 41

========================================================================
Received Import Request.
  Time since last request: 0.000050 seconds.
  path: Assets/CorgiEngine/ThirdParty/MoreMountains/MMInterface/Styles/Mini/Prefabs/Buttons/DarkerGrey/ButtonSquareStar.prefab
  artifactKey: Guid(87a37535234b2fa4684d0e393a607c17) Importer(2089858483,192608db42251d675da83286b1cce702)
Start importing Assets/CorgiEngine/ThirdParty/MoreMountains/MMInterface/Styles/Mini/Prefabs/Buttons/DarkerGrey/ButtonSquareStar.prefab using Guid(87a37535234b2fa4684d0e393a607c17) Importer(2089858483,192608db42251d675da83286b1cce702) (ScriptedImporter) -> (artifact id: '08bec8bdfc12a49668e248a8f53cd102') in 0.0389943 seconds
Number of updated asset objects reloaded before import = 0Number of asset objects unloaded after import = 41

========================================================================
Received Import Request.
  Time since last request: 0.000024 seconds.
  path: Assets/CorgiEngine/ThirdParty/MoreMountains/MMInterface/Styles/Mini/Prefabs/Buttons/DarkGrey/ButtonCircleStar.prefab
  artifactKey: Guid(fe8620862919edd408f381d8d677e388) Importer(2089858483,192608db42251d675da83286b1cce702)
Start importing Assets/CorgiEngine/ThirdParty/MoreMountains/MMInterface/Styles/Mini/Prefabs/Buttons/DarkGrey/ButtonCircleStar.prefab using Guid(fe8620862919edd408f381d8d677e388) Importer(2089858483,192608db42251d675da83286b1cce702) (ScriptedImporter) -> (artifact id: '7b699be671753f9036ba0900b6fd8f32') in 0.0445122 seconds
Number of updated asset objects reloaded before import = 0Number of asset objects unloaded after import = 42

========================================================================
Received Import Request.
  Time since last request: 0.000026 seconds.
  path: Assets/CorgiEngine/ThirdParty/MoreMountains/MMInterface/Styles/Mini/Prefabs/Buttons/Cyan/ButtonSquareChevron.prefab
  artifactKey: Guid(a8f203c6a7e50bf4d881370d457fc65b) Importer(2089858483,192608db42251d675da83286b1cce702)
Start importing Assets/CorgiEngine/ThirdParty/MoreMountains/MMInterface/Styles/Mini/Prefabs/Buttons/Cyan/ButtonSquareChevron.prefab using Guid(a8f203c6a7e50bf4d881370d457fc65b) Importer(2089858483,192608db42251d675da83286b1cce702) (ScriptedImporter) -> (artifact id: '94013e29e3a5e7636f88d793e64f49dc') in 0.0424991 seconds
Number of updated asset objects reloaded before import = 0Number of asset objects unloaded after import = 41

========================================================================
Received Import Request.
  Time since last request: 0.000041 seconds.
  path: Assets/CorgiEngine/ThirdParty/MoreMountains/MMInterface/Styles/Mini/Prefabs/Buttons/DarkGrey/ButtonSquareGear.prefab
  artifactKey: Guid(fd49d5905bae03c4a8ab283fffd0d04d) Importer(2089858483,192608db42251d675da83286b1cce702)
Start importing Assets/CorgiEngine/ThirdParty/MoreMountains/MMInterface/Styles/Mini/Prefabs/Buttons/DarkGrey/ButtonSquareGear.prefab using Guid(fd49d5905bae03c4a8ab283fffd0d04d) Importer(2089858483,192608db42251d675da83286b1cce702) (ScriptedImporter) -> (artifact id: '3d2b9caa4339c2d1c6188ae1b5a0b305') in 0.0415818 seconds
Number of updated asset objects reloaded before import = 0Number of asset objects unloaded after import = 42

========================================================================
Received Import Request.
  Time since last request: 0.000027 seconds.
  path: Assets/CorgiEngine/ThirdParty/MoreMountains/MMInterface/Styles/Mini/Prefabs/Buttons/DarkGrey/ButtonCircleCoin.prefab
  artifactKey: Guid(24c1d35de1b6d9943866025c10fe07c3) Importer(2089858483,192608db42251d675da83286b1cce702)
Start importing Assets/CorgiEngine/ThirdParty/MoreMountains/MMInterface/Styles/Mini/Prefabs/Buttons/DarkGrey/ButtonCircleCoin.prefab using Guid(24c1d35de1b6d9943866025c10fe07c3) Importer(2089858483,192608db42251d675da83286b1cce702) (ScriptedImporter) -> (artifact id: 'a55d7459ee46eb4de13aa095832826fd') in 0.0469871 seconds
Number of updated asset objects reloaded before import = 0Number of asset objects unloaded after import = 42

========================================================================
Received Import Request.
  Time since last request: 0.000038 seconds.
  path: Assets/CorgiEngine/ThirdParty/MoreMountains/MMInterface/Styles/Mini/Prefabs/Buttons/Green/ButtonCircleSoundOn.prefab
  artifactKey: Guid(709319d7150513240a79f866bfe0bb15) Importer(2089858483,192608db42251d675da83286b1cce702)
Start importing Assets/CorgiEngine/ThirdParty/MoreMountains/MMInterface/Styles/Mini/Prefabs/Buttons/Green/ButtonCircleSoundOn.prefab using Guid(709319d7150513240a79f866bfe0bb15) Importer(2089858483,192608db42251d675da83286b1cce702) (ScriptedImporter) -> (artifact id: 'a4ca66480feb6ad7497aa39a0b157570') in 0.0406663 seconds
Number of updated asset objects reloaded before import = 0Number of asset objects unloaded after import = 42

========================================================================
Received Import Request.
  Time since last request: 0.000026 seconds.
  path: Assets/CorgiEngine/ThirdParty/MoreMountains/MMInterface/Styles/Mini/Prefabs/Buttons/DarkerGrey/ButtonCircleChevron.prefab
  artifactKey: Guid(aa3b2ebd02146ff4e8591965834f28b6) Importer(2089858483,192608db42251d675da83286b1cce702)
Start importing Assets/CorgiEngine/ThirdParty/MoreMountains/MMInterface/Styles/Mini/Prefabs/Buttons/DarkerGrey/ButtonCircleChevron.prefab using Guid(aa3b2ebd02146ff4e8591965834f28b6) Importer(2089858483,192608db42251d675da83286b1cce702) (ScriptedImporter) -> (artifact id: '7c911738db9dbc750b1f50636d3b8c2b') in 0.0442758 seconds
Number of updated asset objects reloaded before import = 0Number of asset objects unloaded after import = 41

========================================================================
Received Import Request.
  Time since last request: 0.000017 seconds.
  path: Assets/CorgiEngine/ThirdParty/MoreMountains/MMInterface/Styles/Mini/Prefabs/Buttons/DarkerGrey/ButtonSquareSoundOff.prefab
  artifactKey: Guid(030db738264a96c4a8463fe269095a13) Importer(2089858483,192608db42251d675da83286b1cce702)
Start importing Assets/CorgiEngine/ThirdParty/MoreMountains/MMInterface/Styles/Mini/Prefabs/Buttons/DarkerGrey/ButtonSquareSoundOff.prefab using Guid(030db738264a96c4a8463fe269095a13) Importer(2089858483,192608db42251d675da83286b1cce702) (ScriptedImporter) -> (artifact id: 'fc333af23c56f41f3cb340bf862a0c2f') in 0.038815 seconds
Number of updated asset objects reloaded before import = 0Number of asset objects unloaded after import = 41

========================================================================
Received Import Request.
  Time since last request: 0.000022 seconds.
  path: Assets/CorgiEngine/ThirdParty/MoreMountains/MMInterface/Styles/Mini/Prefabs/Buttons/DarkerGrey/ButtonSquareDoubleChevron.prefab
  artifactKey: Guid(0cebcd5b9d547be46a8cd2d8b6b25cb5) Importer(2089858483,192608db42251d675da83286b1cce702)
Start importing Assets/CorgiEngine/ThirdParty/MoreMountains/MMInterface/Styles/Mini/Prefabs/Buttons/DarkerGrey/ButtonSquareDoubleChevron.prefab using Guid(0cebcd5b9d547be46a8cd2d8b6b25cb5) Importer(2089858483,192608db42251d675da83286b1cce702) (ScriptedImporter) -> (artifact id: 'c7fb0b84962e830ee270e77056e76050') in 0.0465786 seconds
Number of updated asset objects reloaded before import = 0Number of asset objects unloaded after import = 41

========================================================================
Received Import Request.
  Time since last request: 0.000023 seconds.
  path: Assets/CorgiEngine/ThirdParty/MoreMountains/MMInterface/Styles/Mini/Prefabs/Buttons/HorizontalGradientGreenToBlue/ButtonCircleHome.prefab
  artifactKey: Guid(10b23209ae712f24096eb02618388206) Importer(2089858483,192608db42251d675da83286b1cce702)
Start importing Assets/CorgiEngine/ThirdParty/MoreMountains/MMInterface/Styles/Mini/Prefabs/Buttons/HorizontalGradientGreenToBlue/ButtonCircleHome.prefab using Guid(10b23209ae712f24096eb02618388206) Importer(2089858483,192608db42251d675da83286b1cce702) (ScriptedImporter) -> (artifact id: '972c390f0d85b4ebd116990b895e2a80') in 0.04045 seconds
Number of updated asset objects reloaded before import = 0Number of asset objects unloaded after import = 43

========================================================================
Received Import Request.
  Time since last request: 0.000037 seconds.
  path: Assets/CorgiEngine/ThirdParty/MoreMountains/MMInterface/Styles/Mini/Prefabs/Buttons/HorizontalGradientGreenToBlue/ButtonCircleCheck.prefab
  artifactKey: Guid(a4100893c92bad048aabfe6fcf243581) Importer(2089858483,192608db42251d675da83286b1cce702)
Start importing Assets/CorgiEngine/ThirdParty/MoreMountains/MMInterface/Styles/Mini/Prefabs/Buttons/HorizontalGradientGreenToBlue/ButtonCircleCheck.prefab using Guid(a4100893c92bad048aabfe6fcf243581) Importer(2089858483,192608db42251d675da83286b1cce702) (ScriptedImporter) -> (artifact id: '1f2ea9d91a4f4f7dd7a4e102458fd067') in 0.0428809 seconds
Number of updated asset objects reloaded before import = 0Number of asset objects unloaded after import = 43

========================================================================
Received Import Request.
  Time since last request: 0.000025 seconds.
  path: Assets/CorgiEngine/ThirdParty/MoreMountains/MMInterface/Styles/Mini/Prefabs/Buttons/HorizontalGradientOrangeToPink/ButtonMain.prefab
  artifactKey: Guid(c4d8c010142c1cf42afafdd5dd52bf67) Importer(2089858483,192608db42251d675da83286b1cce702)
Start importing Assets/CorgiEngine/ThirdParty/MoreMountains/MMInterface/Styles/Mini/Prefabs/Buttons/HorizontalGradientOrangeToPink/ButtonMain.prefab using Guid(c4d8c010142c1cf42afafdd5dd52bf67) Importer(2089858483,192608db42251d675da83286b1cce702) (ScriptedImporter) -> (artifact id: '4ad60c565794398ecfc058563355f5aa') in 0.0429345 seconds
Number of updated asset objects reloaded before import = 0Number of asset objects unloaded after import = 45

========================================================================
Received Import Request.
  Time since last request: 0.000056 seconds.
  path: Assets/CorgiEngine/ThirdParty/MoreMountains/MMInterface/Styles/Mini/Prefabs/Buttons/HorizontalGradientOrangeToPink/ButtonCircleHome.prefab
  artifactKey: Guid(31bbc9ee5485829478a36ea207405a0e) Importer(2089858483,192608db42251d675da83286b1cce702)
Start importing Assets/CorgiEngine/ThirdParty/MoreMountains/MMInterface/Styles/Mini/Prefabs/Buttons/HorizontalGradientOrangeToPink/ButtonCircleHome.prefab using Guid(31bbc9ee5485829478a36ea207405a0e) Importer(2089858483,192608db42251d675da83286b1cce702) (ScriptedImporter) -> (artifact id: '901c22d0903d681ed1d4f02a04df9440') in 0.0467622 seconds
Number of updated asset objects reloaded before import = 0Number of asset objects unloaded after import = 43

========================================================================
Received Import Request.
  Time since last request: 0.000025 seconds.
  path: Assets/CorgiEngine/ThirdParty/MoreMountains/MMInterface/Styles/Mini/Prefabs/Buttons/Grey/ButtonAlt.prefab
  artifactKey: Guid(f0ff0f40e0892c144a7d5a3f95d92881) Importer(2089858483,192608db42251d675da83286b1cce702)
Start importing Assets/CorgiEngine/ThirdParty/MoreMountains/MMInterface/Styles/Mini/Prefabs/Buttons/Grey/ButtonAlt.prefab using Guid(f0ff0f40e0892c144a7d5a3f95d92881) Importer(2089858483,192608db42251d675da83286b1cce702) (ScriptedImporter) -> (artifact id: '67f3df61b990d7664da5c461ffa026d2') in 0.0500375 seconds
Number of updated asset objects reloaded before import = 0Number of asset objects unloaded after import = 44

========================================================================
Received Import Request.
  Time since last request: 0.000044 seconds.
  path: Assets/CorgiEngine/ThirdParty/MoreMountains/MMInterface/Styles/Mini/Prefabs/Buttons/HorizontalGradientOrangeToPink/ButtonSquareCoin.prefab
  artifactKey: Guid(086017f0edbf8e946bf93731c6e088cb) Importer(2089858483,192608db42251d675da83286b1cce702)
Start importing Assets/CorgiEngine/ThirdParty/MoreMountains/MMInterface/Styles/Mini/Prefabs/Buttons/HorizontalGradientOrangeToPink/ButtonSquareCoin.prefab using Guid(086017f0edbf8e946bf93731c6e088cb) Importer(2089858483,192608db42251d675da83286b1cce702) (ScriptedImporter) -> (artifact id: 'b7c3d32930c917c68aed4096348dec6f') in 0.0435395 seconds
Number of updated asset objects reloaded before import = 0Number of asset objects unloaded after import = 43

========================================================================
Received Import Request.
  Time since last request: 0.000028 seconds.
  path: Assets/CorgiEngine/ThirdParty/MoreMountains/MMInterface/Styles/Mini/Prefabs/Buttons/HorizontalGradientGreenToBlue/ButtonSquareCheck.prefab
  artifactKey: Guid(e793d1651121c564f80b08f1658f8ab4) Importer(2089858483,192608db42251d675da83286b1cce702)
Start importing Assets/CorgiEngine/ThirdParty/MoreMountains/MMInterface/Styles/Mini/Prefabs/Buttons/HorizontalGradientGreenToBlue/ButtonSquareCheck.prefab using Guid(e793d1651121c564f80b08f1658f8ab4) Importer(2089858483,192608db42251d675da83286b1cce702) (ScriptedImporter) -> (artifact id: '7ebc16c98599517cc5102c3b1dafef63') in 0.0458443 seconds
Number of updated asset objects reloaded before import = 0Number of asset objects unloaded after import = 43

========================================================================
Received Import Request.
  Time since last request: 0.000026 seconds.
  path: Assets/CorgiEngine/ThirdParty/MoreMountains/MMInterface/Styles/Mini/Prefabs/Buttons/HorizontalGradientGreenToBlue/ButtonSquareCoin.prefab
  artifactKey: Guid(4b15e902122d1d74386456260ccc39db) Importer(2089858483,192608db42251d675da83286b1cce702)
Start importing Assets/CorgiEngine/ThirdParty/MoreMountains/MMInterface/Styles/Mini/Prefabs/Buttons/HorizontalGradientGreenToBlue/ButtonSquareCoin.prefab using Guid(4b15e902122d1d74386456260ccc39db) Importer(2089858483,192608db42251d675da83286b1cce702) (ScriptedImporter) -> (artifact id: '562d41c7fc880dee74f1b5773d4dd79d') in 0.0380213 seconds
Number of updated asset objects reloaded before import = 0Number of asset objects unloaded after import = 43

========================================================================
Received Import Request.
  Time since last request: 0.000037 seconds.
  path: Assets/CorgiEngine/ThirdParty/MoreMountains/MMInterface/Styles/Mini/Prefabs/Buttons/Grey/ButtonCircleSoundOn.prefab
  artifactKey: Guid(0398a606e138d2f4ea3944725f559ab1) Importer(2089858483,192608db42251d675da83286b1cce702)
Start importing Assets/CorgiEngine/ThirdParty/MoreMountains/MMInterface/Styles/Mini/Prefabs/Buttons/Grey/ButtonCircleSoundOn.prefab using Guid(0398a606e138d2f4ea3944725f559ab1) Importer(2089858483,192608db42251d675da83286b1cce702) (ScriptedImporter) -> (artifact id: '166de02237b98f4db5936f3b2b64ba65') in 0.0420885 seconds
Number of updated asset objects reloaded before import = 0Number of asset objects unloaded after import = 42

========================================================================
Received Import Request.
  Time since last request: 0.000042 seconds.
  path: Assets/CorgiEngine/ThirdParty/MoreMountains/MMInterface/Styles/Mini/Prefabs/Buttons/Grey/ButtonSquareHeart.prefab
  artifactKey: Guid(b6e7eb44b48bc65449e0f8b0856ea831) Importer(2089858483,192608db42251d675da83286b1cce702)
Start importing Assets/CorgiEngine/ThirdParty/MoreMountains/MMInterface/Styles/Mini/Prefabs/Buttons/Grey/ButtonSquareHeart.prefab using Guid(b6e7eb44b48bc65449e0f8b0856ea831) Importer(2089858483,192608db42251d675da83286b1cce702) (ScriptedImporter) -> (artifact id: 'ac6547c3cee370099d565b96f11838e6') in 0.0392846 seconds
Number of updated asset objects reloaded before import = 0Number of asset objects unloaded after import = 42

========================================================================
Received Import Request.
  Time since last request: 0.000031 seconds.
  path: Assets/CorgiEngine/ThirdParty/MoreMountains/MMInterface/Styles/Mini/Prefabs/Buttons/Grey/ButtonSquareStar.prefab
  artifactKey: Guid(487dd72bfa1b43243a612308c4f8a6bf) Importer(2089858483,192608db42251d675da83286b1cce702)
Start importing Assets/CorgiEngine/ThirdParty/MoreMountains/MMInterface/Styles/Mini/Prefabs/Buttons/Grey/ButtonSquareStar.prefab using Guid(487dd72bfa1b43243a612308c4f8a6bf) Importer(2089858483,192608db42251d675da83286b1cce702) (ScriptedImporter) -> (artifact id: '2f872a5927fd1cf521891c3f7f821c1a') in 0.0468467 seconds
Number of updated asset objects reloaded before import = 0Number of asset objects unloaded after import = 42

========================================================================
Received Import Request.
  Time since last request: 0.000022 seconds.
  path: Assets/CorgiEngine/ThirdParty/MoreMountains/MMInterface/Styles/Mini/Prefabs/Buttons/HorizontalGradientGreenToBlue/ButtonSquareMusic.prefab
  artifactKey: Guid(2aeafc82d7c904c4f940566008435c5b) Importer(2089858483,192608db42251d675da83286b1cce702)
Start importing Assets/CorgiEngine/ThirdParty/MoreMountains/MMInterface/Styles/Mini/Prefabs/Buttons/HorizontalGradientGreenToBlue/ButtonSquareMusic.prefab using Guid(2aeafc82d7c904c4f940566008435c5b) Importer(2089858483,192608db42251d675da83286b1cce702) (ScriptedImporter) -> (artifact id: '7fc831b3d6dd346df3947eee8aa3c913') in 0.0379394 seconds
Number of updated asset objects reloaded before import = 0Number of asset objects unloaded after import = 43

========================================================================
Received Import Request.
  Time since last request: 0.000022 seconds.
  path: Assets/CorgiEngine/ThirdParty/MoreMountains/MMInterface/Styles/Mini/Prefabs/Buttons/HorizontalGradientGreenToBlue/ButtonMain.prefab
  artifactKey: Guid(1af37fbdcf2c4d54cb593859042be277) Importer(2089858483,192608db42251d675da83286b1cce702)
Start importing Assets/CorgiEngine/ThirdParty/MoreMountains/MMInterface/Styles/Mini/Prefabs/Buttons/HorizontalGradientGreenToBlue/ButtonMain.prefab using Guid(1af37fbdcf2c4d54cb593859042be277) Importer(2089858483,192608db42251d675da83286b1cce702) (ScriptedImporter) -> (artifact id: 'a0dc475e6b1ce0afd5c852f0b4cab753') in 0.0420733 seconds
Number of updated asset objects reloaded before import = 0Number of asset objects unloaded after import = 45

========================================================================
Received Import Request.
  Time since last request: 0.000029 seconds.
  path: Assets/CorgiEngine/ThirdParty/MoreMountains/MMInterface/Styles/Mini/Prefabs/Buttons/Grey/ButtonCircleCross.prefab
  artifactKey: Guid(e31c6d109a8db84418d4a02f1913d9df) Importer(2089858483,192608db42251d675da83286b1cce702)
Start importing Assets/CorgiEngine/ThirdParty/MoreMountains/MMInterface/Styles/Mini/Prefabs/Buttons/Grey/ButtonCircleCross.prefab using Guid(e31c6d109a8db84418d4a02f1913d9df) Importer(2089858483,192608db42251d675da83286b1cce702) (ScriptedImporter) -> (artifact id: '1ff7c8e4535d27211f9c62578ca3590b') in 0.0458246 seconds
Number of updated asset objects reloaded before import = 0Number of asset objects unloaded after import = 42

========================================================================
Received Import Request.
  Time since last request: 0.000041 seconds.
  path: Assets/CorgiEngine/ThirdParty/MoreMountains/MMInterface/Styles/Mini/Prefabs/Buttons/HorizontalGradientOrangeToPink/ButtonCircleCheck.prefab
  artifactKey: Guid(1c0db247060f6dc48aa260a051ee454e) Importer(2089858483,192608db42251d675da83286b1cce702)
Start importing Assets/CorgiEngine/ThirdParty/MoreMountains/MMInterface/Styles/Mini/Prefabs/Buttons/HorizontalGradientOrangeToPink/ButtonCircleCheck.prefab using Guid(1c0db247060f6dc48aa260a051ee454e) Importer(2089858483,192608db42251d675da83286b1cce702) (ScriptedImporter) -> (artifact id: 'cb9b0061a885f45b46a55ffc16f2da80') in 0.0409083 seconds
Number of updated asset objects reloaded before import = 0Number of asset objects unloaded after import = 43

========================================================================
Received Import Request.
  Time since last request: 0.000034 seconds.
  path: Assets/CorgiEngine/ThirdParty/MoreMountains/MMInterface/Styles/Mini/Prefabs/Buttons/Grey/ButtonCircleStar.prefab
  artifactKey: Guid(ec0c7b6189df8244280454bafd4e7e84) Importer(2089858483,192608db42251d675da83286b1cce702)
Start importing Assets/CorgiEngine/ThirdParty/MoreMountains/MMInterface/Styles/Mini/Prefabs/Buttons/Grey/ButtonCircleStar.prefab using Guid(ec0c7b6189df8244280454bafd4e7e84) Importer(2089858483,192608db42251d675da83286b1cce702) (ScriptedImporter) -> (artifact id: 'e133bc5c8d2c51215429daf6f0e33790') in 0.0446348 seconds
Number of updated asset objects reloaded before import = 0Number of asset objects unloaded after import = 42

========================================================================
Received Import Request.
  Time since last request: 0.000032 seconds.
  path: Assets/CorgiEngine/ThirdParty/MoreMountains/MMInterface/Styles/Mini/Prefabs/Buttons/DarkGrey/ButtonSquareDoubleChevron.prefab
  artifactKey: Guid(280b287cc3b81d043aa843a53094b810) Importer(2089858483,192608db42251d675da83286b1cce702)
Start importing Assets/CorgiEngine/ThirdParty/MoreMountains/MMInterface/Styles/Mini/Prefabs/Buttons/DarkGrey/ButtonSquareDoubleChevron.prefab using Guid(280b287cc3b81d043aa843a53094b810) Importer(2089858483,192608db42251d675da83286b1cce702) (ScriptedImporter) -> (artifact id: '4af31f6a0c66ec60b9a64a3d2424f514') in 0.0409841 seconds
Number of updated asset objects reloaded before import = 0Number of asset objects unloaded after import = 42

========================================================================
Received Import Request.
  Time since last request: 0.000027 seconds.
  path: Assets/CorgiEngine/ThirdParty/MoreMountains/MMInterface/Styles/Mini/Prefabs/Buttons/HorizontalGradientOrangeToPink/ButtonCircleDoubleChevron.prefab
  artifactKey: Guid(05ddfb90f58fbf34f976aa739bd12055) Importer(2089858483,192608db42251d675da83286b1cce702)
Start importing Assets/CorgiEngine/ThirdParty/MoreMountains/MMInterface/Styles/Mini/Prefabs/Buttons/HorizontalGradientOrangeToPink/ButtonCircleDoubleChevron.prefab using Guid(05ddfb90f58fbf34f976aa739bd12055) Importer(2089858483,192608db42251d675da83286b1cce702) (ScriptedImporter) -> (artifact id: '230e5044b87868d150a81dbde821b225') in 0.044129 seconds
Number of updated asset objects reloaded before import = 0Number of asset objects unloaded after import = 43

========================================================================
Received Import Request.
  Time since last request: 0.000031 seconds.
  path: Assets/CorgiEngine/ThirdParty/MoreMountains/MMInterface/Styles/Mini/Prefabs/Buttons/DarkGrey/ButtonAlt.prefab
  artifactKey: Guid(da1d6ca598446174f81f70e8ae053da6) Importer(2089858483,192608db42251d675da83286b1cce702)
Start importing Assets/CorgiEngine/ThirdParty/MoreMountains/MMInterface/Styles/Mini/Prefabs/Buttons/DarkGrey/ButtonAlt.prefab using Guid(da1d6ca598446174f81f70e8ae053da6) Importer(2089858483,192608db42251d675da83286b1cce702) (ScriptedImporter) -> (artifact id: '06f2175914206a84d274f657599beb97') in 0.0403942 seconds
Number of updated asset objects reloaded before import = 0Number of asset objects unloaded after import = 43

========================================================================
Received Import Request.
  Time since last request: 0.000032 seconds.
  path: Assets/CorgiEngine/ThirdParty/MoreMountains/MMInterface/Styles/Mini/Prefabs/Buttons/LightGrey/ButtonCircleChevron.prefab
  artifactKey: Guid(1fc8e1d79d84c3146a81328c6a38e8f9) Importer(2089858483,192608db42251d675da83286b1cce702)
Start importing Assets/CorgiEngine/ThirdParty/MoreMountains/MMInterface/Styles/Mini/Prefabs/Buttons/LightGrey/ButtonCircleChevron.prefab using Guid(1fc8e1d79d84c3146a81328c6a38e8f9) Importer(2089858483,192608db42251d675da83286b1cce702) (ScriptedImporter) -> (artifact id: '16b9d1245702bd7efba0d9fb45a7f3ce') in 0.0466323 seconds
Number of updated asset objects reloaded before import = 0Number of asset objects unloaded after import = 42

========================================================================
Received Import Request.
  Time since last request: 0.000030 seconds.
  path: Assets/CorgiEngine/ThirdParty/MoreMountains/MMInterface/Styles/Mini/Prefabs/Buttons/LightGrey/ButtonCircleDoubleChevron.prefab
  artifactKey: Guid(e8c573b53a3014f48a1d956bd94eb3ea) Importer(2089858483,192608db42251d675da83286b1cce702)
Start importing Assets/CorgiEngine/ThirdParty/MoreMountains/MMInterface/Styles/Mini/Prefabs/Buttons/LightGrey/ButtonCircleDoubleChevron.prefab using Guid(e8c573b53a3014f48a1d956bd94eb3ea) Importer(2089858483,192608db42251d675da83286b1cce702) (ScriptedImporter) -> (artifact id: '3752bfa6d2acbfaafe25dc37bde2f95b') in 0.0429123 seconds
Number of updated asset objects reloaded before import = 0Number of asset objects unloaded after import = 42

========================================================================
Received Import Request.
  Time since last request: 0.000033 seconds.
  path: Assets/CorgiEngine/ThirdParty/MoreMountains/MMInterface/Styles/Mini/Prefabs/Buttons/LightGreen/ButtonSquareCross.prefab
  artifactKey: Guid(1a7c099280036b6498bc3657ff48ff90) Importer(2089858483,192608db42251d675da83286b1cce702)
Start importing Assets/CorgiEngine/ThirdParty/MoreMountains/MMInterface/Styles/Mini/Prefabs/Buttons/LightGreen/ButtonSquareCross.prefab using Guid(1a7c099280036b6498bc3657ff48ff90) Importer(2089858483,192608db42251d675da83286b1cce702) (ScriptedImporter) -> (artifact id: '14b632d00fcf72ae666be375ace04370') in 0.0405206 seconds
Number of updated asset objects reloaded before import = 0Number of asset objects unloaded after import = 42

========================================================================
Received Import Request.
  Time since last request: 0.000027 seconds.
  path: Assets/CorgiEngine/ThirdParty/MoreMountains/MMInterface/Styles/Mini/Prefabs/Buttons/LightGreen/ButtonCircleMusic.prefab
  artifactKey: Guid(c1c39e9b1b8ceea41a04d5c683757c9d) Importer(2089858483,192608db42251d675da83286b1cce702)
Start importing Assets/CorgiEngine/ThirdParty/MoreMountains/MMInterface/Styles/Mini/Prefabs/Buttons/LightGreen/ButtonCircleMusic.prefab using Guid(c1c39e9b1b8ceea41a04d5c683757c9d) Importer(2089858483,192608db42251d675da83286b1cce702) (ScriptedImporter) -> (artifact id: '410e0dfa76efccde9d1e84a71c997c5f') in 0.038182 seconds
Number of updated asset objects reloaded before import = 0Number of asset objects unloaded after import = 42

========================================================================
Received Import Request.
  Time since last request: 0.000024 seconds.
  path: Assets/CorgiEngine/ThirdParty/MoreMountains/MMInterface/Styles/Mini/Prefabs/Buttons/LightGrey/ButtonCircleHome.prefab
  artifactKey: Guid(74a0484211dd7e54ba67f36ead0a5264) Importer(2089858483,192608db42251d675da83286b1cce702)
Start importing Assets/CorgiEngine/ThirdParty/MoreMountains/MMInterface/Styles/Mini/Prefabs/Buttons/LightGrey/ButtonCircleHome.prefab using Guid(74a0484211dd7e54ba67f36ead0a5264) Importer(2089858483,192608db42251d675da83286b1cce702) (ScriptedImporter) -> (artifact id: 'e5370dc887d8a2f482ea8b676a8ee6bb') in 0.0451883 seconds
Number of updated asset objects reloaded before import = 0Number of asset objects unloaded after import = 42

========================================================================
Received Import Request.
  Time since last request: 0.000024 seconds.
  path: Assets/CorgiEngine/ThirdParty/MoreMountains/MMInterface/Styles/Mini/Prefabs/Buttons/LightGrey/ButtonCircleMusic.prefab
  artifactKey: Guid(f715a9403c18e08458f38fa70ef2321c) Importer(2089858483,192608db42251d675da83286b1cce702)
Start importing Assets/CorgiEngine/ThirdParty/MoreMountains/MMInterface/Styles/Mini/Prefabs/Buttons/LightGrey/ButtonCircleMusic.prefab using Guid(f715a9403c18e08458f38fa70ef2321c) Importer(2089858483,192608db42251d675da83286b1cce702) (ScriptedImporter) -> (artifact id: 'd8b3ef6372612fec118ba92400396c4f') in 0.0444434 seconds
Number of updated asset objects reloaded before import = 0Number of asset objects unloaded after import = 42

========================================================================
Received Import Request.
  Time since last request: 0.000054 seconds.
  path: Assets/CorgiEngine/ThirdParty/MoreMountains/MMInterface/Styles/Mini/Prefabs/Buttons/Orange/ButtonCircleHeart.prefab
  artifactKey: Guid(92574c18d037e4e4a83e1cb0f92a0b26) Importer(2089858483,192608db42251d675da83286b1cce702)
Start importing Assets/CorgiEngine/ThirdParty/MoreMountains/MMInterface/Styles/Mini/Prefabs/Buttons/Orange/ButtonCircleHeart.prefab using Guid(92574c18d037e4e4a83e1cb0f92a0b26) Importer(2089858483,192608db42251d675da83286b1cce702) (ScriptedImporter) -> (artifact id: '354c08edc0da9ba1352c0ecf7c77292d') in 0.0456527 seconds
Number of updated asset objects reloaded before import = 0Number of asset objects unloaded after import = 42

========================================================================
Received Import Request.
  Time since last request: 0.000048 seconds.
  path: Assets/CorgiEngine/ThirdParty/MoreMountains/MMInterface/Styles/Mini/Prefabs/Buttons/Orange/ButtonCircleSoundOn.prefab
  artifactKey: Guid(a54d3e2c3089872468f93ab8f802f1ce) Importer(2089858483,192608db42251d675da83286b1cce702)
Start importing Assets/CorgiEngine/ThirdParty/MoreMountains/MMInterface/Styles/Mini/Prefabs/Buttons/Orange/ButtonCircleSoundOn.prefab using Guid(a54d3e2c3089872468f93ab8f802f1ce) Importer(2089858483,192608db42251d675da83286b1cce702) (ScriptedImporter) -> (artifact id: '471832c70d84b18945e228a08edc486a') in 0.0434202 seconds
Number of updated asset objects reloaded before import = 0Number of asset objects unloaded after import = 42

========================================================================
Received Import Request.
  Time since last request: 0.000046 seconds.
  path: Assets/CorgiEngine/ThirdParty/MoreMountains/MMInterface/Styles/Mini/Prefabs/Buttons/LightGrey/ButtonCircleSoundOn.prefab
  artifactKey: Guid(37f3d9a12fd6167418795ee5dab639d3) Importer(2089858483,192608db42251d675da83286b1cce702)
Start importing Assets/CorgiEngine/ThirdParty/MoreMountains/MMInterface/Styles/Mini/Prefabs/Buttons/LightGrey/ButtonCircleSoundOn.prefab using Guid(37f3d9a12fd6167418795ee5dab639d3) Importer(2089858483,192608db42251d675da83286b1cce702) (ScriptedImporter) -> (artifact id: '74a24c1e7e6fa6b05252d64d36bd2eca') in 0.0402476 seconds
Number of updated asset objects reloaded before import = 0Number of asset objects unloaded after import = 42

========================================================================
Received Import Request.
  Time since last request: 0.000023 seconds.
  path: Assets/CorgiEngine/ThirdParty/MoreMountains/MMInterface/Styles/Mini/Prefabs/Buttons/LightGreen/ButtonCircleArrow.prefab
  artifactKey: Guid(df79622e18d5ba744ab6a6e27a07347f) Importer(2089858483,192608db42251d675da83286b1cce702)
Start importing Assets/CorgiEngine/ThirdParty/MoreMountains/MMInterface/Styles/Mini/Prefabs/Buttons/LightGreen/ButtonCircleArrow.prefab using Guid(df79622e18d5ba744ab6a6e27a07347f) Importer(2089858483,192608db42251d675da83286b1cce702) (ScriptedImporter) -> (artifact id: '02e76a6a61bc2879271199cc34fd804b') in 0.04204 seconds
Number of updated asset objects reloaded before import = 0Number of asset objects unloaded after import = 42

========================================================================
Received Import Request.
  Time since last request: 0.000033 seconds.
  path: Assets/CorgiEngine/ThirdParty/MoreMountains/MMInterface/Styles/Mini/Prefabs/Buttons/LightGreen/ButtonCircleHome.prefab
  artifactKey: Guid(06f153649bcb2754ca82af9f50ed7272) Importer(2089858483,192608db42251d675da83286b1cce702)
Start importing Assets/CorgiEngine/ThirdParty/MoreMountains/MMInterface/Styles/Mini/Prefabs/Buttons/LightGreen/ButtonCircleHome.prefab using Guid(06f153649bcb2754ca82af9f50ed7272) Importer(2089858483,192608db42251d675da83286b1cce702) (ScriptedImporter) -> (artifact id: '75dba1f0390dfa951b9640212cfd6b08') in 0.0421877 seconds
Number of updated asset objects reloaded before import = 0Number of asset objects unloaded after import = 42

========================================================================
Received Import Request.
  Time since last request: 0.000022 seconds.
  path: Assets/CorgiEngine/ThirdParty/MoreMountains/MMInterface/Styles/Mini/Prefabs/Buttons/LightGrey/ButtonSquareCheck.prefab
  artifactKey: Guid(0415962df22f8a244b5ceff115a64c30) Importer(2089858483,192608db42251d675da83286b1cce702)
Start importing Assets/CorgiEngine/ThirdParty/MoreMountains/MMInterface/Styles/Mini/Prefabs/Buttons/LightGrey/ButtonSquareCheck.prefab using Guid(0415962df22f8a244b5ceff115a64c30) Importer(2089858483,192608db42251d675da83286b1cce702) (ScriptedImporter) -> (artifact id: '8768e0c1510daf96a3154f359106a558') in 0.0499805 seconds
Number of updated asset objects reloaded before import = 0Number of asset objects unloaded after import = 42

========================================================================
Received Import Request.
  Time since last request: 0.000023 seconds.
  path: Assets/CorgiEngine/ThirdParty/MoreMountains/MMInterface/Styles/Mini/Prefabs/Buttons/LightGrey/ButtonCircleGear.prefab
  artifactKey: Guid(e16fe0bb91ea0dd40a1c03d0c336461a) Importer(2089858483,192608db42251d675da83286b1cce702)
Start importing Assets/CorgiEngine/ThirdParty/MoreMountains/MMInterface/Styles/Mini/Prefabs/Buttons/LightGrey/ButtonCircleGear.prefab using Guid(e16fe0bb91ea0dd40a1c03d0c336461a) Importer(2089858483,192608db42251d675da83286b1cce702) (ScriptedImporter) -> (artifact id: 'b68c72f3d73d9d2fcf6d2f6bf2cd4033') in 0.0392578 seconds
Number of updated asset objects reloaded before import = 0Number of asset objects unloaded after import = 42

========================================================================
Received Import Request.
  Time since last request: 0.000027 seconds.
  path: Assets/CorgiEngine/ThirdParty/MoreMountains/MMInterface/Styles/Mini/Prefabs/Buttons/LightGrey/ButtonCircleCross.prefab
  artifactKey: Guid(9697f9e44c70bd44fab3275a3ab8b07e) Importer(2089858483,192608db42251d675da83286b1cce702)
Start importing Assets/CorgiEngine/ThirdParty/MoreMountains/MMInterface/Styles/Mini/Prefabs/Buttons/LightGrey/ButtonCircleCross.prefab using Guid(9697f9e44c70bd44fab3275a3ab8b07e) Importer(2089858483,192608db42251d675da83286b1cce702) (ScriptedImporter) -> (artifact id: '424684e1e8da50f8cb79b28d99ed5550') in 0.0492316 seconds
Number of updated asset objects reloaded before import = 0Number of asset objects unloaded after import = 42

========================================================================
Received Import Request.
  Time since last request: 0.000043 seconds.
  path: Assets/CorgiEngine/ThirdParty/MoreMountains/MMInterface/Styles/Mini/Prefabs/Buttons/HorizontalGradientOrangeToPink/ButtonSquareHeart.prefab
  artifactKey: Guid(57f1154a0be3cba40b8989d848ec9be7) Importer(2089858483,192608db42251d675da83286b1cce702)
Start importing Assets/CorgiEngine/ThirdParty/MoreMountains/MMInterface/Styles/Mini/Prefabs/Buttons/HorizontalGradientOrangeToPink/ButtonSquareHeart.prefab using Guid(57f1154a0be3cba40b8989d848ec9be7) Importer(2089858483,192608db42251d675da83286b1cce702) (ScriptedImporter) -> (artifact id: 'b717c5c62708e5f155badece3ca275d9') in 0.0496818 seconds
Number of updated asset objects reloaded before import = 0Number of asset objects unloaded after import = 43

========================================================================
Received Import Request.
  Time since last request: 0.000039 seconds.
  path: Assets/CorgiEngine/ThirdParty/MoreMountains/MMInterface/Styles/Mini/Prefabs/Buttons/LightGrey/ButtonSquareMusic.prefab
  artifactKey: Guid(056c0cc5a0452e143b069dd77589e74b) Importer(2089858483,192608db42251d675da83286b1cce702)
Start importing Assets/CorgiEngine/ThirdParty/MoreMountains/MMInterface/Styles/Mini/Prefabs/Buttons/LightGrey/ButtonSquareMusic.prefab using Guid(056c0cc5a0452e143b069dd77589e74b) Importer(2089858483,192608db42251d675da83286b1cce702) (ScriptedImporter) -> (artifact id: '4569dd37608aa9017538bd840e406388') in 0.0447662 seconds
Number of updated asset objects reloaded before import = 0Number of asset objects unloaded after import = 42

========================================================================
Received Import Request.
  Time since last request: 0.000025 seconds.
  path: Assets/CorgiEngine/ThirdParty/MoreMountains/MMInterface/Styles/Mini/Prefabs/Buttons/LightGreen/ButtonAlt.prefab
  artifactKey: Guid(3c312943bb1adb342b4fec621caf5207) Importer(2089858483,192608db42251d675da83286b1cce702)
Start importing Assets/CorgiEngine/ThirdParty/MoreMountains/MMInterface/Styles/Mini/Prefabs/Buttons/LightGreen/ButtonAlt.prefab using Guid(3c312943bb1adb342b4fec621caf5207) Importer(2089858483,192608db42251d675da83286b1cce702) (ScriptedImporter) -> (artifact id: '6749bbcf88895781094ced2437c35266') in 0.0385131 seconds
Number of updated asset objects reloaded before import = 0Number of asset objects unloaded after import = 44

========================================================================
Received Import Request.
  Time since last request: 0.000019 seconds.
  path: Assets/CorgiEngine/ThirdParty/MoreMountains/MMInterface/Styles/Mini/Prefabs/Buttons/Orange/ButtonSquareHome.prefab
  artifactKey: Guid(7530590bb22dbe243aff481eee5c8def) Importer(2089858483,192608db42251d675da83286b1cce702)
Start importing Assets/CorgiEngine/ThirdParty/MoreMountains/MMInterface/Styles/Mini/Prefabs/Buttons/Orange/ButtonSquareHome.prefab using Guid(7530590bb22dbe243aff481eee5c8def) Importer(2089858483,192608db42251d675da83286b1cce702) (ScriptedImporter) -> (artifact id: '6af113f3b438eaca34c15f0b3ec5747f') in 0.0399436 seconds
Number of updated asset objects reloaded before import = 0Number of asset objects unloaded after import = 42

========================================================================
Received Import Request.
  Time since last request: 0.000022 seconds.
  path: Assets/CorgiEngine/ThirdParty/MoreMountains/MMInterface/Styles/Mini/Prefabs/Buttons/Orange/ButtonSquareCoin.prefab
  artifactKey: Guid(c59da2bced099d94994c99fe367541e4) Importer(2089858483,192608db42251d675da83286b1cce702)
Start importing Assets/CorgiEngine/ThirdParty/MoreMountains/MMInterface/Styles/Mini/Prefabs/Buttons/Orange/ButtonSquareCoin.prefab using Guid(c59da2bced099d94994c99fe367541e4) Importer(2089858483,192608db42251d675da83286b1cce702) (ScriptedImporter) -> (artifact id: 'b19db399ec244f08ec66a61ce0d19cd1') in 0.039867 seconds
Number of updated asset objects reloaded before import = 0Number of asset objects unloaded after import = 42

========================================================================
Received Import Request.
  Time since last request: 0.000037 seconds.
  path: Assets/CorgiEngine/ThirdParty/MoreMountains/MMInterface/Styles/Mini/Prefabs/Buttons/Pink/ButtonCircleHeart.prefab
  artifactKey: Guid(f1e800b20585e874f91749d28cf1a791) Importer(2089858483,192608db42251d675da83286b1cce702)
Start importing Assets/CorgiEngine/ThirdParty/MoreMountains/MMInterface/Styles/Mini/Prefabs/Buttons/Pink/ButtonCircleHeart.prefab using Guid(f1e800b20585e874f91749d28cf1a791) Importer(2089858483,192608db42251d675da83286b1cce702) (ScriptedImporter) -> (artifact id: '3258d3c9e3d4c348b0d6de27f3fb014b') in 0.0429033 seconds
Number of updated asset objects reloaded before import = 0Number of asset objects unloaded after import = 42

========================================================================
Received Import Request.
  Time since last request: 0.000037 seconds.
  path: Assets/CorgiEngine/ThirdParty/MoreMountains/MMInterface/Styles/Mini/Prefabs/Buttons/Orange/ButtonSquareArrow.prefab
  artifactKey: Guid(f7e8001e5fe9aff4e87b784bc9da5cac) Importer(2089858483,192608db42251d675da83286b1cce702)
Start importing Assets/CorgiEngine/ThirdParty/MoreMountains/MMInterface/Styles/Mini/Prefabs/Buttons/Orange/ButtonSquareArrow.prefab using Guid(f7e8001e5fe9aff4e87b784bc9da5cac) Importer(2089858483,192608db42251d675da83286b1cce702) (ScriptedImporter) -> (artifact id: 'cc144541cc2f1f6ec50af584774d0a03') in 0.038358 seconds
Number of updated asset objects reloaded before import = 0Number of asset objects unloaded after import = 41

========================================================================
Received Import Request.
  Time since last request: 0.000030 seconds.
  path: Assets/CorgiEngine/ThirdParty/MoreMountains/MMInterface/Styles/Mini/Prefabs/Buttons/Pink/ButtonSquareDoubleChevron.prefab
  artifactKey: Guid(6fed785317dc84147a51e4f8e838d0b6) Importer(2089858483,192608db42251d675da83286b1cce702)
Start importing Assets/CorgiEngine/ThirdParty/MoreMountains/MMInterface/Styles/Mini/Prefabs/Buttons/Pink/ButtonSquareDoubleChevron.prefab using Guid(6fed785317dc84147a51e4f8e838d0b6) Importer(2089858483,192608db42251d675da83286b1cce702) (ScriptedImporter) -> (artifact id: '51c139c812edb1e5af6594165e4ce189') in 0.0412532 seconds
Number of updated asset objects reloaded before import = 0Number of asset objects unloaded after import = 42

========================================================================
Received Import Request.
  Time since last request: 0.000028 seconds.
  path: Assets/CorgiEngine/ThirdParty/MoreMountains/MMInterface/Styles/Mini/Prefabs/Buttons/Pink/ButtonCircleSoundOff.prefab
  artifactKey: Guid(3272378d820566449b9be514b357a9f1) Importer(2089858483,192608db42251d675da83286b1cce702)
Start importing Assets/CorgiEngine/ThirdParty/MoreMountains/MMInterface/Styles/Mini/Prefabs/Buttons/Pink/ButtonCircleSoundOff.prefab using Guid(3272378d820566449b9be514b357a9f1) Importer(2089858483,192608db42251d675da83286b1cce702) (ScriptedImporter) -> (artifact id: '83872f2449d92796cd5482665b1588f1') in 0.0367692 seconds
Number of updated asset objects reloaded before import = 0Number of asset objects unloaded after import = 42

========================================================================
Received Import Request.
  Time since last request: 0.000031 seconds.
  path: Assets/CorgiEngine/ThirdParty/MoreMountains/MMInterface/Styles/Mini/Prefabs/Buttons/Orange/ButtonSquareMusic.prefab
  artifactKey: Guid(15c84211e93849447894bb36eca6765b) Importer(2089858483,192608db42251d675da83286b1cce702)
Start importing Assets/CorgiEngine/ThirdParty/MoreMountains/MMInterface/Styles/Mini/Prefabs/Buttons/Orange/ButtonSquareMusic.prefab using Guid(15c84211e93849447894bb36eca6765b) Importer(2089858483,192608db42251d675da83286b1cce702) (ScriptedImporter) -> (artifact id: 'ff7a35eae60d77d595077539f0ce8bca') in 0.0501859 seconds
Number of updated asset objects reloaded before import = 0Number of asset objects unloaded after import = 42

========================================================================
Received Import Request.
  Time since last request: 0.000035 seconds.
  path: Assets/CorgiEngine/ThirdParty/MoreMountains/MMInterface/Styles/Mini/Prefabs/Buttons/Pink/ButtonCircleGear.prefab
  artifactKey: Guid(2d56dce9cca474241a0abb7b367f9a7d) Importer(2089858483,192608db42251d675da83286b1cce702)
Start importing Assets/CorgiEngine/ThirdParty/MoreMountains/MMInterface/Styles/Mini/Prefabs/Buttons/Pink/ButtonCircleGear.prefab using Guid(2d56dce9cca474241a0abb7b367f9a7d) Importer(2089858483,192608db42251d675da83286b1cce702) (ScriptedImporter) -> (artifact id: 'b5062a12bc075a97d64edee157076d33') in 0.0434564 seconds
Number of updated asset objects reloaded before import = 0Number of asset objects unloaded after import = 42

========================================================================
Received Import Request.
  Time since last request: 0.000040 seconds.
  path: Assets/CorgiEngine/ThirdParty/MoreMountains/MMInterface/Styles/Mini/Prefabs/Buttons/Purple/ButtonCircleCheck.prefab
  artifactKey: Guid(482c621144cfeeb44b6c0117341ca1f6) Importer(2089858483,192608db42251d675da83286b1cce702)
Start importing Assets/CorgiEngine/ThirdParty/MoreMountains/MMInterface/Styles/Mini/Prefabs/Buttons/Purple/ButtonCircleCheck.prefab using Guid(482c621144cfeeb44b6c0117341ca1f6) Importer(2089858483,192608db42251d675da83286b1cce702) (ScriptedImporter) -> (artifact id: '8bcd8800d01ca5b1461c442353902c3c') in 0.0440774 seconds
Number of updated asset objects reloaded before import = 0Number of asset objects unloaded after import = 42

========================================================================
Received Import Request.
  Time since last request: 0.000039 seconds.
  path: Assets/CorgiEngine/ThirdParty/MoreMountains/MMInterface/Styles/Mini/Prefabs/Buttons/Purple/ButtonCircleArrow.prefab
  artifactKey: Guid(30b19fb2cb4c8494dbf23bc143b3df72) Importer(2089858483,192608db42251d675da83286b1cce702)
Start importing Assets/CorgiEngine/ThirdParty/MoreMountains/MMInterface/Styles/Mini/Prefabs/Buttons/Purple/ButtonCircleArrow.prefab using Guid(30b19fb2cb4c8494dbf23bc143b3df72) Importer(2089858483,192608db42251d675da83286b1cce702) (ScriptedImporter) -> (artifact id: 'c3c8a8643554a26340d1bc94bbea7f1e') in 0.0466973 seconds
Number of updated asset objects reloaded before import = 0Number of asset objects unloaded after import = 42

========================================================================
Received Import Request.
  Time since last request: 0.000030 seconds.
  path: Assets/CorgiEngine/ThirdParty/MoreMountains/MMInterface/Styles/Mini/Prefabs/Buttons/Purple/ButtonMain.prefab
  artifactKey: Guid(d98aa36a70c4e3347942879a6e75b6eb) Importer(2089858483,192608db42251d675da83286b1cce702)
Start importing Assets/CorgiEngine/ThirdParty/MoreMountains/MMInterface/Styles/Mini/Prefabs/Buttons/Purple/ButtonMain.prefab using Guid(d98aa36a70c4e3347942879a6e75b6eb) Importer(2089858483,192608db42251d675da83286b1cce702) (ScriptedImporter) -> (artifact id: 'cb976dbe1bf9bfbd831f3a26eee117dc') in 0.0435064 seconds
Number of updated asset objects reloaded before import = 0Number of asset objects unloaded after import = 44

========================================================================
Received Import Request.
  Time since last request: 0.000028 seconds.
  path: Assets/CorgiEngine/ThirdParty/MoreMountains/MMInterface/Styles/Mini/Prefabs/Buttons/Purple/ButtonCircleHeart.prefab
  artifactKey: Guid(d6effae938bfc2d4e84fbbb8fc8dbcaa) Importer(2089858483,192608db42251d675da83286b1cce702)
Start importing Assets/CorgiEngine/ThirdParty/MoreMountains/MMInterface/Styles/Mini/Prefabs/Buttons/Purple/ButtonCircleHeart.prefab using Guid(d6effae938bfc2d4e84fbbb8fc8dbcaa) Importer(2089858483,192608db42251d675da83286b1cce702) (ScriptedImporter) -> (artifact id: '806ef4eff55dceb02c7274b99ad53a99') in 0.0471161 seconds
Number of updated asset objects reloaded before import = 0Number of asset objects unloaded after import = 42

========================================================================
Received Import Request.
  Time since last request: 0.000026 seconds.
  path: Assets/CorgiEngine/ThirdParty/MoreMountains/MMInterface/Styles/Mini/Prefabs/Buttons/Pink/ButtonAlt.prefab
  artifactKey: Guid(e6575770b2d6772429a10e92cb1a12c7) Importer(2089858483,192608db42251d675da83286b1cce702)
Start importing Assets/CorgiEngine/ThirdParty/MoreMountains/MMInterface/Styles/Mini/Prefabs/Buttons/Pink/ButtonAlt.prefab using Guid(e6575770b2d6772429a10e92cb1a12c7) Importer(2089858483,192608db42251d675da83286b1cce702) (ScriptedImporter) -> (artifact id: 'c5d681d046652146275b47bd7ef2863a') in 0.0416662 seconds
Number of updated asset objects reloaded before import = 0Number of asset objects unloaded after import = 44

========================================================================
Received Import Request.
  Time since last request: 0.000030 seconds.
  path: Assets/CorgiEngine/ThirdParty/MoreMountains/MMInterface/Styles/Mini/Prefabs/Buttons/Purple/ButtonCircleHome.prefab
  artifactKey: Guid(75ebaff4d8ce95148812f569462129ca) Importer(2089858483,192608db42251d675da83286b1cce702)
Start importing Assets/CorgiEngine/ThirdParty/MoreMountains/MMInterface/Styles/Mini/Prefabs/Buttons/Purple/ButtonCircleHome.prefab using Guid(75ebaff4d8ce95148812f569462129ca) Importer(2089858483,192608db42251d675da83286b1cce702) (ScriptedImporter) -> (artifact id: '241cc26b624f557e55193867528c5275') in 0.0443464 seconds
Number of updated asset objects reloaded before import = 0Number of asset objects unloaded after import = 42

========================================================================
Received Import Request.
  Time since last request: 0.000028 seconds.
  path: Assets/CorgiEngine/ThirdParty/MoreMountains/MMInterface/Styles/Mini/Prefabs/Buttons/Purple/ButtonCircleChevron.prefab
  artifactKey: Guid(f18fbd64c65b2cf45ba043aa97948b7a) Importer(2089858483,192608db42251d675da83286b1cce702)
Start importing Assets/CorgiEngine/ThirdParty/MoreMountains/MMInterface/Styles/Mini/Prefabs/Buttons/Purple/ButtonCircleChevron.prefab using Guid(f18fbd64c65b2cf45ba043aa97948b7a) Importer(2089858483,192608db42251d675da83286b1cce702) (ScriptedImporter) -> (artifact id: 'f9f76536e7dd462448ffc5153f938e82') in 0.0432756 seconds
Number of updated asset objects reloaded before import = 0Number of asset objects unloaded after import = 42

========================================================================
Received Import Request.
  Time since last request: 0.000046 seconds.
  path: Assets/CorgiEngine/ThirdParty/MoreMountains/MMInterface/Styles/Mini/Prefabs/Buttons/Pink/ButtonCircleCheck.prefab
  artifactKey: Guid(89a751f6f45fe8f4db4e1c9368f8c0b7) Importer(2089858483,192608db42251d675da83286b1cce702)
Start importing Assets/CorgiEngine/ThirdParty/MoreMountains/MMInterface/Styles/Mini/Prefabs/Buttons/Pink/ButtonCircleCheck.prefab using Guid(89a751f6f45fe8f4db4e1c9368f8c0b7) Importer(2089858483,192608db42251d675da83286b1cce702) (ScriptedImporter) -> (artifact id: '8f6680512f48746b9238696fc902b7aa') in 0.0456678 seconds
Number of updated asset objects reloaded before import = 0Number of asset objects unloaded after import = 42

========================================================================
Received Import Request.
  Time since last request: 0.000027 seconds.
  path: Assets/CorgiEngine/ThirdParty/MoreMountains/MMTools/Core/MMSceneLoading/Sprites/LoadingAnimationCompleteAnimator.controller
  artifactKey: Guid(f76dd8a4fa6819c46a443effc1b4abc3) Importer(2089858483,192608db42251d675da83286b1cce702)
Start importing Assets/CorgiEngine/ThirdParty/MoreMountains/MMTools/Core/MMSceneLoading/Sprites/LoadingAnimationCompleteAnimator.controller using Guid(f76dd8a4fa6819c46a443effc1b4abc3) Importer(2089858483,192608db42251d675da83286b1cce702) (ScriptedImporter) -> (artifact id: '1fc803c41a698675a8bc8bc817c6bb8e') in 0.0234909 seconds
Number of updated asset objects reloaded before import = 0Number of asset objects unloaded after import = 4

========================================================================
Received Import Request.
  Time since last request: 0.000047 seconds.
  path: Assets/CorgiEngine/ThirdParty/MoreMountains/MMTools/Demos/MMTween/Materials/MMPlotterPointMaterial 4.mat
  artifactKey: Guid(894fa61f3a6269747b79df1bd99a23cd) Importer(2089858483,192608db42251d675da83286b1cce702)
Start importing Assets/CorgiEngine/ThirdParty/MoreMountains/MMTools/Demos/MMTween/Materials/MMPlotterPointMaterial 4.mat using Guid(894fa61f3a6269747b79df1bd99a23cd) Importer(2089858483,192608db42251d675da83286b1cce702) (ScriptedImporter) -> (artifact id: 'df1caf91a34950127dc3ed002898e58a') in 0.0242651 seconds
Number of updated asset objects reloaded before import = 0Number of asset objects unloaded after import = 1

========================================================================
Received Import Request.
  Time since last request: 0.000024 seconds.
  path: Assets/CorgiEngine/ThirdParty/MoreMountains/MMInterface/Styles/Mini/Prefabs/Buttons/VerticalGradientBlueToCyan/ButtonSquareCross.prefab
  artifactKey: Guid(075acc89472a399488bf54e7f4864dba) Importer(2089858483,192608db42251d675da83286b1cce702)
Start importing Assets/CorgiEngine/ThirdParty/MoreMountains/MMInterface/Styles/Mini/Prefabs/Buttons/VerticalGradientBlueToCyan/ButtonSquareCross.prefab using Guid(075acc89472a399488bf54e7f4864dba) Importer(2089858483,192608db42251d675da83286b1cce702) (ScriptedImporter) -> (artifact id: '21ebf940cbd3fea972da54e4fe81fc8b') in 0.0445601 seconds
Number of updated asset objects reloaded before import = 0Number of asset objects unloaded after import = 43

========================================================================
Received Import Request.
  Time since last request: 0.000025 seconds.
  path: Assets/CorgiEngine/ThirdParty/MoreMountains/MMInterface/Styles/Mini/Prefabs/Buttons/VerticalGradientGreenToCyan/ButtonCircleGear.prefab
  artifactKey: Guid(2423fd670bc986a46b588444f50733b2) Importer(2089858483,192608db42251d675da83286b1cce702)
Start importing Assets/CorgiEngine/ThirdParty/MoreMountains/MMInterface/Styles/Mini/Prefabs/Buttons/VerticalGradientGreenToCyan/ButtonCircleGear.prefab using Guid(2423fd670bc986a46b588444f50733b2) Importer(2089858483,192608db42251d675da83286b1cce702) (ScriptedImporter) -> (artifact id: '90734ce15b8c8279e5318f802582bab0') in 0.0373159 seconds
Number of updated asset objects reloaded before import = 0Number of asset objects unloaded after import = 43

========================================================================
Received Import Request.
  Time since last request: 0.000028 seconds.
  path: Assets/CorgiEngine/ThirdParty/MoreMountains/MMInterface/Styles/Mini/Prefabs/Buttons/VerticalGradientBlueToPurple/ButtonCircleCheck.prefab
  artifactKey: Guid(26c8871c98e3b1d4c8714731058792c3) Importer(2089858483,192608db42251d675da83286b1cce702)
Start importing Assets/CorgiEngine/ThirdParty/MoreMountains/MMInterface/Styles/Mini/Prefabs/Buttons/VerticalGradientBlueToPurple/ButtonCircleCheck.prefab using Guid(26c8871c98e3b1d4c8714731058792c3) Importer(2089858483,192608db42251d675da83286b1cce702) (ScriptedImporter) -> (artifact id: 'a806b4bf86692d6b760d368b6e3e9245') in 0.0402825 seconds
Number of updated asset objects reloaded before import = 0Number of asset objects unloaded after import = 43

========================================================================
Received Import Request.
  Time since last request: 0.000037 seconds.
  path: Assets/CorgiEngine/ThirdParty/MoreMountains/MMInterface/Styles/Mini/Prefabs/Buttons/VerticalGradientBlueToPurple/ButtonSquareCoin.prefab
  artifactKey: Guid(5a045e3e918316349aa423d41e4fd5aa) Importer(2089858483,192608db42251d675da83286b1cce702)
Start importing Assets/CorgiEngine/ThirdParty/MoreMountains/MMInterface/Styles/Mini/Prefabs/Buttons/VerticalGradientBlueToPurple/ButtonSquareCoin.prefab using Guid(5a045e3e918316349aa423d41e4fd5aa) Importer(2089858483,192608db42251d675da83286b1cce702) (ScriptedImporter) -> (artifact id: '7c8f8c5853734e2f1b9f5f6efeaa14ed') in 0.0503762 seconds
Number of updated asset objects reloaded before import = 0Number of asset objects unloaded after import = 43

========================================================================
Received Import Request.
  Time since last request: 0.000040 seconds.
  path: Assets/CorgiEngine/ThirdParty/MoreMountains/MMInterface/Styles/Mini/Prefabs/Buttons/VerticalGradientBlueToCyan/ButtonCircleHeart.prefab
  artifactKey: Guid(199ff5ac0a8a6b144a0e49324eec823a) Importer(2089858483,192608db42251d675da83286b1cce702)
Start importing Assets/CorgiEngine/ThirdParty/MoreMountains/MMInterface/Styles/Mini/Prefabs/Buttons/VerticalGradientBlueToCyan/ButtonCircleHeart.prefab using Guid(199ff5ac0a8a6b144a0e49324eec823a) Importer(2089858483,192608db42251d675da83286b1cce702) (ScriptedImporter) -> (artifact id: 'a3e764979bd6d408ea674166112c77d3') in 0.0426907 seconds
Number of updated asset objects reloaded before import = 0Number of asset objects unloaded after import = 43

========================================================================
Received Import Request.
  Time since last request: 0.000023 seconds.
  path: Assets/CorgiEngine/ThirdParty/MoreMountains/MMInterface/Styles/Mini/Prefabs/Buttons/VerticalGradientBlueToCyan/ButtonMain.prefab
  artifactKey: Guid(e1394f70739be984eb03fddf70346aeb) Importer(2089858483,192608db42251d675da83286b1cce702)
Start importing Assets/CorgiEngine/ThirdParty/MoreMountains/MMInterface/Styles/Mini/Prefabs/Buttons/VerticalGradientBlueToCyan/ButtonMain.prefab using Guid(e1394f70739be984eb03fddf70346aeb) Importer(2089858483,192608db42251d675da83286b1cce702) (ScriptedImporter) -> (artifact id: '2d09dd887702ff34181dca22bd9e2c28') in 0.0405948 seconds
Number of updated asset objects reloaded before import = 0Number of asset objects unloaded after import = 45

========================================================================
Received Import Request.
  Time since last request: 0.000060 seconds.
  path: Assets/CorgiEngine/ThirdParty/MoreMountains/MMInterface/Styles/Mini/Prefabs/Buttons/VerticalGradientBlueToCyan/ButtonSquareMusic.prefab
  artifactKey: Guid(155a5dd48d84db4499161ec0aff18811) Importer(2089858483,192608db42251d675da83286b1cce702)
Start importing Assets/CorgiEngine/ThirdParty/MoreMountains/MMInterface/Styles/Mini/Prefabs/Buttons/VerticalGradientBlueToCyan/ButtonSquareMusic.prefab using Guid(155a5dd48d84db4499161ec0aff18811) Importer(2089858483,192608db42251d675da83286b1cce702) (ScriptedImporter) -> (artifact id: '3a5d3b5fd487becec815f790448302d2') in 0.0391261 seconds
Number of updated asset objects reloaded before import = 0Number of asset objects unloaded after import = 43

========================================================================
Received Import Request.
  Time since last request: 0.000018 seconds.
  path: Assets/CorgiEngine/ThirdParty/MoreMountains/MMInterface/Styles/Mini/Prefabs/Buttons/VerticalGradientBlueToPurple/ButtonCircleHome.prefab
  artifactKey: Guid(f5428969d33241741b8afe9dfdd3055e) Importer(2089858483,192608db42251d675da83286b1cce702)
Start importing Assets/CorgiEngine/ThirdParty/MoreMountains/MMInterface/Styles/Mini/Prefabs/Buttons/VerticalGradientBlueToPurple/ButtonCircleHome.prefab using Guid(f5428969d33241741b8afe9dfdd3055e) Importer(2089858483,192608db42251d675da83286b1cce702) (ScriptedImporter) -> (artifact id: '398ef2ebcd0a23952dee9c0468f87b8e') in 0.0430222 seconds
Number of updated asset objects reloaded before import = 0Number of asset objects unloaded after import = 43

========================================================================
Received Import Request.
  Time since last request: 0.000033 seconds.
  path: Assets/CorgiEngine/ThirdParty/MoreMountains/MMInterface/Styles/Mini/Prefabs/Buttons/VerticalGradientGreenToCyan/ButtonCircleCheck.prefab
  artifactKey: Guid(ebe2199a896340041958a136b45ce63b) Importer(2089858483,192608db42251d675da83286b1cce702)
Start importing Assets/CorgiEngine/ThirdParty/MoreMountains/MMInterface/Styles/Mini/Prefabs/Buttons/VerticalGradientGreenToCyan/ButtonCircleCheck.prefab using Guid(ebe2199a896340041958a136b45ce63b) Importer(2089858483,192608db42251d675da83286b1cce702) (ScriptedImporter) -> (artifact id: 'a9769dadf6cd37c2375dffd535e741d1') in 0.0444621 seconds
Number of updated asset objects reloaded before import = 0Number of asset objects unloaded after import = 43

========================================================================
Received Import Request.
  Time since last request: 0.000027 seconds.
  path: Assets/CorgiEngine/ThirdParty/MoreMountains/MMInterface/Styles/Mini/Prefabs/Buttons/VerticalGradientBlueToCyan/ButtonSquareChevron.prefab
  artifactKey: Guid(3e01defb56def514ab3f4cabeae94e56) Importer(2089858483,192608db42251d675da83286b1cce702)
Start importing Assets/CorgiEngine/ThirdParty/MoreMountains/MMInterface/Styles/Mini/Prefabs/Buttons/VerticalGradientBlueToCyan/ButtonSquareChevron.prefab using Guid(3e01defb56def514ab3f4cabeae94e56) Importer(2089858483,192608db42251d675da83286b1cce702) (ScriptedImporter) -> (artifact id: '2690603a6160c89110caa3656d9ea4f1') in 0.0416781 seconds
Number of updated asset objects reloaded before import = 0Number of asset objects unloaded after import = 43

========================================================================
Received Import Request.
  Time since last request: 0.000044 seconds.
  path: Assets/CorgiEngine/ThirdParty/MoreMountains/MMInterface/Styles/Mini/Prefabs/Buttons/VerticalGradientBlueToCyan/ButtonSquareCheck.prefab
  artifactKey: Guid(3666f16c9ac3a324a99f6a902bbdac1c) Importer(2089858483,192608db42251d675da83286b1cce702)
Start importing Assets/CorgiEngine/ThirdParty/MoreMountains/MMInterface/Styles/Mini/Prefabs/Buttons/VerticalGradientBlueToCyan/ButtonSquareCheck.prefab using Guid(3666f16c9ac3a324a99f6a902bbdac1c) Importer(2089858483,192608db42251d675da83286b1cce702) (ScriptedImporter) -> (artifact id: 'd3a8c9b460fa79112b613433fc7afeda') in 0.0409412 seconds
Number of updated asset objects reloaded before import = 0Number of asset objects unloaded after import = 43

========================================================================
Received Import Request.
  Time since last request: 0.000029 seconds.
  path: Assets/CorgiEngine/ThirdParty/MoreMountains/MMInterface/Styles/Mini/Prefabs/Buttons/VerticalGradientBlueToCyan/ButtonSquareSoundOn.prefab
  artifactKey: Guid(fbb9a717ec75a264aab28e598ea3b995) Importer(2089858483,192608db42251d675da83286b1cce702)
Start importing Assets/CorgiEngine/ThirdParty/MoreMountains/MMInterface/Styles/Mini/Prefabs/Buttons/VerticalGradientBlueToCyan/ButtonSquareSoundOn.prefab using Guid(fbb9a717ec75a264aab28e598ea3b995) Importer(2089858483,192608db42251d675da83286b1cce702) (ScriptedImporter) -> (artifact id: '3bfcfee4a7dcc5bf4fbbfb41bb6c9356') in 0.0430907 seconds
Number of updated asset objects reloaded before import = 0Number of asset objects unloaded after import = 43

========================================================================
Received Import Request.
  Time since last request: 0.000031 seconds.
  path: Assets/CorgiEngine/ThirdParty/MoreMountains/MMInterface/Styles/Mini/Prefabs/Buttons/VerticalGradientBlueToCyan/ButtonSquareArrow.prefab
  artifactKey: Guid(02440a9491fb1b945a0c2aa15ab9ca1c) Importer(2089858483,192608db42251d675da83286b1cce702)
Start importing Assets/CorgiEngine/ThirdParty/MoreMountains/MMInterface/Styles/Mini/Prefabs/Buttons/VerticalGradientBlueToCyan/ButtonSquareArrow.prefab using Guid(02440a9491fb1b945a0c2aa15ab9ca1c) Importer(2089858483,192608db42251d675da83286b1cce702) (ScriptedImporter) -> (artifact id: '38e6cdaa8fc93da7f437fdd2a7ff726d') in 0.0430243 seconds
Number of updated asset objects reloaded before import = 0Number of asset objects unloaded after import = 42

========================================================================
Received Import Request.
  Time since last request: 0.000032 seconds.
  path: Assets/CorgiEngine/ThirdParty/MoreMountains/MMInterface/Styles/Mini/Prefabs/Buttons/VerticalGradientGreenToCyan/ButtonCircleCoin.prefab
  artifactKey: Guid(c720910848577fe45b2ef0eac890e4aa) Importer(2089858483,192608db42251d675da83286b1cce702)
Start importing Assets/CorgiEngine/ThirdParty/MoreMountains/MMInterface/Styles/Mini/Prefabs/Buttons/VerticalGradientGreenToCyan/ButtonCircleCoin.prefab using Guid(c720910848577fe45b2ef0eac890e4aa) Importer(2089858483,192608db42251d675da83286b1cce702) (ScriptedImporter) -> (artifact id: '751934b3d9c9cd7f2bb5d3fe7331092d') in 0.0419577 seconds
Number of updated asset objects reloaded before import = 0Number of asset objects unloaded after import = 43

========================================================================
Received Import Request.
  Time since last request: 0.000023 seconds.
  path: Assets/CorgiEngine/ThirdParty/MoreMountains/MMInterface/Styles/Mini/Prefabs/Buttons/VerticalGradientBlueToCyan/ButtonSquareCoin.prefab
  artifactKey: Guid(6e18ac043a73cb44086b663a96c61086) Importer(2089858483,192608db42251d675da83286b1cce702)
Start importing Assets/CorgiEngine/ThirdParty/MoreMountains/MMInterface/Styles/Mini/Prefabs/Buttons/VerticalGradientBlueToCyan/ButtonSquareCoin.prefab using Guid(6e18ac043a73cb44086b663a96c61086) Importer(2089858483,192608db42251d675da83286b1cce702) (ScriptedImporter) -> (artifact id: 'af64f3fc77dd368924f2f183e7cc464e') in 0.0402756 seconds
Number of updated asset objects reloaded before import = 0Number of asset objects unloaded after import = 43

========================================================================
Received Import Request.
  Time since last request: 0.000029 seconds.
  path: Assets/CorgiEngine/ThirdParty/MoreMountains/MMInterface/Styles/Mini/Prefabs/Buttons/Yellow/ButtonAlt.prefab
  artifactKey: Guid(dddb870645bdee94092fff3b5a85a34b) Importer(2089858483,192608db42251d675da83286b1cce702)
Start importing Assets/CorgiEngine/ThirdParty/MoreMountains/MMInterface/Styles/Mini/Prefabs/Buttons/Yellow/ButtonAlt.prefab using Guid(dddb870645bdee94092fff3b5a85a34b) Importer(2089858483,192608db42251d675da83286b1cce702) (ScriptedImporter) -> (artifact id: '1e532ba6f5edbb23bbcc760a76170c61') in 0.0466456 seconds
Number of updated asset objects reloaded before import = 0Number of asset objects unloaded after import = 44

========================================================================
Received Import Request.
  Time since last request: 0.000032 seconds.
  path: Assets/CorgiEngine/ThirdParty/MoreMountains/MMInterface/Styles/Mini/Prefabs/Buttons/VerticalGradientGreenToCyan/ButtonSquareSoundOff.prefab
  artifactKey: Guid(7386f4f9cf287494abf46f87e598a698) Importer(2089858483,192608db42251d675da83286b1cce702)
Start importing Assets/CorgiEngine/ThirdParty/MoreMountains/MMInterface/Styles/Mini/Prefabs/Buttons/VerticalGradientGreenToCyan/ButtonSquareSoundOff.prefab using Guid(7386f4f9cf287494abf46f87e598a698) Importer(2089858483,192608db42251d675da83286b1cce702) (ScriptedImporter) -> (artifact id: '7d6da82c3923ff02fee02397bb747dad') in 0.0385199 seconds
Number of updated asset objects reloaded before import = 0Number of asset objects unloaded after import = 43

========================================================================
Received Import Request.
  Time since last request: 0.000035 seconds.
  path: Assets/CorgiEngine/ThirdParty/MoreMountains/MMInterface/Styles/Mini/Prefabs/Buttons/VerticalGradientGreenToCyan/ButtonCircleHome.prefab
  artifactKey: Guid(97d3579ccd541a54aad662a868579e65) Importer(2089858483,192608db42251d675da83286b1cce702)
Start importing Assets/CorgiEngine/ThirdParty/MoreMountains/MMInterface/Styles/Mini/Prefabs/Buttons/VerticalGradientGreenToCyan/ButtonCircleHome.prefab using Guid(97d3579ccd541a54aad662a868579e65) Importer(2089858483,192608db42251d675da83286b1cce702) (ScriptedImporter) -> (artifact id: '3876feaa41d96a453b944984a44c35cb') in 0.0464359 seconds
Number of updated asset objects reloaded before import = 0Number of asset objects unloaded after import = 43

========================================================================
Received Import Request.
  Time since last request: 0.000027 seconds.
  path: Assets/CorgiEngine/ThirdParty/MoreMountains/MMInterface/Styles/Mini/Prefabs/Buttons/VerticalGradientOrangeToViolet/ButtonCircleSoundOff.prefab
  artifactKey: Guid(b9f0c9a1fd575f24d833a7551f40196b) Importer(2089858483,192608db42251d675da83286b1cce702)
Start importing Assets/CorgiEngine/ThirdParty/MoreMountains/MMInterface/Styles/Mini/Prefabs/Buttons/VerticalGradientOrangeToViolet/ButtonCircleSoundOff.prefab using Guid(b9f0c9a1fd575f24d833a7551f40196b) Importer(2089858483,192608db42251d675da83286b1cce702) (ScriptedImporter) -> (artifact id: 'c78331b2a3b505e6df16a70e41d1fe10') in 0.0423073 seconds
Number of updated asset objects reloaded before import = 0Number of asset objects unloaded after import = 43

========================================================================
Received Import Request.
  Time since last request: 0.000048 seconds.
  path: Assets/CorgiEngine/ThirdParty/MoreMountains/MMInterface/Styles/Mini/Prefabs/Buttons/VerticalGradientOrangeToViolet/ButtonCircleChevron.prefab
  artifactKey: Guid(32907d76f975009429a27d477bbbaf34) Importer(2089858483,192608db42251d675da83286b1cce702)
Start importing Assets/CorgiEngine/ThirdParty/MoreMountains/MMInterface/Styles/Mini/Prefabs/Buttons/VerticalGradientOrangeToViolet/ButtonCircleChevron.prefab using Guid(32907d76f975009429a27d477bbbaf34) Importer(2089858483,192608db42251d675da83286b1cce702) (ScriptedImporter) -> (artifact id: 'b8ce9c0a14628e4197d706670b9e4ac1') in 0.0359397 seconds
Number of updated asset objects reloaded before import = 0Number of asset objects unloaded after import = 43

========================================================================
Received Import Request.
  Time since last request: 0.000029 seconds.
  path: Assets/CorgiEngine/ThirdParty/MoreMountains/MMInterface/Styles/Mini/Prefabs/Buttons/VerticalGradientOrangeToViolet/ButtonCircleHeart.prefab
  artifactKey: Guid(3edef7cb859b522458055169c8c2f443) Importer(2089858483,192608db42251d675da83286b1cce702)
Start importing Assets/CorgiEngine/ThirdParty/MoreMountains/MMInterface/Styles/Mini/Prefabs/Buttons/VerticalGradientOrangeToViolet/ButtonCircleHeart.prefab using Guid(3edef7cb859b522458055169c8c2f443) Importer(2089858483,192608db42251d675da83286b1cce702) (ScriptedImporter) -> (artifact id: 'bde958aee6f4fc6e3836bda1c8e7d8ad') in 0.0426963 seconds
Number of updated asset objects reloaded before import = 0Number of asset objects unloaded after import = 43

========================================================================
Received Import Request.
  Time since last request: 0.000031 seconds.
  path: Assets/CorgiEngine/ThirdParty/MoreMountains/MMInterface/Styles/Mini/Prefabs/Buttons/VerticalGradientOrangeToViolet/ButtonCircle.prefab
  artifactKey: Guid(838cfb4d2438cf342a3ae3fae027dc0d) Importer(2089858483,192608db42251d675da83286b1cce702)
Start importing Assets/CorgiEngine/ThirdParty/MoreMountains/MMInterface/Styles/Mini/Prefabs/Buttons/VerticalGradientOrangeToViolet/ButtonCircle.prefab using Guid(838cfb4d2438cf342a3ae3fae027dc0d) Importer(2089858483,192608db42251d675da83286b1cce702) (ScriptedImporter) -> (artifact id: 'f4926f72ea041657baba904fffb253cd') in 0.0387342 seconds
Number of updated asset objects reloaded before import = 0Number of asset objects unloaded after import = 43

========================================================================
Received Import Request.
  Time since last request: 0.000035 seconds.
  path: Assets/CorgiEngine/ThirdParty/MoreMountains/MMInterface/Styles/Mini/Prefabs/Buttons/Yellow/ButtonCircleCoin.prefab
  artifactKey: Guid(dfa4dee83f0eda54d88213d777eae141) Importer(2089858483,192608db42251d675da83286b1cce702)
Start importing Assets/CorgiEngine/ThirdParty/MoreMountains/MMInterface/Styles/Mini/Prefabs/Buttons/Yellow/ButtonCircleCoin.prefab using Guid(dfa4dee83f0eda54d88213d777eae141) Importer(2089858483,192608db42251d675da83286b1cce702) (ScriptedImporter) -> (artifact id: '7f197283ef71517a9028def11aeb65df') in 0.0437136 seconds
Number of updated asset objects reloaded before import = 0Number of asset objects unloaded after import = 42

========================================================================
Received Import Request.
  Time since last request: 0.000030 seconds.
  path: Assets/CorgiEngine/ThirdParty/MoreMountains/MMInterface/Styles/Mini/Prefabs/Buttons/VerticalGradientOrangeToViolet/ButtonCircleCoin.prefab
  artifactKey: Guid(005f3b19305f96b4c8624399cdc87884) Importer(2089858483,192608db42251d675da83286b1cce702)
Start importing Assets/CorgiEngine/ThirdParty/MoreMountains/MMInterface/Styles/Mini/Prefabs/Buttons/VerticalGradientOrangeToViolet/ButtonCircleCoin.prefab using Guid(005f3b19305f96b4c8624399cdc87884) Importer(2089858483,192608db42251d675da83286b1cce702) (ScriptedImporter) -> (artifact id: '4423d5d1bb5dee30546f6e62d67c19ed') in 0.0431082 seconds
Number of updated asset objects reloaded before import = 0Number of asset objects unloaded after import = 43

========================================================================
Received Import Request.
  Time since last request: 0.000027 seconds.
  path: Assets/CorgiEngine/ThirdParty/MoreMountains/MMInterface/Styles/Mini/Prefabs/Buttons/VerticalGradientOrangeToViolet/ButtonCircleCheck.prefab
  artifactKey: Guid(ba6fdf1d28d827a4180a5b88edd66b08) Importer(2089858483,192608db42251d675da83286b1cce702)
Start importing Assets/CorgiEngine/ThirdParty/MoreMountains/MMInterface/Styles/Mini/Prefabs/Buttons/VerticalGradientOrangeToViolet/ButtonCircleCheck.prefab using Guid(ba6fdf1d28d827a4180a5b88edd66b08) Importer(2089858483,192608db42251d675da83286b1cce702) (ScriptedImporter) -> (artifact id: '6470229f2e324c20140928b69f2b1855') in 0.0435929 seconds
Number of updated asset objects reloaded before import = 0Number of asset objects unloaded after import = 43

========================================================================
Received Import Request.
  Time since last request: 0.000022 seconds.
  path: Assets/CorgiEngine/ThirdParty/MoreMountains/MMInterface/Styles/Mini/Prefabs/Buttons/VerticalGradientOrangeToViolet/ButtonSquareStar.prefab
  artifactKey: Guid(2bbc377992dc06745b797dfc3a017b92) Importer(2089858483,192608db42251d675da83286b1cce702)
Start importing Assets/CorgiEngine/ThirdParty/MoreMountains/MMInterface/Styles/Mini/Prefabs/Buttons/VerticalGradientOrangeToViolet/ButtonSquareStar.prefab using Guid(2bbc377992dc06745b797dfc3a017b92) Importer(2089858483,192608db42251d675da83286b1cce702) (ScriptedImporter) -> (artifact id: '4d0548353da11a35bb5f85fc61f21a54') in 0.0402657 seconds
Number of updated asset objects reloaded before import = 0Number of asset objects unloaded after import = 43

========================================================================
Received Import Request.
  Time since last request: 0.000033 seconds.
  path: Assets/CorgiEngine/ThirdParty/MoreMountains/MMInterface/Styles/Mini/Prefabs/Buttons/VerticalGradientOrangeToViolet/ButtonRound.prefab
  artifactKey: Guid(279a2e65011ec2f4ab56909c013d9973) Importer(2089858483,192608db42251d675da83286b1cce702)
Start importing Assets/CorgiEngine/ThirdParty/MoreMountains/MMInterface/Styles/Mini/Prefabs/Buttons/VerticalGradientOrangeToViolet/ButtonRound.prefab using Guid(279a2e65011ec2f4ab56909c013d9973) Importer(2089858483,192608db42251d675da83286b1cce702) (ScriptedImporter) -> (artifact id: 'accce78ef1f38353f07ad371b69a76bb') in 0.0464977 seconds
Number of updated asset objects reloaded before import = 0Number of asset objects unloaded after import = 45

========================================================================
Received Import Request.
  Time since last request: 0.000022 seconds.
  path: Assets/CorgiEngine/ThirdParty/MoreMountains/MMInterface/Styles/Mini/Prefabs/Buttons/VerticalGradientOrangeToViolet/ButtonSquareDoubleChevron.prefab
  artifactKey: Guid(947b6fa9b9f914b47a9c54022d791f40) Importer(2089858483,192608db42251d675da83286b1cce702)
Start importing Assets/CorgiEngine/ThirdParty/MoreMountains/MMInterface/Styles/Mini/Prefabs/Buttons/VerticalGradientOrangeToViolet/ButtonSquareDoubleChevron.prefab using Guid(947b6fa9b9f914b47a9c54022d791f40) Importer(2089858483,192608db42251d675da83286b1cce702) (ScriptedImporter) -> (artifact id: '1e896fdfa038f112b55c52c4fee3e1f9') in 0.0475881 seconds
Number of updated asset objects reloaded before import = 0Number of asset objects unloaded after import = 43

========================================================================
Received Import Request.
  Time since last request: 0.000041 seconds.
  path: Assets/CorgiEngine/ThirdParty/MoreMountains/MMInterface/Styles/Mini/Prefabs/Buttons/VerticalGradientBlueToPurple/ButtonCircleStar.prefab
  artifactKey: Guid(0c174bf55083f5649ab1cd8b9d3441ba) Importer(2089858483,192608db42251d675da83286b1cce702)
Start importing Assets/CorgiEngine/ThirdParty/MoreMountains/MMInterface/Styles/Mini/Prefabs/Buttons/VerticalGradientBlueToPurple/ButtonCircleStar.prefab using Guid(0c174bf55083f5649ab1cd8b9d3441ba) Importer(2089858483,192608db42251d675da83286b1cce702) (ScriptedImporter) -> (artifact id: 'e60fecf97d5569dab4e5257888901de6') in 0.0465293 seconds
Number of updated asset objects reloaded before import = 0Number of asset objects unloaded after import = 43

========================================================================
Received Import Request.
  Time since last request: 0.000023 seconds.
  path: Assets/CorgiEngine/ThirdParty/MoreMountains/MMInterface/Styles/Mini/Prefabs/Buttons/VerticalGradientBlueToCyan/ButtonCircleSoundOff.prefab
  artifactKey: Guid(9c54ddd75c27a0a41b2a7d55cc656282) Importer(2089858483,192608db42251d675da83286b1cce702)
Start importing Assets/CorgiEngine/ThirdParty/MoreMountains/MMInterface/Styles/Mini/Prefabs/Buttons/VerticalGradientBlueToCyan/ButtonCircleSoundOff.prefab using Guid(9c54ddd75c27a0a41b2a7d55cc656282) Importer(2089858483,192608db42251d675da83286b1cce702) (ScriptedImporter) -> (artifact id: 'c7b659988047f3a05fcd2f9770d78e57') in 0.0461714 seconds
Number of updated asset objects reloaded before import = 0Number of asset objects unloaded after import = 43

========================================================================
Received Import Request.
  Time since last request: 0.000049 seconds.
  path: Assets/CorgiEngine/ThirdParty/MoreMountains/MMInterface/Styles/Mini/Prefabs/Buttons/Yellow/ButtonSquareCross.prefab
  artifactKey: Guid(ab00ad361609e6c48857bcb694700c54) Importer(2089858483,192608db42251d675da83286b1cce702)
Start importing Assets/CorgiEngine/ThirdParty/MoreMountains/MMInterface/Styles/Mini/Prefabs/Buttons/Yellow/ButtonSquareCross.prefab using Guid(ab00ad361609e6c48857bcb694700c54) Importer(2089858483,192608db42251d675da83286b1cce702) (ScriptedImporter) -> (artifact id: 'fcc11f6c519bab3f2b0c2bf229b15b40') in 0.0435997 seconds
Number of updated asset objects reloaded before import = 0Number of asset objects unloaded after import = 42

========================================================================
Received Import Request.
  Time since last request: 0.000021 seconds.
  path: Assets/CorgiEngine/ThirdParty/MoreMountains/MMInterface/Styles/Mini/Prefabs/Buttons/Yellow/ButtonCircleGear.prefab
  artifactKey: Guid(d484f18fffe8605418de5ebd475ab846) Importer(2089858483,192608db42251d675da83286b1cce702)
Start importing Assets/CorgiEngine/ThirdParty/MoreMountains/MMInterface/Styles/Mini/Prefabs/Buttons/Yellow/ButtonCircleGear.prefab using Guid(d484f18fffe8605418de5ebd475ab846) Importer(2089858483,192608db42251d675da83286b1cce702) (ScriptedImporter) -> (artifact id: '3ffc9ed4c9fb6239f2e829d4040a48ec') in 0.0468486 seconds
Number of updated asset objects reloaded before import = 0Number of asset objects unloaded after import = 42

========================================================================
Received Import Request.
  Time since last request: 0.000022 seconds.
  path: Assets/CorgiEngine/ThirdParty/MoreMountains/MMInterface/Styles/Mini/Prefabs/Buttons/Yellow/ButtonSquareHeart.prefab
  artifactKey: Guid(be941c7bddf066248944c8608d2f8362) Importer(2089858483,192608db42251d675da83286b1cce702)
Start importing Assets/CorgiEngine/ThirdParty/MoreMountains/MMInterface/Styles/Mini/Prefabs/Buttons/Yellow/ButtonSquareHeart.prefab using Guid(be941c7bddf066248944c8608d2f8362) Importer(2089858483,192608db42251d675da83286b1cce702) (ScriptedImporter) -> (artifact id: 'aa3b22a738b60f46e5e564aeff20bd55') in 0.0347815 seconds
Number of updated asset objects reloaded before import = 0Number of asset objects unloaded after import = 42

========================================================================
Received Import Request.
  Time since last request: 0.000029 seconds.
  path: Assets/CorgiEngine/ThirdParty/MoreMountains/MMTools/Demos/MMTween/Fonts/Lato/SDF/Lato-HeavyItalic SDF.asset
  artifactKey: Guid(191c85d053c814242b6d9fab0a91b9f9) Importer(2089858483,192608db42251d675da83286b1cce702)
Start importing Assets/CorgiEngine/ThirdParty/MoreMountains/MMTools/Demos/MMTween/Fonts/Lato/SDF/Lato-HeavyItalic SDF.asset using Guid(191c85d053c814242b6d9fab0a91b9f9) Importer(2089858483,192608db42251d675da83286b1cce702) (ScriptedImporter) -> (artifact id: '7765758936c68e045657f0e2602e6a55') in 0.1217882 seconds
Number of updated asset objects reloaded before import = 0Number of asset objects unloaded after import = 3

========================================================================
Received Import Request.
  Time since last request: 0.000034 seconds.
  path: Assets/CorgiEngine/ThirdParty/MoreMountains/MMTools/Demos/MMTween/Fonts/Lato/TTF/Lato-Regular.ttf
  artifactKey: Guid(5686e06ef14cf104b8e282ee7c41b9a6) Importer(2089858483,192608db42251d675da83286b1cce702)
Start importing Assets/CorgiEngine/ThirdParty/MoreMountains/MMTools/Demos/MMTween/Fonts/Lato/TTF/Lato-Regular.ttf using Guid(5686e06ef14cf104b8e282ee7c41b9a6) Importer(2089858483,192608db42251d675da83286b1cce702) (ScriptedImporter) -> (artifact id: '1166099881658ad1824ca230d6b78b09') in 0.0361611 seconds
Number of updated asset objects reloaded before import = 0Number of asset objects unloaded after import = 3

========================================================================
Received Import Request.
  Time since last request: 0.000023 seconds.
  path: Assets/CorgiEngine/ThirdParty/MoreMountains/MMTools/Demos/MMTween/Fonts/Lato/SDF/Lato-Semibold SDF.asset
  artifactKey: Guid(5e48c6b5155ab684092ac6890f8f3af4) Importer(2089858483,192608db42251d675da83286b1cce702)
Start importing Assets/CorgiEngine/ThirdParty/MoreMountains/MMTools/Demos/MMTween/Fonts/Lato/SDF/Lato-Semibold SDF.asset using Guid(5e48c6b5155ab684092ac6890f8f3af4) Importer(2089858483,192608db42251d675da83286b1cce702) (ScriptedImporter) -> (artifact id: 'b2280d6ec2c5412c76925b8a957f4cad') in 0.0553675 seconds
Number of updated asset objects reloaded before import = 0Number of asset objects unloaded after import = 3

========================================================================
Received Import Request.
  Time since last request: 0.000022 seconds.
  path: Assets/CorgiEngine/ThirdParty/MoreMountains/MMTools/Demos/MMTween/Fonts/Lato/TTF/Lato-LightItalic.ttf
  artifactKey: Guid(4e4fd698e0090124ea15a7ae5a30b84a) Importer(2089858483,192608db42251d675da83286b1cce702)
Start importing Assets/CorgiEngine/ThirdParty/MoreMountains/MMTools/Demos/MMTween/Fonts/Lato/TTF/Lato-LightItalic.ttf using Guid(4e4fd698e0090124ea15a7ae5a30b84a) Importer(2089858483,192608db42251d675da83286b1cce702) (ScriptedImporter) -> (artifact id: 'e0f73ad44f0d2f4722be7cadd5db5a8f') in 0.0315064 seconds
Number of updated asset objects reloaded before import = 0Number of asset objects unloaded after import = 3

========================================================================
Received Import Request.
  Time since last request: 0.000026 seconds.
  path: Assets/CorgiEngine/ThirdParty/MoreMountains/MMInterface/Styles/Mini/Prefabs/Buttons/Yellow/ButtonMain.prefab
  artifactKey: Guid(a493807fdd6e16b498ee2f998e5a34a1) Importer(2089858483,192608db42251d675da83286b1cce702)
Start importing Assets/CorgiEngine/ThirdParty/MoreMountains/MMInterface/Styles/Mini/Prefabs/Buttons/Yellow/ButtonMain.prefab using Guid(a493807fdd6e16b498ee2f998e5a34a1) Importer(2089858483,192608db42251d675da83286b1cce702) (ScriptedImporter) -> (artifact id: '1611e41de31dac1a827b00654abde963') in 0.0474151 seconds
Number of updated asset objects reloaded before import = 0Number of asset objects unloaded after import = 43

========================================================================
Received Import Request.
  Time since last request: 0.000032 seconds.
  path: Assets/CorgiEngine/ThirdParty/MoreMountains/MMInterface/Styles/Mini/Prefabs/Buttons/Yellow/ButtonCircleSoundOff.prefab
  artifactKey: Guid(0ac9d8b3ffa069a43b271720c564d126) Importer(2089858483,192608db42251d675da83286b1cce702)
Start importing Assets/CorgiEngine/ThirdParty/MoreMountains/MMInterface/Styles/Mini/Prefabs/Buttons/Yellow/ButtonCircleSoundOff.prefab using Guid(0ac9d8b3ffa069a43b271720c564d126) Importer(2089858483,192608db42251d675da83286b1cce702) (ScriptedImporter) -> (artifact id: '1a914a43a1c9ac2ca80b7fabcf9d6f17') in 0.0440114 seconds
Number of updated asset objects reloaded before import = 0Number of asset objects unloaded after import = 42

========================================================================
Received Import Request.
  Time since last request: 0.000024 seconds.
  path: Assets/CorgiEngine/ThirdParty/MoreMountains/MMTools/Demos/MMTween/Fonts/Lato/TTF/Lato-Bold.ttf
  artifactKey: Guid(ae4e4b833eb9f63448b39edf3f03e309) Importer(2089858483,192608db42251d675da83286b1cce702)
Start importing Assets/CorgiEngine/ThirdParty/MoreMountains/MMTools/Demos/MMTween/Fonts/Lato/TTF/Lato-Bold.ttf using Guid(ae4e4b833eb9f63448b39edf3f03e309) Importer(2089858483,192608db42251d675da83286b1cce702) (ScriptedImporter) -> (artifact id: 'c480edcc9a28d40e2678a3b147ba4f7f') in 0.0322031 seconds
Number of updated asset objects reloaded before import = 0Number of asset objects unloaded after import = 3

========================================================================
Received Import Request.
  Time since last request: 0.000037 seconds.
  path: Assets/CorgiEngine/ThirdParty/MoreMountains/MMInterface/Styles/Mini/Prefabs/Buttons/Yellow/ButtonCircleStar.prefab
  artifactKey: Guid(621ea914660a7324499292f41007ec29) Importer(2089858483,192608db42251d675da83286b1cce702)
Start importing Assets/CorgiEngine/ThirdParty/MoreMountains/MMInterface/Styles/Mini/Prefabs/Buttons/Yellow/ButtonCircleStar.prefab using Guid(621ea914660a7324499292f41007ec29) Importer(2089858483,192608db42251d675da83286b1cce702) (ScriptedImporter) -> (artifact id: '23ee33a10613349b1cced9b7087d8b1d') in 0.0428653 seconds
Number of updated asset objects reloaded before import = 0Number of asset objects unloaded after import = 42

========================================================================
Received Import Request.
  Time since last request: 0.000037 seconds.
  path: Assets/CorgiEngine/ThirdParty/MoreMountains/MMTools/Demos/MMTween/Fonts/Lato/TTF/Lato-Hairline.ttf
  artifactKey: Guid(268e79bc7d26d5f4eba730c096c20174) Importer(2089858483,192608db42251d675da83286b1cce702)
Start importing Assets/CorgiEngine/ThirdParty/MoreMountains/MMTools/Demos/MMTween/Fonts/Lato/TTF/Lato-Hairline.ttf using Guid(268e79bc7d26d5f4eba730c096c20174) Importer(2089858483,192608db42251d675da83286b1cce702) (ScriptedImporter) -> (artifact id: 'f4c350fcb92457449e431173875a4fa3') in 0.0468896 seconds
Number of updated asset objects reloaded before import = 0Number of asset objects unloaded after import = 3

========================================================================
Received Import Request.
  Time since last request: 0.000032 seconds.
  path: Assets/CorgiEngine/ThirdParty/MoreMountains/MMTools/Demos/MMTween/Fonts/Lato/SDF/Lato-Light SDF.asset
  artifactKey: Guid(a7cf2bc8733f6c0468062c8e95e84690) Importer(2089858483,192608db42251d675da83286b1cce702)
Start importing Assets/CorgiEngine/ThirdParty/MoreMountains/MMTools/Demos/MMTween/Fonts/Lato/SDF/Lato-Light SDF.asset using Guid(a7cf2bc8733f6c0468062c8e95e84690) Importer(2089858483,192608db42251d675da83286b1cce702) (ScriptedImporter) -> (artifact id: 'ed6b2f22b36c15b453ca6f8773c2a867') in 0.0617999 seconds
Number of updated asset objects reloaded before import = 0Number of asset objects unloaded after import = 3

========================================================================
Received Import Request.
  Time since last request: 0.000026 seconds.
  path: Assets/CorgiEngine/ThirdParty/MoreMountains/MMTools/Demos/MMTween/Fonts/Lato/TTF/Lato-Italic.ttf
  artifactKey: Guid(e0fc9e42b93cafb49903ae27c9cb0d9c) Importer(2089858483,192608db42251d675da83286b1cce702)
Start importing Assets/CorgiEngine/ThirdParty/MoreMountains/MMTools/Demos/MMTween/Fonts/Lato/TTF/Lato-Italic.ttf using Guid(e0fc9e42b93cafb49903ae27c9cb0d9c) Importer(2089858483,192608db42251d675da83286b1cce702) (ScriptedImporter) -> (artifact id: 'dd9103d24166d46f66add2bd1f65271f') in 0.0410481 seconds
Number of updated asset objects reloaded before import = 0Number of asset objects unloaded after import = 3

========================================================================
Received Import Request.
  Time since last request: 0.000027 seconds.
  path: Assets/CorgiEngine/ThirdParty/MoreMountains/MMTools/Demos/MMTween/Fonts/Lato/SDF/Lato SDF.asset
  artifactKey: Guid(3944eaaf70beffa4097d8c293604125e) Importer(2089858483,192608db42251d675da83286b1cce702)
Start importing Assets/CorgiEngine/ThirdParty/MoreMountains/MMTools/Demos/MMTween/Fonts/Lato/SDF/Lato SDF.asset using Guid(3944eaaf70beffa4097d8c293604125e) Importer(2089858483,192608db42251d675da83286b1cce702) (ScriptedImporter) -> (artifact id: 'f50b65a3ad3bb585f4ef912fc5220a81') in 0.1818448 seconds
Number of updated asset objects reloaded before import = 0Number of asset objects unloaded after import = 54

========================================================================
Received Import Request.
  Time since last request: 0.000057 seconds.
  path: Assets/CorgiEngine/ThirdParty/MoreMountains/MMInterface/Styles/Mini/Prefabs/Buttons/VerticalGradientOrangeToViolet/ButtonSquare.prefab
  artifactKey: Guid(3af2d7e3c682b58409bd67918036ddbe) Importer(2089858483,192608db42251d675da83286b1cce702)
Start importing Assets/CorgiEngine/ThirdParty/MoreMountains/MMInterface/Styles/Mini/Prefabs/Buttons/VerticalGradientOrangeToViolet/ButtonSquare.prefab using Guid(3af2d7e3c682b58409bd67918036ddbe) Importer(2089858483,192608db42251d675da83286b1cce702) (ScriptedImporter) -> (artifact id: '886667a9a3bc9aa79f36843c17877126') in 0.0533087 seconds
Number of updated asset objects reloaded before import = 0Number of asset objects unloaded after import = 43

========================================================================
Received Import Request.
  Time since last request: 0.000036 seconds.
  path: Assets/CorgiEngine/ThirdParty/MoreMountains/MMInterface/Styles/Mini/Sprites/Icons/MMIconChevron.png
  artifactKey: Guid(6bc48dab7b8ec5f469509cab91228ae9) Importer(2089858483,192608db42251d675da83286b1cce702)
Start importing Assets/CorgiEngine/ThirdParty/MoreMountains/MMInterface/Styles/Mini/Sprites/Icons/MMIconChevron.png using Guid(6bc48dab7b8ec5f469509cab91228ae9) Importer(2089858483,192608db42251d675da83286b1cce702) (ScriptedImporter) -> (artifact id: '609982c957c88785e1e64a91568d01c9') in 0.0522441 seconds
Number of updated asset objects reloaded before import = 0Number of asset objects unloaded after import = 3

========================================================================
Received Import Request.
  Time since last request: 0.000022 seconds.
  path: Assets/CorgiEngine/ThirdParty/MoreMountains/MMFeedbacks/Demos/SequencingDemo/Sounds/Kit/MMSequencingHat2.wav
  artifactKey: Guid(1cfacca2bedb5f4418892d40cbe9018d) Importer(2089858483,192608db42251d675da83286b1cce702)
Start importing Assets/CorgiEngine/ThirdParty/MoreMountains/MMFeedbacks/Demos/SequencingDemo/Sounds/Kit/MMSequencingHat2.wav using Guid(1cfacca2bedb5f4418892d40cbe9018d) Importer(2089858483,192608db42251d675da83286b1cce702) (ScriptedImporter) -> (artifact id: '0c6de71dfa2bd1733311578830c2e304') in 0.0581068 seconds
Number of updated asset objects reloaded before import = 0Number of asset objects unloaded after import = 1

========================================================================
Received Import Request.
  Time since last request: 0.000024 seconds.
  path: Assets/CorgiEngine/ThirdParty/MoreMountains/MMInterface/Styles/Mini/Sprites/Icons/MMIconStar.png
  artifactKey: Guid(f7cfde81d3ad28a409077515c4268666) Importer(2089858483,192608db42251d675da83286b1cce702)
Start importing Assets/CorgiEngine/ThirdParty/MoreMountains/MMInterface/Styles/Mini/Sprites/Icons/MMIconStar.png using Guid(f7cfde81d3ad28a409077515c4268666) Importer(2089858483,192608db42251d675da83286b1cce702) (ScriptedImporter) -> (artifact id: 'ff26fc0f6cfd3492f71524e0c3c03cb5') in 0.0510378 seconds
Number of updated asset objects reloaded before import = 0Number of asset objects unloaded after import = 3

========================================================================
Received Import Request.
  Time since last request: 0.000027 seconds.
  path: Assets/CorgiEngine/ThirdParty/MoreMountains/InventoryEngine/Demos/PixelRogue/Resources/Items/Coin.asset
  artifactKey: Guid(2c96dc824a5c07d499919dd781334700) Importer(2089858483,192608db42251d675da83286b1cce702)
Start importing Assets/CorgiEngine/ThirdParty/MoreMountains/InventoryEngine/Demos/PixelRogue/Resources/Items/Coin.asset using Guid(2c96dc824a5c07d499919dd781334700) Importer(2089858483,192608db42251d675da83286b1cce702) (ScriptedImporter) -> (artifact id: 'b6bf0719a0864dec24ad34eebff5222d') in 0.0415264 seconds
Number of updated asset objects reloaded before import = 0Number of asset objects unloaded after import = 10

========================================================================
Received Import Request.
  Time since last request: 0.000048 seconds.
  path: Assets/CorgiEngine/ThirdParty/MoreMountains/MMInterface/Styles/Mini/Sprites/Avatars.png
  artifactKey: Guid(079f5a8d00f74c84181be0a872b4c39d) Importer(2089858483,192608db42251d675da83286b1cce702)
Start importing Assets/CorgiEngine/ThirdParty/MoreMountains/MMInterface/Styles/Mini/Sprites/Avatars.png using Guid(079f5a8d00f74c84181be0a872b4c39d) Importer(2089858483,192608db42251d675da83286b1cce702) (ScriptedImporter) -> (artifact id: '527beaf204625bac4d9d95d04a3bad8b') in 0.056294 seconds
Number of updated asset objects reloaded before import = 0Number of asset objects unloaded after import = 6

========================================================================
Received Import Request.
  Time since last request: 0.000036 seconds.
  path: Assets/CorgiEngine/ThirdParty/MoreMountains/MMTools/Accessories/MMVFX/MMBrushes/MMBrush0.png
  artifactKey: Guid(04d21181005a65b47acaea5c6f605184) Importer(2089858483,192608db42251d675da83286b1cce702)
Start importing Assets/CorgiEngine/ThirdParty/MoreMountains/MMTools/Accessories/MMVFX/MMBrushes/MMBrush0.png using Guid(04d21181005a65b47acaea5c6f605184) Importer(2089858483,192608db42251d675da83286b1cce702) (ScriptedImporter) -> (artifact id: '91ed53575e1a91d8d234370abdb3c360') in 0.066779 seconds
Number of updated asset objects reloaded before import = 0Number of asset objects unloaded after import = 1

========================================================================
Received Import Request.
  Time since last request: 0.000022 seconds.
  path: Assets/CorgiEngine/ThirdParty/MoreMountains/MMTools/Foundation/MMAchievements/Sprites/AchievementBackground.png
  artifactKey: Guid(cecdbf60b0c9d47c9a26b99a41425de0) Importer(2089858483,192608db42251d675da83286b1cce702)
Start importing Assets/CorgiEngine/ThirdParty/MoreMountains/MMTools/Foundation/MMAchievements/Sprites/AchievementBackground.png using Guid(cecdbf60b0c9d47c9a26b99a41425de0) Importer(2089858483,192608db42251d675da83286b1cce702) (ScriptedImporter) -> (artifact id: '1a8cc422277a647f82e7ca1c1c746622') in 0.0509539 seconds
Number of updated asset objects reloaded before import = 0Number of asset objects unloaded after import = 3

========================================================================
Received Import Request.
  Time since last request: 0.000032 seconds.
  path: Assets/CorgiEngine/ThirdParty/MoreMountains/MMInterface/Styles/Mini/Prefabs/Buttons/HorizontalGradientOrangeToPink/ButtonSquareSoundOff.prefab
  artifactKey: Guid(f5cdac18a94029248be0fe0679c73b15) Importer(2089858483,192608db42251d675da83286b1cce702)
Start importing Assets/CorgiEngine/ThirdParty/MoreMountains/MMInterface/Styles/Mini/Prefabs/Buttons/HorizontalGradientOrangeToPink/ButtonSquareSoundOff.prefab using Guid(f5cdac18a94029248be0fe0679c73b15) Importer(2089858483,192608db42251d675da83286b1cce702) (ScriptedImporter) -> (artifact id: '1c7bbdd7e991d84f7771ad8272a79d49') in 0.0451684 seconds
Number of updated asset objects reloaded before import = 0Number of asset objects unloaded after import = 43

========================================================================
Received Import Request.
  Time since last request: 0.000023 seconds.
  path: Assets/CorgiEngine/ThirdParty/MoreMountains/InventoryEngine/Demos/PixelRogue/PixelRogueMultiplayer.unity
  artifactKey: Guid(1ad628c7cb1fd85418e434b5ec065e21) Importer(2089858483,192608db42251d675da83286b1cce702)
Start importing Assets/CorgiEngine/ThirdParty/MoreMountains/InventoryEngine/Demos/PixelRogue/PixelRogueMultiplayer.unity using Guid(1ad628c7cb1fd85418e434b5ec065e21) Importer(2089858483,192608db42251d675da83286b1cce702) (ScriptedImporter) -> (artifact id: '4c4ed7deb8ee7aad1e2bb456a00c845b') in 0.0370665 seconds
Number of updated asset objects reloaded before import = 0Number of asset objects unloaded after import = 1

========================================================================
Received Import Request.
  Time since last request: 0.000026 seconds.
  path: Assets/CorgiEngine/ThirdParty/MoreMountains/MMTools/Accessories/MMVFX/MMRipple/MMRippleSpiral2NM.png
  artifactKey: Guid(edcc1b3de33bacd4c81ff1a864d65f8c) Importer(2089858483,192608db42251d675da83286b1cce702)
Start importing Assets/CorgiEngine/ThirdParty/MoreMountains/MMTools/Accessories/MMVFX/MMRipple/MMRippleSpiral2NM.png using Guid(edcc1b3de33bacd4c81ff1a864d65f8c) Importer(2089858483,192608db42251d675da83286b1cce702) (ScriptedImporter) -> (artifact id: '8894541bcdf2c297b7663a7df318bad2') in 0.0522953 seconds
Number of updated asset objects reloaded before import = 0Number of asset objects unloaded after import = 1

========================================================================
Received Import Request.
  Time since last request: 0.000036 seconds.
  path: Assets/CorgiEngine/ThirdParty/MoreMountains/MMFeedbacks/MMFeedbacks/Shakers/MMCameraClippingPlanesShaker.cs
  artifactKey: Guid(96f05f56a5059314193ef8b32da639ce) Importer(2089858483,192608db42251d675da83286b1cce702)
Start importing Assets/CorgiEngine/ThirdParty/MoreMountains/MMFeedbacks/MMFeedbacks/Shakers/MMCameraClippingPlanesShaker.cs using Guid(96f05f56a5059314193ef8b32da639ce) Importer(2089858483,192608db42251d675da83286b1cce702) (ScriptedImporter) -> (artifact id: '90afa7e813db41862fd56bfa7215a6dd') in 0.0258193 seconds
Number of updated asset objects reloaded before import = 0Number of asset objects unloaded after import = 0

========================================================================
Received Import Request.
  Time since last request: 0.000121 seconds.
  path: Assets/CorgiEngine/ThirdParty/MoreMountains/MMTools/Accessories/MMInput/MMAutoInputModule.cs
  artifactKey: Guid(c82cf35166701394ab910f41269944f9) Importer(2089858483,192608db42251d675da83286b1cce702)
Start importing Assets/CorgiEngine/ThirdParty/MoreMountains/MMTools/Accessories/MMInput/MMAutoInputModule.cs using Guid(c82cf35166701394ab910f41269944f9) Importer(2089858483,192608db42251d675da83286b1cce702) (ScriptedImporter) -> (artifact id: '5dfd2fb68d58434fa6405d0bd2786c9a') in 0.0283703 seconds
Number of updated asset objects reloaded before import = 0Number of asset objects unloaded after import = 0

========================================================================
Received Import Request.
  Time since last request: 0.000059 seconds.
  path: Assets/CorgiEngine/ThirdParty/MoreMountains/MMFeedbacks/Editor/Springs/MMSpringVector4PropertyDrawer.cs
  artifactKey: Guid(fbd00ea6a74ff2c4295668162e4661bb) Importer(2089858483,192608db42251d675da83286b1cce702)
Start importing Assets/CorgiEngine/ThirdParty/MoreMountains/MMFeedbacks/Editor/Springs/MMSpringVector4PropertyDrawer.cs using Guid(fbd00ea6a74ff2c4295668162e4661bb) Importer(2089858483,192608db42251d675da83286b1cce702) (ScriptedImporter) -> (artifact id: 'b8f5f9235ce6d0c5884ebb1afef11166') in 0.0270968 seconds
Number of updated asset objects reloaded before import = 0Number of asset objects unloaded after import = 0

========================================================================
Received Import Request.
  Time since last request: 0.000134 seconds.
  path: Assets/CorgiEngine/ThirdParty/MoreMountains/MMFeedbacks/MMFeedbacks/Springs/Core/MMSpringComponentBase.cs
  artifactKey: Guid(a2e30721e98d6264b98d28d6f10fa395) Importer(2089858483,192608db42251d675da83286b1cce702)
Start importing Assets/CorgiEngine/ThirdParty/MoreMountains/MMFeedbacks/MMFeedbacks/Springs/Core/MMSpringComponentBase.cs using Guid(a2e30721e98d6264b98d28d6f10fa395) Importer(2089858483,192608db42251d675da83286b1cce702) (ScriptedImporter) -> (artifact id: 'd7c5a3b51e6da4f8e0126db29f496384') in 0.0281774 seconds
Number of updated asset objects reloaded before import = 0Number of asset objects unloaded after import = 0

========================================================================
Received Import Request.
  Time since last request: 0.000055 seconds.
  path: Assets/CorgiEngine/ThirdParty/MoreMountains/MMInterface/Styles/Mini/Prefabs/Buttons/HorizontalGradientGreenToBlue/ButtonCircleGear.prefab
  artifactKey: Guid(bab3d7b9d8426ff468557d8f827710c9) Importer(2089858483,192608db42251d675da83286b1cce702)
Start importing Assets/CorgiEngine/ThirdParty/MoreMountains/MMInterface/Styles/Mini/Prefabs/Buttons/HorizontalGradientGreenToBlue/ButtonCircleGear.prefab using Guid(bab3d7b9d8426ff468557d8f827710c9) Importer(2089858483,192608db42251d675da83286b1cce702) (ScriptedImporter) -> (artifact id: '20dde8c2a80dffcbb090cd41e9346e3f') in 0.0516531 seconds
Number of updated asset objects reloaded before import = 0Number of asset objects unloaded after import = 43

========================================================================
Received Import Request.
  Time since last request: 0.000034 seconds.
  path: Assets/CorgiEngine/ThirdParty/MoreMountains/MMTools/Foundation/Editor/MoreMountains.Tools.Foundation.Editor.asmref
  artifactKey: Guid(e08d8cde70b2ab541adf3efc246ef16a) Importer(2089858483,192608db42251d675da83286b1cce702)
Start importing Assets/CorgiEngine/ThirdParty/MoreMountains/MMTools/Foundation/Editor/MoreMountains.Tools.Foundation.Editor.asmref using Guid(e08d8cde70b2ab541adf3efc246ef16a) Importer(2089858483,192608db42251d675da83286b1cce702) (ScriptedImporter) -> (artifact id: '72bc7b1a85185e12b7e52866fdcd0f79') in 0.0494275 seconds
Number of updated asset objects reloaded before import = 0Number of asset objects unloaded after import = 1

========================================================================
Received Import Request.
  Time since last request: 0.000063 seconds.
  path: Assets/CorgiEngine/ThirdParty/MoreMountains/MMInterface/Common/Scripts/MMSpriteReplaceCycle.cs
  artifactKey: Guid(2001da774ddc7f84bb68074bd71a5603) Importer(2089858483,192608db42251d675da83286b1cce702)
Start importing Assets/CorgiEngine/ThirdParty/MoreMountains/MMInterface/Common/Scripts/MMSpriteReplaceCycle.cs using Guid(2001da774ddc7f84bb68074bd71a5603) Importer(2089858483,192608db42251d675da83286b1cce702) (ScriptedImporter) -> (artifact id: '7601c0ff3c93f3db66a24eb7ffc75a0a') in 0.0262717 seconds
Number of updated asset objects reloaded before import = 0Number of asset objects unloaded after import = 0

========================================================================
Received Import Request.
  Time since last request: 0.000083 seconds.
  path: Assets/CorgiEngine/ThirdParty/MoreMountains/MMTools/Core/MMEvents/MMGameEventListener.cs
  artifactKey: Guid(5d32468fc4b09b2409873fc687f0e04d) Importer(2089858483,192608db42251d675da83286b1cce702)
Start importing Assets/CorgiEngine/ThirdParty/MoreMountains/MMTools/Core/MMEvents/MMGameEventListener.cs using Guid(5d32468fc4b09b2409873fc687f0e04d) Importer(2089858483,192608db42251d675da83286b1cce702) (ScriptedImporter) -> (artifact id: '8eb9201dfe8cd7c702ab52ac55285eae') in 0.0219492 seconds
Number of updated asset objects reloaded before import = 0Number of asset objects unloaded after import = 0

========================================================================
Received Import Request.
  Time since last request: 0.000089 seconds.
  path: Assets/CorgiEngine/ThirdParty/MoreMountains/MMFeedbacks/MMFeedbacksForThirdParty/MMTools/Feedbacks/MMF_DebugComment.cs
  artifactKey: Guid(9e5ef4e0e1b94c54b97bc6387c8009bd) Importer(2089858483,192608db42251d675da83286b1cce702)
Start importing Assets/CorgiEngine/ThirdParty/MoreMountains/MMFeedbacks/MMFeedbacksForThirdParty/MMTools/Feedbacks/MMF_DebugComment.cs using Guid(9e5ef4e0e1b94c54b97bc6387c8009bd) Importer(2089858483,192608db42251d675da83286b1cce702) (ScriptedImporter) -> (artifact id: '0ba44328fc9c9f2609ea7edaa9aa8ccb') in 0.0261081 seconds
Number of updated asset objects reloaded before import = 0Number of asset objects unloaded after import = 0

========================================================================
Received Import Request.
  Time since last request: 0.000083 seconds.
  path: Assets/CorgiEngine/Demos/Corgi2D/Prefabs/Environment/Trees/Tree5.prefab
  artifactKey: Guid(37a7cb7faf796494ea7d3aca6e550d13) Importer(2089858483,192608db42251d675da83286b1cce702)
Start importing Assets/CorgiEngine/Demos/Corgi2D/Prefabs/Environment/Trees/Tree5.prefab using Guid(37a7cb7faf796494ea7d3aca6e550d13) Importer(2089858483,192608db42251d675da83286b1cce702) (ScriptedImporter) -> (artifact id: 'db6819ceb2811b6a11567d8d17864281') in 0.0438864 seconds
Number of updated asset objects reloaded before import = 0Number of asset objects unloaded after import = 8

========================================================================
Received Import Request.
  Time since last request: 0.000028 seconds.
  path: Assets/CorgiEngine/ThirdParty/MoreMountains/MMTools/Demos/MMGhostCamera/MMGhostCameraDemo.unity
  artifactKey: Guid(9b2edc97599f83a44b9c2d9da82e02e0) Importer(2089858483,192608db42251d675da83286b1cce702)
Start importing Assets/CorgiEngine/ThirdParty/MoreMountains/MMTools/Demos/MMGhostCamera/MMGhostCameraDemo.unity using Guid(9b2edc97599f83a44b9c2d9da82e02e0) Importer(2089858483,192608db42251d675da83286b1cce702) (ScriptedImporter) -> (artifact id: '966461b95509ddf043d6b2f98d3ebb3b') in 0.0336221 seconds
Number of updated asset objects reloaded before import = 0Number of asset objects unloaded after import = 1

========================================================================
Received Import Request.
  Time since last request: 0.000085 seconds.
  path: Assets/CorgiEngine/ThirdParty/MoreMountains/MMInterface/Styles/Mini/Prefabs/Buttons/Grey/ButtonMain.prefab
  artifactKey: Guid(53aaed52e45f559478f7e62d42477c28) Importer(2089858483,192608db42251d675da83286b1cce702)
Start importing Assets/CorgiEngine/ThirdParty/MoreMountains/MMInterface/Styles/Mini/Prefabs/Buttons/Grey/ButtonMain.prefab using Guid(53aaed52e45f559478f7e62d42477c28) Importer(2089858483,192608db42251d675da83286b1cce702) (ScriptedImporter) -> (artifact id: 'c9e496f192869b165747e0cfcb8da341') in 0.0667659 seconds
Number of updated asset objects reloaded before import = 0Number of asset objects unloaded after import = 44

========================================================================
Received Import Request.
  Time since last request: 0.000060 seconds.
  path: Assets/CorgiEngine/ThirdParty/MoreMountains/MMInterface/Styles/Mini/Prefabs/Buttons/VerticalGradientBlueToPurple/ButtonCircleDoubleChevron.prefab
  artifactKey: Guid(0d5b2bd0e3bb47e40b1b2187a2956585) Importer(2089858483,192608db42251d675da83286b1cce702)
Start importing Assets/CorgiEngine/ThirdParty/MoreMountains/MMInterface/Styles/Mini/Prefabs/Buttons/VerticalGradientBlueToPurple/ButtonCircleDoubleChevron.prefab using Guid(0d5b2bd0e3bb47e40b1b2187a2956585) Importer(2089858483,192608db42251d675da83286b1cce702) (ScriptedImporter) -> (artifact id: 'adc025233c76956c45e6ac6ab142e24c') in 0.0610746 seconds
Number of updated asset objects reloaded before import = 0Number of asset objects unloaded after import = 43

========================================================================
Received Import Request.
  Time since last request: 0.000046 seconds.
  path: Assets/CorgiEngine/Demos/Minimal/Prefabs/Weapons/AmmoBasedWeapons/MinimalGrenadeLauncherWithAmmo.prefab
  artifactKey: Guid(e5f0fc00f1e32fc4ca7e1e31fb6e8eb2) Importer(2089858483,192608db42251d675da83286b1cce702)
Start importing Assets/CorgiEngine/Demos/Minimal/Prefabs/Weapons/AmmoBasedWeapons/MinimalGrenadeLauncherWithAmmo.prefab using Guid(e5f0fc00f1e32fc4ca7e1e31fb6e8eb2) Importer(2089858483,192608db42251d675da83286b1cce702) (ScriptedImporter) -> (artifact id: '585ca8e29678666c224bb2e8a30a95ff') in 0.1224108 seconds
Number of updated asset objects reloaded before import = 0Number of asset objects unloaded after import = 71

========================================================================
Received Import Request.
  Time since last request: 0.000027 seconds.
  path: Assets/CorgiEngine/Demos/TheHunt/Models/Soldier/Materials/Colors/BlueMaterial2.mat
  artifactKey: Guid(5f658a0d0afac0c4591190c7aa41caaf) Importer(2089858483,192608db42251d675da83286b1cce702)
Start importing Assets/CorgiEngine/Demos/TheHunt/Models/Soldier/Materials/Colors/BlueMaterial2.mat using Guid(5f658a0d0afac0c4591190c7aa41caaf) Importer(2089858483,192608db42251d675da83286b1cce702) (ScriptedImporter) -> (artifact id: 'b2e640cd9611153cf907b05290ac211e') in 0.0318234 seconds
Number of updated asset objects reloaded before import = 0Number of asset objects unloaded after import = 1

========================================================================
Received Import Request.
  Time since last request: 0.000023 seconds.
  path: Assets/CorgiEngine/ThirdParty/MoreMountains/MMFeedbacks/MMFeedbacks/Shakers/MMAudioFilterHighPassShaker.cs
  artifactKey: Guid(7ca043dc9da4b1e49a30103f3e9a5fa8) Importer(2089858483,192608db42251d675da83286b1cce702)
Start importing Assets/CorgiEngine/ThirdParty/MoreMountains/MMFeedbacks/MMFeedbacks/Shakers/MMAudioFilterHighPassShaker.cs using Guid(7ca043dc9da4b1e49a30103f3e9a5fa8) Importer(2089858483,192608db42251d675da83286b1cce702) (ScriptedImporter) -> (artifact id: '0379aa3383e3d31109bb99e4183b6c0f') in 0.0247151 seconds
Number of updated asset objects reloaded before import = 0Number of asset objects unloaded after import = 0

========================================================================
Received Import Request.
  Time since last request: 0.000032 seconds.
  path: Assets/CorgiEngine/ThirdParty/MoreMountains/MMInterface/Common/Scripts/MMCheckbox.cs
  artifactKey: Guid(6f012248ffc909b4d81f9c2c53b485de) Importer(2089858483,192608db42251d675da83286b1cce702)
Start importing Assets/CorgiEngine/ThirdParty/MoreMountains/MMInterface/Common/Scripts/MMCheckbox.cs using Guid(6f012248ffc909b4d81f9c2c53b485de) Importer(2089858483,192608db42251d675da83286b1cce702) (ScriptedImporter) -> (artifact id: '77bcaa59cd1108944bea65bfc54c2a03') in 0.0230199 seconds
Number of updated asset objects reloaded before import = 0Number of asset objects unloaded after import = 0

========================================================================
Received Import Request.
  Time since last request: 0.000066 seconds.
  path: Assets/CorgiEngine/ThirdParty/MoreMountains/MMFeedbacks/MMFeedbacksForThirdParty/HDRP/Shakers/MMDepthOfFieldShaker_HDRP.cs
  artifactKey: Guid(8dccaa5e1799e3b48ab214e494816880) Importer(2089858483,192608db42251d675da83286b1cce702)
Start importing Assets/CorgiEngine/ThirdParty/MoreMountains/MMFeedbacks/MMFeedbacksForThirdParty/HDRP/Shakers/MMDepthOfFieldShaker_HDRP.cs using Guid(8dccaa5e1799e3b48ab214e494816880) Importer(2089858483,192608db42251d675da83286b1cce702) (ScriptedImporter) -> (artifact id: '6a6f71289140c05e8dabaae7e2a42393') in 0.0269905 seconds
Number of updated asset objects reloaded before import = 0Number of asset objects unloaded after import = 0

========================================================================
Received Import Request.
  Time since last request: 0.000052 seconds.
  path: Assets/CorgiEngine/ThirdParty/MoreMountains/MMInterface/Common/Animations/Buttons/Animations/MMI_Nothing.anim
  artifactKey: Guid(905f704da0df3694da3bfcc32da6bc68) Importer(2089858483,192608db42251d675da83286b1cce702)
Start importing Assets/CorgiEngine/ThirdParty/MoreMountains/MMInterface/Common/Animations/Buttons/Animations/MMI_Nothing.anim using Guid(905f704da0df3694da3bfcc32da6bc68) Importer(2089858483,192608db42251d675da83286b1cce702) (ScriptedImporter) -> (artifact id: '5c4f20d6b15e484c29136fab848f52ab') in 0.0290153 seconds
Number of updated asset objects reloaded before import = 0Number of asset objects unloaded after import = 1

========================================================================
Received Import Request.
  Time since last request: 0.000065 seconds.
  path: Assets/CorgiEngine/ThirdParty/MoreMountains/MMInterface/Styles/Mini/Prefabs/Buttons/Orange/ButtonSquareSoundOn.prefab
  artifactKey: Guid(0d4747b33be862a4687072d3df0fefa0) Importer(2089858483,192608db42251d675da83286b1cce702)
Start importing Assets/CorgiEngine/ThirdParty/MoreMountains/MMInterface/Styles/Mini/Prefabs/Buttons/Orange/ButtonSquareSoundOn.prefab using Guid(0d4747b33be862a4687072d3df0fefa0) Importer(2089858483,192608db42251d675da83286b1cce702) (ScriptedImporter) -> (artifact id: 'de35b9931ec6203c0162cb2811d4dd87') in 0.0468239 seconds
Number of updated asset objects reloaded before import = 0Number of asset objects unloaded after import = 42

========================================================================
Received Import Request.
  Time since last request: 0.000027 seconds.
  path: Assets/CorgiEngine/ThirdParty/MoreMountains/MMTools/Accessories/Editor/MMCurves/MMAntiCurves.curves
  artifactKey: Guid(f9bd36e0fdcb17346bb804d148559eb2) Importer(2089858483,192608db42251d675da83286b1cce702)
Start importing Assets/CorgiEngine/ThirdParty/MoreMountains/MMTools/Accessories/Editor/MMCurves/MMAntiCurves.curves using Guid(f9bd36e0fdcb17346bb804d148559eb2) Importer(2089858483,192608db42251d675da83286b1cce702) (ScriptedImporter) -> (artifact id: 'fe3e0737bff7dfd0fb2163ea24983ac2') in 0.0313762 seconds
Number of updated asset objects reloaded before import = 0Number of asset objects unloaded after import = 2

========================================================================
Received Import Request.
  Time since last request: 0.000050 seconds.
  path: Assets/CorgiEngine/ThirdParty/MoreMountains/MMInterface/Styles/Mini/Prefabs/Buttons/LightGreen/ButtonSquareMusic.prefab
  artifactKey: Guid(01552167ffb723445a2bc3d72f68827e) Importer(2089858483,192608db42251d675da83286b1cce702)
Start importing Assets/CorgiEngine/ThirdParty/MoreMountains/MMInterface/Styles/Mini/Prefabs/Buttons/LightGreen/ButtonSquareMusic.prefab using Guid(01552167ffb723445a2bc3d72f68827e) Importer(2089858483,192608db42251d675da83286b1cce702) (ScriptedImporter) -> (artifact id: 'ab1ed5aac572ec599fd79090b2174eed') in 0.0408034 seconds
Number of updated asset objects reloaded before import = 0Number of asset objects unloaded after import = 42

========================================================================
Received Import Request.
  Time since last request: 0.000031 seconds.
  path: Assets/CorgiEngine/ThirdParty/MoreMountains/MMFeedbacks/MMFeedbacksForThirdParty/MMTools/Feedbacks/MMF_RectTransformPivot.cs
  artifactKey: Guid(047a03483b611234e98bb00d93390155) Importer(2089858483,192608db42251d675da83286b1cce702)
Start importing Assets/CorgiEngine/ThirdParty/MoreMountains/MMFeedbacks/MMFeedbacksForThirdParty/MMTools/Feedbacks/MMF_RectTransformPivot.cs using Guid(047a03483b611234e98bb00d93390155) Importer(2089858483,192608db42251d675da83286b1cce702) (ScriptedImporter) -> (artifact id: '255e0153b3359988c8f889cd5d90a7bc') in 0.027312 seconds
Number of updated asset objects reloaded before import = 0Number of asset objects unloaded after import = 0

========================================================================
Received Import Request.
  Time since last request: 0.000141 seconds.
  path: Assets/CorgiEngine/ThirdParty/MoreMountains/MMTools/Accessories/MMPrototypeTextures/MMBRP_Materials/Neutral/MMBRP_NeutralBlack.mat
  artifactKey: Guid(fc636806db6f2654d970ed32802db8be) Importer(2089858483,192608db42251d675da83286b1cce702)
Start importing Assets/CorgiEngine/ThirdParty/MoreMountains/MMTools/Accessories/MMPrototypeTextures/MMBRP_Materials/Neutral/MMBRP_NeutralBlack.mat using Guid(fc636806db6f2654d970ed32802db8be) Importer(2089858483,192608db42251d675da83286b1cce702) (ScriptedImporter) -> (artifact id: 'b11a9280693d0300064d29a4406714f0') in 0.0414179 seconds
Number of updated asset objects reloaded before import = 0Number of asset objects unloaded after import = 3

========================================================================
Received Import Request.
  Time since last request: 0.000053 seconds.
  path: Assets/CorgiEngine/ThirdParty/MoreMountains/MMTools/Accessories/MMShaders/MMStochastic.shader
  artifactKey: Guid(94ce8b5eaff70434a81eaa413e7b6bbb) Importer(2089858483,192608db42251d675da83286b1cce702)
Start importing Assets/CorgiEngine/ThirdParty/MoreMountains/MMTools/Accessories/MMShaders/MMStochastic.shader using Guid(94ce8b5eaff70434a81eaa413e7b6bbb) Importer(2089858483,192608db42251d675da83286b1cce702) (ScriptedImporter) -> (artifact id: '4d1b55d30cacab1f81fb997125d5b247') in 0.0286491 seconds
Number of updated asset objects reloaded before import = 0Number of asset objects unloaded after import = 1

========================================================================
Received Import Request.
  Time since last request: 0.000048 seconds.
  path: Assets/CorgiEngine/ThirdParty/MoreMountains/MMTools/Accessories/MMPrototypeTextures/Textures/MMProtoTextures/MMProtoTextures_RedDots.png
  artifactKey: Guid(caa99440fded2af41b1d0c99fea51b69) Importer(2089858483,192608db42251d675da83286b1cce702)
Start importing Assets/CorgiEngine/ThirdParty/MoreMountains/MMTools/Accessories/MMPrototypeTextures/Textures/MMProtoTextures/MMProtoTextures_RedDots.png using Guid(caa99440fded2af41b1d0c99fea51b69) Importer(2089858483,192608db42251d675da83286b1cce702) (ScriptedImporter) -> (artifact id: '4c766b87c2fad0746f8cd9f6bdfb12f0') in 0.0463687 seconds
Number of updated asset objects reloaded before import = 0Number of asset objects unloaded after import = 1

========================================================================
Received Import Request.
  Time since last request: 0.000025 seconds.
  path: Assets/CorgiEngine/Common/Scripts/Agents/AI/Advanced/AIActionSelfDestruct.cs
  artifactKey: Guid(3359d728365635244a0933b0f98f2bf1) Importer(2089858483,192608db42251d675da83286b1cce702)
Start importing Assets/CorgiEngine/Common/Scripts/Agents/AI/Advanced/AIActionSelfDestruct.cs using Guid(3359d728365635244a0933b0f98f2bf1) Importer(2089858483,192608db42251d675da83286b1cce702) (ScriptedImporter) -> (artifact id: 'b843d834088b2694b9bdc5239e251b4a') in 0.0252363 seconds
Number of updated asset objects reloaded before import = 0Number of asset objects unloaded after import = 0

========================================================================
Received Import Request.
  Time since last request: 0.000059 seconds.
  path: Assets/CorgiEngine/ThirdParty/MoreMountains/MMTools/Accessories/Editor/MMGUI/MMHealthBarEditor.cs
  artifactKey: Guid(0cb989d69836540e780467ed8454742c) Importer(2089858483,192608db42251d675da83286b1cce702)
Start importing Assets/CorgiEngine/ThirdParty/MoreMountains/MMTools/Accessories/Editor/MMGUI/MMHealthBarEditor.cs using Guid(0cb989d69836540e780467ed8454742c) Importer(2089858483,192608db42251d675da83286b1cce702) (ScriptedImporter) -> (artifact id: 'c5847ab782fe4dda73425bdd32b88d28') in 0.0252314 seconds
Number of updated asset objects reloaded before import = 0Number of asset objects unloaded after import = 0

========================================================================
Received Import Request.
  Time since last request: 0.000089 seconds.
  path: Assets/CorgiEngine/ThirdParty/MoreMountains/MMInterface/Styles/Mini/Prefabs/Buttons/Grey/ButtonSquareDoubleChevron.prefab
  artifactKey: Guid(37c40b83637ce984eb4ac06bc80c7d19) Importer(2089858483,192608db42251d675da83286b1cce702)
Start importing Assets/CorgiEngine/ThirdParty/MoreMountains/MMInterface/Styles/Mini/Prefabs/Buttons/Grey/ButtonSquareDoubleChevron.prefab using Guid(37c40b83637ce984eb4ac06bc80c7d19) Importer(2089858483,192608db42251d675da83286b1cce702) (ScriptedImporter) -> (artifact id: '3050d3900e3f5bb065ca655b34bceef9') in 0.0450791 seconds
Number of updated asset objects reloaded before import = 0Number of asset objects unloaded after import = 42

========================================================================
Received Import Request.
  Time since last request: 0.000027 seconds.
  path: Assets/CorgiEngine/ThirdParty/MoreMountains/MMFeedbacks/Demos/SequencingDemo/Textures/Fabric06_col.png
  artifactKey: Guid(e560f3ce64204ea42b2e54147a44a115) Importer(2089858483,192608db42251d675da83286b1cce702)
Start importing Assets/CorgiEngine/ThirdParty/MoreMountains/MMFeedbacks/Demos/SequencingDemo/Textures/Fabric06_col.png using Guid(e560f3ce64204ea42b2e54147a44a115) Importer(2089858483,192608db42251d675da83286b1cce702) (ScriptedImporter) -> (artifact id: '79a927d0906fa6e280a8ddbc50513eb9') in 0.046201 seconds
Number of updated asset objects reloaded before import = 0Number of asset objects unloaded after import = 1

========================================================================
Received Import Request.
  Time since last request: 0.000053 seconds.
  path: Assets/CorgiEngine/Demos/Retro/Tilemaps/RetroRocks/RetroRocks_31.asset
  artifactKey: Guid(61477d244a99d9c30982e3e0ef4dd582) Importer(2089858483,192608db42251d675da83286b1cce702)
Start importing Assets/CorgiEngine/Demos/Retro/Tilemaps/RetroRocks/RetroRocks_31.asset using Guid(61477d244a99d9c30982e3e0ef4dd582) Importer(2089858483,192608db42251d675da83286b1cce702) (ScriptedImporter) -> (artifact id: 'd249510bf425b875eca1dc2b888d0d40') in 0.026565 seconds
Number of updated asset objects reloaded before import = 0Number of asset objects unloaded after import = 2

========================================================================
Received Import Request.
  Time since last request: 0.000024 seconds.
  path: Assets/CorgiEngine/Demos/Retro/Tilemaps/RetroCave/RetroCave_35.asset
  artifactKey: Guid(937c3a24525064ee0d8602619f8252b1) Importer(2089858483,192608db42251d675da83286b1cce702)
Start importing Assets/CorgiEngine/Demos/Retro/Tilemaps/RetroCave/RetroCave_35.asset using Guid(937c3a24525064ee0d8602619f8252b1) Importer(2089858483,192608db42251d675da83286b1cce702) (ScriptedImporter) -> (artifact id: '80cf8b318c501081c1a38d27129c893a') in 0.0264039 seconds
Number of updated asset objects reloaded before import = 0Number of asset objects unloaded after import = 2

========================================================================
Received Import Request.
  Time since last request: 0.000038 seconds.
  path: Assets/CorgiEngine/ThirdParty/MoreMountains/MMTools/Core/MMEvents/MMEventManager.cs
  artifactKey: Guid(7e05480e454f546b4b1780169ecf2d6c) Importer(2089858483,192608db42251d675da83286b1cce702)
Start importing Assets/CorgiEngine/ThirdParty/MoreMountains/MMTools/Core/MMEvents/MMEventManager.cs using Guid(7e05480e454f546b4b1780169ecf2d6c) Importer(2089858483,192608db42251d675da83286b1cce702) (ScriptedImporter) -> (artifact id: 'cbf274e304315d92153498a4ab6c0d3d') in 0.0257851 seconds
Number of updated asset objects reloaded before import = 0Number of asset objects unloaded after import = 0

========================================================================
Received Import Request.
  Time since last request: 0.000100 seconds.
  path: Assets/CorgiEngine/ThirdParty/MoreMountains/MMInterface/Styles/Mini/Prefabs/Buttons/Cyan/ButtonAlt.prefab
  artifactKey: Guid(64afc6208cbca604eb42b3719cc27642) Importer(2089858483,192608db42251d675da83286b1cce702)
Start importing Assets/CorgiEngine/ThirdParty/MoreMountains/MMInterface/Styles/Mini/Prefabs/Buttons/Cyan/ButtonAlt.prefab using Guid(64afc6208cbca604eb42b3719cc27642) Importer(2089858483,192608db42251d675da83286b1cce702) (ScriptedImporter) -> (artifact id: '027df170a878d20af27d767b0107fd49') in 0.045635 seconds
Number of updated asset objects reloaded before import = 0Number of asset objects unloaded after import = 43

========================================================================
Received Import Request.
  Time since last request: 0.000033 seconds.
  path: Assets/CorgiEngine/ThirdParty/MoreMountains/MMTools/Core/MMRadio/MMProperty/MMPropertyLink/MMPropertyLinkVector4.cs
  artifactKey: Guid(96afd1836702fcc4297951d56333a9e2) Importer(2089858483,192608db42251d675da83286b1cce702)
Start importing Assets/CorgiEngine/ThirdParty/MoreMountains/MMTools/Core/MMRadio/MMProperty/MMPropertyLink/MMPropertyLinkVector4.cs using Guid(96afd1836702fcc4297951d56333a9e2) Importer(2089858483,192608db42251d675da83286b1cce702) (ScriptedImporter) -> (artifact id: '640ef95f49c70e3aa201b3490a785498') in 0.029159 seconds
Number of updated asset objects reloaded before import = 0Number of asset objects unloaded after import = 0

========================================================================
Received Import Request.
  Time since last request: 0.000075 seconds.
  path: Assets/CorgiEngine/Demos/Corgi2D/Spine/Heavy/Baked/heavy-corgi (default).prefab
  artifactKey: Guid(7a5bf5fb17b66364e82ec7520e35bc49) Importer(2089858483,192608db42251d675da83286b1cce702)
Start importing Assets/CorgiEngine/Demos/Corgi2D/Spine/Heavy/Baked/heavy-corgi (default).prefab using Guid(7a5bf5fb17b66364e82ec7520e35bc49) Importer(2089858483,192608db42251d675da83286b1cce702) (ScriptedImporter) -> (artifact id: '088e3c2e4c17ffaaeff4d6bf949a05e8') in 0.0688556 seconds
Number of updated asset objects reloaded before import = 0Number of asset objects unloaded after import = 188

========================================================================
Received Import Request.
  Time since last request: 0.000026 seconds.
  path: Assets/CorgiEngine/ThirdParty/MoreMountains/MMInterface/Styles/Mini/Prefabs/Buttons/HorizontalGradientGreenToBlue/ButtonCircleMusic.prefab
  artifactKey: Guid(2c3cca12442517a42bf2a788056e665b) Importer(2089858483,192608db42251d675da83286b1cce702)
Start importing Assets/CorgiEngine/ThirdParty/MoreMountains/MMInterface/Styles/Mini/Prefabs/Buttons/HorizontalGradientGreenToBlue/ButtonCircleMusic.prefab using Guid(2c3cca12442517a42bf2a788056e665b) Importer(2089858483,192608db42251d675da83286b1cce702) (ScriptedImporter) -> (artifact id: '38a25a64b054e9e34203185eb6d1e93c') in 0.0483736 seconds
Number of updated asset objects reloaded before import = 0Number of asset objects unloaded after import = 43

========================================================================
Received Import Request.
  Time since last request: 0.000038 seconds.
  path: Assets/CorgiEngine/ThirdParty/MoreMountains/MMTools/Accessories/MMShaders/MMBoilingLine.shader
  artifactKey: Guid(f54b8ae4d72e16445b407e4ad5ad4264) Importer(2089858483,192608db42251d675da83286b1cce702)
Start importing Assets/CorgiEngine/ThirdParty/MoreMountains/MMTools/Accessories/MMShaders/MMBoilingLine.shader using Guid(f54b8ae4d72e16445b407e4ad5ad4264) Importer(2089858483,192608db42251d675da83286b1cce702) (ScriptedImporter) -> (artifact id: '6e38ff299498cfcd5d861c4c728eefc1') in 0.0223167 seconds
Number of updated asset objects reloaded before import = 0Number of asset objects unloaded after import = 1

========================================================================
Received Import Request.
  Time since last request: 0.000036 seconds.
  path: Assets/CorgiEngine/ThirdParty/MoreMountains/MMFeedbacks/MMFeedbacks/Shakers/MMAudioFilterLowPassShaker.cs
  artifactKey: Guid(ebf9417587f151a47b3524335d88983e) Importer(2089858483,192608db42251d675da83286b1cce702)
Start importing Assets/CorgiEngine/ThirdParty/MoreMountains/MMFeedbacks/MMFeedbacks/Shakers/MMAudioFilterLowPassShaker.cs using Guid(ebf9417587f151a47b3524335d88983e) Importer(2089858483,192608db42251d675da83286b1cce702) (ScriptedImporter) -> (artifact id: '05386637d933d6362e911fec0fbb0d49') in 0.0257038 seconds
Number of updated asset objects reloaded before import = 0Number of asset objects unloaded after import = 0

========================================================================
Received Import Request.
  Time since last request: 0.000165 seconds.
  path: Assets/CorgiEngine/ThirdParty/MoreMountains/MMInterface/Styles/Mini/Prefabs/Buttons/DarkGrey/ButtonCircleChevron.prefab
  artifactKey: Guid(fd3a8a1401bcdc54882336a401855c4b) Importer(2089858483,192608db42251d675da83286b1cce702)
Start importing Assets/CorgiEngine/ThirdParty/MoreMountains/MMInterface/Styles/Mini/Prefabs/Buttons/DarkGrey/ButtonCircleChevron.prefab using Guid(fd3a8a1401bcdc54882336a401855c4b) Importer(2089858483,192608db42251d675da83286b1cce702) (ScriptedImporter) -> (artifact id: '904ab094b9e72ef91410bd13754f75c3') in 0.0413821 seconds
Number of updated asset objects reloaded before import = 0Number of asset objects unloaded after import = 42

========================================================================
Received Import Request.
  Time since last request: 0.000044 seconds.
  path: Assets/CorgiEngine/ThirdParty/MoreMountains/MMInterface/Styles/Mini/Fonts/Lato/Lato-Heavy.ttf
  artifactKey: Guid(1a4c38f8e3d5dc143bc6e8f25d2a2f84) Importer(2089858483,192608db42251d675da83286b1cce702)
Start importing Assets/CorgiEngine/ThirdParty/MoreMountains/MMInterface/Styles/Mini/Fonts/Lato/Lato-Heavy.ttf using Guid(1a4c38f8e3d5dc143bc6e8f25d2a2f84) Importer(2089858483,192608db42251d675da83286b1cce702) (ScriptedImporter) -> (artifact id: '3dadb7839919161b5928364547cebe55') in 0.0337405 seconds
Number of updated asset objects reloaded before import = 0Number of asset objects unloaded after import = 3

========================================================================
Received Import Request.
  Time since last request: 0.000025 seconds.
  path: Assets/CorgiEngine/ThirdParty/MoreMountains/MMTools/Core/MMUI/MMFaderRound.cs
  artifactKey: Guid(b2691418b0bcfc540b38b297cf91acf2) Importer(2089858483,192608db42251d675da83286b1cce702)
Start importing Assets/CorgiEngine/ThirdParty/MoreMountains/MMTools/Core/MMUI/MMFaderRound.cs using Guid(b2691418b0bcfc540b38b297cf91acf2) Importer(2089858483,192608db42251d675da83286b1cce702) (ScriptedImporter) -> (artifact id: '79ff77b09b015908f6811b9ed7c2d0f3') in 0.0277721 seconds
Number of updated asset objects reloaded before import = 0Number of asset objects unloaded after import = 0

========================================================================
Received Import Request.
  Time since last request: 0.000053 seconds.
  path: Assets/CorgiEngine/ThirdParty/MoreMountains/MMInterface/Common/Sounds/Confirm3.wav
  artifactKey: Guid(269cb4d99acdfe84c80469a1af036adb) Importer(2089858483,192608db42251d675da83286b1cce702)
Start importing Assets/CorgiEngine/ThirdParty/MoreMountains/MMInterface/Common/Sounds/Confirm3.wav using Guid(269cb4d99acdfe84c80469a1af036adb) Importer(2089858483,192608db42251d675da83286b1cce702) (ScriptedImporter) -> (artifact id: '9938df7af453bcaf83eced00c1b97f1c') in 0.0970975 seconds
Number of updated asset objects reloaded before import = 0Number of asset objects unloaded after import = 1

========================================================================
Received Import Request.
  Time since last request: 0.000022 seconds.
  path: Assets/CorgiEngine/ThirdParty/MoreMountains/MMInterface/Styles/Mini/Prefabs/Buttons/HorizontalGradientOrangeToPink/ButtonSquareDoubleChevron.prefab
  artifactKey: Guid(7abdabdf61c7f1942a2dc075192822a5) Importer(2089858483,192608db42251d675da83286b1cce702)
Start importing Assets/CorgiEngine/ThirdParty/MoreMountains/MMInterface/Styles/Mini/Prefabs/Buttons/HorizontalGradientOrangeToPink/ButtonSquareDoubleChevron.prefab using Guid(7abdabdf61c7f1942a2dc075192822a5) Importer(2089858483,192608db42251d675da83286b1cce702) (ScriptedImporter) -> (artifact id: 'a82ac4c80e1982e94ff89234ddc424b9') in 0.0385566 seconds
Number of updated asset objects reloaded before import = 0Number of asset objects unloaded after import = 43

========================================================================
Received Import Request.
  Time since last request: 0.000033 seconds.
  path: Assets/CorgiEngine/Demos/Corgi2D/Prefabs/Environment/Mesa/Platform1.prefab
  artifactKey: Guid(2d06727250777e649b1fb5eada6d6889) Importer(2089858483,192608db42251d675da83286b1cce702)
Start importing Assets/CorgiEngine/Demos/Corgi2D/Prefabs/Environment/Mesa/Platform1.prefab using Guid(2d06727250777e649b1fb5eada6d6889) Importer(2089858483,192608db42251d675da83286b1cce702) (ScriptedImporter) -> (artifact id: 'bd7aa2b4caef57dd893fec0f9ba1de9c') in 0.0560505 seconds
Number of updated asset objects reloaded before import = 0Number of asset objects unloaded after import = 8

========================================================================
Received Import Request.
  Time since last request: 0.000026 seconds.
  path: Assets/CorgiEngine/ThirdParty/MoreMountains/MMTools/Accessories/MMActivation/MMParentingOnStart.cs
  artifactKey: Guid(996385a9b56b4d14eb03dc65ed309620) Importer(2089858483,192608db42251d675da83286b1cce702)
Start importing Assets/CorgiEngine/ThirdParty/MoreMountains/MMTools/Accessories/MMActivation/MMParentingOnStart.cs using Guid(996385a9b56b4d14eb03dc65ed309620) Importer(2089858483,192608db42251d675da83286b1cce702) (ScriptedImporter) -> (artifact id: '58f114aa38fc428528845e3939ee7869') in 0.0232048 seconds
Number of updated asset objects reloaded before import = 0Number of asset objects unloaded after import = 0

========================================================================
Received Import Request.
  Time since last request: 0.000077 seconds.
  path: Assets/CorgiEngine/ThirdParty/MoreMountains/MMFeedbacks/MMFeedbacksForThirdParty/PostProcessing/Feedbacks/MMF_Vignette.cs
  artifactKey: Guid(97f57704667c5aa4586dab47e71ecade) Importer(2089858483,192608db42251d675da83286b1cce702)
Start importing Assets/CorgiEngine/ThirdParty/MoreMountains/MMFeedbacks/MMFeedbacksForThirdParty/PostProcessing/Feedbacks/MMF_Vignette.cs using Guid(97f57704667c5aa4586dab47e71ecade) Importer(2089858483,192608db42251d675da83286b1cce702) (ScriptedImporter) -> (artifact id: 'a4d6f73d89c1abcf7607241bec24bf33') in 0.0290407 seconds
Number of updated asset objects reloaded before import = 0Number of asset objects unloaded after import = 0

========================================================================
Received Import Request.
  Time since last request: 0.000130 seconds.
  path: Assets/CorgiEngine/ThirdParty/MoreMountains/MMFeedbacks/MMFeedbacks/Feedbacks/MMF_PlayerControl.cs
  artifactKey: Guid(e3229bd32ac955842a56a44c38a45f9e) Importer(2089858483,192608db42251d675da83286b1cce702)
Start importing Assets/CorgiEngine/ThirdParty/MoreMountains/MMFeedbacks/MMFeedbacks/Feedbacks/MMF_PlayerControl.cs using Guid(e3229bd32ac955842a56a44c38a45f9e) Importer(2089858483,192608db42251d675da83286b1cce702) (ScriptedImporter) -> (artifact id: '9acf8d87d6038a1bc13f6cf558fc770a') in 0.0266225 seconds
Number of updated asset objects reloaded before import = 0Number of asset objects unloaded after import = 0

========================================================================
Received Import Request.
  Time since last request: 0.000087 seconds.
  path: Assets/CorgiEngine/ThirdParty/MoreMountains/MMFeedbacks/MMFeedbacks/Feedbacks/MMF_RotationSpring.cs
  artifactKey: Guid(c25af41a2abe72640a4aaf1ff7537feb) Importer(2089858483,192608db42251d675da83286b1cce702)
Start importing Assets/CorgiEngine/ThirdParty/MoreMountains/MMFeedbacks/MMFeedbacks/Feedbacks/MMF_RotationSpring.cs using Guid(c25af41a2abe72640a4aaf1ff7537feb) Importer(2089858483,192608db42251d675da83286b1cce702) (ScriptedImporter) -> (artifact id: '8ec88e79689ca2bd904ca15ef0698e48') in 0.0209873 seconds
Number of updated asset objects reloaded before import = 0Number of asset objects unloaded after import = 0

========================================================================
Received Import Request.
  Time since last request: 0.000112 seconds.
  path: Assets/CorgiEngine/ThirdParty/MoreMountains/InventoryEngine/Demos/PixelRogue/PixelRogueWeaponBar.unity
  artifactKey: Guid(9bd29275a7422a64eb0efb7e5f0aa24c) Importer(2089858483,192608db42251d675da83286b1cce702)
Start importing Assets/CorgiEngine/ThirdParty/MoreMountains/InventoryEngine/Demos/PixelRogue/PixelRogueWeaponBar.unity using Guid(9bd29275a7422a64eb0efb7e5f0aa24c) Importer(2089858483,192608db42251d675da83286b1cce702) (ScriptedImporter) -> (artifact id: '59ac3d2088896ad901d7adbe62587039') in 0.0366696 seconds
Number of updated asset objects reloaded before import = 0Number of asset objects unloaded after import = 1

========================================================================
Received Import Request.
  Time since last request: 0.000050 seconds.
  path: Assets/CorgiEngine/ThirdParty/MoreMountains/MMTools/Core/MMExtensions/MMAnimatorExtensions.cs
  artifactKey: Guid(fbe34950474788247ae05de95fa199f3) Importer(2089858483,192608db42251d675da83286b1cce702)
Start importing Assets/CorgiEngine/ThirdParty/MoreMountains/MMTools/Core/MMExtensions/MMAnimatorExtensions.cs using Guid(fbe34950474788247ae05de95fa199f3) Importer(2089858483,192608db42251d675da83286b1cce702) (ScriptedImporter) -> (artifact id: '3fe347c627fc0454dd513a37a5806b36') in 0.0232961 seconds
Number of updated asset objects reloaded before import = 0Number of asset objects unloaded after import = 0

========================================================================
Received Import Request.
  Time since last request: 0.000084 seconds.
  path: Assets/CorgiEngine/ThirdParty/MoreMountains/MMFeedbacks/MMFeedbacksForThirdParty/UIToolkit/Feedbacks/MMF_UIToolkitStylesheet.cs
  artifactKey: Guid(0585acb66fc8f9d40a59342095941c09) Importer(2089858483,192608db42251d675da83286b1cce702)
Start importing Assets/CorgiEngine/ThirdParty/MoreMountains/MMFeedbacks/MMFeedbacksForThirdParty/UIToolkit/Feedbacks/MMF_UIToolkitStylesheet.cs using Guid(0585acb66fc8f9d40a59342095941c09) Importer(2089858483,192608db42251d675da83286b1cce702) (ScriptedImporter) -> (artifact id: '865db103bb4ba53a29088fc4269ff9ab') in 0.0225003 seconds
Number of updated asset objects reloaded before import = 0Number of asset objects unloaded after import = 0

========================================================================
Received Import Request.
  Time since last request: 0.000029 seconds.
  path: Assets/CorgiEngine/ThirdParty/MoreMountains/MMFeedbacks/MMFeedbacksForThirdParty/Cinemachine/Shakers/MMCinemachineOrthographicSizeShaker.cs
  artifactKey: Guid(0aded04d7fa45744fb33cc0a43b0d6ef) Importer(2089858483,192608db42251d675da83286b1cce702)
Start importing Assets/CorgiEngine/ThirdParty/MoreMountains/MMFeedbacks/MMFeedbacksForThirdParty/Cinemachine/Shakers/MMCinemachineOrthographicSizeShaker.cs using Guid(0aded04d7fa45744fb33cc0a43b0d6ef) Importer(2089858483,192608db42251d675da83286b1cce702) (ScriptedImporter) -> (artifact id: '78f848d3608e66dd5c8c964e010f8e21') in 0.0308348 seconds
Number of updated asset objects reloaded before import = 0Number of asset objects unloaded after import = 0

========================================================================
Received Import Request.
  Time since last request: 0.000024 seconds.
  path: Assets/CorgiEngine/ThirdParty/MoreMountains/MMFeedbacks/MMFeedbacksForThirdParty/URP/Shakers/MMLight2DShaker_URP.cs
  artifactKey: Guid(869d9e226f9d85148ba6b532ba92aa63) Importer(2089858483,192608db42251d675da83286b1cce702)
Start importing Assets/CorgiEngine/ThirdParty/MoreMountains/MMFeedbacks/MMFeedbacksForThirdParty/URP/Shakers/MMLight2DShaker_URP.cs using Guid(869d9e226f9d85148ba6b532ba92aa63) Importer(2089858483,192608db42251d675da83286b1cce702) (ScriptedImporter) -> (artifact id: '52e8dfab3f0c82f4b9e565dab0bff328') in 0.0264894 seconds
Number of updated asset objects reloaded before import = 0Number of asset objects unloaded after import = 0

========================================================================
Received Import Request.
  Time since last request: 0.000069 seconds.
  path: Assets/CorgiEngine/ThirdParty/MoreMountains/InventoryEngine/InventoryEngine/Sounds/DefaultSounds/UseWav.wav
  artifactKey: Guid(59a2ea91da9a6e04a8192fa7e4f59c3f) Importer(2089858483,192608db42251d675da83286b1cce702)
Start importing Assets/CorgiEngine/ThirdParty/MoreMountains/InventoryEngine/InventoryEngine/Sounds/DefaultSounds/UseWav.wav using Guid(59a2ea91da9a6e04a8192fa7e4f59c3f) Importer(2089858483,192608db42251d675da83286b1cce702) (ScriptedImporter) -> (artifact id: '86b348f95a4c20ca4a4ef86ae7e3b41c') in 0.0896889 seconds
Number of updated asset objects reloaded before import = 0Number of asset objects unloaded after import = 1

========================================================================
Received Import Request.
  Time since last request: 0.000023 seconds.
  path: Assets/CorgiEngine/ThirdParty/MoreMountains/MMFeedbacks/Demos/MMFeedbacksDemo/Models/Background/Background.fbm/checker.tga
  artifactKey: Guid(845a9b477a80e454093db315f33a2672) Importer(2089858483,192608db42251d675da83286b1cce702)
Start importing Assets/CorgiEngine/ThirdParty/MoreMountains/MMFeedbacks/Demos/MMFeedbacksDemo/Models/Background/Background.fbm/checker.tga using Guid(845a9b477a80e454093db315f33a2672) Importer(2089858483,192608db42251d675da83286b1cce702) (ScriptedImporter) -> (artifact id: 'f46f979cd93e31aa19fdb5cc82979f85') in 0.0416113 seconds
Number of updated asset objects reloaded before import = 0Number of asset objects unloaded after import = 1

========================================================================
Received Import Request.
  Time since last request: 0.000032 seconds.
  path: Assets/CorgiEngine/ThirdParty/MoreMountains/MMFeedbacks/MMFeedbacksForThirdParty/UIToolkit/Base/MMF_UIToolkitBoolBase.cs
  artifactKey: Guid(267821bdecaf2b14993cc3df8c285df5) Importer(2089858483,192608db42251d675da83286b1cce702)
Start importing Assets/CorgiEngine/ThirdParty/MoreMountains/MMFeedbacks/MMFeedbacksForThirdParty/UIToolkit/Base/MMF_UIToolkitBoolBase.cs using Guid(267821bdecaf2b14993cc3df8c285df5) Importer(2089858483,192608db42251d675da83286b1cce702) (ScriptedImporter) -> (artifact id: '1024ced24e14ff722b7db603dfad7adb') in 0.0321916 seconds
Number of updated asset objects reloaded before import = 0Number of asset objects unloaded after import = 0

========================================================================
Received Import Request.
  Time since last request: 0.000099 seconds.
  path: Assets/CorgiEngine/ThirdParty/MoreMountains/MMFeedbacks/MMFeedbacksForThirdParty/MMTools/Feedbacks/MMF_ImageFill.cs
  artifactKey: Guid(95530134bb5ab7b4a959774f63c2e92f) Importer(2089858483,192608db42251d675da83286b1cce702)
Start importing Assets/CorgiEngine/ThirdParty/MoreMountains/MMFeedbacks/MMFeedbacksForThirdParty/MMTools/Feedbacks/MMF_ImageFill.cs using Guid(95530134bb5ab7b4a959774f63c2e92f) Importer(2089858483,192608db42251d675da83286b1cce702) (ScriptedImporter) -> (artifact id: 'e632063552451052439b2a43570c412b') in 0.0281471 seconds
Number of updated asset objects reloaded before import = 0Number of asset objects unloaded after import = 0

========================================================================
Received Import Request.
  Time since last request: 0.000089 seconds.
  path: Assets/CorgiEngine/ThirdParty/MoreMountains/MMFeedbacks/MMFeedbacks/Springs/Core/MMSpringVector4.cs
  artifactKey: Guid(59b1afce1a5338c48befe053811a37df) Importer(2089858483,192608db42251d675da83286b1cce702)
Start importing Assets/CorgiEngine/ThirdParty/MoreMountains/MMFeedbacks/MMFeedbacks/Springs/Core/MMSpringVector4.cs using Guid(59b1afce1a5338c48befe053811a37df) Importer(2089858483,192608db42251d675da83286b1cce702) (ScriptedImporter) -> (artifact id: '2db919e14c6b704258a8ca02546c30a3') in 0.0267233 seconds
Number of updated asset objects reloaded before import = 0Number of asset objects unloaded after import = 0

========================================================================
Received Import Request.
  Time since last request: 0.000075 seconds.
  path: Assets/CorgiEngine/ThirdParty/MoreMountains/MMFeedbacks/MMFeedbacksForThirdParty/MMTools/Feedbacks/MMF_Fog.cs
  artifactKey: Guid(ab9c4511f66964b488597580ab1b228f) Importer(2089858483,192608db42251d675da83286b1cce702)
Start importing Assets/CorgiEngine/ThirdParty/MoreMountains/MMFeedbacks/MMFeedbacksForThirdParty/MMTools/Feedbacks/MMF_Fog.cs using Guid(ab9c4511f66964b488597580ab1b228f) Importer(2089858483,192608db42251d675da83286b1cce702) (ScriptedImporter) -> (artifact id: 'ed4cfb1cc8d627cae479d509f650c798') in 0.0252881 seconds
Number of updated asset objects reloaded before import = 0Number of asset objects unloaded after import = 0

========================================================================
Received Import Request.
  Time since last request: 0.000084 seconds.
  path: Assets/CorgiEngine/ThirdParty/MoreMountains/MMTools/Accessories/Editor/MMMaintenance/MMCleanupMissingScripts.cs
  artifactKey: Guid(05ed97bf9ce684b47ab50ba3bf13134e) Importer(2089858483,192608db42251d675da83286b1cce702)
Start importing Assets/CorgiEngine/ThirdParty/MoreMountains/MMTools/Accessories/Editor/MMMaintenance/MMCleanupMissingScripts.cs using Guid(05ed97bf9ce684b47ab50ba3bf13134e) Importer(2089858483,192608db42251d675da83286b1cce702) (ScriptedImporter) -> (artifact id: '2fb9a1991a42a3f98fc2d6caae2a37e5') in 0.0223278 seconds
Number of updated asset objects reloaded before import = 0Number of asset objects unloaded after import = 0

========================================================================
Received Import Request.
  Time since last request: 0.000064 seconds.
  path: Assets/CorgiEngine/ThirdParty/MoreMountains/MMFeedbacks/MMFeedbacksForThirdParty/URP/Springs/MMSpringColorAdjustmentsSaturation_URP.cs
  artifactKey: Guid(7f6a82eb72bef1c489dbd967387f8f08) Importer(2089858483,192608db42251d675da83286b1cce702)
Start importing Assets/CorgiEngine/ThirdParty/MoreMountains/MMFeedbacks/MMFeedbacksForThirdParty/URP/Springs/MMSpringColorAdjustmentsSaturation_URP.cs using Guid(7f6a82eb72bef1c489dbd967387f8f08) Importer(2089858483,192608db42251d675da83286b1cce702) (ScriptedImporter) -> (artifact id: '9722960f3c27a2f15fa9be48e40cb2d8') in 0.0230517 seconds
Number of updated asset objects reloaded before import = 0Number of asset objects unloaded after import = 0

========================================================================
Received Import Request.
  Time since last request: 0.000075 seconds.
  path: Assets/CorgiEngine/ThirdParty/MoreMountains/MMTools/Core/MMAudio/MMSoundManager/MMSoundManagerSettings.cs
  artifactKey: Guid(504ec383a394760468beec53f890add9) Importer(2089858483,192608db42251d675da83286b1cce702)
Start importing Assets/CorgiEngine/ThirdParty/MoreMountains/MMTools/Core/MMAudio/MMSoundManager/MMSoundManagerSettings.cs using Guid(504ec383a394760468beec53f890add9) Importer(2089858483,192608db42251d675da83286b1cce702) (ScriptedImporter) -> (artifact id: '4b56213d68c162f52448ab1a58f6f3e4') in 0.0284888 seconds
Number of updated asset objects reloaded before import = 0Number of asset objects unloaded after import = 0

========================================================================
Received Import Request.
  Time since last request: 0.000079 seconds.
  path: Assets/CorgiEngine/ThirdParty/MoreMountains/MMTools/Core/MMSaveLoad/MMSaveLoadManagerMethodJsonEncrypted.cs
  artifactKey: Guid(8b50f078655cbd34fb69ee48182dbf37) Importer(2089858483,192608db42251d675da83286b1cce702)
Start importing Assets/CorgiEngine/ThirdParty/MoreMountains/MMTools/Core/MMSaveLoad/MMSaveLoadManagerMethodJsonEncrypted.cs using Guid(8b50f078655cbd34fb69ee48182dbf37) Importer(2089858483,192608db42251d675da83286b1cce702) (ScriptedImporter) -> (artifact id: '9a7d5277b09248505d46596fa1ccde46') in 0.0289453 seconds
Number of updated asset objects reloaded before import = 0Number of asset objects unloaded after import = 0

========================================================================
Received Import Request.
  Time since last request: 0.000098 seconds.
  path: Assets/CorgiEngine/ThirdParty/MoreMountains/MMTools/Demos/MMTween/Materials/MMPlotterPointMaterial 7.mat
  artifactKey: Guid(451112f5aba7d8041bc52b85134a0e73) Importer(2089858483,192608db42251d675da83286b1cce702)
Start importing Assets/CorgiEngine/ThirdParty/MoreMountains/MMTools/Demos/MMTween/Materials/MMPlotterPointMaterial 7.mat using Guid(451112f5aba7d8041bc52b85134a0e73) Importer(2089858483,192608db42251d675da83286b1cce702) (ScriptedImporter) -> (artifact id: 'cee542e69d0f6434b6ffeecf9211ca8d') in 0.0337159 seconds
Number of updated asset objects reloaded before import = 0Number of asset objects unloaded after import = 1

========================================================================
Received Import Request.
  Time since last request: 0.000071 seconds.
  path: Assets/CorgiEngine/ThirdParty/MoreMountains/MMFeedbacks/Demos/MMFeedbacksDemo/Prefabs/FeedbackDemoMiniSpheresFX.prefab
  artifactKey: Guid(a6426d824ca78984bb7ee0f497de0275) Importer(2089858483,192608db42251d675da83286b1cce702)
Start importing Assets/CorgiEngine/ThirdParty/MoreMountains/MMFeedbacks/Demos/MMFeedbacksDemo/Prefabs/FeedbackDemoMiniSpheresFX.prefab using Guid(a6426d824ca78984bb7ee0f497de0275) Importer(2089858483,192608db42251d675da83286b1cce702) (ScriptedImporter) -> (artifact id: '25e14a35245197d391d6a43ed94cc813') in 0.1038991 seconds
Number of updated asset objects reloaded before import = 0Number of asset objects unloaded after import = 6

========================================================================
Received Import Request.
  Time since last request: 0.000081 seconds.
  path: Assets/CorgiEngine/ThirdParty/MoreMountains/MMInterface/Styles/Mini/Materials/VerticalGradientBlueToCyan.mat
  artifactKey: Guid(25e319007d3d3654c931a2096903bfc3) Importer(2089858483,192608db42251d675da83286b1cce702)
Start importing Assets/CorgiEngine/ThirdParty/MoreMountains/MMInterface/Styles/Mini/Materials/VerticalGradientBlueToCyan.mat using Guid(25e319007d3d3654c931a2096903bfc3) Importer(2089858483,192608db42251d675da83286b1cce702) (ScriptedImporter) -> (artifact id: 'd3bf5a09d90656f1c1bd9398670cc00c') in 0.0331275 seconds
Number of updated asset objects reloaded before import = 0Number of asset objects unloaded after import = 1

========================================================================
Received Import Request.
  Time since last request: 0.000029 seconds.
  path: Assets/CorgiEngine/ThirdParty/MoreMountains/MMTools/Demos/MMGizmos/MMGizmoDemo.unity
  artifactKey: Guid(c6de2585731c3ae40a81524a39e8a32a) Importer(2089858483,192608db42251d675da83286b1cce702)
Start importing Assets/CorgiEngine/ThirdParty/MoreMountains/MMTools/Demos/MMGizmos/MMGizmoDemo.unity using Guid(c6de2585731c3ae40a81524a39e8a32a) Importer(2089858483,192608db42251d675da83286b1cce702) (ScriptedImporter) -> (artifact id: '05142fedad1846af6aa4c4beaa00bc1b') in 0.0344811 seconds
Number of updated asset objects reloaded before import = 0Number of asset objects unloaded after import = 1

========================================================================
Received Import Request.
  Time since last request: 0.000031 seconds.
  path: Assets/CorgiEngine/ThirdParty/MoreMountains/MMTools/Core/MMAttributes/MMHiddenPropertiesAttribute.cs
  artifactKey: Guid(e10dd6620d1eaec43a30fad8fa6249bc) Importer(2089858483,192608db42251d675da83286b1cce702)
Start importing Assets/CorgiEngine/ThirdParty/MoreMountains/MMTools/Core/MMAttributes/MMHiddenPropertiesAttribute.cs using Guid(e10dd6620d1eaec43a30fad8fa6249bc) Importer(2089858483,192608db42251d675da83286b1cce702) (ScriptedImporter) -> (artifact id: 'be70895e79109d8f2ad0fa2dc6d6e686') in 0.0301888 seconds
Number of updated asset objects reloaded before import = 0Number of asset objects unloaded after import = 0

========================================================================
Received Import Request.
  Time since last request: 0.000097 seconds.
  path: Assets/CorgiEngine/ThirdParty/MoreMountains/MMInterface/Common/Animations/Switch/SwitchAnimator.controller
  artifactKey: Guid(e0f8b5750435bd04194e793d74aa0ab4) Importer(2089858483,192608db42251d675da83286b1cce702)
Start importing Assets/CorgiEngine/ThirdParty/MoreMountains/MMInterface/Common/Animations/Switch/SwitchAnimator.controller using Guid(e0f8b5750435bd04194e793d74aa0ab4) Importer(2089858483,192608db42251d675da83286b1cce702) (ScriptedImporter) -> (artifact id: '34b278ae12b41ef0731c48f99b266c50') in 0.030667 seconds
Number of updated asset objects reloaded before import = 0Number of asset objects unloaded after import = 10

========================================================================
Received Import Request.
  Time since last request: 0.000030 seconds.
  path: Assets/CorgiEngine/Demos/Corgi2D/Prefabs/Environment/Mesa/Platform12.prefab
  artifactKey: Guid(702f20cafb91c254a8de43889547c94c) Importer(2089858483,192608db42251d675da83286b1cce702)
Start importing Assets/CorgiEngine/Demos/Corgi2D/Prefabs/Environment/Mesa/Platform12.prefab using Guid(702f20cafb91c254a8de43889547c94c) Importer(2089858483,192608db42251d675da83286b1cce702) (ScriptedImporter) -> (artifact id: '2139db7ba0c031fc09ced6f1dfce8bd5') in 0.0545295 seconds
Number of updated asset objects reloaded before import = 0Number of asset objects unloaded after import = 8

========================================================================
Received Import Request.
  Time since last request: 0.000080 seconds.
  path: Assets/CorgiEngine/ThirdParty/MoreMountains/MMFeedbacks/Demos/SequencingDemo/Sounds/Kit/MMSequencingTom3.wav
  artifactKey: Guid(80140f70bc373074582ae93dffce593b) Importer(2089858483,192608db42251d675da83286b1cce702)
Start importing Assets/CorgiEngine/ThirdParty/MoreMountains/MMFeedbacks/Demos/SequencingDemo/Sounds/Kit/MMSequencingTom3.wav using Guid(80140f70bc373074582ae93dffce593b) Importer(2089858483,192608db42251d675da83286b1cce702) (ScriptedImporter) -> (artifact id: 'c1bae668d2059b7f8086b7cbae903875') in 0.0594774 seconds
Number of updated asset objects reloaded before import = 0Number of asset objects unloaded after import = 1

========================================================================
Received Import Request.
  Time since last request: 0.000028 seconds.
  path: Assets/CorgiEngine/Demos/Corgi2D/Sprites/Environment/Blocks/rock-idle.anim
  artifactKey: Guid(b9e7474a7fa5247bbbd47021e27267fc) Importer(2089858483,192608db42251d675da83286b1cce702)
Start importing Assets/CorgiEngine/Demos/Corgi2D/Sprites/Environment/Blocks/rock-idle.anim using Guid(b9e7474a7fa5247bbbd47021e27267fc) Importer(2089858483,192608db42251d675da83286b1cce702) (ScriptedImporter) -> (artifact id: '4816cb9df85ffb4b9d00b64428caa216') in 0.0294632 seconds
Number of updated asset objects reloaded before import = 0Number of asset objects unloaded after import = 1

========================================================================
Received Import Request.
  Time since last request: 0.000045 seconds.
  path: Assets/CorgiEngine/ThirdParty/MoreMountains/MMTools/Demos/MMTween/MMTweenPlotter.unity
  artifactKey: Guid(96905a8529e11244cbe0a6f74ab95ddd) Importer(2089858483,192608db42251d675da83286b1cce702)
Start importing Assets/CorgiEngine/ThirdParty/MoreMountains/MMTools/Demos/MMTween/MMTweenPlotter.unity using Guid(96905a8529e11244cbe0a6f74ab95ddd) Importer(2089858483,192608db42251d675da83286b1cce702) (ScriptedImporter) -> (artifact id: '3d28fa394e80de6c14c1c92b0d011284') in 0.0297689 seconds
Number of updated asset objects reloaded before import = 0Number of asset objects unloaded after import = 1

========================================================================
Received Import Request.
  Time since last request: 0.000053 seconds.
  path: Assets/CorgiEngine/ThirdParty/MoreMountains/MMFeedbacks/MMFeedbacks/Springs/Springs/MMSpringRectTransformSizeDelta.cs
  artifactKey: Guid(751d6cd81845c5542a535cd29ab8d777) Importer(2089858483,192608db42251d675da83286b1cce702)
Start importing Assets/CorgiEngine/ThirdParty/MoreMountains/MMFeedbacks/MMFeedbacks/Springs/Springs/MMSpringRectTransformSizeDelta.cs using Guid(751d6cd81845c5542a535cd29ab8d777) Importer(2089858483,192608db42251d675da83286b1cce702) (ScriptedImporter) -> (artifact id: '8fb1c8b517974c1ae6fe9d5b26fabbb4') in 0.0243138 seconds
Number of updated asset objects reloaded before import = 0Number of asset objects unloaded after import = 0

========================================================================
Received Import Request.
  Time since last request: 0.000038 seconds.
  path: Assets/CorgiEngine/ThirdParty/MoreMountains/MMTools/Core/MMSceneLoading/Scripts/Managers/MMSceneLoadingManager.cs
  artifactKey: Guid(5fc9302e06a3ad240a410b9264fd8e56) Importer(2089858483,192608db42251d675da83286b1cce702)
Start importing Assets/CorgiEngine/ThirdParty/MoreMountains/MMTools/Core/MMSceneLoading/Scripts/Managers/MMSceneLoadingManager.cs using Guid(5fc9302e06a3ad240a410b9264fd8e56) Importer(2089858483,192608db42251d675da83286b1cce702) (ScriptedImporter) -> (artifact id: 'aa80571f8a47008b9648795b4b196d6a') in 0.0266388 seconds
Number of updated asset objects reloaded before import = 0Number of asset objects unloaded after import = 0

========================================================================
Received Import Request.
  Time since last request: 0.000056 seconds.
  path: Assets/CorgiEngine/ThirdParty/MoreMountains/InventoryEngine/Demos/PixelRogue/Scripts/PixelRogueDemoResetAll.cs
  artifactKey: Guid(949d799c5960dce459b1c3e556c6f345) Importer(2089858483,192608db42251d675da83286b1cce702)
Start importing Assets/CorgiEngine/ThirdParty/MoreMountains/InventoryEngine/Demos/PixelRogue/Scripts/PixelRogueDemoResetAll.cs using Guid(949d799c5960dce459b1c3e556c6f345) Importer(2089858483,192608db42251d675da83286b1cce702) (ScriptedImporter) -> (artifact id: 'eefde8d01e0ef960c297757de5b9817d') in 0.0246561 seconds
Number of updated asset objects reloaded before import = 0Number of asset objects unloaded after import = 0

========================================================================
Received Import Request.
  Time since last request: 0.000108 seconds.
  path: Assets/CorgiEngine/ThirdParty/MoreMountains/MMFeedbacks/MMFeedbacks/Core/MMFeedbacksHelpers.cs
  artifactKey: Guid(0542c719094b3924cbee2c7229b1f4eb) Importer(2089858483,192608db42251d675da83286b1cce702)
Start importing Assets/CorgiEngine/ThirdParty/MoreMountains/MMFeedbacks/MMFeedbacks/Core/MMFeedbacksHelpers.cs using Guid(0542c719094b3924cbee2c7229b1f4eb) Importer(2089858483,192608db42251d675da83286b1cce702) (ScriptedImporter) -> (artifact id: 'be1e796a01afbc19efa07c66244b0871') in 0.0239624 seconds
Number of updated asset objects reloaded before import = 0Number of asset objects unloaded after import = 0

========================================================================
Received Import Request.
  Time since last request: 0.000063 seconds.
  path: Assets/CorgiEngine/ThirdParty/MoreMountains/MMInterface/Styles/Mini/Sprites/Icons/MMIconHouse.png
  artifactKey: Guid(1460deffa26539a41bf955586cafcb28) Importer(2089858483,192608db42251d675da83286b1cce702)
Start importing Assets/CorgiEngine/ThirdParty/MoreMountains/MMInterface/Styles/Mini/Sprites/Icons/MMIconHouse.png using Guid(1460deffa26539a41bf955586cafcb28) Importer(2089858483,192608db42251d675da83286b1cce702) (ScriptedImporter) -> (artifact id: '6ec858f6e52c151c49f274b9baa85de5') in 0.05246 seconds
Number of updated asset objects reloaded before import = 0Number of asset objects unloaded after import = 3

========================================================================
Received Import Request.
  Time since last request: 0.000033 seconds.
  path: Assets/CorgiEngine/Demos/RetroAdventure/Prefabs/Managers/RetroAdventureLevelEnd.prefab
  artifactKey: Guid(75870121bc7479340aec1d2c79f22cde) Importer(2089858483,192608db42251d675da83286b1cce702)
Start importing Assets/CorgiEngine/Demos/RetroAdventure/Prefabs/Managers/RetroAdventureLevelEnd.prefab using Guid(75870121bc7479340aec1d2c79f22cde) Importer(2089858483,192608db42251d675da83286b1cce702) (ScriptedImporter) -> (artifact id: '3afebbeca9c627db26afc40a3d8fe31e') in 0.0674773 seconds
Number of updated asset objects reloaded before import = 0Number of asset objects unloaded after import = 9

========================================================================
Received Import Request.
  Time since last request: 0.000031 seconds.
  path: Assets/CorgiEngine/Demos/TheHunt/Models/Soldier/Materials/RedMachineGunBullet.mat
  artifactKey: Guid(7a19ab2839d16164d9fb5e882f5e84f3) Importer(2089858483,192608db42251d675da83286b1cce702)
Start importing Assets/CorgiEngine/Demos/TheHunt/Models/Soldier/Materials/RedMachineGunBullet.mat using Guid(7a19ab2839d16164d9fb5e882f5e84f3) Importer(2089858483,192608db42251d675da83286b1cce702) (ScriptedImporter) -> (artifact id: 'b00871bb5812678d219fbf8cc9f6028b') in 0.0273881 seconds
Number of updated asset objects reloaded before import = 0Number of asset objects unloaded after import = 2

========================================================================
Received Import Request.
  Time since last request: 0.000044 seconds.
  path: Assets/CorgiEngine/ThirdParty/MoreMountains/MMTools/Demos/MMBezierLineRenderer/MMBezierLineRenderer.unity
  artifactKey: Guid(29378ecd9dd8d3d49a37d6729efd1ca5) Importer(2089858483,192608db42251d675da83286b1cce702)
Start importing Assets/CorgiEngine/ThirdParty/MoreMountains/MMTools/Demos/MMBezierLineRenderer/MMBezierLineRenderer.unity using Guid(29378ecd9dd8d3d49a37d6729efd1ca5) Importer(2089858483,192608db42251d675da83286b1cce702) (ScriptedImporter) -> (artifact id: '0a4220d6cd60204d4edf543c8a6e1556') in 0.0302392 seconds
Number of updated asset objects reloaded before import = 0Number of asset objects unloaded after import = 1

========================================================================
Received Import Request.
  Time since last request: 0.000077 seconds.
  path: Assets/CorgiEngine/ThirdParty/MoreMountains/MMTools/Core/MMRadio/MMProperty/MMPropertyPicker/MMPropertyEmitter.cs
  artifactKey: Guid(7dc665c3421b61d40bd0c4c6eaab763f) Importer(2089858483,192608db42251d675da83286b1cce702)
Start importing Assets/CorgiEngine/ThirdParty/MoreMountains/MMTools/Core/MMRadio/MMProperty/MMPropertyPicker/MMPropertyEmitter.cs using Guid(7dc665c3421b61d40bd0c4c6eaab763f) Importer(2089858483,192608db42251d675da83286b1cce702) (ScriptedImporter) -> (artifact id: '8220e277c8f8013dc771918bb00289da') in 0.0281956 seconds
Number of updated asset objects reloaded before import = 0Number of asset objects unloaded after import = 0

========================================================================
Received Import Request.
  Time since last request: 0.000088 seconds.
  path: Assets/CorgiEngine/ThirdParty/MoreMountains/MMTools/Foundation/MMControls/MMControlsTestInputManager.cs
  artifactKey: Guid(9640016db57d1c646a90fa18111eebf0) Importer(2089858483,192608db42251d675da83286b1cce702)
Start importing Assets/CorgiEngine/ThirdParty/MoreMountains/MMTools/Foundation/MMControls/MMControlsTestInputManager.cs using Guid(9640016db57d1c646a90fa18111eebf0) Importer(2089858483,192608db42251d675da83286b1cce702) (ScriptedImporter) -> (artifact id: '0495e9cfaa80e1df2b4ac41e32749b50') in 0.0283323 seconds
Number of updated asset objects reloaded before import = 0Number of asset objects unloaded after import = 0

========================================================================
Received Import Request.
  Time since last request: 0.000097 seconds.
  path: Assets/CorgiEngine/ThirdParty/MoreMountains/MMFeedbacks/MMFeedbacks/Feedbacks/MMF_UnloadScene.cs
  artifactKey: Guid(4709d37264c824e4ebdb775cd0902847) Importer(2089858483,192608db42251d675da83286b1cce702)
Start importing Assets/CorgiEngine/ThirdParty/MoreMountains/MMFeedbacks/MMFeedbacks/Feedbacks/MMF_UnloadScene.cs using Guid(4709d37264c824e4ebdb775cd0902847) Importer(2089858483,192608db42251d675da83286b1cce702) (ScriptedImporter) -> (artifact id: 'cc324d92adbf570b1fbe176f4550ce89') in 0.0327626 seconds
Number of updated asset objects reloaded before import = 0Number of asset objects unloaded after import = 0

========================================================================
Received Import Request.
  Time since last request: 0.000314 seconds.
  path: Assets/CorgiEngine/ThirdParty/MoreMountains/MMFeedbacks/MMFeedbacks/Springs/Core/MMSpringVector3.cs
  artifactKey: Guid(a0268287db794044a9b5492805490c05) Importer(2089858483,192608db42251d675da83286b1cce702)
Start importing Assets/CorgiEngine/ThirdParty/MoreMountains/MMFeedbacks/MMFeedbacks/Springs/Core/MMSpringVector3.cs using Guid(a0268287db794044a9b5492805490c05) Importer(2089858483,192608db42251d675da83286b1cce702) (ScriptedImporter) -> (artifact id: '1eaf3a97ccb345a5f8c61c664a4c1c02') in 0.0376451 seconds
Number of updated asset objects reloaded before import = 0Number of asset objects unloaded after import = 0

========================================================================
Received Import Request.
  Time since last request: 0.000120 seconds.
  path: Assets/CorgiEngine/ThirdParty/MoreMountains/MMFeedbacks/Editor/Springs/MMSpringColorPropertyDrawer.cs
  artifactKey: Guid(4d274a27f7628664db49fa023801aa2b) Importer(2089858483,192608db42251d675da83286b1cce702)
Start importing Assets/CorgiEngine/ThirdParty/MoreMountains/MMFeedbacks/Editor/Springs/MMSpringColorPropertyDrawer.cs using Guid(4d274a27f7628664db49fa023801aa2b) Importer(2089858483,192608db42251d675da83286b1cce702) (ScriptedImporter) -> (artifact id: '83b211e5f34aa67a252504bad82855cd') in 0.029136 seconds
Number of updated asset objects reloaded before import = 0Number of asset objects unloaded after import = 0

========================================================================
Received Import Request.
  Time since last request: 0.000132 seconds.
  path: Assets/CorgiEngine/Demos/Corgi2D/Prefabs/Environment/Mountains/MtnPlatform1.prefab
  artifactKey: Guid(035b0075a5eb33e46921b3005b908b41) Importer(2089858483,192608db42251d675da83286b1cce702)
Start importing Assets/CorgiEngine/Demos/Corgi2D/Prefabs/Environment/Mountains/MtnPlatform1.prefab using Guid(035b0075a5eb33e46921b3005b908b41) Importer(2089858483,192608db42251d675da83286b1cce702) (ScriptedImporter) -> (artifact id: 'e14355e01812d0547ff5a5ef0b39b79b') in 0.07518 seconds
Number of updated asset objects reloaded before import = 0Number of asset objects unloaded after import = 8

========================================================================
Received Import Request.
  Time since last request: 0.000031 seconds.
  path: Assets/CorgiEngine/ThirdParty/MoreMountains/MMTools/Accessories/MMCamera/MMBillboard.cs
  artifactKey: Guid(90e9b0613a9f9544580c1644719392dd) Importer(2089858483,192608db42251d675da83286b1cce702)
Start importing Assets/CorgiEngine/ThirdParty/MoreMountains/MMTools/Accessories/MMCamera/MMBillboard.cs using Guid(90e9b0613a9f9544580c1644719392dd) Importer(2089858483,192608db42251d675da83286b1cce702) (ScriptedImporter) -> (artifact id: '7071c77cec5f0ee36e0be1053a38119f') in 0.0288738 seconds
Number of updated asset objects reloaded before import = 0Number of asset objects unloaded after import = 0

========================================================================
Received Import Request.
  Time since last request: 0.000214 seconds.
  path: Assets/CorgiEngine/ThirdParty/MoreMountains/MMTools/Core/MMObservable/MMObservable.cs
  artifactKey: Guid(9fae850c6f63b97429e2eecf9e605965) Importer(2089858483,192608db42251d675da83286b1cce702)
Start importing Assets/CorgiEngine/ThirdParty/MoreMountains/MMTools/Core/MMObservable/MMObservable.cs using Guid(9fae850c6f63b97429e2eecf9e605965) Importer(2089858483,192608db42251d675da83286b1cce702) (ScriptedImporter) -> (artifact id: '96226e69506f7958c418ec5ffc161331') in 0.0281527 seconds
Number of updated asset objects reloaded before import = 0Number of asset objects unloaded after import = 0

========================================================================
Received Import Request.
  Time since last request: 0.000082 seconds.
  path: Assets/CorgiEngine/ThirdParty/MoreMountains/MMTools/Accessories/MMPrototypeTextures/Textures/MMProtoTextures/MMProtoTextures_DarkGreyFrame.png
  artifactKey: Guid(87cd835267fdf4e47b4c5974e3a3b4fc) Importer(2089858483,192608db42251d675da83286b1cce702)
Start importing Assets/CorgiEngine/ThirdParty/MoreMountains/MMTools/Accessories/MMPrototypeTextures/Textures/MMProtoTextures/MMProtoTextures_DarkGreyFrame.png using Guid(87cd835267fdf4e47b4c5974e3a3b4fc) Importer(2089858483,192608db42251d675da83286b1cce702) (ScriptedImporter) -> (artifact id: '2be44c1e0c47a69258e9ff119e37bb55') in 0.0513994 seconds
Number of updated asset objects reloaded before import = 0Number of asset objects unloaded after import = 1

========================================================================
Received Import Request.
  Time since last request: 0.000035 seconds.
  path: Assets/CorgiEngine/ThirdParty/MoreMountains/MMTools/Core/MMPropertyControllers/TransformController.cs
  artifactKey: Guid(50e0d22617aa66044ba0c746fe1d8054) Importer(2089858483,192608db42251d675da83286b1cce702)
Start importing Assets/CorgiEngine/ThirdParty/MoreMountains/MMTools/Core/MMPropertyControllers/TransformController.cs using Guid(50e0d22617aa66044ba0c746fe1d8054) Importer(2089858483,192608db42251d675da83286b1cce702) (ScriptedImporter) -> (artifact id: '4a8fefe33060eb782c93c45cb6c90fc5') in 0.0250415 seconds
Number of updated asset objects reloaded before import = 0Number of asset objects unloaded after import = 0

========================================================================
Received Import Request.
  Time since last request: 0.000079 seconds.
  path: Assets/CorgiEngine/ThirdParty/MoreMountains/MMInterface/Styles/Mini/Sprites/RoundedCorners10Stroke2.png
  artifactKey: Guid(186dd63291c6cb74a82b69c1e08caf8b) Importer(2089858483,192608db42251d675da83286b1cce702)
Start importing Assets/CorgiEngine/ThirdParty/MoreMountains/MMInterface/Styles/Mini/Sprites/RoundedCorners10Stroke2.png using Guid(186dd63291c6cb74a82b69c1e08caf8b) Importer(2089858483,192608db42251d675da83286b1cce702) (ScriptedImporter) -> (artifact id: '8e3e89988c1c41286ead0ff94b4caf68') in 0.0541649 seconds
Number of updated asset objects reloaded before import = 0Number of asset objects unloaded after import = 3

========================================================================
Received Import Request.
  Time since last request: 0.000024 seconds.
  path: Assets/CorgiEngine/Demos/Minimal/Prefabs/Weapons/RegularWeapons/MinimalRocketLauncher.prefab
  artifactKey: Guid(a259f2102be4a43198f112a5f3ec7ac7) Importer(2089858483,192608db42251d675da83286b1cce702)
Start importing Assets/CorgiEngine/Demos/Minimal/Prefabs/Weapons/RegularWeapons/MinimalRocketLauncher.prefab using Guid(a259f2102be4a43198f112a5f3ec7ac7) Importer(2089858483,192608db42251d675da83286b1cce702) (ScriptedImporter) -> (artifact id: '80542512cf782f4261d9af265af16f5f') in 0.0956081 seconds
Number of updated asset objects reloaded before import = 0Number of asset objects unloaded after import = 66

========================================================================
Received Import Request.
  Time since last request: 0.000030 seconds.
  path: Assets/CorgiEngine/ThirdParty/MoreMountains/MMFeedbacks/MMFeedbacks/Core/Legacy/MMFeedback.cs
  artifactKey: Guid(1b1d3a32ffe67b94187272c15134cae5) Importer(2089858483,192608db42251d675da83286b1cce702)
Start importing Assets/CorgiEngine/ThirdParty/MoreMountains/MMFeedbacks/MMFeedbacks/Core/Legacy/MMFeedback.cs using Guid(1b1d3a32ffe67b94187272c15134cae5) Importer(2089858483,192608db42251d675da83286b1cce702) (ScriptedImporter) -> (artifact id: '839956c27179cc824132ff2ea16fdc70') in 0.023349 seconds
Number of updated asset objects reloaded before import = 0Number of asset objects unloaded after import = 0

========================================================================
Received Import Request.
  Time since last request: 0.000098 seconds.
  path: Assets/CorgiEngine/ThirdParty/MoreMountains/MMFeedbacks/Editor/Core/AttributeDrawers.cs
  artifactKey: Guid(bb4df52d2a954374b913a14cc5d474d4) Importer(2089858483,192608db42251d675da83286b1cce702)
Start importing Assets/CorgiEngine/ThirdParty/MoreMountains/MMFeedbacks/Editor/Core/AttributeDrawers.cs using Guid(bb4df52d2a954374b913a14cc5d474d4) Importer(2089858483,192608db42251d675da83286b1cce702) (ScriptedImporter) -> (artifact id: '662e032f60a30f65f60d86e328b097c4') in 0.0214504 seconds
Number of updated asset objects reloaded before import = 0Number of asset objects unloaded after import = 0

========================================================================
Received Import Request.
  Time since last request: 0.000151 seconds.
  path: Assets/CorgiEngine/ThirdParty/MoreMountains/MMTools/Demos/MMControls/MMControlsDemo.unity
  artifactKey: Guid(fc659b5219bfdc945881c41b2c491b52) Importer(2089858483,192608db42251d675da83286b1cce702)
Start importing Assets/CorgiEngine/ThirdParty/MoreMountains/MMTools/Demos/MMControls/MMControlsDemo.unity using Guid(fc659b5219bfdc945881c41b2c491b52) Importer(2089858483,192608db42251d675da83286b1cce702) (ScriptedImporter) -> (artifact id: 'b8cb74e2f8c60c9fac69faaddb912053') in 0.039964 seconds
Number of updated asset objects reloaded before import = 0Number of asset objects unloaded after import = 1

========================================================================
Received Import Request.
  Time since last request: 0.000046 seconds.
  path: Assets/CorgiEngine/ThirdParty/MoreMountains/MMInterface/Styles/Mini/Sprites/CheckboxesRadio.png
  artifactKey: Guid(eeac17b8deda35d48980e6af10acd619) Importer(2089858483,192608db42251d675da83286b1cce702)
Start importing Assets/CorgiEngine/ThirdParty/MoreMountains/MMInterface/Styles/Mini/Sprites/CheckboxesRadio.png using Guid(eeac17b8deda35d48980e6af10acd619) Importer(2089858483,192608db42251d675da83286b1cce702) (ScriptedImporter) -> (artifact id: 'f299d36d584923b85e25996ebeb236ae') in 0.0543005 seconds
Number of updated asset objects reloaded before import = 0Number of asset objects unloaded after import = 6

========================================================================
Received Import Request.
  Time since last request: 0.000021 seconds.
  path: Assets/CorgiEngine/ThirdParty/MoreMountains/MMFeedbacks/MMFeedbacks/Feedbacks/MMF_AudioMixerSnapshotTransition.cs
  artifactKey: Guid(89f0c7ac1091bf24aa52fc37f6bbd307) Importer(2089858483,192608db42251d675da83286b1cce702)
Start importing Assets/CorgiEngine/ThirdParty/MoreMountains/MMFeedbacks/MMFeedbacks/Feedbacks/MMF_AudioMixerSnapshotTransition.cs using Guid(89f0c7ac1091bf24aa52fc37f6bbd307) Importer(2089858483,192608db42251d675da83286b1cce702) (ScriptedImporter) -> (artifact id: 'b7f4997c1e28ea5853e5b88af218693d') in 0.0306978 seconds
Number of updated asset objects reloaded before import = 0Number of asset objects unloaded after import = 0

========================================================================
Received Import Request.
  Time since last request: 0.000024 seconds.
  path: Assets/CorgiEngine/ThirdParty/MoreMountains/MMFeedbacks/MMFeedbacksForThirdParty/HDRP/Feedbacks/MMF_DepthOfField_HDRP.cs
  artifactKey: Guid(7aa06285ee4b40b458022beb52aa9f94) Importer(2089858483,192608db42251d675da83286b1cce702)
Start importing Assets/CorgiEngine/ThirdParty/MoreMountains/MMFeedbacks/MMFeedbacksForThirdParty/HDRP/Feedbacks/MMF_DepthOfField_HDRP.cs using Guid(7aa06285ee4b40b458022beb52aa9f94) Importer(2089858483,192608db42251d675da83286b1cce702) (ScriptedImporter) -> (artifact id: '4e145cd308acf563fb37ae9f19579bc0') in 0.0222089 seconds
Number of updated asset objects reloaded before import = 0Number of asset objects unloaded after import = 0

========================================================================
Received Import Request.
  Time since last request: 0.000048 seconds.
  path: Assets/CorgiEngine/ThirdParty/MoreMountains/MMFeedbacks/MMFeedbacksForThirdParty/URP/Feedbacks/MMF_ChromaticAberration_URP.cs
  artifactKey: Guid(e5d6c0f2232e3b149b9e1b618c6f9592) Importer(2089858483,192608db42251d675da83286b1cce702)
Start importing Assets/CorgiEngine/ThirdParty/MoreMountains/MMFeedbacks/MMFeedbacksForThirdParty/URP/Feedbacks/MMF_ChromaticAberration_URP.cs using Guid(e5d6c0f2232e3b149b9e1b618c6f9592) Importer(2089858483,192608db42251d675da83286b1cce702) (ScriptedImporter) -> (artifact id: '93d41fcc8b5b66d3a84cce0ce3e13b99') in 0.021557 seconds
Number of updated asset objects reloaded before import = 0Number of asset objects unloaded after import = 0

========================================================================
Received Import Request.
  Time since last request: 0.000022 seconds.
  path: Assets/CorgiEngine/Demos/TheHunt/Models/Temple/templeWheel.obj
  artifactKey: Guid(a90e83e54c9cc1b40844aaf83d383161) Importer(2089858483,192608db42251d675da83286b1cce702)
Start importing Assets/CorgiEngine/Demos/TheHunt/Models/Temple/templeWheel.obj using Guid(a90e83e54c9cc1b40844aaf83d383161) Importer(2089858483,192608db42251d675da83286b1cce702) (ScriptedImporter) -> (artifact id: 'c2c9faa5a125dce21ca880cd57a14983') in 0.0429438 seconds
Number of updated asset objects reloaded before import = 0Number of asset objects unloaded after import = 9

========================================================================
Received Import Request.
  Time since last request: 0.000022 seconds.
  path: Assets/CorgiEngine/Demos/Corgi2D/Prefabs/Environment/Lava/LavaPlatform6.prefab
  artifactKey: Guid(866adcaf0bc08464bbf2b23221fd7247) Importer(2089858483,192608db42251d675da83286b1cce702)
Start importing Assets/CorgiEngine/Demos/Corgi2D/Prefabs/Environment/Lava/LavaPlatform6.prefab using Guid(866adcaf0bc08464bbf2b23221fd7247) Importer(2089858483,192608db42251d675da83286b1cce702) (ScriptedImporter) -> (artifact id: '3a741329a4c4d68815f83ab3f475ffe5') in 0.0654566 seconds
Number of updated asset objects reloaded before import = 0Number of asset objects unloaded after import = 8

========================================================================
Received Import Request.
  Time since last request: 0.000064 seconds.
  path: Assets/CorgiEngine/ThirdParty/MoreMountains/InventoryEngine/InventoryEngine/Scripts/Core/InventoryEvents.cs
  artifactKey: Guid(586a84a90f3d84891a2ece017df3d213) Importer(2089858483,192608db42251d675da83286b1cce702)
Start importing Assets/CorgiEngine/ThirdParty/MoreMountains/InventoryEngine/InventoryEngine/Scripts/Core/InventoryEvents.cs using Guid(586a84a90f3d84891a2ece017df3d213) Importer(2089858483,192608db42251d675da83286b1cce702) (ScriptedImporter) -> (artifact id: '02d8398250595dc1c6cd50f4bed16376') in 0.0228374 seconds
Number of updated asset objects reloaded before import = 0Number of asset objects unloaded after import = 0

========================================================================
Received Import Request.
  Time since last request: 0.000018 seconds.
  path: Assets/CorgiEngine/ThirdParty/MoreMountains/MMFeedbacks/MMFeedbacksForThirdParty/MMTools/MMRadio/MMF_FeedbackBase.cs
  artifactKey: Guid(6906d20e526ebe749b396f651e78e047) Importer(2089858483,192608db42251d675da83286b1cce702)
Start importing Assets/CorgiEngine/ThirdParty/MoreMountains/MMFeedbacks/MMFeedbacksForThirdParty/MMTools/MMRadio/MMF_FeedbackBase.cs using Guid(6906d20e526ebe749b396f651e78e047) Importer(2089858483,192608db42251d675da83286b1cce702) (ScriptedImporter) -> (artifact id: '09aad5a93e377aff03ee3317cb456dfe') in 0.0206421 seconds
Number of updated asset objects reloaded before import = 0Number of asset objects unloaded after import = 0

========================================================================
Received Import Request.
  Time since last request: 0.000080 seconds.
  path: Assets/CorgiEngine/Common/Scripts/Agents/AI/Automation/TimedSpawner.cs
  artifactKey: Guid(0103594ec0e3a499ca70de1da80736f6) Importer(2089858483,192608db42251d675da83286b1cce702)
Start importing Assets/CorgiEngine/Common/Scripts/Agents/AI/Automation/TimedSpawner.cs using Guid(0103594ec0e3a499ca70de1da80736f6) Importer(2089858483,192608db42251d675da83286b1cce702) (ScriptedImporter) -> (artifact id: '68a5a7fa040b37e63df2b4e159a205e8') in 0.0228083 seconds
Number of updated asset objects reloaded before import = 0Number of asset objects unloaded after import = 0

========================================================================
Received Import Request.
  Time since last request: 0.000023 seconds.
  path: Assets/CorgiEngine/ThirdParty/MoreMountains/MMTools/Core/MMObjectPool/MMObjectBounds.cs
  artifactKey: Guid(2cd26dd47877d80498c4f66f944bdb09) Importer(2089858483,192608db42251d675da83286b1cce702)
Start importing Assets/CorgiEngine/ThirdParty/MoreMountains/MMTools/Core/MMObjectPool/MMObjectBounds.cs using Guid(2cd26dd47877d80498c4f66f944bdb09) Importer(2089858483,192608db42251d675da83286b1cce702) (ScriptedImporter) -> (artifact id: 'baba1be1039f5ecfa5e2b2061067acb6') in 0.0239609 seconds
Number of updated asset objects reloaded before import = 0Number of asset objects unloaded after import = 0

========================================================================
Received Import Request.
  Time since last request: 0.000030 seconds.
  path: Assets/CorgiEngine/ThirdParty/MoreMountains/MMFeedbacks/Demos/MMFeedbacksDemo/Sounds/MMFeedbacksDemoKey.wav
  artifactKey: Guid(5806e204a67b1444b8a4d4c2e3d32a58) Importer(2089858483,192608db42251d675da83286b1cce702)
Start importing Assets/CorgiEngine/ThirdParty/MoreMountains/MMFeedbacks/Demos/MMFeedbacksDemo/Sounds/MMFeedbacksDemoKey.wav using Guid(5806e204a67b1444b8a4d4c2e3d32a58) Importer(2089858483,192608db42251d675da83286b1cce702) (ScriptedImporter) -> (artifact id: '19ba887e9ee6be035911d2e3152aad91') in 0.058551 seconds
Number of updated asset objects reloaded before import = 0Number of asset objects unloaded after import = 1

Editor requested this worker to shutdown with reason: Scaling down because of idle timeout
AssetImportWorker is now disconnected from the server
Process exiting
Exiting without the bug reporter. Application will terminate with return code 0