[Licensing::Module] Trying to connect to existing licensing client channel...
Built from '6000.2/respin/6000.2.6f2-cc51a95c03' branch; Version is '6000.2.6f2 (4a4dcaec6541) revision 4869578'; Using compiler version '194234433'; Build Type 'Release'
[Licensing::IpcConnector] Successfully connected to: "LicenseClient-djwls" at "2025-11-03T02:56:42.9864651Z"
OS: 'Windows 10  (10.0.19045) 64bit Core' Language: 'ko' Physical Memory: 15790 MB
BatchMode: 1, IsHumanControllingUs: 0, StartBugReporterOnCrash: 0, Is64bit: 1
Date: 2025-11-03T02:56:42Z

COMMAND LINE ARGUMENTS:
C:\Program Files\Unity\Hub\Editor\6000.2.6f2\Editor\Unity.exe
-adb2
-batchMode
-noUpm
-name
AssetImportWorker2
-projectPath
C:/GitUnity/GitUnityTeamProj/TeamProj/Corgi Engine - 2D + 2.5D Platformer
-logFile
Logs/AssetImportWorker2.log
-srvPort
60594
-job-worker-count
7
-background-job-worker-count
8
-gc-helper-count
1
-name
AssetImport
Successfully changed project path to: C:/GitUnity/GitUnityTeamProj/TeamProj/Corgi Engine - 2D + 2.5D Platformer
C:/GitUnity/GitUnityTeamProj/TeamProj/Corgi Engine - 2D + 2.5D Platformer
[UnityMemory] Configuration Parameters - Can be set up in boot.config
    "memorysetup-allocator-temp-initial-block-size-main=262144"
    "memorysetup-allocator-temp-initial-block-size-worker=262144"
    "memorysetup-bucket-allocator-granularity=16"
    "memorysetup-bucket-allocator-bucket-count=8"
    "memorysetup-bucket-allocator-block-size=33554432"
    "memorysetup-bucket-allocator-block-count=8"
    "memorysetup-main-allocator-block-size=16777216"
    "memorysetup-thread-allocator-block-size=16777216"
    "memorysetup-gfx-main-allocator-block-size=16777216"
    "memorysetup-gfx-thread-allocator-block-size=16777216"
    "memorysetup-cache-allocator-block-size=4194304"
    "memorysetup-typetree-allocator-block-size=2097152"
    "memorysetup-profiler-bucket-allocator-granularity=16"
    "memorysetup-profiler-bucket-allocator-bucket-count=8"
    "memorysetup-profiler-bucket-allocator-block-size=33554432"
    "memorysetup-profiler-bucket-allocator-block-count=8"
    "memorysetup-profiler-allocator-block-size=16777216"
    "memorysetup-profiler-editor-allocator-block-size=1048576"
    "memorysetup-temp-allocator-size-main=16777216"
    "memorysetup-job-temp-allocator-block-size=2097152"
    "memorysetup-job-temp-allocator-block-size-background=1048576"
    "memorysetup-job-temp-allocator-reduction-small-platforms=262144"
    "memorysetup-temp-allocator-size-background-worker=32768"
    "memorysetup-temp-allocator-size-job-worker=262144"
    "memorysetup-temp-allocator-size-preload-manager=33554432"
    "memorysetup-temp-allocator-size-nav-mesh-worker=65536"
    "memorysetup-temp-allocator-size-audio-worker=65536"
    "memorysetup-temp-allocator-size-cloud-worker=32768"
    "memorysetup-temp-allocator-size-gi-baking-worker=262144"
    "memorysetup-temp-allocator-size-gi-baking-worker=262144"
    "memorysetup-temp-allocator-size-gi-baking-worker=262144"
    "memorysetup-temp-allocator-size-gi-baking-worker=262144"
    "memorysetup-temp-allocator-size-gi-baking-worker=262144"
    "memorysetup-temp-allocator-size-gfx=262144"
Player connection [13288]  Target information:

Player connection [13288]  * "[IP] 202.31.251.92 [Port] 0 [Flags] 2 [Guid] 2996588276 [EditorId] 2996588276 [Version] 1048832 [Id] WindowsEditor(7,DESKTOP-O1C3CTK) [Debug] 1 [PackageName] WindowsEditor [ProjectName] Editor" 

Player connection [13288] Host joined multi-casting on [225.0.0.222:54997]...
Player connection [13288] Host joined alternative multi-casting on [225.0.0.222:34997]...
JobSystem: Creating JobQueue using job-worker-count value 7
Input System module state changed to: Initialized.
[Physics::Module] Initialized fallback backend.
[Physics::Module] Id: 0xdecafbad
[Licensing::Client] Code 10 while verifying Licensing Client signature (process Id: 22388, path: "C:/Program Files/Unity Hub/UnityLicensingClient_V1/Unity.Licensing.Client.exe")
[Licensing::Module] LicensingClient has failed validation; ignoring
[Licensing::Client] Handshaking with LicensingClient:
  Version:                 1.17.3+a4e98f1
  Session Id:              a272961ebf1e4c0aa0b2525c35ec77e6
  Correlation Id:          120374f1b459645e489b471ea95c7c3f
  External correlation Id: 7159170202522276001
  Machine Id:              5zzcFIlcbwWW5Xys4YCZ7MpAWW8=
[Licensing::Module] Successfully connected to LicensingClient on channel: "LicenseClient-djwls" (connect: 0.00s, validation: 0.00s, handshake: 0.07s)
[Licensing::IpcConnector] Successfully connected to: "LicenseClient-djwls-notifications" at "2025-11-03T02:56:43.0583339Z"
[Licensing::Module] Licensing Background thread has ended after 0.07s
Library Redirect Path: Library/
[Physics::Module] Selected backend.
[Physics::Module] Name: PhysX
[Physics::Module] Id: 0xf2b8ea05
[Physics::Module] SDK Version: 4.1.2
[Physics::Module] Integration Version: 1.0.0
[Physics::Module] Threading Mode: Multi-Threaded
ETC Legacy compression has been deprecated and will be removed in a future release. You can review compressors in "Project Settings > Editor > Texture Compressors".
Refreshing native plugins compatible for Editor in 6.50 ms, found 2 plugins.
Preloading 0 native plugins for Editor in 0.00 ms.
Initialize engine version: 6000.2.6f2 (4a4dcaec6541)
[Subsystems] Discovering subsystems at path C:/Program Files/Unity/Hub/Editor/6000.2.6f2/Editor/Data/Resources/UnitySubsystems
[Subsystems] Discovering subsystems at path C:/GitUnity/GitUnityTeamProj/TeamProj/Corgi Engine - 2D + 2.5D Platformer/Assets
GfxDevice: creating device client; kGfxThreadingModeNonThreaded
d3d12: failed to query info queue interface (0x80004002).
Direct3D:
    Version:         Direct3D 12 [level 12.1]
    Renderer:        AMD Radeon(TM) Graphics (ID=0x1636)
    Vendor:          ATI
    VRAM:            7895 MB
    App VRAM Budget: 7715 MB
    Driver:          31.0.21921.1000
    Unified Memory Architecture
Shader 'MoreMountains/MMRipple': fallback shader 'Particle/AlphaBlended' not found
Initialize mono
Mono path[0] = 'C:/Program Files/Unity/Hub/Editor/6000.2.6f2/Editor/Data/Managed'
Mono path[1] = 'C:/Program Files/Unity/Hub/Editor/6000.2.6f2/Editor/Data/MonoBleedingEdge/lib/mono/unityjit-win32'
Mono config path = 'C:/Program Files/Unity/Hub/Editor/6000.2.6f2/Editor/Data/MonoBleedingEdge/etc'
Using monoOptions --debugger-agent=transport=dt_socket,embedding=1,server=y,suspend=n,address=127.0.0.1:56148
Begin MonoManager ReloadAssembly
Registering precompiled unity dll's ...
Register platform support module: C:/Program Files/Unity/Hub/Editor/6000.2.6f2/Editor/Data/PlaybackEngines/WindowsStandaloneSupport/UnityEditor.WindowsStandalone.Extensions.dll
Registered in 0.002614 seconds.
- Loaded All Assemblies, in  0.654 seconds
Native extension for WindowsStandalone target not found
Mono: successfully reloaded assembly
- Finished resetting the current domain, in  0.505 seconds
Domain Reload Profiling: 1156ms
	BeginReloadAssembly (181ms)
		ExecutionOrderSort (0ms)
		DisableScriptedObjects (0ms)
		BackupInstance (0ms)
		ReleaseScriptingObjects (0ms)
		CreateAndSetChildDomain (1ms)
	RebuildCommonClasses (71ms)
	RebuildNativeTypeToScriptingClass (15ms)
	initialDomainReloadingComplete (68ms)
	LoadAllAssembliesAndSetupDomain (315ms)
		LoadAssemblies (178ms)
		RebuildTransferFunctionScriptingTraits (0ms)
		AnalyzeDomain (309ms)
			TypeCache.Refresh (307ms)
				TypeCache.ScanAssembly (276ms)
			BuildScriptInfoCaches (0ms)
			ResolveRequiredComponents (1ms)
	FinalizeReload (506ms)
		ReleaseScriptCaches (0ms)
		RebuildScriptCaches (0ms)
		SetupLoadedEditorAssemblies (449ms)
			LogAssemblyErrors (0ms)
			InitializePlatformSupportModulesInManaged (61ms)
			SetLoadedEditorAssemblies (6ms)
			BeforeProcessingInitializeOnLoad (94ms)
			ProcessInitializeOnLoadAttributes (194ms)
			ProcessInitializeOnLoadMethodAttributes (94ms)
			AfterProcessingInitializeOnLoad (0ms)
			EditorAssembliesLoaded (0ms)
		ExecutionOrderSort2 (0ms)
		AwakeInstancesAfterBackupRestoration (0ms)
Assembly reference Packages/com.unity.cinemachine/Editor/Samples/ExposeHDRPInternals/HDRP-Editor-ref.asmref has no target assembly definition
========================================================================
Worker process is ready to serve import requests
Import Worker Mode flag is 0x00
Assembly reference Packages/com.unity.cinemachine/Editor/Samples/ExposeHDRPInternals/HDRP-Editor-ref.asmref has no target assembly definition
Assembly reference Packages/com.unity.cinemachine/Editor/Samples/ExposeHDRPInternals/HDRP-Editor-ref.asmref has no target assembly definition
Begin MonoManager ReloadAssembly
[Licensing::Client] Successfully resolved entitlement details
[Licensing::Module] License group:
  Id: F4-G4PU-B9V2-DTW5-EJE8-XXXX
  Product: Unity Personal
  Type: ULF
  Expiration: 2025-12-10T03:44:46Z
- Loaded All Assemblies, in  7.901 seconds
Assembly reference Packages/com.unity.cinemachine/Editor/Samples/ExposeHDRPInternals/HDRP-Editor-ref.asmref has no target assembly definition
'Packages/com.unity.cinemachine/Editor/Obsolete/CinemachineVirtualCameraBaseEditor.cs' contains partial class of Unity.Object, exactly 1 of the partial classes needs to be in a file with the same filename. This is to know the one that can be referenced from ie. GameObjects
'Packages/com.unity.cinemachine/Editor/Editors/CinemachineVirtualCameraBaseEditor.cs' contains partial class of Unity.Object, exactly 1 of the partial classes needs to be in a file with the same filename. This is to know the one that can be referenced from ie. GameObjects
Refreshing native plugins compatible for Editor in 7.35 ms, found 2 plugins.
Native extension for WindowsStandalone target not found
Assembly reference Packages/com.unity.cinemachine/Editor/Samples/ExposeHDRPInternals/HDRP-Editor-ref.asmref has no target assembly definition
Package Manager log level set to [2]
[Package Manager] Failed to launch server process. Reason: Unity was launched with the -noUpm command-line argument
[Package Manager] Unable to send message (not connected to server process).
[Package Manager] Cannot connect to Unity Package Manager local server
[Package Manager] Failed to launch server process. Reason: Unity was launched with the -noUpm command-line argument
[Package Manager] Unable to send message (not connected to server process).
[Package Manager] Cannot connect to Unity Package Manager local server
Refreshing native plugins compatible for Editor in 8.01 ms, found 2 plugins.
Mono: successfully reloaded assembly
- Finished resetting the current domain, in  1.417 seconds
Domain Reload Profiling: 9312ms
	BeginReloadAssembly (271ms)
		ExecutionOrderSort (0ms)
		DisableScriptedObjects (9ms)
		BackupInstance (0ms)
		ReleaseScriptingObjects (0ms)
		CreateAndSetChildDomain (37ms)
	RebuildCommonClasses (46ms)
	RebuildNativeTypeToScriptingClass (16ms)
	initialDomainReloadingComplete (47ms)
	LoadAllAssembliesAndSetupDomain (7515ms)
		LoadAssemblies (7300ms)
		RebuildTransferFunctionScriptingTraits (0ms)
		AnalyzeDomain (374ms)
			TypeCache.Refresh (269ms)
				TypeCache.ScanAssembly (241ms)
			BuildScriptInfoCaches (77ms)
			ResolveRequiredComponents (23ms)
	FinalizeReload (1417ms)
		ReleaseScriptCaches (0ms)
		RebuildScriptCaches (0ms)
		SetupLoadedEditorAssemblies (1251ms)
			LogAssemblyErrors (0ms)
			InitializePlatformSupportModulesInManaged (2ms)
			SetLoadedEditorAssemblies (10ms)
			BeforeProcessingInitializeOnLoad (284ms)
			ProcessInitializeOnLoadAttributes (711ms)
			ProcessInitializeOnLoadMethodAttributes (235ms)
			AfterProcessingInitializeOnLoad (7ms)
			EditorAssembliesLoaded (1ms)
		ExecutionOrderSort2 (0ms)
		AwakeInstancesAfterBackupRestoration (14ms)
ETC Legacy compression has been deprecated and will be removed in a future release. You can review compressors in "Project Settings > Editor > Texture Compressors".
Shader 'MoreMountains/MMRipple': fallback shader 'Particle/AlphaBlended' not found
Launched and connected shader compiler UnityShaderCompiler.exe after 0.02 seconds
Refreshing native plugins compatible for Editor in 8.48 ms, found 2 plugins.
Preloading 0 native plugins for Editor in 0.00 ms.
Unloading 13 Unused Serialized files (Serialized files now loaded: 0)
Unloading 4733 unused Assets / (3.5 MB). Loaded Objects now: 5235.
Memory consumption went from 184.6 MB to 181.1 MB.
Total: 14.415700 ms (FindLiveObjects: 0.676300 ms CreateObjectMapping: 0.696900 ms MarkObjects: 10.772400 ms  DeleteObjects: 2.267200 ms)

========================================================================
Received Import Request.
  Time since last request: 5428.039001 seconds.
  path: Assets/CorgiEngine/Demos/Corgi3D/Textures/PrototypeBlocks/1x1Blue.png
  artifactKey: Guid(470e18cc432c68249945840f82dc9f50) Importer(815301076,1909f56bfc062723c751e8b465ee728b)
Start importing Assets/CorgiEngine/Demos/Corgi3D/Textures/PrototypeBlocks/1x1Blue.png using Guid(470e18cc432c68249945840f82dc9f50) Importer(815301076,1909f56bfc062723c751e8b465ee728b) (PreviewImporter) -> (artifact id: 'ee8042df1812c59da1ee8fdf5e9c0598') in 0.1050414 seconds
Number of updated asset objects reloaded before import = 0Number of asset objects unloaded after import = 2

========================================================================
Received Import Request.
  Time since last request: 0.000073 seconds.
  path: Assets/CorgiEngine/Demos/Corgi3D/Models/Old
  artifactKey: Guid(79a3461b8bf95e2409f8f6fa771645f5) Importer(815301076,1909f56bfc062723c751e8b465ee728b)
Start importing Assets/CorgiEngine/Demos/Corgi3D/Models/Old using Guid(79a3461b8bf95e2409f8f6fa771645f5) Importer(815301076,1909f56bfc062723c751e8b465ee728b) (PreviewImporter) -> (artifact id: '465fdf49aa83b2df09b3e69233624ca5') in 0.0011185 seconds
Number of updated asset objects reloaded before import = 0Number of asset objects unloaded after import = 0

========================================================================
Received Import Request.
  Time since last request: 0.000109 seconds.
  path: Assets/CorgiEngine/Common/Sprites/GUI
  artifactKey: Guid(b04223e3dfb64ca478767f2b4c12e4e6) Importer(815301076,1909f56bfc062723c751e8b465ee728b)
Start importing Assets/CorgiEngine/Common/Sprites/GUI using Guid(b04223e3dfb64ca478767f2b4c12e4e6) Importer(815301076,1909f56bfc062723c751e8b465ee728b) (PreviewImporter) -> (artifact id: '1955c422b111d691fc3a7734036a6f59') in 0.0011537 seconds
Number of updated asset objects reloaded before import = 0Number of asset objects unloaded after import = 0

========================================================================
Received Import Request.
  Time since last request: 3.810604 seconds.
  path: Assets/CorgiEngine/Demos/Corgi3D/Corgi3D.unity
  artifactKey: Guid(21235c11eb96a4cce9524e313642ab64) Importer(815301076,1909f56bfc062723c751e8b465ee728b)
Start importing Assets/CorgiEngine/Demos/Corgi3D/Corgi3D.unity using Guid(21235c11eb96a4cce9524e313642ab64) Importer(815301076,1909f56bfc062723c751e8b465ee728b) (PreviewImporter) -> (artifact id: '9785419265622266697626127ec5da76') in 0.0008968 seconds
Number of updated asset objects reloaded before import = 0Number of asset objects unloaded after import = 0

========================================================================
Received Prepare
ETC Legacy compression has been deprecated and will be removed in a future release. You can review compressors in "Project Settings > Editor > Texture Compressors".
Assembly reference Packages/com.unity.cinemachine/Editor/Samples/ExposeHDRPInternals/HDRP-Editor-ref.asmref has no target assembly definition
Assembly reference Packages/com.unity.cinemachine/Editor/Samples/ExposeHDRPInternals/HDRP-Editor-ref.asmref has no target assembly definition
Begin MonoManager ReloadAssembly
- Loaded All Assemblies, in  0.934 seconds
Assembly reference Packages/com.unity.cinemachine/Editor/Samples/ExposeHDRPInternals/HDRP-Editor-ref.asmref has no target assembly definition
'Packages/com.unity.cinemachine/Editor/Obsolete/CinemachineVirtualCameraBaseEditor.cs' contains partial class of Unity.Object, exactly 1 of the partial classes needs to be in a file with the same filename. This is to know the one that can be referenced from ie. GameObjects
'Packages/com.unity.cinemachine/Editor/Editors/CinemachineVirtualCameraBaseEditor.cs' contains partial class of Unity.Object, exactly 1 of the partial classes needs to be in a file with the same filename. This is to know the one that can be referenced from ie. GameObjects
Refreshing native plugins compatible for Editor in 6.38 ms, found 2 plugins.
Native extension for WindowsStandalone target not found
Assembly reference Packages/com.unity.cinemachine/Editor/Samples/ExposeHDRPInternals/HDRP-Editor-ref.asmref has no target assembly definition
[Package Manager] Failed to launch server process. Reason: Unity was launched with the -noUpm command-line argument
[Package Manager] Unable to send message (not connected to server process).
[Package Manager] Cannot connect to Unity Package Manager local server
[Package Manager] Failed to launch server process. Reason: Unity was launched with the -noUpm command-line argument
[Package Manager] Unable to send message (not connected to server process).
[Package Manager] Cannot connect to Unity Package Manager local server
Mono: successfully reloaded assembly
- Finished resetting the current domain, in  1.462 seconds
Domain Reload Profiling: 2393ms
	BeginReloadAssembly (272ms)
		ExecutionOrderSort (0ms)
		DisableScriptedObjects (8ms)
		BackupInstance (0ms)
		ReleaseScriptingObjects (0ms)
		CreateAndSetChildDomain (64ms)
	RebuildCommonClasses (41ms)
	RebuildNativeTypeToScriptingClass (15ms)
	initialDomainReloadingComplete (31ms)
	LoadAllAssembliesAndSetupDomain (571ms)
		LoadAssemblies (542ms)
		RebuildTransferFunctionScriptingTraits (0ms)
		AnalyzeDomain (172ms)
			TypeCache.Refresh (6ms)
				TypeCache.ScanAssembly (0ms)
			BuildScriptInfoCaches (146ms)
			ResolveRequiredComponents (16ms)
	FinalizeReload (1463ms)
		ReleaseScriptCaches (0ms)
		RebuildScriptCaches (0ms)
		SetupLoadedEditorAssemblies (1264ms)
			LogAssemblyErrors (0ms)
			InitializePlatformSupportModulesInManaged (3ms)
			SetLoadedEditorAssemblies (9ms)
			BeforeProcessingInitializeOnLoad (310ms)
			ProcessInitializeOnLoadAttributes (706ms)
			ProcessInitializeOnLoadMethodAttributes (229ms)
			AfterProcessingInitializeOnLoad (7ms)
			EditorAssembliesLoaded (1ms)
		ExecutionOrderSort2 (0ms)
		AwakeInstancesAfterBackupRestoration (18ms)
Shader 'MoreMountains/MMRipple': fallback shader 'Particle/AlphaBlended' not found
Refreshing native plugins compatible for Editor in 9.81 ms, found 2 plugins.
Preloading 0 native plugins for Editor in 0.00 ms.
Unloading 13 Unused Serialized files (Serialized files now loaded: 0)
Unloading 4731 unused Assets / (3.5 MB). Loaded Objects now: 5240.
Memory consumption went from 186.2 MB to 182.7 MB.
Total: 19.922900 ms (FindLiveObjects: 0.968000 ms CreateObjectMapping: 1.019900 ms MarkObjects: 14.607600 ms  DeleteObjects: 3.325200 ms)

Prepare: number of updated asset objects reloaded= 0
========================================================================
Received Import Request.
  Time since last request: 177.042824 seconds.
  path: Assets/CorgiEngine/Demos/Corgi3D/Textures/VoxelEnemiesTexture.png
  artifactKey: Guid(23dcb8483d5e63444a3c935435d247d8) Importer(815301076,1909f56bfc062723c751e8b465ee728b)
Start importing Assets/CorgiEngine/Demos/Corgi3D/Textures/VoxelEnemiesTexture.png using Guid(23dcb8483d5e63444a3c935435d247d8) Importer(815301076,1909f56bfc062723c751e8b465ee728b) (PreviewImporter) -> (artifact id: 'ee744de61008d150fd873fd5d582ae3f') in 0.147996 seconds
Number of updated asset objects reloaded before import = 0Number of asset objects unloaded after import = 3

========================================================================
Received Import Request.
  Time since last request: 337.207854 seconds.
  path: Assets/CorgiEngine/Demos/Corgi2D/Materials/whiteDust.mat
  artifactKey: Guid(464cb30736c02f14f99253df367af152) Importer(815301076,1909f56bfc062723c751e8b465ee728b)
Start importing Assets/CorgiEngine/Demos/Corgi2D/Materials/whiteDust.mat using Guid(464cb30736c02f14f99253df367af152) Importer(815301076,1909f56bfc062723c751e8b465ee728b) (PreviewImporter) -> (artifact id: '9fde54ba3d058042c1f4e34dd715006c') in 0.0967839 seconds
Number of updated asset objects reloaded before import = 0Number of asset objects unloaded after import = 2

========================================================================
Received Import Request.
  Time since last request: 71.129657 seconds.
  path: Assets/CorgiEngine/Demos/Corgi2D/Materials/movingPlatformParticle.mat
  artifactKey: Guid(6700829f87b1ac744af5e3ef29df2c12) Importer(815301076,1909f56bfc062723c751e8b465ee728b)
Start importing Assets/CorgiEngine/Demos/Corgi2D/Materials/movingPlatformParticle.mat using Guid(6700829f87b1ac744af5e3ef29df2c12) Importer(815301076,1909f56bfc062723c751e8b465ee728b) (PreviewImporter) -> (artifact id: '1c83542a27622dc26902a553c95b8df2') in 0.0260337 seconds
Number of updated asset objects reloaded before import = 0Number of asset objects unloaded after import = 2

========================================================================
Received Import Request.
  Time since last request: 143.800984 seconds.
  path: Assets/CorgiEngine/Demos/Corgi3D/Corgi3DxTheHunt.unity
  artifactKey: Guid(520006148e7fc614ea1e13df3773d7cc) Importer(815301076,1909f56bfc062723c751e8b465ee728b)
Start importing Assets/CorgiEngine/Demos/Corgi3D/Corgi3DxTheHunt.unity using Guid(520006148e7fc614ea1e13df3773d7cc) Importer(815301076,1909f56bfc062723c751e8b465ee728b) (PreviewImporter) -> (artifact id: '689a7ef4553bc69fc826dde0f238df5e') in 0.0009844 seconds
Number of updated asset objects reloaded before import = 0Number of asset objects unloaded after import = 0

========================================================================
Received Import Request.
  Time since last request: 2.572022 seconds.
  path: Assets/CorgiEngine/Demos/Corgi3D/NewCorgi3D.unity
  artifactKey: Guid(193c7309ff376d1489dcd808b644fdef) Importer(815301076,1909f56bfc062723c751e8b465ee728b)
Start importing Assets/CorgiEngine/Demos/Corgi3D/NewCorgi3D.unity using Guid(193c7309ff376d1489dcd808b644fdef) Importer(815301076,1909f56bfc062723c751e8b465ee728b) (PreviewImporter) -> (artifact id: '804a5d2f36bc0e93536c42c9be8fad15') in 0.0010135 seconds
Number of updated asset objects reloaded before import = 0Number of asset objects unloaded after import = 0

========================================================================
Received Import Request.
  Time since last request: 303.841733 seconds.
  path: Assets/CorgiEngine/Demos/Corgi2D/Lava.unity
  artifactKey: Guid(021858c77d85c1e4a944245dd9e0cf08) Importer(815301076,1909f56bfc062723c751e8b465ee728b)
Start importing Assets/CorgiEngine/Demos/Corgi2D/Lava.unity using Guid(021858c77d85c1e4a944245dd9e0cf08) Importer(815301076,1909f56bfc062723c751e8b465ee728b) (PreviewImporter) -> (artifact id: '087c45c7f6d3c002ee08df29390c790d') in 0.0007569 seconds
Number of updated asset objects reloaded before import = 0Number of asset objects unloaded after import = 0

========================================================================
Received Import Request.
  Time since last request: 7.304521 seconds.
  path: Assets/CorgiEngine/Common/Resources
  artifactKey: Guid(b5a16c4a5769f994eaf90492f4762976) Importer(815301076,1909f56bfc062723c751e8b465ee728b)
Start importing Assets/CorgiEngine/Common/Resources using Guid(b5a16c4a5769f994eaf90492f4762976) Importer(815301076,1909f56bfc062723c751e8b465ee728b) (PreviewImporter) -> (artifact id: '7f0fdc46cc2d798935f29119d0fb88fa') in 0.000718 seconds
Number of updated asset objects reloaded before import = 0Number of asset objects unloaded after import = 0

========================================================================
Received Import Request.
  Time since last request: 0.869013 seconds.
  path: Assets/CorgiEngine/Common/Animations
  artifactKey: Guid(2b413ee61949ea3449d0ad3275e48c26) Importer(815301076,1909f56bfc062723c751e8b465ee728b)
Start importing Assets/CorgiEngine/Common/Animations using Guid(2b413ee61949ea3449d0ad3275e48c26) Importer(815301076,1909f56bfc062723c751e8b465ee728b) (PreviewImporter) -> (artifact id: 'd0e0ddacaa4358b8862aa69c3a4e819d') in 0.0006682 seconds
Number of updated asset objects reloaded before import = 0Number of asset objects unloaded after import = 0

========================================================================
Received Import Request.
  Time since last request: 0.509871 seconds.
  path: Assets/CorgiEngine/Common/Editor
  artifactKey: Guid(dc2c6b73a0d3e4e91b26fb1cb43258c0) Importer(815301076,1909f56bfc062723c751e8b465ee728b)
Start importing Assets/CorgiEngine/Common/Editor using Guid(dc2c6b73a0d3e4e91b26fb1cb43258c0) Importer(815301076,1909f56bfc062723c751e8b465ee728b) (PreviewImporter) -> (artifact id: '7f2d528cefcb726505439dea8adeaf46') in 0.0009647 seconds
Number of updated asset objects reloaded before import = 0Number of asset objects unloaded after import = 0

========================================================================
Received Import Request.
  Time since last request: 0.413066 seconds.
  path: Assets/CorgiEngine/Common/Fonts
  artifactKey: Guid(535251de653140f42870f6f73c31f89b) Importer(815301076,1909f56bfc062723c751e8b465ee728b)
Start importing Assets/CorgiEngine/Common/Fonts using Guid(535251de653140f42870f6f73c31f89b) Importer(815301076,1909f56bfc062723c751e8b465ee728b) (PreviewImporter) -> (artifact id: '6a947fd0a3bb50054fd31c96a88cc558') in 0.0007276 seconds
Number of updated asset objects reloaded before import = 0Number of asset objects unloaded after import = 0

========================================================================
Received Import Request.
  Time since last request: 0.432686 seconds.
  path: Assets/CorgiEngine/Common/Materials
  artifactKey: Guid(444438ad921ec5e4f9ab91c4846ee9b3) Importer(815301076,1909f56bfc062723c751e8b465ee728b)
Start importing Assets/CorgiEngine/Common/Materials using Guid(444438ad921ec5e4f9ab91c4846ee9b3) Importer(815301076,1909f56bfc062723c751e8b465ee728b) (PreviewImporter) -> (artifact id: 'de3da15bdcce09562c36a68c002ea080') in 0.0007778 seconds
Number of updated asset objects reloaded before import = 0Number of asset objects unloaded after import = 0

========================================================================
Received Import Request.
  Time since last request: 0.550528 seconds.
  path: Assets/CorgiEngine/Common/PhysicsMaterials
  artifactKey: Guid(493ead76866a2d6428e7ccf607fe5eaa) Importer(815301076,1909f56bfc062723c751e8b465ee728b)
Start importing Assets/CorgiEngine/Common/PhysicsMaterials using Guid(493ead76866a2d6428e7ccf607fe5eaa) Importer(815301076,1909f56bfc062723c751e8b465ee728b) (PreviewImporter) -> (artifact id: 'fb3af28a7c4196404f65efc3ddb0b764') in 0.0007141 seconds
Number of updated asset objects reloaded before import = 0Number of asset objects unloaded after import = 0

========================================================================
Received Import Request.
  Time since last request: 0.517801 seconds.
  path: Assets/CorgiEngine/Common/Prefabs
  artifactKey: Guid(4bf4649ddf257114293f61d1210db345) Importer(815301076,1909f56bfc062723c751e8b465ee728b)
Start importing Assets/CorgiEngine/Common/Prefabs using Guid(4bf4649ddf257114293f61d1210db345) Importer(815301076,1909f56bfc062723c751e8b465ee728b) (PreviewImporter) -> (artifact id: '7ae6a3b5a5e8e39a3139df7aea6a4fb5') in 0.0010331 seconds
Number of updated asset objects reloaded before import = 0Number of asset objects unloaded after import = 0

========================================================================
Received Import Request.
  Time since last request: 2.027108 seconds.
  path: Assets/CorgiEngine/Common/Scripts
  artifactKey: Guid(66d60c5b10e45d741b818536af2ba25e) Importer(815301076,1909f56bfc062723c751e8b465ee728b)
Start importing Assets/CorgiEngine/Common/Scripts using Guid(66d60c5b10e45d741b818536af2ba25e) Importer(815301076,1909f56bfc062723c751e8b465ee728b) (PreviewImporter) -> (artifact id: 'a628360abde9729e53266933e3604f74') in 0.0008196 seconds
Number of updated asset objects reloaded before import = 0Number of asset objects unloaded after import = 0

========================================================================
Received Import Request.
  Time since last request: 0.637370 seconds.
  path: Assets/CorgiEngine/Common/ScriptsCinemachine
  artifactKey: Guid(8ca8fdb04ee49ad4da4e4e11803f211e) Importer(815301076,1909f56bfc062723c751e8b465ee728b)
Start importing Assets/CorgiEngine/Common/ScriptsCinemachine using Guid(8ca8fdb04ee49ad4da4e4e11803f211e) Importer(815301076,1909f56bfc062723c751e8b465ee728b) (PreviewImporter) -> (artifact id: '6f39ef4eafaaf4e875ee420439576237') in 0.0007442 seconds
Number of updated asset objects reloaded before import = 0Number of asset objects unloaded after import = 0

========================================================================
Received Import Request.
  Time since last request: 0.490590 seconds.
  path: Assets/CorgiEngine/Common/ScriptsInputSystem
  artifactKey: Guid(9418db8a047d7834fa1fe9b23ccdcd2d) Importer(815301076,1909f56bfc062723c751e8b465ee728b)
Start importing Assets/CorgiEngine/Common/ScriptsInputSystem using Guid(9418db8a047d7834fa1fe9b23ccdcd2d) Importer(815301076,1909f56bfc062723c751e8b465ee728b) (PreviewImporter) -> (artifact id: '873e1b6d330cace3cbd8ce2fa045a03c') in 0.0008665 seconds
Number of updated asset objects reloaded before import = 0Number of asset objects unloaded after import = 0

========================================================================
Received Import Request.
  Time since last request: 1.827242 seconds.
  path: Assets/CorgiEngine/Common/ScriptsCinemachine/Environment
  artifactKey: Guid(5e4e7128db65ec44f90323bcb34f18c0) Importer(815301076,1909f56bfc062723c751e8b465ee728b)
Start importing Assets/CorgiEngine/Common/ScriptsCinemachine/Environment using Guid(5e4e7128db65ec44f90323bcb34f18c0) Importer(815301076,1909f56bfc062723c751e8b465ee728b) (PreviewImporter) -> (artifact id: '50b066eaeea6884de28e07d1fa8c0de2') in 0.000668 seconds
Number of updated asset objects reloaded before import = 0Number of asset objects unloaded after import = 0

========================================================================
Received Import Request.
  Time since last request: 11.033834 seconds.
  path: Assets/CorgiEngine/ThirdParty/MoreMountains/MMTools
  artifactKey: Guid(e16c5733e7ebc114e967386a4e313f66) Importer(815301076,1909f56bfc062723c751e8b465ee728b)
Start importing Assets/CorgiEngine/ThirdParty/MoreMountains/MMTools using Guid(e16c5733e7ebc114e967386a4e313f66) Importer(815301076,1909f56bfc062723c751e8b465ee728b) (PreviewImporter) -> (artifact id: 'ccdab9ada4ea33457549e0d81e4b7f87') in 0.0010177 seconds
Number of updated asset objects reloaded before import = 0Number of asset objects unloaded after import = 0

========================================================================
Received Import Request.
  Time since last request: 10.789035 seconds.
  path: Assets/CorgiEngine/ThirdParty/MoreMountains/InventoryEngine/Demos/PixelRogue
  artifactKey: Guid(495e3ade2252f6448af64bb41dc42bc8) Importer(815301076,1909f56bfc062723c751e8b465ee728b)
Start importing Assets/CorgiEngine/ThirdParty/MoreMountains/InventoryEngine/Demos/PixelRogue using Guid(495e3ade2252f6448af64bb41dc42bc8) Importer(815301076,1909f56bfc062723c751e8b465ee728b) (PreviewImporter) -> (artifact id: 'f20826b0ce5fd5aaf546d50ca9154dd3') in 0.0007385 seconds
Number of updated asset objects reloaded before import = 0Number of asset objects unloaded after import = 0

========================================================================
Received Import Request.
  Time since last request: 1.261985 seconds.
  path: Assets/CorgiEngine/ThirdParty/MoreMountains/InventoryEngine/Demos/PixelRogue/Minimal1.unity
  artifactKey: Guid(b7b14cfcf997f4d40a54d4eee5f33401) Importer(815301076,1909f56bfc062723c751e8b465ee728b)
Start importing Assets/CorgiEngine/ThirdParty/MoreMountains/InventoryEngine/Demos/PixelRogue/Minimal1.unity using Guid(b7b14cfcf997f4d40a54d4eee5f33401) Importer(815301076,1909f56bfc062723c751e8b465ee728b) (PreviewImporter) -> (artifact id: '30d60b2094f82eb21c2dee4330f3c4b0') in 0.000838 seconds
Number of updated asset objects reloaded before import = 0Number of asset objects unloaded after import = 0

========================================================================
Received Import Request.
  Time since last request: 2.741652 seconds.
  path: Assets/CorgiEngine/ThirdParty/MoreMountains/InventoryEngine/Demos/PixelRogue/Minimal2.unity
  artifactKey: Guid(77c11560aca2ca24595389a0ea78a11a) Importer(815301076,1909f56bfc062723c751e8b465ee728b)
Start importing Assets/CorgiEngine/ThirdParty/MoreMountains/InventoryEngine/Demos/PixelRogue/Minimal2.unity using Guid(77c11560aca2ca24595389a0ea78a11a) Importer(815301076,1909f56bfc062723c751e8b465ee728b) (PreviewImporter) -> (artifact id: '14057b6189e845efa939f0a19d300e2b') in 0.000764 seconds
Number of updated asset objects reloaded before import = 0Number of asset objects unloaded after import = 0

========================================================================
Received Import Request.
  Time since last request: 1.828035 seconds.
  path: Assets/CorgiEngine/ThirdParty/MoreMountains/InventoryEngine/Demos/PixelRogue/PixelRogueMultiplayer.unity
  artifactKey: Guid(1ad628c7cb1fd85418e434b5ec065e21) Importer(815301076,1909f56bfc062723c751e8b465ee728b)
Start importing Assets/CorgiEngine/ThirdParty/MoreMountains/InventoryEngine/Demos/PixelRogue/PixelRogueMultiplayer.unity using Guid(1ad628c7cb1fd85418e434b5ec065e21) Importer(815301076,1909f56bfc062723c751e8b465ee728b) (PreviewImporter) -> (artifact id: '57a9201a829b2626b8eba673b8f33162') in 0.0007848 seconds
Number of updated asset objects reloaded before import = 0Number of asset objects unloaded after import = 0

========================================================================
Received Import Request.
  Time since last request: 1.145166 seconds.
  path: Assets/CorgiEngine/ThirdParty/MoreMountains/InventoryEngine/Demos/PixelRogue/PixelRogueRoom1.unity
  artifactKey: Guid(bbd1671f1789c734ebafbab88956dd66) Importer(815301076,1909f56bfc062723c751e8b465ee728b)
Start importing Assets/CorgiEngine/ThirdParty/MoreMountains/InventoryEngine/Demos/PixelRogue/PixelRogueRoom1.unity using Guid(bbd1671f1789c734ebafbab88956dd66) Importer(815301076,1909f56bfc062723c751e8b465ee728b) (PreviewImporter) -> (artifact id: '8b156e13e53543b072cd50cca6f63a91') in 0.000696 seconds
Number of updated asset objects reloaded before import = 0Number of asset objects unloaded after import = 0

========================================================================
Received Import Request.
  Time since last request: 1.167694 seconds.
  path: Assets/CorgiEngine/ThirdParty/MoreMountains/InventoryEngine/Demos/PixelRogue/PixelRogueRoom2.unity
  artifactKey: Guid(c3ccf26bc08e243b1aae7d13d40d2ec4) Importer(815301076,1909f56bfc062723c751e8b465ee728b)
Start importing Assets/CorgiEngine/ThirdParty/MoreMountains/InventoryEngine/Demos/PixelRogue/PixelRogueRoom2.unity using Guid(c3ccf26bc08e243b1aae7d13d40d2ec4) Importer(815301076,1909f56bfc062723c751e8b465ee728b) (PreviewImporter) -> (artifact id: 'bf814809d83a5bfcc68356527017de99') in 0.000761 seconds
Number of updated asset objects reloaded before import = 0Number of asset objects unloaded after import = 0

========================================================================
Received Import Request.
  Time since last request: 0.979760 seconds.
  path: Assets/CorgiEngine/ThirdParty/MoreMountains/InventoryEngine/Demos/PixelRogue/PixelRogueWeaponBar.unity
  artifactKey: Guid(9bd29275a7422a64eb0efb7e5f0aa24c) Importer(815301076,1909f56bfc062723c751e8b465ee728b)
Start importing Assets/CorgiEngine/ThirdParty/MoreMountains/InventoryEngine/Demos/PixelRogue/PixelRogueWeaponBar.unity using Guid(9bd29275a7422a64eb0efb7e5f0aa24c) Importer(815301076,1909f56bfc062723c751e8b465ee728b) (PreviewImporter) -> (artifact id: '1f2011cfeba2126ada932ea7bd0091ff') in 0.0007141 seconds
Number of updated asset objects reloaded before import = 0Number of asset objects unloaded after import = 0

========================================================================
Received Import Request.
  Time since last request: 11.090098 seconds.
  path: Assets/CorgiEngine/ThirdParty/MoreMountains/MMFeedbacks/Demos/SequencingDemo
  artifactKey: Guid(80a4200976f20954cbd688a2f85d5497) Importer(815301076,1909f56bfc062723c751e8b465ee728b)
Start importing Assets/CorgiEngine/ThirdParty/MoreMountains/MMFeedbacks/Demos/SequencingDemo using Guid(80a4200976f20954cbd688a2f85d5497) Importer(815301076,1909f56bfc062723c751e8b465ee728b) (PreviewImporter) -> (artifact id: 'e79ddb8c65533124a6a78753657496cd') in 0.0007243 seconds
Number of updated asset objects reloaded before import = 0Number of asset objects unloaded after import = 0

========================================================================
Received Import Request.
  Time since last request: 0.973162 seconds.
  path: Assets/CorgiEngine/ThirdParty/MoreMountains/MMFeedbacks/Demos/SequencingDemo/SequencerDemo.unity
  artifactKey: Guid(7404a4198038588438ed7afd038bd8c0) Importer(815301076,1909f56bfc062723c751e8b465ee728b)
Start importing Assets/CorgiEngine/ThirdParty/MoreMountains/MMFeedbacks/Demos/SequencingDemo/SequencerDemo.unity using Guid(7404a4198038588438ed7afd038bd8c0) Importer(815301076,1909f56bfc062723c751e8b465ee728b) (PreviewImporter) -> (artifact id: '704d47a9322e267f6ee507c8a1aed966') in 0.0007058 seconds
Number of updated asset objects reloaded before import = 0Number of asset objects unloaded after import = 0

========================================================================
Received Import Request.
  Time since last request: 6.576270 seconds.
  path: Assets/CorgiEngine/ThirdParty/MoreMountains/MMFeedbacks/Demos/MMFeedbacksDemo/MMF_PlayerDemo.unity
  artifactKey: Guid(24c17f7978039fc4ead290ab5d87e2ee) Importer(815301076,1909f56bfc062723c751e8b465ee728b)
Start importing Assets/CorgiEngine/ThirdParty/MoreMountains/MMFeedbacks/Demos/MMFeedbacksDemo/MMF_PlayerDemo.unity using Guid(24c17f7978039fc4ead290ab5d87e2ee) Importer(815301076,1909f56bfc062723c751e8b465ee728b) (PreviewImporter) -> (artifact id: '4a1e68d27b18f0d2eef7f18cc8aac3fd') in 0.0007664 seconds
Number of updated asset objects reloaded before import = 0Number of asset objects unloaded after import = 0

========================================================================
Received Prepare
ETC Legacy compression has been deprecated and will be removed in a future release. You can review compressors in "Project Settings > Editor > Texture Compressors".
Assembly reference Packages/com.unity.cinemachine/Editor/Samples/ExposeHDRPInternals/HDRP-Editor-ref.asmref has no target assembly definition
Assembly reference Packages/com.unity.cinemachine/Editor/Samples/ExposeHDRPInternals/HDRP-Editor-ref.asmref has no target assembly definition
Begin MonoManager ReloadAssembly
[Licensing::Client] Successfully resolved entitlement details
- Loaded All Assemblies, in  0.884 seconds
Assembly reference Packages/com.unity.cinemachine/Editor/Samples/ExposeHDRPInternals/HDRP-Editor-ref.asmref has no target assembly definition
'Packages/com.unity.cinemachine/Editor/Obsolete/CinemachineVirtualCameraBaseEditor.cs' contains partial class of Unity.Object, exactly 1 of the partial classes needs to be in a file with the same filename. This is to know the one that can be referenced from ie. GameObjects
'Packages/com.unity.cinemachine/Editor/Editors/CinemachineVirtualCameraBaseEditor.cs' contains partial class of Unity.Object, exactly 1 of the partial classes needs to be in a file with the same filename. This is to know the one that can be referenced from ie. GameObjects
Refreshing native plugins compatible for Editor in 6.31 ms, found 2 plugins.
Native extension for WindowsStandalone target not found
Assembly reference Packages/com.unity.cinemachine/Editor/Samples/ExposeHDRPInternals/HDRP-Editor-ref.asmref has no target assembly definition
[Package Manager] Failed to launch server process. Reason: Unity was launched with the -noUpm command-line argument
[Package Manager] Unable to send message (not connected to server process).
[Package Manager] Cannot connect to Unity Package Manager local server
[Package Manager] Failed to launch server process. Reason: Unity was launched with the -noUpm command-line argument
[Package Manager] Unable to send message (not connected to server process).
[Package Manager] Cannot connect to Unity Package Manager local server
Mono: successfully reloaded assembly
- Finished resetting the current domain, in  1.687 seconds
Domain Reload Profiling: 2567ms
	BeginReloadAssembly (253ms)
		ExecutionOrderSort (0ms)
		DisableScriptedObjects (8ms)
		BackupInstance (0ms)
		ReleaseScriptingObjects (0ms)
		CreateAndSetChildDomain (56ms)
	RebuildCommonClasses (52ms)
	RebuildNativeTypeToScriptingClass (20ms)
	initialDomainReloadingComplete (38ms)
	LoadAllAssembliesAndSetupDomain (515ms)
		LoadAssemblies (486ms)
		RebuildTransferFunctionScriptingTraits (0ms)
		AnalyzeDomain (160ms)
			TypeCache.Refresh (6ms)
				TypeCache.ScanAssembly (0ms)
			BuildScriptInfoCaches (132ms)
			ResolveRequiredComponents (18ms)
	FinalizeReload (1688ms)
		ReleaseScriptCaches (0ms)
		RebuildScriptCaches (0ms)
		SetupLoadedEditorAssemblies (1511ms)
			LogAssemblyErrors (0ms)
			InitializePlatformSupportModulesInManaged (3ms)
			SetLoadedEditorAssemblies (11ms)
			BeforeProcessingInitializeOnLoad (323ms)
			ProcessInitializeOnLoadAttributes (877ms)
			ProcessInitializeOnLoadMethodAttributes (288ms)
			AfterProcessingInitializeOnLoad (9ms)
			EditorAssembliesLoaded (1ms)
		ExecutionOrderSort2 (0ms)
		AwakeInstancesAfterBackupRestoration (14ms)
Shader 'MoreMountains/MMRipple': fallback shader 'Particle/AlphaBlended' not found
Refreshing native plugins compatible for Editor in 5.48 ms, found 2 plugins.
Preloading 0 native plugins for Editor in 0.00 ms.
Unloading 13 Unused Serialized files (Serialized files now loaded: 0)
Unloading 4731 unused Assets / (3.4 MB). Loaded Objects now: 5281.
Memory consumption went from 190.7 MB to 187.3 MB.
Total: 18.367800 ms (FindLiveObjects: 1.059800 ms CreateObjectMapping: 1.539200 ms MarkObjects: 11.706600 ms  DeleteObjects: 4.057500 ms)

Prepare: number of updated asset objects reloaded= 0
========================================================================
Received Import Request.
  Time since last request: 61.901410 seconds.
  path: Assets/CorgiEngine/ThirdParty/MoreMountains/MMFeedbacks/Demos/MMFeedbacksDemo/UI
  artifactKey: Guid(585f841e3dab6f449b01a5aef8fa030b) Importer(815301076,1909f56bfc062723c751e8b465ee728b)
Start importing Assets/CorgiEngine/ThirdParty/MoreMountains/MMFeedbacks/Demos/MMFeedbacksDemo/UI using Guid(585f841e3dab6f449b01a5aef8fa030b) Importer(815301076,1909f56bfc062723c751e8b465ee728b) (PreviewImporter) -> (artifact id: '29a8b23e8c01b59b4f079be6b851002f') in 0.002222 seconds
Number of updated asset objects reloaded before import = 0Number of asset objects unloaded after import = 0

========================================================================
Received Import Request.
  Time since last request: 0.999262 seconds.
  path: Assets/CorgiEngine/ThirdParty/MoreMountains/MMFeedbacks/Demos/MMFeedbacksDemo/TMP
  artifactKey: Guid(1904bf34b020418439c16432581949bb) Importer(815301076,1909f56bfc062723c751e8b465ee728b)
Start importing Assets/CorgiEngine/ThirdParty/MoreMountains/MMFeedbacks/Demos/MMFeedbacksDemo/TMP using Guid(1904bf34b020418439c16432581949bb) Importer(815301076,1909f56bfc062723c751e8b465ee728b) (PreviewImporter) -> (artifact id: 'ae4ca899fe9cdd2dd586713326b28930') in 0.0008513 seconds
Number of updated asset objects reloaded before import = 0Number of asset objects unloaded after import = 0

========================================================================
Received Import Request.
  Time since last request: 0.588236 seconds.
  path: Assets/CorgiEngine/ThirdParty/MoreMountains/MMFeedbacks/Demos/MMFeedbacksDemo/Sounds
  artifactKey: Guid(31b647655fc88c44ca3797080c0b3185) Importer(815301076,1909f56bfc062723c751e8b465ee728b)
Start importing Assets/CorgiEngine/ThirdParty/MoreMountains/MMFeedbacks/Demos/MMFeedbacksDemo/Sounds using Guid(31b647655fc88c44ca3797080c0b3185) Importer(815301076,1909f56bfc062723c751e8b465ee728b) (PreviewImporter) -> (artifact id: '80eea0af40a5660991eddc4acb59964a') in 0.0007419 seconds
Number of updated asset objects reloaded before import = 0Number of asset objects unloaded after import = 0

========================================================================
Received Import Request.
  Time since last request: 0.388435 seconds.
  path: Assets/CorgiEngine/ThirdParty/MoreMountains/MMFeedbacks/Demos/MMFeedbacksDemo/Scripts
  artifactKey: Guid(15301abea4f864d4d9c3b0036b931daf) Importer(815301076,1909f56bfc062723c751e8b465ee728b)
Start importing Assets/CorgiEngine/ThirdParty/MoreMountains/MMFeedbacks/Demos/MMFeedbacksDemo/Scripts using Guid(15301abea4f864d4d9c3b0036b931daf) Importer(815301076,1909f56bfc062723c751e8b465ee728b) (PreviewImporter) -> (artifact id: 'fecc01aa09e93803d98c3233c1f55d66') in 0.0009055 seconds
Number of updated asset objects reloaded before import = 0Number of asset objects unloaded after import = 0

========================================================================
Received Import Request.
  Time since last request: 0.315596 seconds.
  path: Assets/CorgiEngine/ThirdParty/MoreMountains/MMFeedbacks/Demos/MMFeedbacksDemo/Models
  artifactKey: Guid(3c9bf6a4bc0bd204b8c2ae711ed267b1) Importer(815301076,1909f56bfc062723c751e8b465ee728b)
Start importing Assets/CorgiEngine/ThirdParty/MoreMountains/MMFeedbacks/Demos/MMFeedbacksDemo/Models using Guid(3c9bf6a4bc0bd204b8c2ae711ed267b1) Importer(815301076,1909f56bfc062723c751e8b465ee728b) (PreviewImporter) -> (artifact id: 'cb306d3c6f8a057e75c46c30d8bad883') in 0.0007318 seconds
Number of updated asset objects reloaded before import = 0Number of asset objects unloaded after import = 0

========================================================================
Received Import Request.
  Time since last request: 0.774970 seconds.
  path: Assets/CorgiEngine/ThirdParty/MoreMountains/MMFeedbacks/Demos/MMFeedbacksDemo/Prefabs
  artifactKey: Guid(de7f617509b76794ca1f95e8b245c4f3) Importer(815301076,1909f56bfc062723c751e8b465ee728b)
Start importing Assets/CorgiEngine/ThirdParty/MoreMountains/MMFeedbacks/Demos/MMFeedbacksDemo/Prefabs using Guid(de7f617509b76794ca1f95e8b245c4f3) Importer(815301076,1909f56bfc062723c751e8b465ee728b) (PreviewImporter) -> (artifact id: 'ffd8825520178f1e1561813d557ead4c') in 0.0007595 seconds
Number of updated asset objects reloaded before import = 0Number of asset objects unloaded after import = 0

========================================================================
Received Prepare
ETC Legacy compression has been deprecated and will be removed in a future release. You can review compressors in "Project Settings > Editor > Texture Compressors".
Assembly reference Packages/com.unity.cinemachine/Editor/Samples/ExposeHDRPInternals/HDRP-Editor-ref.asmref has no target assembly definition
Assembly reference Packages/com.unity.cinemachine/Editor/Samples/ExposeHDRPInternals/HDRP-Editor-ref.asmref has no target assembly definition
Begin MonoManager ReloadAssembly
[Licensing::Client] Successfully resolved entitlement details
- Loaded All Assemblies, in  0.879 seconds
Assembly reference Packages/com.unity.cinemachine/Editor/Samples/ExposeHDRPInternals/HDRP-Editor-ref.asmref has no target assembly definition
'Packages/com.unity.cinemachine/Editor/Obsolete/CinemachineVirtualCameraBaseEditor.cs' contains partial class of Unity.Object, exactly 1 of the partial classes needs to be in a file with the same filename. This is to know the one that can be referenced from ie. GameObjects
'Packages/com.unity.cinemachine/Editor/Editors/CinemachineVirtualCameraBaseEditor.cs' contains partial class of Unity.Object, exactly 1 of the partial classes needs to be in a file with the same filename. This is to know the one that can be referenced from ie. GameObjects
Refreshing native plugins compatible for Editor in 5.84 ms, found 2 plugins.
Native extension for WindowsStandalone target not found
Assembly reference Packages/com.unity.cinemachine/Editor/Samples/ExposeHDRPInternals/HDRP-Editor-ref.asmref has no target assembly definition
[Package Manager] Failed to launch server process. Reason: Unity was launched with the -noUpm command-line argument
[Package Manager] Unable to send message (not connected to server process).
[Package Manager] Cannot connect to Unity Package Manager local server
[Package Manager] Failed to launch server process. Reason: Unity was launched with the -noUpm command-line argument
[Package Manager] Unable to send message (not connected to server process).
[Package Manager] Cannot connect to Unity Package Manager local server
Mono: successfully reloaded assembly
- Finished resetting the current domain, in  1.326 seconds
Domain Reload Profiling: 2198ms
	BeginReloadAssembly (264ms)
		ExecutionOrderSort (0ms)
		DisableScriptedObjects (8ms)
		BackupInstance (0ms)
		ReleaseScriptingObjects (0ms)
		CreateAndSetChildDomain (58ms)
	RebuildCommonClasses (40ms)
	RebuildNativeTypeToScriptingClass (15ms)
	initialDomainReloadingComplete (34ms)
	LoadAllAssembliesAndSetupDomain (519ms)
		LoadAssemblies (488ms)
		RebuildTransferFunctionScriptingTraits (0ms)
		AnalyzeDomain (167ms)
			TypeCache.Refresh (6ms)
				TypeCache.ScanAssembly (0ms)
			BuildScriptInfoCaches (136ms)
			ResolveRequiredComponents (22ms)
	FinalizeReload (1326ms)
		ReleaseScriptCaches (0ms)
		RebuildScriptCaches (0ms)
		SetupLoadedEditorAssemblies (1164ms)
			LogAssemblyErrors (0ms)
			InitializePlatformSupportModulesInManaged (2ms)
			SetLoadedEditorAssemblies (10ms)
			BeforeProcessingInitializeOnLoad (243ms)
			ProcessInitializeOnLoadAttributes (658ms)
			ProcessInitializeOnLoadMethodAttributes (240ms)
			AfterProcessingInitializeOnLoad (9ms)
			EditorAssembliesLoaded (1ms)
		ExecutionOrderSort2 (0ms)
		AwakeInstancesAfterBackupRestoration (14ms)
Shader 'MoreMountains/MMRipple': fallback shader 'Particle/AlphaBlended' not found
Refreshing native plugins compatible for Editor in 5.29 ms, found 2 plugins.
Preloading 0 native plugins for Editor in 0.00 ms.
Unloading 13 Unused Serialized files (Serialized files now loaded: 0)
Unloading 4731 unused Assets / (3.4 MB). Loaded Objects now: 5281.
Memory consumption went from 190.7 MB to 187.3 MB.
Total: 18.094900 ms (FindLiveObjects: 1.388400 ms CreateObjectMapping: 0.737400 ms MarkObjects: 12.874800 ms  DeleteObjects: 3.091800 ms)

Prepare: number of updated asset objects reloaded= 0
========================================================================
Received Import Request.
  Time since last request: 164.931027 seconds.
  path: Assets/CorgiEngine/Demos/Corgi2D/Mesa1.unity
  artifactKey: Guid(3255dcacf4a25fc4c8070322156f10cd) Importer(815301076,1909f56bfc062723c751e8b465ee728b)
Start importing Assets/CorgiEngine/Demos/Corgi2D/Mesa1.unity using Guid(3255dcacf4a25fc4c8070322156f10cd) Importer(815301076,1909f56bfc062723c751e8b465ee728b) (PreviewImporter) -> (artifact id: '03464c655d4f3735335d8c1bdf727aa6') in 0.0023803 seconds
Number of updated asset objects reloaded before import = 0Number of asset objects unloaded after import = 0

========================================================================
Received Prepare
ETC Legacy compression has been deprecated and will be removed in a future release. You can review compressors in "Project Settings > Editor > Texture Compressors".
Assembly reference Packages/com.unity.cinemachine/Editor/Samples/ExposeHDRPInternals/HDRP-Editor-ref.asmref has no target assembly definition
Assembly reference Packages/com.unity.cinemachine/Editor/Samples/ExposeHDRPInternals/HDRP-Editor-ref.asmref has no target assembly definition
Begin MonoManager ReloadAssembly
- Loaded All Assemblies, in  0.856 seconds
Assembly reference Packages/com.unity.cinemachine/Editor/Samples/ExposeHDRPInternals/HDRP-Editor-ref.asmref has no target assembly definition
'Packages/com.unity.cinemachine/Editor/Obsolete/CinemachineVirtualCameraBaseEditor.cs' contains partial class of Unity.Object, exactly 1 of the partial classes needs to be in a file with the same filename. This is to know the one that can be referenced from ie. GameObjects
'Packages/com.unity.cinemachine/Editor/Editors/CinemachineVirtualCameraBaseEditor.cs' contains partial class of Unity.Object, exactly 1 of the partial classes needs to be in a file with the same filename. This is to know the one that can be referenced from ie. GameObjects
Refreshing native plugins compatible for Editor in 5.53 ms, found 2 plugins.
Native extension for WindowsStandalone target not found
Assembly reference Packages/com.unity.cinemachine/Editor/Samples/ExposeHDRPInternals/HDRP-Editor-ref.asmref has no target assembly definition
[Package Manager] Failed to launch server process. Reason: Unity was launched with the -noUpm command-line argument
[Package Manager] Unable to send message (not connected to server process).
[Package Manager] Cannot connect to Unity Package Manager local server
[Package Manager] Failed to launch server process. Reason: Unity was launched with the -noUpm command-line argument
[Package Manager] Unable to send message (not connected to server process).
[Package Manager] Cannot connect to Unity Package Manager local server
Mono: successfully reloaded assembly
- Finished resetting the current domain, in  1.424 seconds
Domain Reload Profiling: 2275ms
	BeginReloadAssembly (246ms)
		ExecutionOrderSort (0ms)
		DisableScriptedObjects (7ms)
		BackupInstance (0ms)
		ReleaseScriptingObjects (0ms)
		CreateAndSetChildDomain (53ms)
	RebuildCommonClasses (41ms)
	RebuildNativeTypeToScriptingClass (14ms)
	initialDomainReloadingComplete (32ms)
	LoadAllAssembliesAndSetupDomain (517ms)
		LoadAssemblies (483ms)
		RebuildTransferFunctionScriptingTraits (0ms)
		AnalyzeDomain (166ms)
			TypeCache.Refresh (7ms)
				TypeCache.ScanAssembly (0ms)
			BuildScriptInfoCaches (139ms)
			ResolveRequiredComponents (16ms)
	FinalizeReload (1425ms)
		ReleaseScriptCaches (0ms)
		RebuildScriptCaches (0ms)
		SetupLoadedEditorAssemblies (1261ms)
			LogAssemblyErrors (0ms)
			InitializePlatformSupportModulesInManaged (2ms)
			SetLoadedEditorAssemblies (9ms)
			BeforeProcessingInitializeOnLoad (266ms)
			ProcessInitializeOnLoadAttributes (743ms)
			ProcessInitializeOnLoadMethodAttributes (228ms)
			AfterProcessingInitializeOnLoad (12ms)
			EditorAssembliesLoaded (1ms)
		ExecutionOrderSort2 (0ms)
		AwakeInstancesAfterBackupRestoration (17ms)
Shader 'MoreMountains/MMRipple': fallback shader 'Particle/AlphaBlended' not found
Refreshing native plugins compatible for Editor in 9.42 ms, found 2 plugins.
Preloading 0 native plugins for Editor in 0.00 ms.
Unloading 13 Unused Serialized files (Serialized files now loaded: 0)
Unloading 4731 unused Assets / (3.4 MB). Loaded Objects now: 5281.
Memory consumption went from 190.7 MB to 187.3 MB.
Total: 17.650100 ms (FindLiveObjects: 0.959400 ms CreateObjectMapping: 0.924500 ms MarkObjects: 13.320900 ms  DeleteObjects: 2.442900 ms)

Prepare: number of updated asset objects reloaded= 0
========================================================================
Received Import Request.
  Time since last request: 31.452174 seconds.
  path: Assets/CorgiEngine/Demos/Corgi2D/Mesa2.unity
  artifactKey: Guid(808661879b505b84ca4f4d679b486cd5) Importer(815301076,1909f56bfc062723c751e8b465ee728b)
Start importing Assets/CorgiEngine/Demos/Corgi2D/Mesa2.unity using Guid(808661879b505b84ca4f4d679b486cd5) Importer(815301076,1909f56bfc062723c751e8b465ee728b) (PreviewImporter) -> (artifact id: '19409aaa6aded3cefd12038ca715a506') in 0.0021897 seconds
Number of updated asset objects reloaded before import = 0Number of asset objects unloaded after import = 0

========================================================================
Received Import Request.
  Time since last request: 0.387441 seconds.
  path: Assets/CorgiEngine/Demos/Corgi2D/Mountains.unity
  artifactKey: Guid(95d196af875ba35478432a81627a3084) Importer(815301076,1909f56bfc062723c751e8b465ee728b)
Start importing Assets/CorgiEngine/Demos/Corgi2D/Mountains.unity using Guid(95d196af875ba35478432a81627a3084) Importer(815301076,1909f56bfc062723c751e8b465ee728b) (PreviewImporter) -> (artifact id: '58156f53b63886cda20738d1821daa7a') in 0.0011295 seconds
Number of updated asset objects reloaded before import = 0Number of asset objects unloaded after import = 0

========================================================================
Received Import Request.
  Time since last request: 2.790843 seconds.
  path: Assets/CorgiEngine/Demos/Corgi2D/Sandbox.unity
  artifactKey: Guid(834d2ad12a39c48bba0d203a2d9de965) Importer(815301076,1909f56bfc062723c751e8b465ee728b)
Start importing Assets/CorgiEngine/Demos/Corgi2D/Sandbox.unity using Guid(834d2ad12a39c48bba0d203a2d9de965) Importer(815301076,1909f56bfc062723c751e8b465ee728b) (PreviewImporter) -> (artifact id: '9e3a7406c6bd7b3d9ad6a3526e59c336') in 0.0007422 seconds
Number of updated asset objects reloaded before import = 0Number of asset objects unloaded after import = 0

========================================================================
Received Prepare
ETC Legacy compression has been deprecated and will be removed in a future release. You can review compressors in "Project Settings > Editor > Texture Compressors".
Assembly reference Packages/com.unity.cinemachine/Editor/Samples/ExposeHDRPInternals/HDRP-Editor-ref.asmref has no target assembly definition
Assembly reference Packages/com.unity.cinemachine/Editor/Samples/ExposeHDRPInternals/HDRP-Editor-ref.asmref has no target assembly definition
Begin MonoManager ReloadAssembly
[Licensing::Client] Successfully resolved entitlement details
- Loaded All Assemblies, in  0.861 seconds
Assembly reference Packages/com.unity.cinemachine/Editor/Samples/ExposeHDRPInternals/HDRP-Editor-ref.asmref has no target assembly definition
'Packages/com.unity.cinemachine/Editor/Obsolete/CinemachineVirtualCameraBaseEditor.cs' contains partial class of Unity.Object, exactly 1 of the partial classes needs to be in a file with the same filename. This is to know the one that can be referenced from ie. GameObjects
'Packages/com.unity.cinemachine/Editor/Editors/CinemachineVirtualCameraBaseEditor.cs' contains partial class of Unity.Object, exactly 1 of the partial classes needs to be in a file with the same filename. This is to know the one that can be referenced from ie. GameObjects
Refreshing native plugins compatible for Editor in 9.93 ms, found 2 plugins.
Native extension for WindowsStandalone target not found
Assembly reference Packages/com.unity.cinemachine/Editor/Samples/ExposeHDRPInternals/HDRP-Editor-ref.asmref has no target assembly definition
[Package Manager] Failed to launch server process. Reason: Unity was launched with the -noUpm command-line argument
[Package Manager] Unable to send message (not connected to server process).
[Package Manager] Cannot connect to Unity Package Manager local server
[Package Manager] Failed to launch server process. Reason: Unity was launched with the -noUpm command-line argument
[Package Manager] Unable to send message (not connected to server process).
[Package Manager] Cannot connect to Unity Package Manager local server
Mono: successfully reloaded assembly
- Finished resetting the current domain, in  1.463 seconds
Domain Reload Profiling: 2322ms
	BeginReloadAssembly (254ms)
		ExecutionOrderSort (0ms)
		DisableScriptedObjects (8ms)
		BackupInstance (0ms)
		ReleaseScriptingObjects (0ms)
		CreateAndSetChildDomain (54ms)
	RebuildCommonClasses (44ms)
	RebuildNativeTypeToScriptingClass (14ms)
	initialDomainReloadingComplete (35ms)
	LoadAllAssembliesAndSetupDomain (511ms)
		LoadAssemblies (477ms)
		RebuildTransferFunctionScriptingTraits (0ms)
		AnalyzeDomain (168ms)
			TypeCache.Refresh (5ms)
				TypeCache.ScanAssembly (0ms)
			BuildScriptInfoCaches (143ms)
			ResolveRequiredComponents (15ms)
	FinalizeReload (1464ms)
		ReleaseScriptCaches (0ms)
		RebuildScriptCaches (0ms)
		SetupLoadedEditorAssemblies (1266ms)
			LogAssemblyErrors (0ms)
			InitializePlatformSupportModulesInManaged (4ms)
			SetLoadedEditorAssemblies (12ms)
			BeforeProcessingInitializeOnLoad (271ms)
			ProcessInitializeOnLoadAttributes (730ms)
			ProcessInitializeOnLoadMethodAttributes (238ms)
			AfterProcessingInitializeOnLoad (10ms)
			EditorAssembliesLoaded (1ms)
		ExecutionOrderSort2 (0ms)
		AwakeInstancesAfterBackupRestoration (19ms)
Shader 'MoreMountains/MMRipple': fallback shader 'Particle/AlphaBlended' not found
Refreshing native plugins compatible for Editor in 7.16 ms, found 2 plugins.
Preloading 0 native plugins for Editor in 0.00 ms.
Unloading 13 Unused Serialized files (Serialized files now loaded: 0)
Unloading 4731 unused Assets / (3.4 MB). Loaded Objects now: 5281.
Memory consumption went from 190.7 MB to 187.3 MB.
Total: 15.547300 ms (FindLiveObjects: 0.636400 ms CreateObjectMapping: 0.349100 ms MarkObjects: 12.276800 ms  DeleteObjects: 2.283200 ms)

Prepare: number of updated asset objects reloaded= 0
========================================================================
Received Import Request.
  Time since last request: 60.766036 seconds.
  path: Assets/CorgiEngine/Demos/Brobro/BrobroLevel.unity
  artifactKey: Guid(a4b03f0bea3ef6444819e45677eee09f) Importer(815301076,1909f56bfc062723c751e8b465ee728b)
Start importing Assets/CorgiEngine/Demos/Brobro/BrobroLevel.unity using Guid(a4b03f0bea3ef6444819e45677eee09f) Importer(815301076,1909f56bfc062723c751e8b465ee728b) (PreviewImporter) -> (artifact id: '6e905290e2e5785c6f043980d9105bde') in 0.0021478 seconds
Number of updated asset objects reloaded before import = 0Number of asset objects unloaded after import = 0

========================================================================
Received Prepare
ETC Legacy compression has been deprecated and will be removed in a future release. You can review compressors in "Project Settings > Editor > Texture Compressors".
Assembly reference Packages/com.unity.cinemachine/Editor/Samples/ExposeHDRPInternals/HDRP-Editor-ref.asmref has no target assembly definition
Assembly reference Packages/com.unity.cinemachine/Editor/Samples/ExposeHDRPInternals/HDRP-Editor-ref.asmref has no target assembly definition
Begin MonoManager ReloadAssembly
[Licensing::Client] Successfully resolved entitlement details
- Loaded All Assemblies, in  0.849 seconds
Assembly reference Packages/com.unity.cinemachine/Editor/Samples/ExposeHDRPInternals/HDRP-Editor-ref.asmref has no target assembly definition
'Packages/com.unity.cinemachine/Editor/Obsolete/CinemachineVirtualCameraBaseEditor.cs' contains partial class of Unity.Object, exactly 1 of the partial classes needs to be in a file with the same filename. This is to know the one that can be referenced from ie. GameObjects
'Packages/com.unity.cinemachine/Editor/Editors/CinemachineVirtualCameraBaseEditor.cs' contains partial class of Unity.Object, exactly 1 of the partial classes needs to be in a file with the same filename. This is to know the one that can be referenced from ie. GameObjects
Refreshing native plugins compatible for Editor in 5.81 ms, found 2 plugins.
Native extension for WindowsStandalone target not found
Assembly reference Packages/com.unity.cinemachine/Editor/Samples/ExposeHDRPInternals/HDRP-Editor-ref.asmref has no target assembly definition
[Package Manager] Failed to launch server process. Reason: Unity was launched with the -noUpm command-line argument
[Package Manager] Unable to send message (not connected to server process).
[Package Manager] Cannot connect to Unity Package Manager local server
[Package Manager] Failed to launch server process. Reason: Unity was launched with the -noUpm command-line argument
[Package Manager] Unable to send message (not connected to server process).
[Package Manager] Cannot connect to Unity Package Manager local server
Mono: successfully reloaded assembly
- Finished resetting the current domain, in  1.364 seconds
Domain Reload Profiling: 2210ms
	BeginReloadAssembly (251ms)
		ExecutionOrderSort (0ms)
		DisableScriptedObjects (8ms)
		BackupInstance (0ms)
		ReleaseScriptingObjects (0ms)
		CreateAndSetChildDomain (54ms)
	RebuildCommonClasses (41ms)
	RebuildNativeTypeToScriptingClass (15ms)
	initialDomainReloadingComplete (36ms)
	LoadAllAssembliesAndSetupDomain (503ms)
		LoadAssemblies (471ms)
		RebuildTransferFunctionScriptingTraits (0ms)
		AnalyzeDomain (164ms)
			TypeCache.Refresh (5ms)
				TypeCache.ScanAssembly (0ms)
			BuildScriptInfoCaches (140ms)
			ResolveRequiredComponents (16ms)
	FinalizeReload (1364ms)
		ReleaseScriptCaches (0ms)
		RebuildScriptCaches (0ms)
		SetupLoadedEditorAssemblies (1201ms)
			LogAssemblyErrors (0ms)
			InitializePlatformSupportModulesInManaged (2ms)
			SetLoadedEditorAssemblies (9ms)
			BeforeProcessingInitializeOnLoad (249ms)
			ProcessInitializeOnLoadAttributes (663ms)
			ProcessInitializeOnLoadMethodAttributes (269ms)
			AfterProcessingInitializeOnLoad (9ms)
			EditorAssembliesLoaded (1ms)
		ExecutionOrderSort2 (0ms)
		AwakeInstancesAfterBackupRestoration (17ms)
Shader 'MoreMountains/MMRipple': fallback shader 'Particle/AlphaBlended' not found
Refreshing native plugins compatible for Editor in 7.11 ms, found 2 plugins.
Preloading 0 native plugins for Editor in 0.00 ms.
Unloading 13 Unused Serialized files (Serialized files now loaded: 0)
Unloading 4731 unused Assets / (3.2 MB). Loaded Objects now: 5281.
Memory consumption went from 190.7 MB to 187.4 MB.
Total: 19.572000 ms (FindLiveObjects: 0.852500 ms CreateObjectMapping: 0.608000 ms MarkObjects: 14.583800 ms  DeleteObjects: 3.524500 ms)

Prepare: number of updated asset objects reloaded= 0
========================================================================
Received Import Request.
  Time since last request: 45.730408 seconds.
  path: Assets/CorgiEngine/Demos/Brobro/Prefabs/PlayableCharacters
  artifactKey: Guid(f3a695782f5effb49bd04bf5a53f3da8) Importer(815301076,1909f56bfc062723c751e8b465ee728b)
Start importing Assets/CorgiEngine/Demos/Brobro/Prefabs/PlayableCharacters using Guid(f3a695782f5effb49bd04bf5a53f3da8) Importer(815301076,1909f56bfc062723c751e8b465ee728b) (PreviewImporter) -> (artifact id: '2414faf5ffe497d0a6f53ae942617180') in 0.0021273 seconds
Number of updated asset objects reloaded before import = 0Number of asset objects unloaded after import = 0

========================================================================
Received Import Request.
  Time since last request: 2.026153 seconds.
  path: Assets/CorgiEngine/Demos/Brobro/Prefabs/PlayableCharacters/spine-brobro.prefab
  artifactKey: Guid(88f32f51e1fe76f458a36ab54990f43f) Importer(815301076,1909f56bfc062723c751e8b465ee728b)
Start importing Assets/CorgiEngine/Demos/Brobro/Prefabs/PlayableCharacters/spine-brobro.prefab using Guid(88f32f51e1fe76f458a36ab54990f43f) Importer(815301076,1909f56bfc062723c751e8b465ee728b) (PreviewImporter) -> (artifact id: '0d4f8f5d74b4157a89a4c55329778138') in 0.5542471 seconds
Number of updated asset objects reloaded before import = 0Number of asset objects unloaded after import = 308

========================================================================
Received Import Request.
  Time since last request: 30.669860 seconds.
  path: Assets/CorgiEngine/Demos/Corgi2D/Spine/NativeSpineCorgi/NativeSpineCorgi.prefab
  artifactKey: Guid(c4256b5a51e09e34c8bf579159e944bc) Importer(815301076,1909f56bfc062723c751e8b465ee728b)
Start importing Assets/CorgiEngine/Demos/Corgi2D/Spine/NativeSpineCorgi/NativeSpineCorgi.prefab using Guid(c4256b5a51e09e34c8bf579159e944bc) Importer(815301076,1909f56bfc062723c751e8b465ee728b) (PreviewImporter) -> (artifact id: 'f8650648dc3fe8f6782e9c465a9f106d') in 0.0030843 seconds
Number of updated asset objects reloaded before import = 0Number of asset objects unloaded after import = 25

========================================================================
Received Import Request.
  Time since last request: 21.435252 seconds.
  path: Assets/CorgiEngine/Demos/Pixel/Prefabs
  artifactKey: Guid(cba6836a90e438748bbce85b287ec1dc) Importer(815301076,1909f56bfc062723c751e8b465ee728b)
Start importing Assets/CorgiEngine/Demos/Pixel/Prefabs using Guid(cba6836a90e438748bbce85b287ec1dc) Importer(815301076,1909f56bfc062723c751e8b465ee728b) (PreviewImporter) -> (artifact id: '6e5aec62795ef8b2787e2a67527a7ba5') in 0.0007475 seconds
Number of updated asset objects reloaded before import = 0Number of asset objects unloaded after import = 0

========================================================================
Received Import Request.
  Time since last request: 0.657049 seconds.
  path: Assets/CorgiEngine/Demos/Pixel/Prefabs/Backgrounds
  artifactKey: Guid(1d1eb316bd575484ca0839d64e6843eb) Importer(815301076,1909f56bfc062723c751e8b465ee728b)
Start importing Assets/CorgiEngine/Demos/Pixel/Prefabs/Backgrounds using Guid(1d1eb316bd575484ca0839d64e6843eb) Importer(815301076,1909f56bfc062723c751e8b465ee728b) (PreviewImporter) -> (artifact id: 'b7f38ebaa4e1d3a3ebb4892caf36f97e') in 0.0007428 seconds
Number of updated asset objects reloaded before import = 0Number of asset objects unloaded after import = 0

========================================================================
Received Import Request.
  Time since last request: 3.253526 seconds.
  path: Assets/CorgiEngine/Demos/Pixel/Prefabs/PlayableCharacters/PixelCorgi.prefab
  artifactKey: Guid(8e7c25495511d0b40b8adbfe48ffc1da) Importer(815301076,1909f56bfc062723c751e8b465ee728b)
Start importing Assets/CorgiEngine/Demos/Pixel/Prefabs/PlayableCharacters/PixelCorgi.prefab using Guid(8e7c25495511d0b40b8adbfe48ffc1da) Importer(815301076,1909f56bfc062723c751e8b465ee728b) (PreviewImporter) -> (artifact id: '51d4757ef0820b066f52dae42dea2822') in 0.0299455 seconds
Number of updated asset objects reloaded before import = 0Number of asset objects unloaded after import = 42

========================================================================
Received Import Request.
  Time since last request: 8.742878 seconds.
  path: Assets/CorgiEngine/Demos/Corgi2D/Materials/Sprites
  artifactKey: Guid(7e888b27b1f6140438bd7db7bfb83d73) Importer(815301076,1909f56bfc062723c751e8b465ee728b)
Start importing Assets/CorgiEngine/Demos/Corgi2D/Materials/Sprites using Guid(7e888b27b1f6140438bd7db7bfb83d73) Importer(815301076,1909f56bfc062723c751e8b465ee728b) (PreviewImporter) -> (artifact id: '37b61f357c1772153404cc9c4f261d0c') in 0.0007683 seconds
Number of updated asset objects reloaded before import = 0Number of asset objects unloaded after import = 0

========================================================================
Received Import Request.
  Time since last request: 7.781568 seconds.
  path: Assets/CorgiEngine/Demos/Corgi3D/Animations
  artifactKey: Guid(12b1e9bb165f3354bb119aeeed50249c) Importer(815301076,1909f56bfc062723c751e8b465ee728b)
Start importing Assets/CorgiEngine/Demos/Corgi3D/Animations using Guid(12b1e9bb165f3354bb119aeeed50249c) Importer(815301076,1909f56bfc062723c751e8b465ee728b) (PreviewImporter) -> (artifact id: '50829e09b7d66b67931a9b358226f835') in 0.0007057 seconds
Number of updated asset objects reloaded before import = 0Number of asset objects unloaded after import = 0

========================================================================
Received Import Request.
  Time since last request: 4.697164 seconds.
  path: Assets/CorgiEngine/Demos/Corgi3D/Prefabs/Camera
  artifactKey: Guid(0d55e699b59221f4081932579a054b03) Importer(815301076,1909f56bfc062723c751e8b465ee728b)
Start importing Assets/CorgiEngine/Demos/Corgi3D/Prefabs/Camera using Guid(0d55e699b59221f4081932579a054b03) Importer(815301076,1909f56bfc062723c751e8b465ee728b) (PreviewImporter) -> (artifact id: 'e92f847a1222aee8eb23147e0264e76f') in 0.0007443 seconds
Number of updated asset objects reloaded before import = 0Number of asset objects unloaded after import = 0

========================================================================
Received Import Request.
  Time since last request: 20.776243 seconds.
  path: Assets/CorgiEngine/Demos/Corgi2D/Prefabs/AI/Urchin.prefab
  artifactKey: Guid(78aeeb23eda41404dbd56028e99e41df) Importer(815301076,1909f56bfc062723c751e8b465ee728b)
Start importing Assets/CorgiEngine/Demos/Corgi2D/Prefabs/AI/Urchin.prefab using Guid(78aeeb23eda41404dbd56028e99e41df) Importer(815301076,1909f56bfc062723c751e8b465ee728b) (PreviewImporter) -> (artifact id: 'ea491a2ab7fa256fbe729875b8372811') in 0.0664518 seconds
Number of updated asset objects reloaded before import = 0Number of asset objects unloaded after import = 51

========================================================================
Received Import Request.
  Time since last request: 0.793001 seconds.
  path: Assets/CorgiEngine/Demos/Corgi2D/Prefabs/AI/redRobot.prefab
  artifactKey: Guid(feff6a48d2d874e068b6a14047e18b8f) Importer(815301076,1909f56bfc062723c751e8b465ee728b)
Start importing Assets/CorgiEngine/Demos/Corgi2D/Prefabs/AI/redRobot.prefab using Guid(feff6a48d2d874e068b6a14047e18b8f) Importer(815301076,1909f56bfc062723c751e8b465ee728b) (PreviewImporter) -> (artifact id: '318352755672692f388a2d888edfb22b') in 0.037317 seconds
Number of updated asset objects reloaded before import = 0Number of asset objects unloaded after import = 142

========================================================================
Received Import Request.
  Time since last request: 0.529294 seconds.
  path: Assets/CorgiEngine/Demos/Corgi2D/Prefabs/AI/RocketCannon.prefab
  artifactKey: Guid(da370bf868a1b734595cd08d9179ff46) Importer(815301076,1909f56bfc062723c751e8b465ee728b)
Start importing Assets/CorgiEngine/Demos/Corgi2D/Prefabs/AI/RocketCannon.prefab using Guid(da370bf868a1b734595cd08d9179ff46) Importer(815301076,1909f56bfc062723c751e8b465ee728b) (PreviewImporter) -> (artifact id: '111ba11d426e87161d0c3d65444067b3') in 0.0280104 seconds
Number of updated asset objects reloaded before import = 0Number of asset objects unloaded after import = 50

========================================================================
Received Import Request.
  Time since last request: 6.857951 seconds.
  path: Assets/CorgiEngine/Demos/Corgi2D/Prefabs/AI/cannonball.prefab
  artifactKey: Guid(0da0abbc9e332044a809dbc71f260ec3) Importer(815301076,1909f56bfc062723c751e8b465ee728b)
Start importing Assets/CorgiEngine/Demos/Corgi2D/Prefabs/AI/cannonball.prefab using Guid(0da0abbc9e332044a809dbc71f260ec3) Importer(815301076,1909f56bfc062723c751e8b465ee728b) (PreviewImporter) -> (artifact id: 'b101fe8493a12612c4042744e2b01346') in 0.0283782 seconds
Number of updated asset objects reloaded before import = 0Number of asset objects unloaded after import = 32

========================================================================
Received Import Request.
  Time since last request: 1.670471 seconds.
  path: Assets/CorgiEngine/Demos/Corgi2D/Materials/rocketTrailParticle.mat
  artifactKey: Guid(92ea5a659fea395419edd8c36ad72a81) Importer(815301076,1909f56bfc062723c751e8b465ee728b)
Start importing Assets/CorgiEngine/Demos/Corgi2D/Materials/rocketTrailParticle.mat using Guid(92ea5a659fea395419edd8c36ad72a81) Importer(815301076,1909f56bfc062723c751e8b465ee728b) (PreviewImporter) -> (artifact id: 'f4707a31807737675325ae24c6f78307') in 0.0377242 seconds
Number of updated asset objects reloaded before import = 0Number of asset objects unloaded after import = 2

========================================================================
Received Import Request.
  Time since last request: 3.899266 seconds.
  path: Assets/CorgiEngine/Demos/Corgi2D/Prefabs/AI/Dude.prefab
  artifactKey: Guid(edacd33104df0ed4594ada3cb00e1b81) Importer(815301076,1909f56bfc062723c751e8b465ee728b)
Start importing Assets/CorgiEngine/Demos/Corgi2D/Prefabs/AI/Dude.prefab using Guid(edacd33104df0ed4594ada3cb00e1b81) Importer(815301076,1909f56bfc062723c751e8b465ee728b) (PreviewImporter) -> (artifact id: '204d041c042970eef55375e682ec55d7') in 0.0801099 seconds
Number of updated asset objects reloaded before import = 0Number of asset objects unloaded after import = 182

========================================================================
Received Import Request.
  Time since last request: 0.680012 seconds.
  path: Assets/CorgiEngine/Demos/Corgi2D/Prefabs/AI/Follower.prefab
  artifactKey: Guid(34f50a765016c44179b477d8569d0a01) Importer(815301076,1909f56bfc062723c751e8b465ee728b)
Start importing Assets/CorgiEngine/Demos/Corgi2D/Prefabs/AI/Follower.prefab using Guid(34f50a765016c44179b477d8569d0a01) Importer(815301076,1909f56bfc062723c751e8b465ee728b) (PreviewImporter) -> (artifact id: '5db8d5b7f7ad85a1e5b2b0b9cf892d8f') in 0.2297172 seconds
Number of updated asset objects reloaded before import = 0Number of asset objects unloaded after import = 380

========================================================================
Received Import Request.
  Time since last request: 1.611185 seconds.
  path: Assets/CorgiEngine/Demos/Corgi2D/Prefabs/AI/Cactus.prefab
  artifactKey: Guid(b01a8d422a17dc047a8f007bb674979a) Importer(815301076,1909f56bfc062723c751e8b465ee728b)
Start importing Assets/CorgiEngine/Demos/Corgi2D/Prefabs/AI/Cactus.prefab using Guid(b01a8d422a17dc047a8f007bb674979a) Importer(815301076,1909f56bfc062723c751e8b465ee728b) (PreviewImporter) -> (artifact id: '4819a737be4b8f54b355e81cb634ac54') in 0.0339525 seconds
Number of updated asset objects reloaded before import = 0Number of asset objects unloaded after import = 53

========================================================================
Received Import Request.
  Time since last request: 0.438880 seconds.
  path: Assets/CorgiEngine/Demos/Corgi2D/Prefabs/AI/Buzzsaw.prefab
  artifactKey: Guid(a4e78d0d5b055a04c9a5c512d429f3ca) Importer(815301076,1909f56bfc062723c751e8b465ee728b)
Start importing Assets/CorgiEngine/Demos/Corgi2D/Prefabs/AI/Buzzsaw.prefab using Guid(a4e78d0d5b055a04c9a5c512d429f3ca) Importer(815301076,1909f56bfc062723c751e8b465ee728b) (PreviewImporter) -> (artifact id: '161812c7015f53b6cb62955b92a204be') in 0.0261579 seconds
Number of updated asset objects reloaded before import = 0Number of asset objects unloaded after import = 14

========================================================================
Received Import Request.
  Time since last request: 0.461875 seconds.
  path: Assets/CorgiEngine/Demos/Corgi2D/Prefabs/AI/Blob.prefab
  artifactKey: Guid(c6b842a3a5db1ca4cb374190a26ca86d) Importer(815301076,1909f56bfc062723c751e8b465ee728b)
Start importing Assets/CorgiEngine/Demos/Corgi2D/Prefabs/AI/Blob.prefab using Guid(c6b842a3a5db1ca4cb374190a26ca86d) Importer(815301076,1909f56bfc062723c751e8b465ee728b) (PreviewImporter) -> (artifact id: 'f839e1048f2c9be8bcc77ec342ca4791') in 0.05621 seconds
Number of updated asset objects reloaded before import = 0Number of asset objects unloaded after import = 100

========================================================================
Received Import Request.
  Time since last request: 18.904676 seconds.
  path: Assets/CorgiEngine/ThirdParty/MoreMountains
  artifactKey: Guid(2efb2349a3e918440a0cf5d6f41e083c) Importer(815301076,1909f56bfc062723c751e8b465ee728b)
Start importing Assets/CorgiEngine/ThirdParty/MoreMountains using Guid(2efb2349a3e918440a0cf5d6f41e083c) Importer(815301076,1909f56bfc062723c751e8b465ee728b) (PreviewImporter) -> (artifact id: 'a6ec7a08261e76af8e506f663e211174') in 0.0007113 seconds
Number of updated asset objects reloaded before import = 0Number of asset objects unloaded after import = 0

========================================================================
Received Import Request.
  Time since last request: 0.722367 seconds.
  path: Assets/CorgiEngine/ThirdParty/MoreMountains/InventoryEngine
  artifactKey: Guid(384ae8600506d7b4ca5a3a57b72ce284) Importer(815301076,1909f56bfc062723c751e8b465ee728b)
Start importing Assets/CorgiEngine/ThirdParty/MoreMountains/InventoryEngine using Guid(384ae8600506d7b4ca5a3a57b72ce284) Importer(815301076,1909f56bfc062723c751e8b465ee728b) (PreviewImporter) -> (artifact id: '1c335bd0d77b8d78e6271d61c6850374') in 0.0007036 seconds
Number of updated asset objects reloaded before import = 0Number of asset objects unloaded after import = 0

========================================================================
Received Import Request.
  Time since last request: 1.176276 seconds.
  path: Assets/CorgiEngine/ThirdParty/MoreMountains/InventoryEngine/Demos
  artifactKey: Guid(787c37992c0f0f64aa0f01e38ef0c559) Importer(815301076,1909f56bfc062723c751e8b465ee728b)
Start importing Assets/CorgiEngine/ThirdParty/MoreMountains/InventoryEngine/Demos using Guid(787c37992c0f0f64aa0f01e38ef0c559) Importer(815301076,1909f56bfc062723c751e8b465ee728b) (PreviewImporter) -> (artifact id: 'f24e5f6035028508fdcb8ee41dab47ef') in 0.0008286 seconds
Number of updated asset objects reloaded before import = 0Number of asset objects unloaded after import = 0

========================================================================
Received Import Request.
  Time since last request: 2.796272 seconds.
  path: Assets/CorgiEngine/ThirdParty/MoreMountains/InventoryEngine/Demos/PixelRogue/Prefabs
  artifactKey: Guid(25b899e25c9cdf840a2e8e0342eb3eee) Importer(815301076,1909f56bfc062723c751e8b465ee728b)
Start importing Assets/CorgiEngine/ThirdParty/MoreMountains/InventoryEngine/Demos/PixelRogue/Prefabs using Guid(25b899e25c9cdf840a2e8e0342eb3eee) Importer(815301076,1909f56bfc062723c751e8b465ee728b) (PreviewImporter) -> (artifact id: '1a3f1718aceeac0c9a8db5f405cbd237') in 0.0008212 seconds
Number of updated asset objects reloaded before import = 0Number of asset objects unloaded after import = 0

========================================================================
Received Import Request.
  Time since last request: 0.861642 seconds.
  path: Assets/CorgiEngine/ThirdParty/MoreMountains/InventoryEngine/Demos/PixelRogue/Prefabs/Adventurer.prefab
  artifactKey: Guid(0ca555e6f01353f409523346d86ea89f) Importer(815301076,1909f56bfc062723c751e8b465ee728b)
Start importing Assets/CorgiEngine/ThirdParty/MoreMountains/InventoryEngine/Demos/PixelRogue/Prefabs/Adventurer.prefab using Guid(0ca555e6f01353f409523346d86ea89f) Importer(815301076,1909f56bfc062723c751e8b465ee728b) (PreviewImporter) -> (artifact id: '88203352f60a6cfa11207f668ba38af9') in 0.0258916 seconds
Number of updated asset objects reloaded before import = 0Number of asset objects unloaded after import = 45

========================================================================
Received Import Request.
  Time since last request: 0.873046 seconds.
  path: Assets/CorgiEngine/ThirdParty/MoreMountains/InventoryEngine/Demos/PixelRogue/Prefabs/Ball.prefab
  artifactKey: Guid(d0be3cdff86e26d4b81f269cbdc171e7) Importer(815301076,1909f56bfc062723c751e8b465ee728b)
Start importing Assets/CorgiEngine/ThirdParty/MoreMountains/InventoryEngine/Demos/PixelRogue/Prefabs/Ball.prefab using Guid(d0be3cdff86e26d4b81f269cbdc171e7) Importer(815301076,1909f56bfc062723c751e8b465ee728b) (PreviewImporter) -> (artifact id: 'd11c09c2aa17602d4fbce01f27ff5065') in 0.0226533 seconds
Number of updated asset objects reloaded before import = 0Number of asset objects unloaded after import = 11

========================================================================
Received Import Request.
  Time since last request: 0.427027 seconds.
  path: Assets/CorgiEngine/ThirdParty/MoreMountains/InventoryEngine/Demos/PixelRogue/Prefabs/Slot.prefab
  artifactKey: Guid(553acb8dc3662f04093dfc2d43de4e35) Importer(815301076,1909f56bfc062723c751e8b465ee728b)
Start importing Assets/CorgiEngine/ThirdParty/MoreMountains/InventoryEngine/Demos/PixelRogue/Prefabs/Slot.prefab using Guid(553acb8dc3662f04093dfc2d43de4e35) Importer(815301076,1909f56bfc062723c751e8b465ee728b) (PreviewImporter) -> (artifact id: 'f15bb005e98ac7c48ee6303a170a8088') in 0.0053894 seconds
Number of updated asset objects reloaded before import = 0Number of asset objects unloaded after import = 23

========================================================================
Received Import Request.
  Time since last request: 0.464363 seconds.
  path: Assets/CorgiEngine/ThirdParty/MoreMountains/InventoryEngine/Demos/PixelRogue/Prefabs/SlotIcon.prefab
  artifactKey: Guid(cf30da65deefe8c48944f48d564d031a) Importer(815301076,1909f56bfc062723c751e8b465ee728b)
Start importing Assets/CorgiEngine/ThirdParty/MoreMountains/InventoryEngine/Demos/PixelRogue/Prefabs/SlotIcon.prefab using Guid(cf30da65deefe8c48944f48d564d031a) Importer(815301076,1909f56bfc062723c751e8b465ee728b) (PreviewImporter) -> (artifact id: '0fd76f18d11abb8e983c9ad148f5c4aa') in 0.0032234 seconds
Number of updated asset objects reloaded before import = 0Number of asset objects unloaded after import = 12

========================================================================
Received Import Request.
  Time since last request: 7.563943 seconds.
  path: Assets/CorgiEngine/ThirdParty/MoreMountains/MMFeedbacks/Demos/MMFeedbacksDemo/Prefabs/FeedbackDemoBackgroundCube.prefab
  artifactKey: Guid(9c99ec9330979f94aa6e33f0bec7752f) Importer(815301076,1909f56bfc062723c751e8b465ee728b)
Start importing Assets/CorgiEngine/ThirdParty/MoreMountains/MMFeedbacks/Demos/MMFeedbacksDemo/Prefabs/FeedbackDemoBackgroundCube.prefab using Guid(9c99ec9330979f94aa6e33f0bec7752f) Importer(815301076,1909f56bfc062723c751e8b465ee728b) (PreviewImporter) -> (artifact id: '3fea56edcce99b467a10eac27018eaed') in 6.2048641 seconds
Number of updated asset objects reloaded before import = 0Number of asset objects unloaded after import = 11

========================================================================
Received Import Request.
  Time since last request: 0.000054 seconds.
  path: Assets/CorgiEngine/ThirdParty/MoreMountains/MMFeedbacks/Demos/MMFeedbacksDemo/Prefabs/FeedbackDemoSphere.prefab
  artifactKey: Guid(1ae56196f5de043419e106824d0fa51d) Importer(815301076,1909f56bfc062723c751e8b465ee728b)
Start importing Assets/CorgiEngine/ThirdParty/MoreMountains/MMFeedbacks/Demos/MMFeedbacksDemo/Prefabs/FeedbackDemoSphere.prefab using Guid(1ae56196f5de043419e106824d0fa51d) Importer(815301076,1909f56bfc062723c751e8b465ee728b) (PreviewImporter) -> (artifact id: '659ffd8298b49698cf5fcc96d60bd1e2') in 0.0585479 seconds
Number of updated asset objects reloaded before import = 0Number of asset objects unloaded after import = 24

========================================================================
Received Import Request.
  Time since last request: 0.000067 seconds.
  path: Assets/CorgiEngine/ThirdParty/MoreMountains/MMTools/Demos/MMTween/Materials/MMPlotterCurvePointMaterial.mat
  artifactKey: Guid(db7781ef32c696d40b0abd6335c8b739) Importer(815301076,1909f56bfc062723c751e8b465ee728b)
Start importing Assets/CorgiEngine/ThirdParty/MoreMountains/MMTools/Demos/MMTween/Materials/MMPlotterCurvePointMaterial.mat using Guid(db7781ef32c696d40b0abd6335c8b739) Importer(815301076,1909f56bfc062723c751e8b465ee728b) (PreviewImporter) -> (artifact id: '2a90c4528831034b78efedaf4ccfb46a') in 0.2918468 seconds
Number of updated asset objects reloaded before import = 0Number of asset objects unloaded after import = 1

========================================================================
Received Import Request.
  Time since last request: 0.000027 seconds.
  path: Assets/CorgiEngine/ThirdParty/MoreMountains/MMFeedbacks/Demos/MMFeedbacksDemo/Prefabs/FeedbackDemoSparks.prefab
  artifactKey: Guid(b5aa6eb09d3dc3847a751290d0edcfe9) Importer(815301076,1909f56bfc062723c751e8b465ee728b)
Start importing Assets/CorgiEngine/ThirdParty/MoreMountains/MMFeedbacks/Demos/MMFeedbacksDemo/Prefabs/FeedbackDemoSparks.prefab using Guid(b5aa6eb09d3dc3847a751290d0edcfe9) Importer(815301076,1909f56bfc062723c751e8b465ee728b) (PreviewImporter) -> (artifact id: 'dc10f611b8cafb749ea4024d6fad0feb') in 0.1031141 seconds
Number of updated asset objects reloaded before import = 0Number of asset objects unloaded after import = 7

========================================================================
Received Import Request.
  Time since last request: 56.731483 seconds.
  path: Assets/CorgiEngine/Demos/Corgi2D/Prefabs/PlayableCharacters/spine-space-cat.prefab
  artifactKey: Guid(258bb621ae72847a19516ca96017594d) Importer(815301076,1909f56bfc062723c751e8b465ee728b)
Start importing Assets/CorgiEngine/Demos/Corgi2D/Prefabs/PlayableCharacters/spine-space-cat.prefab using Guid(258bb621ae72847a19516ca96017594d) Importer(815301076,1909f56bfc062723c751e8b465ee728b) (PreviewImporter) -> (artifact id: '724b8e133888c5fa89ce04ce4286a88d') in 0.2139894 seconds
Number of updated asset objects reloaded before import = 0Number of asset objects unloaded after import = 310

========================================================================
Received Import Request.
  Time since last request: 0.474552 seconds.
  path: Assets/CorgiEngine/Demos/Corgi2D/Prefabs/PlayableCharacters/space-corgi-spritesheet.prefab
  artifactKey: Guid(5747cff9707eeb2459185fadece9e7bf) Importer(815301076,1909f56bfc062723c751e8b465ee728b)
Start importing Assets/CorgiEngine/Demos/Corgi2D/Prefabs/PlayableCharacters/space-corgi-spritesheet.prefab using Guid(5747cff9707eeb2459185fadece9e7bf) Importer(815301076,1909f56bfc062723c751e8b465ee728b) (PreviewImporter) -> (artifact id: '050961844bb6cc064684cfdfd2f4c339') in 0.1428352 seconds
Number of updated asset objects reloaded before import = 0Number of asset objects unloaded after import = 477

========================================================================
Received Import Request.
  Time since last request: 0.380609 seconds.
  path: Assets/CorgiEngine/Demos/Corgi2D/Prefabs/PlayableCharacters/spine-space-chicken.prefab
  artifactKey: Guid(4f0313778c85b456b8f7334cd64e38e4) Importer(815301076,1909f56bfc062723c751e8b465ee728b)
Start importing Assets/CorgiEngine/Demos/Corgi2D/Prefabs/PlayableCharacters/spine-space-chicken.prefab using Guid(4f0313778c85b456b8f7334cd64e38e4) Importer(815301076,1909f56bfc062723c751e8b465ee728b) (PreviewImporter) -> (artifact id: '8b5cc164cc0ab270fffc9f5da3fdabff') in 0.1808025 seconds
Number of updated asset objects reloaded before import = 0Number of asset objects unloaded after import = 309

========================================================================
Received Import Request.
  Time since last request: 0.336115 seconds.
  path: Assets/CorgiEngine/Demos/Corgi2D/Prefabs/PlayableCharacters/spine-space-corgi.prefab
  artifactKey: Guid(5d8f0b4f366df4f328e9cf5153698263) Importer(815301076,1909f56bfc062723c751e8b465ee728b)
Start importing Assets/CorgiEngine/Demos/Corgi2D/Prefabs/PlayableCharacters/spine-space-corgi.prefab using Guid(5d8f0b4f366df4f328e9cf5153698263) Importer(815301076,1909f56bfc062723c751e8b465ee728b) (PreviewImporter) -> (artifact id: 'c8d8fedd2419ee442d79043a4543a917') in 0.1924193 seconds
Number of updated asset objects reloaded before import = 0Number of asset objects unloaded after import = 309

========================================================================
Received Import Request.
  Time since last request: 0.781881 seconds.
  path: Assets/CorgiEngine/Demos/Corgi2D/Prefabs/PlayableCharacters/spine-space-pig.prefab
  artifactKey: Guid(754e4c7874aa84596afc7a334e69d9d1) Importer(815301076,1909f56bfc062723c751e8b465ee728b)
Start importing Assets/CorgiEngine/Demos/Corgi2D/Prefabs/PlayableCharacters/spine-space-pig.prefab using Guid(754e4c7874aa84596afc7a334e69d9d1) Importer(815301076,1909f56bfc062723c751e8b465ee728b) (PreviewImporter) -> (artifact id: 'c9c5c5aabe630e1876f10052417cac9c') in 0.1929603 seconds
Number of updated asset objects reloaded before import = 0Number of asset objects unloaded after import = 313

========================================================================
Received Import Request.
  Time since last request: 10.111900 seconds.
  path: Assets/CorgiEngine/Demos/Corgi2D/Prefabs/Weapons/CorgiSpineMachineGun.prefab
  artifactKey: Guid(ce47084abcafd4ced9de2d33ec6aa2ae) Importer(815301076,1909f56bfc062723c751e8b465ee728b)
Start importing Assets/CorgiEngine/Demos/Corgi2D/Prefabs/Weapons/CorgiSpineMachineGun.prefab using Guid(ce47084abcafd4ced9de2d33ec6aa2ae) Importer(815301076,1909f56bfc062723c751e8b465ee728b) (PreviewImporter) -> (artifact id: 'be9478ec32163b5272a6a84f8049d9fa') in 0.1063631 seconds
Number of updated asset objects reloaded before import = 0Number of asset objects unloaded after import = 64

========================================================================
Received Import Request.
  Time since last request: 0.734749 seconds.
  path: Assets/CorgiEngine/Demos/Corgi2D/Prefabs/Weapons/CorgiSpineMachineGunBouncy.prefab
  artifactKey: Guid(923d96820c0ee6a4c8380f1a2b0a4600) Importer(815301076,1909f56bfc062723c751e8b465ee728b)
Start importing Assets/CorgiEngine/Demos/Corgi2D/Prefabs/Weapons/CorgiSpineMachineGunBouncy.prefab using Guid(923d96820c0ee6a4c8380f1a2b0a4600) Importer(815301076,1909f56bfc062723c751e8b465ee728b) (PreviewImporter) -> (artifact id: 'd9e0a213b6f4b97282dd45c3554e3504') in 0.0347825 seconds
Number of updated asset objects reloaded before import = 0Number of asset objects unloaded after import = 64

========================================================================
Received Import Request.
  Time since last request: 8.565994 seconds.
  path: Assets/CorgiEngine/Demos/Corgi2D/Spine
  artifactKey: Guid(39917abf1aeb74622bf300cf8142faeb) Importer(815301076,1909f56bfc062723c751e8b465ee728b)
Start importing Assets/CorgiEngine/Demos/Corgi2D/Spine using Guid(39917abf1aeb74622bf300cf8142faeb) Importer(815301076,1909f56bfc062723c751e8b465ee728b) (PreviewImporter) -> (artifact id: 'e0217b1bf390db52a350c9efb3c8e40e') in 0.0013049 seconds
Number of updated asset objects reloaded before import = 0Number of asset objects unloaded after import = 0

========================================================================
Received Import Request.
  Time since last request: 0.774941 seconds.
  path: Assets/CorgiEngine/Demos/Corgi2D/Spine/SpaceCorgi
  artifactKey: Guid(d248ff1aedb5aef4c8fdf39ec7ac7cb1) Importer(815301076,1909f56bfc062723c751e8b465ee728b)
Start importing Assets/CorgiEngine/Demos/Corgi2D/Spine/SpaceCorgi using Guid(d248ff1aedb5aef4c8fdf39ec7ac7cb1) Importer(815301076,1909f56bfc062723c751e8b465ee728b) (PreviewImporter) -> (artifact id: 'f41348dfd113c244253d746f4c60c78a') in 0.0007012 seconds
Number of updated asset objects reloaded before import = 0Number of asset objects unloaded after import = 0

========================================================================
Received Import Request.
  Time since last request: 3.630945 seconds.
  path: Assets/CorgiEngine/Demos/Corgi2D/Spine/Heavy/Baked/heavy-corgi (default).prefab
  artifactKey: Guid(7a5bf5fb17b66364e82ec7520e35bc49) Importer(815301076,1909f56bfc062723c751e8b465ee728b)
Start importing Assets/CorgiEngine/Demos/Corgi2D/Spine/Heavy/Baked/heavy-corgi (default).prefab using Guid(7a5bf5fb17b66364e82ec7520e35bc49) Importer(815301076,1909f56bfc062723c751e8b465ee728b) (PreviewImporter) -> (artifact id: 'e515061267ad44f11bb3b32a7c3d8cfd') in 0.280811 seconds
Number of updated asset objects reloaded before import = 0Number of asset objects unloaded after import = 190

========================================================================
Received Import Request.
  Time since last request: 70.007281 seconds.
  path: Assets/CorgiEngine/Demos/Brobro/Spine/Brobro/Baked
  artifactKey: Guid(731f0926c82cd8140baa2469139aa8aa) Importer(815301076,1909f56bfc062723c751e8b465ee728b)
Start importing Assets/CorgiEngine/Demos/Brobro/Spine/Brobro/Baked using Guid(731f0926c82cd8140baa2469139aa8aa) Importer(815301076,1909f56bfc062723c751e8b465ee728b) (PreviewImporter) -> (artifact id: '9f7823dc3ee9d2cca1a3e7821f507132') in 0.000658 seconds
Number of updated asset objects reloaded before import = 0Number of asset objects unloaded after import = 0

========================================================================
Received Import Request.
  Time since last request: 1.863295 seconds.
  path: Assets/CorgiEngine/Demos/Brobro/Spine/Brobro/space-corgi.atlas.txt
  artifactKey: Guid(6ac7c7894f3e27841bffafa1c149fc21) Importer(815301076,1909f56bfc062723c751e8b465ee728b)
Start importing Assets/CorgiEngine/Demos/Brobro/Spine/Brobro/space-corgi.atlas.txt using Guid(6ac7c7894f3e27841bffafa1c149fc21) Importer(815301076,1909f56bfc062723c751e8b465ee728b) (PreviewImporter) -> (artifact id: 'f545c46cce35b9a19bb5eb90976f282d') in 0.0012395 seconds
Number of updated asset objects reloaded before import = 0Number of asset objects unloaded after import = 1

========================================================================
Received Import Request.
  Time since last request: 0.827715 seconds.
  path: Assets/CorgiEngine/Demos/Brobro/Spine/Brobro/space-corgi.atlas
  artifactKey: Guid(fd5a60bbbf9de2847a6a307318e4768c) Importer(815301076,1909f56bfc062723c751e8b465ee728b)
Start importing Assets/CorgiEngine/Demos/Brobro/Spine/Brobro/space-corgi.atlas using Guid(fd5a60bbbf9de2847a6a307318e4768c) Importer(815301076,1909f56bfc062723c751e8b465ee728b) (PreviewImporter) -> (artifact id: 'bbc94896d46cdf378e122c8a1c8ebaea') in 0.0019247 seconds
Number of updated asset objects reloaded before import = 0Number of asset objects unloaded after import = 1

========================================================================
Received Import Request.
  Time since last request: 1.990095 seconds.
  path: Assets/CorgiEngine/Demos/Brobro/Spine/Brobro
  artifactKey: Guid(89aefa1dd5fd8cd44ac751fb32ad6950) Importer(815301076,1909f56bfc062723c751e8b465ee728b)
Start importing Assets/CorgiEngine/Demos/Brobro/Spine/Brobro using Guid(89aefa1dd5fd8cd44ac751fb32ad6950) Importer(815301076,1909f56bfc062723c751e8b465ee728b) (PreviewImporter) -> (artifact id: 'ea40988ef2971c152677ff6750cbbdaa') in 0.0006583 seconds
Number of updated asset objects reloaded before import = 0Number of asset objects unloaded after import = 0

========================================================================
Received Import Request.
  Time since last request: 4.217397 seconds.
  path: Assets/CorgiEngine/Demos/Brobro/Spine/Brobro/Baked/space-corgi Controller.controller
  artifactKey: Guid(84df4dfa16883084bb8ed73249dc2bb2) Importer(815301076,1909f56bfc062723c751e8b465ee728b)
Start importing Assets/CorgiEngine/Demos/Brobro/Spine/Brobro/Baked/space-corgi Controller.controller using Guid(84df4dfa16883084bb8ed73249dc2bb2) Importer(815301076,1909f56bfc062723c751e8b465ee728b) (PreviewImporter) -> (artifact id: '65a1e40d6f2517a987b3737a85204f57') in 0.0875504 seconds
Number of updated asset objects reloaded before import = 0Number of asset objects unloaded after import = 38

========================================================================
Received Import Request.
  Time since last request: 5.707566 seconds.
  path: Assets/CorgiEngine/Demos/Brobro
  artifactKey: Guid(99664b1f20de3a6489c5cd0b718de6bd) Importer(815301076,1909f56bfc062723c751e8b465ee728b)
Start importing Assets/CorgiEngine/Demos/Brobro using Guid(99664b1f20de3a6489c5cd0b718de6bd) Importer(815301076,1909f56bfc062723c751e8b465ee728b) (PreviewImporter) -> (artifact id: 'de5a381e80a37783b639be15f67bb7dc') in 0.0008448 seconds
Number of updated asset objects reloaded before import = 0Number of asset objects unloaded after import = 0

========================================================================
Received Import Request.
  Time since last request: 1.413952 seconds.
  path: Assets/CorgiEngine/Demos/Brobro/Sprites
  artifactKey: Guid(c48e2d933610b654bb76d9c15db5e9bc) Importer(815301076,1909f56bfc062723c751e8b465ee728b)
Start importing Assets/CorgiEngine/Demos/Brobro/Sprites using Guid(c48e2d933610b654bb76d9c15db5e9bc) Importer(815301076,1909f56bfc062723c751e8b465ee728b) (PreviewImporter) -> (artifact id: 'bef406b392edf34994f75d759bce531b') in 0.0006811 seconds
Number of updated asset objects reloaded before import = 0Number of asset objects unloaded after import = 0

========================================================================
Received Prepare
ETC Legacy compression has been deprecated and will be removed in a future release. You can review compressors in "Project Settings > Editor > Texture Compressors".
Assembly reference Packages/com.unity.cinemachine/Editor/Samples/ExposeHDRPInternals/HDRP-Editor-ref.asmref has no target assembly definition
Assembly reference Packages/com.unity.cinemachine/Editor/Samples/ExposeHDRPInternals/HDRP-Editor-ref.asmref has no target assembly definition
Begin MonoManager ReloadAssembly
[Licensing::Client] Successfully resolved entitlement details
- Loaded All Assemblies, in  0.848 seconds
Assembly reference Packages/com.unity.cinemachine/Editor/Samples/ExposeHDRPInternals/HDRP-Editor-ref.asmref has no target assembly definition
'Packages/com.unity.cinemachine/Editor/Obsolete/CinemachineVirtualCameraBaseEditor.cs' contains partial class of Unity.Object, exactly 1 of the partial classes needs to be in a file with the same filename. This is to know the one that can be referenced from ie. GameObjects
'Packages/com.unity.cinemachine/Editor/Editors/CinemachineVirtualCameraBaseEditor.cs' contains partial class of Unity.Object, exactly 1 of the partial classes needs to be in a file with the same filename. This is to know the one that can be referenced from ie. GameObjects
Refreshing native plugins compatible for Editor in 5.82 ms, found 2 plugins.
Native extension for WindowsStandalone target not found
Assembly reference Packages/com.unity.cinemachine/Editor/Samples/ExposeHDRPInternals/HDRP-Editor-ref.asmref has no target assembly definition
[Package Manager] Failed to launch server process. Reason: Unity was launched with the -noUpm command-line argument
[Package Manager] Unable to send message (not connected to server process).
[Package Manager] Cannot connect to Unity Package Manager local server
[Package Manager] Failed to launch server process. Reason: Unity was launched with the -noUpm command-line argument
[Package Manager] Unable to send message (not connected to server process).
[Package Manager] Cannot connect to Unity Package Manager local server
Mono: successfully reloaded assembly
- Finished resetting the current domain, in  1.370 seconds
Domain Reload Profiling: 2216ms
	BeginReloadAssembly (245ms)
		ExecutionOrderSort (0ms)
		DisableScriptedObjects (8ms)
		BackupInstance (0ms)
		ReleaseScriptingObjects (0ms)
		CreateAndSetChildDomain (57ms)
	RebuildCommonClasses (41ms)
	RebuildNativeTypeToScriptingClass (14ms)
	initialDomainReloadingComplete (30ms)
	LoadAllAssembliesAndSetupDomain (514ms)
		LoadAssemblies (465ms)
		RebuildTransferFunctionScriptingTraits (0ms)
		AnalyzeDomain (172ms)
			TypeCache.Refresh (5ms)
				TypeCache.ScanAssembly (0ms)
			BuildScriptInfoCaches (147ms)
			ResolveRequiredComponents (16ms)
	FinalizeReload (1371ms)
		ReleaseScriptCaches (0ms)
		RebuildScriptCaches (0ms)
		SetupLoadedEditorAssemblies (1207ms)
			LogAssemblyErrors (0ms)
			InitializePlatformSupportModulesInManaged (3ms)
			SetLoadedEditorAssemblies (10ms)
			BeforeProcessingInitializeOnLoad (231ms)
			ProcessInitializeOnLoadAttributes (696ms)
			ProcessInitializeOnLoadMethodAttributes (259ms)
			AfterProcessingInitializeOnLoad (8ms)
			EditorAssembliesLoaded (1ms)
		ExecutionOrderSort2 (0ms)
		AwakeInstancesAfterBackupRestoration (15ms)
Shader 'MoreMountains/MMRipple': fallback shader 'Particle/AlphaBlended' not found
Refreshing native plugins compatible for Editor in 7.68 ms, found 2 plugins.
Preloading 0 native plugins for Editor in 0.00 ms.
Unloading 13 Unused Serialized files (Serialized files now loaded: 0)
Unloading 4731 unused Assets / (3.5 MB). Loaded Objects now: 5290.
Memory consumption went from 197.4 MB to 193.9 MB.
Total: 20.494100 ms (FindLiveObjects: 1.447800 ms CreateObjectMapping: 1.240800 ms MarkObjects: 13.676700 ms  DeleteObjects: 4.126500 ms)

Prepare: number of updated asset objects reloaded= 0
========================================================================
Received Import Request.
  Time since last request: 88.008785 seconds.
  path: Assets/CorgiEngine/Demos/Brobro/Spine
  artifactKey: Guid(774fc1734160a2a4a94218ab9d17269e) Importer(815301076,1909f56bfc062723c751e8b465ee728b)
Start importing Assets/CorgiEngine/Demos/Brobro/Spine using Guid(774fc1734160a2a4a94218ab9d17269e) Importer(815301076,1909f56bfc062723c751e8b465ee728b) (PreviewImporter) -> (artifact id: '02e97a74f6fe4ea346041e579afbba28') in 0.002238 seconds
Number of updated asset objects reloaded before import = 0Number of asset objects unloaded after import = 0

========================================================================
Received Import Request.
  Time since last request: 2.780692 seconds.
  path: Assets/CorgiEngine/Demos/Brobro/Spine/Brobro/space-corgi.png
  artifactKey: Guid(7d8a9861ede57744ba302cb670657952) Importer(815301076,1909f56bfc062723c751e8b465ee728b)
Start importing Assets/CorgiEngine/Demos/Brobro/Spine/Brobro/space-corgi.png using Guid(7d8a9861ede57744ba302cb670657952) Importer(815301076,1909f56bfc062723c751e8b465ee728b) (PreviewImporter) -> (artifact id: '346be6bd70164d178bc74ea8f4b7b2eb') in 0.0665361 seconds
Number of updated asset objects reloaded before import = 0Number of asset objects unloaded after import = 2

========================================================================
Received Import Request.
  Time since last request: 20.538906 seconds.
  path: Assets/CorgiEngine/Demos/Brobro/Prefabs/PlayableCharacters/spine-brobro.prefab
  artifactKey: Guid(88f32f51e1fe76f458a36ab54990f43f) Importer(815301076,1909f56bfc062723c751e8b465ee728b)
Start importing Assets/CorgiEngine/Demos/Brobro/Prefabs/PlayableCharacters/spine-brobro.prefab using Guid(88f32f51e1fe76f458a36ab54990f43f) Importer(815301076,1909f56bfc062723c751e8b465ee728b) (PreviewImporter) -> (artifact id: '4d348762710c441e6208d384b883c7d7') in 0.3821175 seconds
Number of updated asset objects reloaded before import = 0Number of asset objects unloaded after import = 308

========================================================================
Received Import Request.
  Time since last request: 19.882435 seconds.
  path: Assets/CorgiEngine/Demos/Brobro/Prefabs/Environment/BrobroTiles.prefab
  artifactKey: Guid(ca14a51d18dd531449b831fe96479a05) Importer(815301076,1909f56bfc062723c751e8b465ee728b)
Start importing Assets/CorgiEngine/Demos/Brobro/Prefabs/Environment/BrobroTiles.prefab using Guid(ca14a51d18dd531449b831fe96479a05) Importer(815301076,1909f56bfc062723c751e8b465ee728b) (PreviewImporter) -> (artifact id: '126dc8db91d5182569d89d704a4c054b') in 0.0267581 seconds
Number of updated asset objects reloaded before import = 0Number of asset objects unloaded after import = 35

========================================================================
Received Import Request.
  Time since last request: 1.012649 seconds.
  path: Assets/CorgiEngine/Demos/Brobro/Prefabs/Environment/BrobroTilesTop.prefab
  artifactKey: Guid(1266857152345834198f7887ba73d6a8) Importer(815301076,1909f56bfc062723c751e8b465ee728b)
Start importing Assets/CorgiEngine/Demos/Brobro/Prefabs/Environment/BrobroTilesTop.prefab using Guid(1266857152345834198f7887ba73d6a8) Importer(815301076,1909f56bfc062723c751e8b465ee728b) (PreviewImporter) -> (artifact id: '1be764e26089a5d2943fad6f010b19cc') in 0.0264278 seconds
Number of updated asset objects reloaded before import = 0Number of asset objects unloaded after import = 27

========================================================================
Received Import Request.
  Time since last request: 3.444459 seconds.
  path: Assets/CorgiEngine/IMPORTANT-HOW-TO-INSTALL.txt
  artifactKey: Guid(ed69a6c7ff01f96469550a843c771353) Importer(2089858483,192608db42251d675da83286b1cce702)
Start importing Assets/CorgiEngine/IMPORTANT-HOW-TO-INSTALL.txt using Guid(ed69a6c7ff01f96469550a843c771353) Importer(2089858483,192608db42251d675da83286b1cce702) (ScriptedImporter) -> (artifact id: '7cd6671536a182b9db7ff352788b3a03') in 0.1029301 seconds
Number of updated asset objects reloaded before import = 0Number of asset objects unloaded after import = 1

========================================================================
Received Import Request.
  Time since last request: 0.550585 seconds.
  path: Assets/CorgiEngine/Demos/Brobro/Prefabs/PlayableCharacters/spine-brobro.prefab
  artifactKey: Guid(88f32f51e1fe76f458a36ab54990f43f) Importer(815301076,1909f56bfc062723c751e8b465ee728b)
Start importing Assets/CorgiEngine/Demos/Brobro/Prefabs/PlayableCharacters/spine-brobro.prefab using Guid(88f32f51e1fe76f458a36ab54990f43f) Importer(815301076,1909f56bfc062723c751e8b465ee728b) (PreviewImporter) -> (artifact id: 'd181d9aa071e7bb02cebe7c9bdd7a4d2') in 0.4044929 seconds
Number of updated asset objects reloaded before import = 0Number of asset objects unloaded after import = 308

========================================================================
Received Import Request.
  Time since last request: 1.993294 seconds.
  path: Assets/CorgiEngine/Common/Editor/Managers/LevelManagerEditor.cs
  artifactKey: Guid(e863463d918f2431eb2de79121cef564) Importer(2089858483,192608db42251d675da83286b1cce702)
Start importing Assets/CorgiEngine/Common/Editor/Managers/LevelManagerEditor.cs using Guid(e863463d918f2431eb2de79121cef564) Importer(2089858483,192608db42251d675da83286b1cce702) (ScriptedImporter) -> (artifact id: '1f27cd859e91a38e7d95388f622ba640') in 0.0544556 seconds
Number of updated asset objects reloaded before import = 0Number of asset objects unloaded after import = 0

========================================================================
Received Import Request.
  Time since last request: 2.974249 seconds.
  path: Assets/CorgiEngine/Common/Editor/Welcome/WelcomeWindow.cs
  artifactKey: Guid(c505877b4e0d1084d8a16890c7b078ec) Importer(2089858483,192608db42251d675da83286b1cce702)
Start importing Assets/CorgiEngine/Common/Editor/Welcome/WelcomeWindow.cs using Guid(c505877b4e0d1084d8a16890c7b078ec) Importer(2089858483,192608db42251d675da83286b1cce702) (ScriptedImporter) -> (artifact id: '5a7ac510479044dbd9779e58fa88a215') in 0.0194444 seconds
Number of updated asset objects reloaded before import = 0Number of asset objects unloaded after import = 0

========================================================================
Received Import Request.
  Time since last request: 2.998595 seconds.
  path: Assets/CorgiEngine/Common/Prefabs/Camera/Regular Camera.prefab
  artifactKey: Guid(6777bab8262a63f499e2e97188b5da02) Importer(2089858483,192608db42251d675da83286b1cce702)
Start importing Assets/CorgiEngine/Common/Prefabs/Camera/Regular Camera.prefab using Guid(6777bab8262a63f499e2e97188b5da02) Importer(2089858483,192608db42251d675da83286b1cce702) (ScriptedImporter) -> (artifact id: 'ae81d7d04777fe1813687ec51920f09d') in 0.1304883 seconds
Number of updated asset objects reloaded before import = 0Number of asset objects unloaded after import = 9

========================================================================
Received Import Request.
  Time since last request: 2.905232 seconds.
  path: Assets/Resources/BillingMode.json
  artifactKey: Guid(fdc54c0130409994596e183a254c058c) Importer(2089858483,192608db42251d675da83286b1cce702)
Start importing Assets/Resources/BillingMode.json using Guid(fdc54c0130409994596e183a254c058c) Importer(2089858483,192608db42251d675da83286b1cce702) (ScriptedImporter) -> (artifact id: '9e6e84994eff346b023608447d300c9f') in 0.0230749 seconds
Number of updated asset objects reloaded before import = 0Number of asset objects unloaded after import = 1

========================================================================
Received Import Request.
  Time since last request: 0.000029 seconds.
  path: Assets/CorgiEngine/Common/Fonts/orange kid.ttf
  artifactKey: Guid(0fa31812d63b86d4983fec5d5338e6e0) Importer(2089858483,192608db42251d675da83286b1cce702)
Start importing Assets/CorgiEngine/Common/Fonts/orange kid.ttf using Guid(0fa31812d63b86d4983fec5d5338e6e0) Importer(2089858483,192608db42251d675da83286b1cce702) (ScriptedImporter) -> (artifact id: '9e45c3d401f4a6da97fa318f2a622383') in 0.0522894 seconds
Number of updated asset objects reloaded before import = 0Number of asset objects unloaded after import = 3

========================================================================
Received Import Request.
  Time since last request: 0.000026 seconds.
  path: Assets/CorgiEngine/Demos/StartScreen/SplashScreen.unity
  artifactKey: Guid(7b96552fd1198fa4eaae54a2f975645e) Importer(2089858483,192608db42251d675da83286b1cce702)
Start importing Assets/CorgiEngine/Demos/StartScreen/SplashScreen.unity using Guid(7b96552fd1198fa4eaae54a2f975645e) Importer(2089858483,192608db42251d675da83286b1cce702) (ScriptedImporter) -> (artifact id: '6f23ab77cdace2266fa0fcaa5e564501') in 0.0307984 seconds
Number of updated asset objects reloaded before import = 0Number of asset objects unloaded after import = 1

========================================================================
Received Import Request.
  Time since last request: 0.000022 seconds.
  path: Assets/CorgiEngine/Demos/Corgi2D/Sandbox.unity
  artifactKey: Guid(834d2ad12a39c48bba0d203a2d9de965) Importer(2089858483,192608db42251d675da83286b1cce702)
Start importing Assets/CorgiEngine/Demos/Corgi2D/Sandbox.unity using Guid(834d2ad12a39c48bba0d203a2d9de965) Importer(2089858483,192608db42251d675da83286b1cce702) (ScriptedImporter) -> (artifact id: 'ca3619e9296950ababbd090e19a562af') in 0.0284594 seconds
Number of updated asset objects reloaded before import = 0Number of asset objects unloaded after import = 1

========================================================================
Received Import Request.
  Time since last request: 0.000043 seconds.
  path: Assets/CorgiEngine/Common/Editor/Items/PickableAbilityInspector.cs
  artifactKey: Guid(a26ecc5fb7b303546b074d64e6851014) Importer(2089858483,192608db42251d675da83286b1cce702)
Start importing Assets/CorgiEngine/Common/Editor/Items/PickableAbilityInspector.cs using Guid(a26ecc5fb7b303546b074d64e6851014) Importer(2089858483,192608db42251d675da83286b1cce702) (ScriptedImporter) -> (artifact id: '92de3ddfeaa040d329d400b9045f7bd3') in 0.0259853 seconds
Number of updated asset objects reloaded before import = 0Number of asset objects unloaded after import = 0

========================================================================
Received Import Request.
  Time since last request: 0.000138 seconds.
  path: Assets/CorgiEngine/Demos/TheHunt/TheHunt.unity
  artifactKey: Guid(a54626feab65cca4dbcea4dd435ad9be) Importer(2089858483,192608db42251d675da83286b1cce702)
Start importing Assets/CorgiEngine/Demos/TheHunt/TheHunt.unity using Guid(a54626feab65cca4dbcea4dd435ad9be) Importer(2089858483,192608db42251d675da83286b1cce702) (ScriptedImporter) -> (artifact id: 'af4339dd1de40bdc37a23c50d2d907bb') in 0.0385565 seconds
Number of updated asset objects reloaded before import = 0Number of asset objects unloaded after import = 1

========================================================================
Received Import Request.
  Time since last request: 0.000245 seconds.
  path: Assets/CorgiEngine/Demos/Corgi2D/Lava.unity
  artifactKey: Guid(021858c77d85c1e4a944245dd9e0cf08) Importer(2089858483,192608db42251d675da83286b1cce702)
Start importing Assets/CorgiEngine/Demos/Corgi2D/Lava.unity using Guid(021858c77d85c1e4a944245dd9e0cf08) Importer(2089858483,192608db42251d675da83286b1cce702) (ScriptedImporter) -> (artifact id: 'cd4434ddd2eff8e4eb183f1e75d4b1bd') in 0.0359526 seconds
Number of updated asset objects reloaded before import = 0Number of asset objects unloaded after import = 1

========================================================================
Received Import Request.
  Time since last request: 0.000094 seconds.
  path: Assets/CorgiEngine/Demos/Minimal/FeaturesWeapons.unity
  artifactKey: Guid(ebcd6de0032f6a946a11ce7c5c7e5b02) Importer(2089858483,192608db42251d675da83286b1cce702)
Start importing Assets/CorgiEngine/Demos/Minimal/FeaturesWeapons.unity using Guid(ebcd6de0032f6a946a11ce7c5c7e5b02) Importer(2089858483,192608db42251d675da83286b1cce702) (ScriptedImporter) -> (artifact id: '10f59b33bac2fb4a38698de73f2981cf') in 0.0530999 seconds
Number of updated asset objects reloaded before import = 0Number of asset objects unloaded after import = 1

========================================================================
Received Import Request.
  Time since last request: 0.000053 seconds.
  path: Assets/CorgiEngine/Demos/Editor/MoreMountains.CorgiEngine.Demos.Editor.asmref
  artifactKey: Guid(de1e3a613d5caa54f8f5fbb9a3771870) Importer(2089858483,192608db42251d675da83286b1cce702)
Start importing Assets/CorgiEngine/Demos/Editor/MoreMountains.CorgiEngine.Demos.Editor.asmref using Guid(de1e3a613d5caa54f8f5fbb9a3771870) Importer(2089858483,192608db42251d675da83286b1cce702) (ScriptedImporter) -> (artifact id: '52b43836728b6803d1eb91e10ad4da44') in 0.0407256 seconds
Number of updated asset objects reloaded before import = 0Number of asset objects unloaded after import = 1

========================================================================
Received Import Request.
  Time since last request: 0.000032 seconds.
  path: Assets/CorgiEngine/Demos/Minimal/MinimalDamageTypes.unity
  artifactKey: Guid(dac9321fe171d794f9b3f600a6a9e725) Importer(2089858483,192608db42251d675da83286b1cce702)
Start importing Assets/CorgiEngine/Demos/Minimal/MinimalDamageTypes.unity using Guid(dac9321fe171d794f9b3f600a6a9e725) Importer(2089858483,192608db42251d675da83286b1cce702) (ScriptedImporter) -> (artifact id: 'cb33691085c617cc7c6850e1ad26c026') in 0.0728384 seconds
Number of updated asset objects reloaded before import = 0Number of asset objects unloaded after import = 1

========================================================================
Received Import Request.
  Time since last request: 0.000139 seconds.
  path: Assets/CorgiEngine/Demos/Minimal/MinimalRooms1.unity
  artifactKey: Guid(8c65f7d9dde72e74d93288177dad2006) Importer(2089858483,192608db42251d675da83286b1cce702)
Start importing Assets/CorgiEngine/Demos/Minimal/MinimalRooms1.unity using Guid(8c65f7d9dde72e74d93288177dad2006) Importer(2089858483,192608db42251d675da83286b1cce702) (ScriptedImporter) -> (artifact id: '6fbf5f15d109702e834a318b9ac21eba') in 0.0266534 seconds
Number of updated asset objects reloaded before import = 0Number of asset objects unloaded after import = 1

========================================================================
Received Import Request.
  Time since last request: 0.000019 seconds.
  path: Assets/CorgiEngine/Demos/Minimal/MinimalOneWayLevelHorizontal.unity
  artifactKey: Guid(5e74e8fd6deb84749a4fc4e4b8d7ea09) Importer(2089858483,192608db42251d675da83286b1cce702)
Start importing Assets/CorgiEngine/Demos/Minimal/MinimalOneWayLevelHorizontal.unity using Guid(5e74e8fd6deb84749a4fc4e4b8d7ea09) Importer(2089858483,192608db42251d675da83286b1cce702) (ScriptedImporter) -> (artifact id: '4ce0e9985e670cdc311b496c2b6acdbe') in 0.0358286 seconds
Number of updated asset objects reloaded before import = 0Number of asset objects unloaded after import = 1

========================================================================
Received Import Request.
  Time since last request: 0.000042 seconds.
  path: Assets/CorgiEngine/Common/Animations/DefaultAnimatorController.controller
  artifactKey: Guid(af7e9229a3f504df280e637f0acc53fb) Importer(2089858483,192608db42251d675da83286b1cce702)
Start importing Assets/CorgiEngine/Common/Animations/DefaultAnimatorController.controller using Guid(af7e9229a3f504df280e637f0acc53fb) Importer(2089858483,192608db42251d675da83286b1cce702) (ScriptedImporter) -> (artifact id: '33fd10224eb1d46fb94b9071a6c7ee42') in 0.0246697 seconds
Number of updated asset objects reloaded before import = 0Number of asset objects unloaded after import = 2

========================================================================
Received Import Request.
  Time since last request: 0.000017 seconds.
  path: Assets/CorgiEngine/Demos/Minimal/MinimalMovingPlatforms.unity
  artifactKey: Guid(e9f05a74451393a45820631bf8eb2ed1) Importer(2089858483,192608db42251d675da83286b1cce702)
Start importing Assets/CorgiEngine/Demos/Minimal/MinimalMovingPlatforms.unity using Guid(e9f05a74451393a45820631bf8eb2ed1) Importer(2089858483,192608db42251d675da83286b1cce702) (ScriptedImporter) -> (artifact id: '847a104811b9ef352b620fa6967d8475') in 0.0419031 seconds
Number of updated asset objects reloaded before import = 0Number of asset objects unloaded after import = 1

========================================================================
Received Import Request.
  Time since last request: 0.000048 seconds.
  path: Assets/CorgiEngine/Common/Animations/GUI/button-a.anim
  artifactKey: Guid(c2b13b2dbab36394dacd82ee63956a79) Importer(2089858483,192608db42251d675da83286b1cce702)
Start importing Assets/CorgiEngine/Common/Animations/GUI/button-a.anim using Guid(c2b13b2dbab36394dacd82ee63956a79) Importer(2089858483,192608db42251d675da83286b1cce702) (ScriptedImporter) -> (artifact id: '9a499bff3eb05b018d23b40520f3d06a') in 0.0360094 seconds
Number of updated asset objects reloaded before import = 0Number of asset objects unloaded after import = 1

========================================================================
Received Import Request.
  Time since last request: 0.000027 seconds.
  path: Assets/CorgiEngine/Demos/Minimal/MinimalPerf.unity
  artifactKey: Guid(1e8feb8b31979f24693c2f9874367517) Importer(2089858483,192608db42251d675da83286b1cce702)
Start importing Assets/CorgiEngine/Demos/Minimal/MinimalPerf.unity using Guid(1e8feb8b31979f24693c2f9874367517) Importer(2089858483,192608db42251d675da83286b1cce702) (ScriptedImporter) -> (artifact id: '9aa2acaae4aacdb25069f94412aac509') in 0.0373617 seconds
Number of updated asset objects reloaded before import = 0Number of asset objects unloaded after import = 1

========================================================================
Received Import Request.
  Time since last request: 0.000028 seconds.
  path: Assets/CorgiEngine/Demos/RetroAdventure/RetroAdventureGameOver.unity
  artifactKey: Guid(aba2daab4ea9f82428c58d957862f82d) Importer(2089858483,192608db42251d675da83286b1cce702)
Start importing Assets/CorgiEngine/Demos/RetroAdventure/RetroAdventureGameOver.unity using Guid(aba2daab4ea9f82428c58d957862f82d) Importer(2089858483,192608db42251d675da83286b1cce702) (ScriptedImporter) -> (artifact id: 'e9948e870cccd25e4a3a8f41beeb915b') in 0.0278273 seconds
Number of updated asset objects reloaded before import = 0Number of asset objects unloaded after import = 1

========================================================================
Received Import Request.
  Time since last request: 0.000051 seconds.
  path: Assets/CorgiEngine/Demos/Retro/RetroMountains.unity
  artifactKey: Guid(e2fd718f497d2408ea6a1661ea861316) Importer(2089858483,192608db42251d675da83286b1cce702)
Start importing Assets/CorgiEngine/Demos/Retro/RetroMountains.unity using Guid(e2fd718f497d2408ea6a1661ea861316) Importer(2089858483,192608db42251d675da83286b1cce702) (ScriptedImporter) -> (artifact id: 'fae7f1d4511569952ecf0456c6beade0') in 0.0369181 seconds
Number of updated asset objects reloaded before import = 0Number of asset objects unloaded after import = 1

========================================================================
Received Import Request.
  Time since last request: 0.000031 seconds.
  path: Assets/CorgiEngine/Demos/Minimal/FeaturesInventory.unity
  artifactKey: Guid(01cc8dfd93b2bf64c8ffaea6085007d9) Importer(2089858483,192608db42251d675da83286b1cce702)
Start importing Assets/CorgiEngine/Demos/Minimal/FeaturesInventory.unity using Guid(01cc8dfd93b2bf64c8ffaea6085007d9) Importer(2089858483,192608db42251d675da83286b1cce702) (ScriptedImporter) -> (artifact id: '02f97d21cc0b57d2d11a47339e4a8774') in 0.0471762 seconds
Number of updated asset objects reloaded before import = 0Number of asset objects unloaded after import = 1

========================================================================
Received Import Request.
  Time since last request: 0.000047 seconds.
  path: Assets/CorgiEngine/Demos/Minimal/MinimalFallDamage.unity
  artifactKey: Guid(5981ecd2cdc50c142817e7aa485be511) Importer(2089858483,192608db42251d675da83286b1cce702)
Start importing Assets/CorgiEngine/Demos/Minimal/MinimalFallDamage.unity using Guid(5981ecd2cdc50c142817e7aa485be511) Importer(2089858483,192608db42251d675da83286b1cce702) (ScriptedImporter) -> (artifact id: 'ae8f4a44933638322878e1179f944cdb') in 0.0229425 seconds
Number of updated asset objects reloaded before import = 0Number of asset objects unloaded after import = 1

========================================================================
Received Import Request.
  Time since last request: 0.000103 seconds.
  path: Assets/CorgiEngine/Common/Animations/ButtonPromptIdle.anim
  artifactKey: Guid(89d9b8679d979824682a12985054ede1) Importer(2089858483,192608db42251d675da83286b1cce702)
Start importing Assets/CorgiEngine/Common/Animations/ButtonPromptIdle.anim using Guid(89d9b8679d979824682a12985054ede1) Importer(2089858483,192608db42251d675da83286b1cce702) (ScriptedImporter) -> (artifact id: 'c336495974679b349f01777d81bc1e5a') in 0.026809 seconds
Number of updated asset objects reloaded before import = 0Number of asset objects unloaded after import = 1

========================================================================
Received Import Request.
  Time since last request: 0.000040 seconds.
  path: Assets/CorgiEngine/Common/Materials/RedColorizer.mat
  artifactKey: Guid(96e9c7add57094a70ba884f0cad20897) Importer(2089858483,192608db42251d675da83286b1cce702)
Start importing Assets/CorgiEngine/Common/Materials/RedColorizer.mat using Guid(96e9c7add57094a70ba884f0cad20897) Importer(2089858483,192608db42251d675da83286b1cce702) (ScriptedImporter) -> (artifact id: '2e8dfd9aed479476e1a2eaf5a449e176') in 0.0349388 seconds
Number of updated asset objects reloaded before import = 0Number of asset objects unloaded after import = 1

========================================================================
Received Import Request.
  Time since last request: 0.000035 seconds.
  path: Assets/CorgiEngine/Common/Materials/defaultExplosion.mat
  artifactKey: Guid(7bdd477281eb8c7419c185bc63c4ed21) Importer(2089858483,192608db42251d675da83286b1cce702)
Start importing Assets/CorgiEngine/Common/Materials/defaultExplosion.mat using Guid(7bdd477281eb8c7419c185bc63c4ed21) Importer(2089858483,192608db42251d675da83286b1cce702) (ScriptedImporter) -> (artifact id: 'dc9f05d7a830ab5f2424a6349df95642') in 0.0486376 seconds
Number of updated asset objects reloaded before import = 0Number of asset objects unloaded after import = 1

========================================================================
Received Import Request.
  Time since last request: 0.000028 seconds.
  path: Assets/CorgiEngine/Demos/Minimal/MinimalPixelPerfect.unity
  artifactKey: Guid(222134e89397758428b4027f33abba30) Importer(2089858483,192608db42251d675da83286b1cce702)
Start importing Assets/CorgiEngine/Demos/Minimal/MinimalPixelPerfect.unity using Guid(222134e89397758428b4027f33abba30) Importer(2089858483,192608db42251d675da83286b1cce702) (ScriptedImporter) -> (artifact id: '41ed680831fce946a14da606b7fcf1ea') in 0.0258009 seconds
Number of updated asset objects reloaded before import = 0Number of asset objects unloaded after import = 1

========================================================================
Received Import Request.
  Time since last request: 0.000075 seconds.
  path: Assets/CorgiEngine/Demos/Minimal/MinimalFlight.unity
  artifactKey: Guid(5714929c69111d6479988071c2f49c7c) Importer(2089858483,192608db42251d675da83286b1cce702)
Start importing Assets/CorgiEngine/Demos/Minimal/MinimalFlight.unity using Guid(5714929c69111d6479988071c2f49c7c) Importer(2089858483,192608db42251d675da83286b1cce702) (ScriptedImporter) -> (artifact id: '6959b024f004aa9b2594e58d78ba8b4c') in 0.0270032 seconds
Number of updated asset objects reloaded before import = 0Number of asset objects unloaded after import = 1

========================================================================
Received Import Request.
  Time since last request: 0.000044 seconds.
  path: Assets/CorgiEngine/Demos/Retro/RetroAI.unity
  artifactKey: Guid(c04efd6e72733294a8e7c8111aa5f4c4) Importer(2089858483,192608db42251d675da83286b1cce702)
Start importing Assets/CorgiEngine/Demos/Retro/RetroAI.unity using Guid(c04efd6e72733294a8e7c8111aa5f4c4) Importer(2089858483,192608db42251d675da83286b1cce702) (ScriptedImporter) -> (artifact id: 'c397089c8d9198c1286ba8615750c72d') in 0.0392994 seconds
Number of updated asset objects reloaded before import = 0Number of asset objects unloaded after import = 1

========================================================================
Received Import Request.
  Time since last request: 0.000024 seconds.
  path: Assets/CorgiEngine/Demos/Corgi3D/Corgi3D.unity
  artifactKey: Guid(21235c11eb96a4cce9524e313642ab64) Importer(2089858483,192608db42251d675da83286b1cce702)
Start importing Assets/CorgiEngine/Demos/Corgi3D/Corgi3D.unity using Guid(21235c11eb96a4cce9524e313642ab64) Importer(2089858483,192608db42251d675da83286b1cce702) (ScriptedImporter) -> (artifact id: '04244487bc029b63e423af5ed13e1216') in 0.0428711 seconds
Number of updated asset objects reloaded before import = 0Number of asset objects unloaded after import = 1

========================================================================
Received Import Request.
  Time since last request: 0.000033 seconds.
  path: Assets/CorgiEngine/Common/Editor/DefineSymbols/CorgiEngineDefineSymbols.cs
  artifactKey: Guid(c057a64b9f42334498c8bf4d35b83cec) Importer(2089858483,192608db42251d675da83286b1cce702)
Start importing Assets/CorgiEngine/Common/Editor/DefineSymbols/CorgiEngineDefineSymbols.cs using Guid(c057a64b9f42334498c8bf4d35b83cec) Importer(2089858483,192608db42251d675da83286b1cce702) (ScriptedImporter) -> (artifact id: '36f709f66b8620ecdc24d2e408f06817') in 0.0219076 seconds
Number of updated asset objects reloaded before import = 0Number of asset objects unloaded after import = 0

========================================================================
Received Import Request.
  Time since last request: 0.000120 seconds.
  path: Assets/CorgiEngine/Demos/Minimal/FeaturesPlatforms.unity
  artifactKey: Guid(7c52201ab32b101488d1487d7683ccdb) Importer(2089858483,192608db42251d675da83286b1cce702)
Start importing Assets/CorgiEngine/Demos/Minimal/FeaturesPlatforms.unity using Guid(7c52201ab32b101488d1487d7683ccdb) Importer(2089858483,192608db42251d675da83286b1cce702) (ScriptedImporter) -> (artifact id: '2c66ec739560d88bb3a77ea56a9625ed') in 0.0394534 seconds
Number of updated asset objects reloaded before import = 0Number of asset objects unloaded after import = 1

========================================================================
Received Import Request.
  Time since last request: 8.956500 seconds.
  path: Assets/CorgiEngine/Common/Prefabs/GUI/HealthBar.prefab
  artifactKey: Guid(8b8ee6e43c72442dd973def3b4ef8e04) Importer(2089858483,192608db42251d675da83286b1cce702)
Start importing Assets/CorgiEngine/Common/Prefabs/GUI/HealthBar.prefab using Guid(8b8ee6e43c72442dd973def3b4ef8e04) Importer(2089858483,192608db42251d675da83286b1cce702) (ScriptedImporter) -> (artifact id: 'ebf27a62554e560d0a29626492f24e07') in 0.094951 seconds
Number of updated asset objects reloaded before import = 0Number of asset objects unloaded after import = 17

========================================================================
Received Import Request.
  Time since last request: 0.000020 seconds.
  path: Assets/CorgiEngine/Common/Prefabs/Sounds/NFF-robo-toggle.wav
  artifactKey: Guid(87a92107adff942d3b91dc9cd490455e) Importer(2089858483,192608db42251d675da83286b1cce702)
Start importing Assets/CorgiEngine/Common/Prefabs/Sounds/NFF-robo-toggle.wav using Guid(87a92107adff942d3b91dc9cd490455e) Importer(2089858483,192608db42251d675da83286b1cce702) (ScriptedImporter) -> (artifact id: '450f99504a430de5ea22bdc34b7066e0') in 0.0612405 seconds
Number of updated asset objects reloaded before import = 0Number of asset objects unloaded after import = 1

========================================================================
Received Import Request.
  Time since last request: 0.000081 seconds.
  path: Assets/CorgiEngine/Common/Prefabs/Sounds/NFF-tiny-select.wav
  artifactKey: Guid(4050069eb532049289606df729d674bd) Importer(2089858483,192608db42251d675da83286b1cce702)
Start importing Assets/CorgiEngine/Common/Prefabs/Sounds/NFF-tiny-select.wav using Guid(4050069eb532049289606df729d674bd) Importer(2089858483,192608db42251d675da83286b1cce702) (ScriptedImporter) -> (artifact id: '054a8df8939cded702195eb02e7bf832') in 0.0833286 seconds
Number of updated asset objects reloaded before import = 0Number of asset objects unloaded after import = 1

========================================================================
Received Import Request.
  Time since last request: 0.000071 seconds.
  path: Assets/CorgiEngine/Common/Prefabs/Sounds/NFF-blaster.wav
  artifactKey: Guid(606a2414958d548449b23e76ca0e2b32) Importer(2089858483,192608db42251d675da83286b1cce702)
Start importing Assets/CorgiEngine/Common/Prefabs/Sounds/NFF-blaster.wav using Guid(606a2414958d548449b23e76ca0e2b32) Importer(2089858483,192608db42251d675da83286b1cce702) (ScriptedImporter) -> (artifact id: '35d427373fb955b42864d3361f46df95') in 0.0521651 seconds
Number of updated asset objects reloaded before import = 0Number of asset objects unloaded after import = 1

========================================================================
Received Import Request.
  Time since last request: 0.000022 seconds.
  path: Assets/CorgiEngine/Common/Prefabs/Sounds/NFF-finger-snap.wav
  artifactKey: Guid(2d91e6bd7e42440bebe2b87d45a9b187) Importer(2089858483,192608db42251d675da83286b1cce702)
Start importing Assets/CorgiEngine/Common/Prefabs/Sounds/NFF-finger-snap.wav using Guid(2d91e6bd7e42440bebe2b87d45a9b187) Importer(2089858483,192608db42251d675da83286b1cce702) (ScriptedImporter) -> (artifact id: 'c94775aa918f4cbbfd52480dd3fd6bf4') in 0.0838545 seconds
Number of updated asset objects reloaded before import = 0Number of asset objects unloaded after import = 1

========================================================================
Received Import Request.
  Time since last request: 0.000028 seconds.
  path: Assets/CorgiEngine/Common/Scripts/Environment/MovingPlatformFree.cs
  artifactKey: Guid(1bc543fde93a52840b07629a1fcb1762) Importer(2089858483,192608db42251d675da83286b1cce702)
Start importing Assets/CorgiEngine/Common/Scripts/Environment/MovingPlatformFree.cs using Guid(1bc543fde93a52840b07629a1fcb1762) Importer(2089858483,192608db42251d675da83286b1cce702) (ScriptedImporter) -> (artifact id: 'b5c61c546060bea9dbe37e7d51ffcce6') in 0.0217175 seconds
Number of updated asset objects reloaded before import = 0Number of asset objects unloaded after import = 0

========================================================================
Received Import Request.
  Time since last request: 0.000062 seconds.
  path: Assets/CorgiEngine/Common/Scripts/Environment/Pushable.cs
  artifactKey: Guid(81b0aad1de69d854d8aa796e404c5724) Importer(2089858483,192608db42251d675da83286b1cce702)
Start importing Assets/CorgiEngine/Common/Scripts/Environment/Pushable.cs using Guid(81b0aad1de69d854d8aa796e404c5724) Importer(2089858483,192608db42251d675da83286b1cce702) (ScriptedImporter) -> (artifact id: 'dff1e8bbd229783b34036fa38663cd02') in 0.0197645 seconds
Number of updated asset objects reloaded before import = 0Number of asset objects unloaded after import = 0

========================================================================
Received Import Request.
  Time since last request: 0.000099 seconds.
  path: Assets/CorgiEngine/Common/Scripts/Environment/ButtonActivator.cs
  artifactKey: Guid(70e9c30eea5416b44baad7b261341efd) Importer(2089858483,192608db42251d675da83286b1cce702)
Start importing Assets/CorgiEngine/Common/Scripts/Environment/ButtonActivator.cs using Guid(70e9c30eea5416b44baad7b261341efd) Importer(2089858483,192608db42251d675da83286b1cce702) (ScriptedImporter) -> (artifact id: '7e5a15be9ff49e5523cd542e44161147') in 0.0218174 seconds
Number of updated asset objects reloaded before import = 0Number of asset objects unloaded after import = 0

========================================================================
Received Import Request.
  Time since last request: 0.000056 seconds.
  path: Assets/CorgiEngine/Common/Prefabs/Music/BgMusicUniformMotionThereIsNoWay.prefab
  artifactKey: Guid(62ccb98dc1c9f504c97131ff150ddd65) Importer(2089858483,192608db42251d675da83286b1cce702)
Start importing Assets/CorgiEngine/Common/Prefabs/Music/BgMusicUniformMotionThereIsNoWay.prefab using Guid(62ccb98dc1c9f504c97131ff150ddd65) Importer(2089858483,192608db42251d675da83286b1cce702) (ScriptedImporter) -> (artifact id: 'b68dadfeb8ebf41934af903a474085db') in 0.8347778 seconds
Number of updated asset objects reloaded before import = 0Number of asset objects unloaded after import = 6

========================================================================
Received Import Request.
  Time since last request: 0.000053 seconds.
  path: Assets/CorgiEngine/Common/Prefabs/Sounds/NFF-silent-gun.wav
  artifactKey: Guid(cc7b90ea6688e4985a863f7a9e0713a7) Importer(2089858483,192608db42251d675da83286b1cce702)
Start importing Assets/CorgiEngine/Common/Prefabs/Sounds/NFF-silent-gun.wav using Guid(cc7b90ea6688e4985a863f7a9e0713a7) Importer(2089858483,192608db42251d675da83286b1cce702) (ScriptedImporter) -> (artifact id: '5f4022a3469f097c3a6b213af38f9829') in 0.0967104 seconds
Number of updated asset objects reloaded before import = 0Number of asset objects unloaded after import = 1

========================================================================
Received Import Request.
  Time since last request: 0.000039 seconds.
  path: Assets/CorgiEngine/Common/Prefabs/Sounds/NFF-wobbling-shield.wav
  artifactKey: Guid(b6aa1ddaf50d04005853bcc9d1cf0803) Importer(2089858483,192608db42251d675da83286b1cce702)
Start importing Assets/CorgiEngine/Common/Prefabs/Sounds/NFF-wobbling-shield.wav using Guid(b6aa1ddaf50d04005853bcc9d1cf0803) Importer(2089858483,192608db42251d675da83286b1cce702) (ScriptedImporter) -> (artifact id: 'dcf05a4065aa8dde76f82425e5f595d7') in 0.0732568 seconds
Number of updated asset objects reloaded before import = 0Number of asset objects unloaded after import = 1

========================================================================
Received Import Request.
  Time since last request: 0.000117 seconds.
  path: Assets/CorgiEngine/Common/Prefabs/Sounds/NFF-flapping.wav
  artifactKey: Guid(39f56357d96bb47b09f92fd568acd9b6) Importer(2089858483,192608db42251d675da83286b1cce702)
Start importing Assets/CorgiEngine/Common/Prefabs/Sounds/NFF-flapping.wav using Guid(39f56357d96bb47b09f92fd568acd9b6) Importer(2089858483,192608db42251d675da83286b1cce702) (ScriptedImporter) -> (artifact id: '873a489b0479497a945b646aa5a5ae3b') in 0.093192 seconds
Number of updated asset objects reloaded before import = 0Number of asset objects unloaded after import = 1

========================================================================
Received Import Request.
  Time since last request: 0.000032 seconds.
  path: Assets/CorgiEngine/Common/Scripts/Environment/WallClingingOverride.cs
  artifactKey: Guid(fcaa40dfca4f01a409deb2af85f925d4) Importer(2089858483,192608db42251d675da83286b1cce702)
Start importing Assets/CorgiEngine/Common/Scripts/Environment/WallClingingOverride.cs using Guid(fcaa40dfca4f01a409deb2af85f925d4) Importer(2089858483,192608db42251d675da83286b1cce702) (ScriptedImporter) -> (artifact id: '3ba4b5be5541c11208a188c62499a369') in 0.0292032 seconds
Number of updated asset objects reloaded before import = 0Number of asset objects unloaded after import = 0

========================================================================
Received Import Request.
  Time since last request: 0.000084 seconds.
  path: Assets/CorgiEngine/Common/Resources/Achievements/AchievementList.asset
  artifactKey: Guid(18225175314a9854581d8d6262302958) Importer(2089858483,192608db42251d675da83286b1cce702)
Start importing Assets/CorgiEngine/Common/Resources/Achievements/AchievementList.asset using Guid(18225175314a9854581d8d6262302958) Importer(2089858483,192608db42251d675da83286b1cce702) (ScriptedImporter) -> (artifact id: 'f20cdafe646bb8d013243be4320a54be') in 0.0334713 seconds
Number of updated asset objects reloaded before import = 0Number of asset objects unloaded after import = 7

========================================================================
Received Import Request.
  Time since last request: 0.000024 seconds.
  path: Assets/CorgiEngine/Common/Prefabs/Sounds/NFF-magic-whip.wav
  artifactKey: Guid(33bfd8d4853e6454a86e71f67d84a6f9) Importer(2089858483,192608db42251d675da83286b1cce702)
Start importing Assets/CorgiEngine/Common/Prefabs/Sounds/NFF-magic-whip.wav using Guid(33bfd8d4853e6454a86e71f67d84a6f9) Importer(2089858483,192608db42251d675da83286b1cce702) (ScriptedImporter) -> (artifact id: 'cec9529aec43549e40b0e0b94b3a0acd') in 0.0921753 seconds
Number of updated asset objects reloaded before import = 0Number of asset objects unloaded after import = 1

========================================================================
Received Import Request.
  Time since last request: 0.000041 seconds.
  path: Assets/CorgiEngine/Common/Prefabs/Sounds/NFF-wobbling.wav
  artifactKey: Guid(085b6ade4f94843379a66d3e76002100) Importer(2089858483,192608db42251d675da83286b1cce702)
Start importing Assets/CorgiEngine/Common/Prefabs/Sounds/NFF-wobbling.wav using Guid(085b6ade4f94843379a66d3e76002100) Importer(2089858483,192608db42251d675da83286b1cce702) (ScriptedImporter) -> (artifact id: 'dc8ee5d372f368a2239e6d1b40bec187') in 0.0897825 seconds
Number of updated asset objects reloaded before import = 0Number of asset objects unloaded after import = 1

========================================================================
Received Import Request.
  Time since last request: 0.000107 seconds.
  path: Assets/CorgiEngine/Common/Prefabs/Sounds/NFF-shut-down.wav
  artifactKey: Guid(4271e87a3666f45f5b07e5d7fc4c802a) Importer(2089858483,192608db42251d675da83286b1cce702)
Start importing Assets/CorgiEngine/Common/Prefabs/Sounds/NFF-shut-down.wav using Guid(4271e87a3666f45f5b07e5d7fc4c802a) Importer(2089858483,192608db42251d675da83286b1cce702) (ScriptedImporter) -> (artifact id: 'd6cc37d9cee6d78920140c6356bf5ff2') in 0.0799612 seconds
Number of updated asset objects reloaded before import = 0Number of asset objects unloaded after import = 1

========================================================================
Received Import Request.
  Time since last request: 0.000065 seconds.
  path: Assets/CorgiEngine/Common/Prefabs/Sounds/NFF-gun-miss.wav
  artifactKey: Guid(7a2bdb4db9d4345c3b3bbf28b5009253) Importer(2089858483,192608db42251d675da83286b1cce702)
Start importing Assets/CorgiEngine/Common/Prefabs/Sounds/NFF-gun-miss.wav using Guid(7a2bdb4db9d4345c3b3bbf28b5009253) Importer(2089858483,192608db42251d675da83286b1cce702) (ScriptedImporter) -> (artifact id: '9cfd74df60dbbaecb182580d67ea5fa5') in 0.0823455 seconds
Number of updated asset objects reloaded before import = 0Number of asset objects unloaded after import = 1

========================================================================
Received Import Request.
  Time since last request: 0.000035 seconds.
  path: Assets/CorgiEngine/Common/Scripts/Environment/CharacterDetector.cs
  artifactKey: Guid(def0cd37b9caee54ebc60697f8971a7a) Importer(2089858483,192608db42251d675da83286b1cce702)
Start importing Assets/CorgiEngine/Common/Scripts/Environment/CharacterDetector.cs using Guid(def0cd37b9caee54ebc60697f8971a7a) Importer(2089858483,192608db42251d675da83286b1cce702) (ScriptedImporter) -> (artifact id: '84da1168888c9c7ac4ea1435d13d2a80') in 0.0234817 seconds
Number of updated asset objects reloaded before import = 0Number of asset objects unloaded after import = 0

========================================================================
Received Import Request.
  Time since last request: 1.029687 seconds.
  path: Assets/CorgiEngine/Common/Scripts/GUI/HipsterGUI.cs
  artifactKey: Guid(cc993cb614b0cd64fb5cb7fe97131944) Importer(2089858483,192608db42251d675da83286b1cce702)
Start importing Assets/CorgiEngine/Common/Scripts/GUI/HipsterGUI.cs using Guid(cc993cb614b0cd64fb5cb7fe97131944) Importer(2089858483,192608db42251d675da83286b1cce702) (ScriptedImporter) -> (artifact id: '541da57b10eb8022fd4a4fb3c86f15bd') in 0.0220198 seconds
Number of updated asset objects reloaded before import = 0Number of asset objects unloaded after import = 0

========================================================================
Received Import Request.
  Time since last request: 0.000081 seconds.
  path: Assets/CorgiEngine/Demos/Corgi3D/Materials/4x1Grey.mat
  artifactKey: Guid(d0b0a6417afed624abdca8d13de329b7) Importer(2089858483,192608db42251d675da83286b1cce702)
Start importing Assets/CorgiEngine/Demos/Corgi3D/Materials/4x1Grey.mat using Guid(d0b0a6417afed624abdca8d13de329b7) Importer(2089858483,192608db42251d675da83286b1cce702) (ScriptedImporter) -> (artifact id: '8dd70edfaa065111b4747aafe9c62d7c') in 0.0306685 seconds
Number of updated asset objects reloaded before import = 0Number of asset objects unloaded after import = 3

========================================================================
Received Import Request.
  Time since last request: 0.000036 seconds.
  path: Assets/CorgiEngine/Demos/Corgi3D/Materials/HalfYellow.mat
  artifactKey: Guid(20f5e324363bfb54ab2de1e537774d2e) Importer(2089858483,192608db42251d675da83286b1cce702)
Start importing Assets/CorgiEngine/Demos/Corgi3D/Materials/HalfYellow.mat using Guid(20f5e324363bfb54ab2de1e537774d2e) Importer(2089858483,192608db42251d675da83286b1cce702) (ScriptedImporter) -> (artifact id: '148b6a4dbf3e226ad8d87355f2709a85') in 0.0363503 seconds
Number of updated asset objects reloaded before import = 0Number of asset objects unloaded after import = 3

========================================================================
Received Import Request.
  Time since last request: 0.000027 seconds.
  path: Assets/CorgiEngine/Common/Scripts/Managers/CorgiMonoBehaviour.cs
  artifactKey: Guid(b8c738c5c58cf9343b3acbd23912dcc1) Importer(2089858483,192608db42251d675da83286b1cce702)
Start importing Assets/CorgiEngine/Common/Scripts/Managers/CorgiMonoBehaviour.cs using Guid(b8c738c5c58cf9343b3acbd23912dcc1) Importer(2089858483,192608db42251d675da83286b1cce702) (ScriptedImporter) -> (artifact id: '73de723780ff13941337a7f8d43b19f4') in 0.025734 seconds
Number of updated asset objects reloaded before import = 0Number of asset objects unloaded after import = 0

========================================================================
Received Import Request.
  Time since last request: 0.000026 seconds.
  path: Assets/CorgiEngine/Demos/Corgi3D/Materials/1x1Yellow.mat
  artifactKey: Guid(0a2d28dbef8d2403e9e53711bea863c9) Importer(2089858483,192608db42251d675da83286b1cce702)
Start importing Assets/CorgiEngine/Demos/Corgi3D/Materials/1x1Yellow.mat using Guid(0a2d28dbef8d2403e9e53711bea863c9) Importer(2089858483,192608db42251d675da83286b1cce702) (ScriptedImporter) -> (artifact id: 'b49f12a447eead06693a0add19b844b5') in 0.032712 seconds
Number of updated asset objects reloaded before import = 0Number of asset objects unloaded after import = 3

========================================================================
Received Import Request.
  Time since last request: 0.000039 seconds.
  path: Assets/CorgiEngine/Common/Scripts/Items/PickableJetpack.cs
  artifactKey: Guid(5828fc57db976334898bcf30ae16c877) Importer(2089858483,192608db42251d675da83286b1cce702)
Start importing Assets/CorgiEngine/Common/Scripts/Items/PickableJetpack.cs using Guid(5828fc57db976334898bcf30ae16c877) Importer(2089858483,192608db42251d675da83286b1cce702) (ScriptedImporter) -> (artifact id: '73db2ea58c2fbbcb20d00c4cb47180e1') in 0.0243286 seconds
Number of updated asset objects reloaded before import = 0Number of asset objects unloaded after import = 0

========================================================================
Received Import Request.
  Time since last request: 0.000024 seconds.
  path: Assets/CorgiEngine/Demos/Corgi2D/Materials/playerShell.mat
  artifactKey: Guid(36059a6b5a5000a469004894f2d1d69e) Importer(2089858483,192608db42251d675da83286b1cce702)
Start importing Assets/CorgiEngine/Demos/Corgi2D/Materials/playerShell.mat using Guid(36059a6b5a5000a469004894f2d1d69e) Importer(2089858483,192608db42251d675da83286b1cce702) (ScriptedImporter) -> (artifact id: 'f5002561986e5a58eb16df4cbf6f7401') in 0.0209642 seconds
Number of updated asset objects reloaded before import = 0Number of asset objects unloaded after import = 2

========================================================================
Received Import Request.
  Time since last request: 0.000040 seconds.
  path: Assets/CorgiEngine/Common/Scripts/Items/PickableWeapon.cs
  artifactKey: Guid(5a57209c136fe49c7877bef014f22ff4) Importer(2089858483,192608db42251d675da83286b1cce702)
Start importing Assets/CorgiEngine/Common/Scripts/Items/PickableWeapon.cs using Guid(5a57209c136fe49c7877bef014f22ff4) Importer(2089858483,192608db42251d675da83286b1cce702) (ScriptedImporter) -> (artifact id: 'b3ebaf9c5bfd4c6d7c4070782985253c') in 0.0213377 seconds
Number of updated asset objects reloaded before import = 0Number of asset objects unloaded after import = 0

========================================================================
Received Import Request.
  Time since last request: 0.000044 seconds.
  path: Assets/CorgiEngine/Demos/Corgi2D/Materials/Bubble.mat
  artifactKey: Guid(b9ff322989d8f0043b645ae70bd174e9) Importer(2089858483,192608db42251d675da83286b1cce702)
Start importing Assets/CorgiEngine/Demos/Corgi2D/Materials/Bubble.mat using Guid(b9ff322989d8f0043b645ae70bd174e9) Importer(2089858483,192608db42251d675da83286b1cce702) (ScriptedImporter) -> (artifact id: '7398e950329a927d893e82e0fd1548a5') in 0.0256449 seconds
Number of updated asset objects reloaded before import = 0Number of asset objects unloaded after import = 2

========================================================================
Received Import Request.
  Time since last request: 0.000019 seconds.
  path: Assets/CorgiEngine/Common/Scripts/Spawn/CheckPoint.cs
  artifactKey: Guid(923a01d66c4618446abb082250646478) Importer(2089858483,192608db42251d675da83286b1cce702)
Start importing Assets/CorgiEngine/Common/Scripts/Spawn/CheckPoint.cs using Guid(923a01d66c4618446abb082250646478) Importer(2089858483,192608db42251d675da83286b1cce702) (ScriptedImporter) -> (artifact id: 'd71135e2e7900ced1112761320bd411f') in 0.0220068 seconds
Number of updated asset objects reloaded before import = 0Number of asset objects unloaded after import = 0

========================================================================
Received Import Request.
  Time since last request: 0.000093 seconds.
  path: Assets/CorgiEngine/Common/Scripts/InventoryEngineItems/InventoryEngineTimeModifier.cs
  artifactKey: Guid(a30f963c03d76af4fb2e2d8e92e4e720) Importer(2089858483,192608db42251d675da83286b1cce702)
Start importing Assets/CorgiEngine/Common/Scripts/InventoryEngineItems/InventoryEngineTimeModifier.cs using Guid(a30f963c03d76af4fb2e2d8e92e4e720) Importer(2089858483,192608db42251d675da83286b1cce702) (ScriptedImporter) -> (artifact id: '5a2c6cf0a5a9806e2f79009fa9b3c458') in 0.0220273 seconds
Number of updated asset objects reloaded before import = 0Number of asset objects unloaded after import = 0

========================================================================
Received Import Request.
  Time since last request: 0.000028 seconds.
  path: Assets/CorgiEngine/Common/Scripts/Items/InventoryPickableItem.cs
  artifactKey: Guid(c2d96dc71d76c4e2ab8eb19d92d40d5f) Importer(2089858483,192608db42251d675da83286b1cce702)
Start importing Assets/CorgiEngine/Common/Scripts/Items/InventoryPickableItem.cs using Guid(c2d96dc71d76c4e2ab8eb19d92d40d5f) Importer(2089858483,192608db42251d675da83286b1cce702) (ScriptedImporter) -> (artifact id: '5beaa077d8b75987426ddc65948f5567') in 0.0241711 seconds
Number of updated asset objects reloaded before import = 0Number of asset objects unloaded after import = 0

========================================================================
Received Import Request.
  Time since last request: 0.000018 seconds.
  path: Assets/CorgiEngine/Common/Sprites/GUI/buttons.png
  artifactKey: Guid(904a60f865891d74ca9a42381f907490) Importer(2089858483,192608db42251d675da83286b1cce702)
Start importing Assets/CorgiEngine/Common/Sprites/GUI/buttons.png using Guid(904a60f865891d74ca9a42381f907490) Importer(2089858483,192608db42251d675da83286b1cce702) (ScriptedImporter) -> (artifact id: '598ef891c4ac60f90d37c0a4ab881efb') in 0.1381644 seconds
Number of updated asset objects reloaded before import = 0Number of asset objects unloaded after import = 7

========================================================================
Received Import Request.
  Time since last request: 0.000029 seconds.
  path: Assets/CorgiEngine/Common/Scripts/Spawn/CharacterSelector.cs
  artifactKey: Guid(2701765792775de48a44254406e11096) Importer(2089858483,192608db42251d675da83286b1cce702)
Start importing Assets/CorgiEngine/Common/Scripts/Spawn/CharacterSelector.cs using Guid(2701765792775de48a44254406e11096) Importer(2089858483,192608db42251d675da83286b1cce702) (ScriptedImporter) -> (artifact id: '55454d35cf56a56e32d72dc7b5678062') in 0.0210009 seconds
Number of updated asset objects reloaded before import = 0Number of asset objects unloaded after import = 0

========================================================================
Received Import Request.
  Time since last request: 0.000039 seconds.
  path: Assets/CorgiEngine/Common/Sprites/GUI/white-1x1.png
  artifactKey: Guid(aab7a2a17dd28b04899e817f7db9a189) Importer(2089858483,192608db42251d675da83286b1cce702)
Start importing Assets/CorgiEngine/Common/Sprites/GUI/white-1x1.png using Guid(aab7a2a17dd28b04899e817f7db9a189) Importer(2089858483,192608db42251d675da83286b1cce702) (ScriptedImporter) -> (artifact id: '163747437d4c4c105abaf773a6ccf58d') in 0.0408404 seconds
Number of updated asset objects reloaded before import = 0Number of asset objects unloaded after import = 3

========================================================================
Received Import Request.
  Time since last request: 0.000027 seconds.
  path: Assets/CorgiEngine/Demos/Corgi3D/Materials/Corgi3DJumper.mat
  artifactKey: Guid(ba769282b6765f14a9780439425f0a46) Importer(2089858483,192608db42251d675da83286b1cce702)
Start importing Assets/CorgiEngine/Demos/Corgi3D/Materials/Corgi3DJumper.mat using Guid(ba769282b6765f14a9780439425f0a46) Importer(2089858483,192608db42251d675da83286b1cce702) (ScriptedImporter) -> (artifact id: '31a86cbd42cd18ba720e4d400df5e546') in 0.071247 seconds
Number of updated asset objects reloaded before import = 0Number of asset objects unloaded after import = 3

========================================================================
Received Import Request.
  Time since last request: 0.000024 seconds.
  path: Assets/CorgiEngine/Common/ScriptsCinemachine/Camera/CorgiCinemachineZone.cs
  artifactKey: Guid(02f4821fc7ae3dd4385583423eab6b9f) Importer(2089858483,192608db42251d675da83286b1cce702)
Start importing Assets/CorgiEngine/Common/ScriptsCinemachine/Camera/CorgiCinemachineZone.cs using Guid(02f4821fc7ae3dd4385583423eab6b9f) Importer(2089858483,192608db42251d675da83286b1cce702) (ScriptedImporter) -> (artifact id: 'de96992ca5fbce5310a386e673f67d6a') in 0.0232797 seconds
Number of updated asset objects reloaded before import = 0Number of asset objects unloaded after import = 0

========================================================================
Received Import Request.
  Time since last request: 0.000029 seconds.
  path: Assets/CorgiEngine/Common/Scripts/InventoryEngineItems/InventoryEngineChest.cs
  artifactKey: Guid(86cb8dc2c8f0ec14b8c5f892469ac669) Importer(2089858483,192608db42251d675da83286b1cce702)
Start importing Assets/CorgiEngine/Common/Scripts/InventoryEngineItems/InventoryEngineChest.cs using Guid(86cb8dc2c8f0ec14b8c5f892469ac669) Importer(2089858483,192608db42251d675da83286b1cce702) (ScriptedImporter) -> (artifact id: '5456b2ae256ec617657a0e8033f18b5c') in 0.0255159 seconds
Number of updated asset objects reloaded before import = 0Number of asset objects unloaded after import = 0

========================================================================
Received Import Request.
  Time since last request: 0.000050 seconds.
  path: Assets/CorgiEngine/Common/Sprites/GUI/InventoryEngineLogo.png
  artifactKey: Guid(8253871584bc2c547a24d74f60c1195f) Importer(2089858483,192608db42251d675da83286b1cce702)
Start importing Assets/CorgiEngine/Common/Sprites/GUI/InventoryEngineLogo.png using Guid(8253871584bc2c547a24d74f60c1195f) Importer(2089858483,192608db42251d675da83286b1cce702) (ScriptedImporter) -> (artifact id: '49d1a947ffe020cf2072761b4a6ed1c1') in 0.0613769 seconds
Number of updated asset objects reloaded before import = 0Number of asset objects unloaded after import = 3

========================================================================
Received Import Request.
  Time since last request: 0.000031 seconds.
  path: Assets/CorgiEngine/Demos/Corgi3D/Materials/HalfGrey.mat
  artifactKey: Guid(45290f1ea6039db448715d5fa29f2101) Importer(2089858483,192608db42251d675da83286b1cce702)
Start importing Assets/CorgiEngine/Demos/Corgi3D/Materials/HalfGrey.mat using Guid(45290f1ea6039db448715d5fa29f2101) Importer(2089858483,192608db42251d675da83286b1cce702) (ScriptedImporter) -> (artifact id: 'ef8787af55884d575c17f021ca3862f4') in 0.030169 seconds
Number of updated asset objects reloaded before import = 0Number of asset objects unloaded after import = 3

========================================================================
Received Import Request.
  Time since last request: 0.000031 seconds.
  path: Assets/CorgiEngine/Demos/Corgi2D/Materials/movingPlatformParticle.mat
  artifactKey: Guid(6700829f87b1ac744af5e3ef29df2c12) Importer(2089858483,192608db42251d675da83286b1cce702)
Start importing Assets/CorgiEngine/Demos/Corgi2D/Materials/movingPlatformParticle.mat using Guid(6700829f87b1ac744af5e3ef29df2c12) Importer(2089858483,192608db42251d675da83286b1cce702) (ScriptedImporter) -> (artifact id: '922ddd3e311dcf43bed960784c77610a') in 0.0287807 seconds
Number of updated asset objects reloaded before import = 0Number of asset objects unloaded after import = 2

========================================================================
Received Import Request.
  Time since last request: 0.000018 seconds.
  path: Assets/CorgiEngine/Common/Scripts/Items/TimeModifier.cs
  artifactKey: Guid(651eec9ea38594ca6a66afdd74802699) Importer(2089858483,192608db42251d675da83286b1cce702)
Start importing Assets/CorgiEngine/Common/Scripts/Items/TimeModifier.cs using Guid(651eec9ea38594ca6a66afdd74802699) Importer(2089858483,192608db42251d675da83286b1cce702) (ScriptedImporter) -> (artifact id: '682e3598147667ac73e46adf30b279dc') in 0.0206027 seconds
Number of updated asset objects reloaded before import = 0Number of asset objects unloaded after import = 0

========================================================================
Received Import Request.
  Time since last request: 0.000036 seconds.
  path: Assets/CorgiEngine/Common/Scripts/Spawn/AutoRespawn.cs
  artifactKey: Guid(df1508296b0904b1ba069c225eb6482a) Importer(2089858483,192608db42251d675da83286b1cce702)
Start importing Assets/CorgiEngine/Common/Scripts/Spawn/AutoRespawn.cs using Guid(df1508296b0904b1ba069c225eb6482a) Importer(2089858483,192608db42251d675da83286b1cce702) (ScriptedImporter) -> (artifact id: '27c76f2f57f36dd2eecf283c8513cb4d') in 0.0211022 seconds
Number of updated asset objects reloaded before import = 0Number of asset objects unloaded after import = 0

========================================================================
Received Import Request.
  Time since last request: 0.000059 seconds.
  path: Assets/CorgiEngine/Demos/Corgi3D/Materials/2x1Yellow.mat
  artifactKey: Guid(dd188e51a0f3e904d99787304d83bf43) Importer(2089858483,192608db42251d675da83286b1cce702)
Start importing Assets/CorgiEngine/Demos/Corgi3D/Materials/2x1Yellow.mat using Guid(dd188e51a0f3e904d99787304d83bf43) Importer(2089858483,192608db42251d675da83286b1cce702) (ScriptedImporter) -> (artifact id: '0de1f1fb03830da271b8e5f175689e36') in 0.0325974 seconds
Number of updated asset objects reloaded before import = 0Number of asset objects unloaded after import = 3

========================================================================
Received Import Request.
  Time since last request: 0.000026 seconds.
  path: Assets/CorgiEngine/Common/Scripts/Sound/BackgroundMusic.cs
  artifactKey: Guid(50dfe57b03522e148b2bd9f2b37504bd) Importer(2089858483,192608db42251d675da83286b1cce702)
Start importing Assets/CorgiEngine/Common/Scripts/Sound/BackgroundMusic.cs using Guid(50dfe57b03522e148b2bd9f2b37504bd) Importer(2089858483,192608db42251d675da83286b1cce702) (ScriptedImporter) -> (artifact id: '3dd7e77b0b6228d40bfad7ae39f70b2c') in 0.0209812 seconds
Number of updated asset objects reloaded before import = 0Number of asset objects unloaded after import = 0

========================================================================
Received Import Request.
  Time since last request: 0.000057 seconds.
  path: Assets/CorgiEngine/Common/Scripts/Sprites/MMSpriteMask.cs
  artifactKey: Guid(01a2bcf17aa0b50499d79ebdba1f60ed) Importer(2089858483,192608db42251d675da83286b1cce702)
Start importing Assets/CorgiEngine/Common/Scripts/Sprites/MMSpriteMask.cs using Guid(01a2bcf17aa0b50499d79ebdba1f60ed) Importer(2089858483,192608db42251d675da83286b1cce702) (ScriptedImporter) -> (artifact id: '381681f248be7190dceefbf1dbff2863') in 0.0222666 seconds
Number of updated asset objects reloaded before import = 0Number of asset objects unloaded after import = 0

========================================================================
Received Import Request.
  Time since last request: 0.000052 seconds.
  path: Assets/CorgiEngine/Demos/Corgi3D/Animations/threeD-climbingMove.anim
  artifactKey: Guid(f8295af567099d54e9464eed91420a94) Importer(2089858483,192608db42251d675da83286b1cce702)
Start importing Assets/CorgiEngine/Demos/Corgi3D/Animations/threeD-climbingMove.anim using Guid(f8295af567099d54e9464eed91420a94) Importer(2089858483,192608db42251d675da83286b1cce702) (ScriptedImporter) -> (artifact id: '61820afe528c888b49b25cbb2a007ef8') in 0.0280733 seconds
Number of updated asset objects reloaded before import = 0Number of asset objects unloaded after import = 1

========================================================================
Received Import Request.
  Time since last request: 0.000108 seconds.
  path: Assets/CorgiEngine/Common/Sprites/GUI/NiceTouchLogo.png
  artifactKey: Guid(f4fe7dff5bbcdf745b5c1d901e166641) Importer(2089858483,192608db42251d675da83286b1cce702)
Start importing Assets/CorgiEngine/Common/Sprites/GUI/NiceTouchLogo.png using Guid(f4fe7dff5bbcdf745b5c1d901e166641) Importer(2089858483,192608db42251d675da83286b1cce702) (ScriptedImporter) -> (artifact id: 'f628567b0dfae3accb170a44acd6285c') in 0.0582859 seconds
Number of updated asset objects reloaded before import = 0Number of asset objects unloaded after import = 3

========================================================================
Received Import Request.
  Time since last request: 0.000039 seconds.
  path: Assets/CorgiEngine/Demos/Corgi3D/Materials/1x1LightGrey.mat
  artifactKey: Guid(c4c5e24cb2c884f918709a952e980e79) Importer(2089858483,192608db42251d675da83286b1cce702)
Start importing Assets/CorgiEngine/Demos/Corgi3D/Materials/1x1LightGrey.mat using Guid(c4c5e24cb2c884f918709a952e980e79) Importer(2089858483,192608db42251d675da83286b1cce702) (ScriptedImporter) -> (artifact id: '437f183d9c5248c02b90b196e4cac41e') in 0.0473896 seconds
Number of updated asset objects reloaded before import = 0Number of asset objects unloaded after import = 3

========================================================================
Received Import Request.
  Time since last request: 0.000033 seconds.
  path: Assets/CorgiEngine/Common/Scripts/Items/PickableAction.cs
  artifactKey: Guid(3bf5091b1befa4340a49c97dbaf31609) Importer(2089858483,192608db42251d675da83286b1cce702)
Start importing Assets/CorgiEngine/Common/Scripts/Items/PickableAction.cs using Guid(3bf5091b1befa4340a49c97dbaf31609) Importer(2089858483,192608db42251d675da83286b1cce702) (ScriptedImporter) -> (artifact id: 'a4ee8de6349e15d1d723fb004a193497') in 0.0210371 seconds
Number of updated asset objects reloaded before import = 0Number of asset objects unloaded after import = 0

========================================================================
Received Import Request.
  Time since last request: 0.000025 seconds.
  path: Assets/CorgiEngine/Demos/Corgi3D/Materials/4x1Blue.mat
  artifactKey: Guid(fec139e6f9ae9e841917a13812463c79) Importer(2089858483,192608db42251d675da83286b1cce702)
Start importing Assets/CorgiEngine/Demos/Corgi3D/Materials/4x1Blue.mat using Guid(fec139e6f9ae9e841917a13812463c79) Importer(2089858483,192608db42251d675da83286b1cce702) (ScriptedImporter) -> (artifact id: 'c46a0eccf153c9b1c9d537fe397905fa') in 0.0439991 seconds
Number of updated asset objects reloaded before import = 0Number of asset objects unloaded after import = 3

========================================================================
Received Import Request.
  Time since last request: 0.000031 seconds.
  path: Assets/CorgiEngine/Common/ScriptsCinemachine/Camera/CinemachineAxisLocker.cs
  artifactKey: Guid(efa67944408880c4797c63b953ac9537) Importer(2089858483,192608db42251d675da83286b1cce702)
Start importing Assets/CorgiEngine/Common/ScriptsCinemachine/Camera/CinemachineAxisLocker.cs using Guid(efa67944408880c4797c63b953ac9537) Importer(2089858483,192608db42251d675da83286b1cce702) (ScriptedImporter) -> (artifact id: '4b31ad9ac8263985dffd80ee289af5ab') in 0.0260145 seconds
Number of updated asset objects reloaded before import = 0Number of asset objects unloaded after import = 0

========================================================================
Received Import Request.
  Time since last request: 0.000028 seconds.
  path: Assets/CorgiEngine/Common/Scripts/Spawn/GoToLevelEntryPoint.cs
  artifactKey: Guid(af899fbe95055ab49a90ef907eef6f12) Importer(2089858483,192608db42251d675da83286b1cce702)
Start importing Assets/CorgiEngine/Common/Scripts/Spawn/GoToLevelEntryPoint.cs using Guid(af899fbe95055ab49a90ef907eef6f12) Importer(2089858483,192608db42251d675da83286b1cce702) (ScriptedImporter) -> (artifact id: '0d09cbd5618091319baed0807d2451c5') in 0.0306257 seconds
Number of updated asset objects reloaded before import = 0Number of asset objects unloaded after import = 0

========================================================================
Received Import Request.
  Time since last request: 0.000051 seconds.
  path: Assets/CorgiEngine/Common/ScriptsInputSystem/Scripts/InputSystemManager.cs
  artifactKey: Guid(266fc2237c84669498e61feb6ee377f5) Importer(2089858483,192608db42251d675da83286b1cce702)
Start importing Assets/CorgiEngine/Common/ScriptsInputSystem/Scripts/InputSystemManager.cs using Guid(266fc2237c84669498e61feb6ee377f5) Importer(2089858483,192608db42251d675da83286b1cce702) (ScriptedImporter) -> (artifact id: '77f0459bb45ba73b00f07393c4b5cf59') in 0.0190872 seconds
Number of updated asset objects reloaded before import = 0Number of asset objects unloaded after import = 0

========================================================================
Received Import Request.
  Time since last request: 0.000070 seconds.
  path: Assets/CorgiEngine/Common/Scripts/Items/PickableOneUp.cs
  artifactKey: Guid(dd30c8c9a561b114aabf565e73d6a853) Importer(2089858483,192608db42251d675da83286b1cce702)
Start importing Assets/CorgiEngine/Common/Scripts/Items/PickableOneUp.cs using Guid(dd30c8c9a561b114aabf565e73d6a853) Importer(2089858483,192608db42251d675da83286b1cce702) (ScriptedImporter) -> (artifact id: '7ff3a7165908487b5f2123fca333f614') in 0.0229349 seconds
Number of updated asset objects reloaded before import = 0Number of asset objects unloaded after import = 0

========================================================================
Received Import Request.
  Time since last request: 0.000059 seconds.
  path: Assets/CorgiEngine/Demos/Corgi2D/Materials/BubbleBlue.mat
  artifactKey: Guid(20e8a0fa6dce64c44a2bb6b8bce05426) Importer(2089858483,192608db42251d675da83286b1cce702)
Start importing Assets/CorgiEngine/Demos/Corgi2D/Materials/BubbleBlue.mat using Guid(20e8a0fa6dce64c44a2bb6b8bce05426) Importer(2089858483,192608db42251d675da83286b1cce702) (ScriptedImporter) -> (artifact id: 'cb060b93991035ecc8b15f45a961e879') in 0.0290856 seconds
Number of updated asset objects reloaded before import = 0Number of asset objects unloaded after import = 2

========================================================================
Received Import Request.
  Time since last request: 0.000027 seconds.
  path: Assets/CorgiEngine/Common/Scripts/InventoryEngineItems/InventoryEngineWeapon.cs
  artifactKey: Guid(16f005fbcfc61684c82bf819bce9d63b) Importer(2089858483,192608db42251d675da83286b1cce702)
Start importing Assets/CorgiEngine/Common/Scripts/InventoryEngineItems/InventoryEngineWeapon.cs using Guid(16f005fbcfc61684c82bf819bce9d63b) Importer(2089858483,192608db42251d675da83286b1cce702) (ScriptedImporter) -> (artifact id: 'a5f8a2f728d45d7536f08d7e70828667') in 0.020006 seconds
Number of updated asset objects reloaded before import = 0Number of asset objects unloaded after import = 0

========================================================================
Received Import Request.
  Time since last request: 0.000035 seconds.
  path: Assets/CorgiEngine/Demos/Corgi2D/Materials/urchinParticle.mat
  artifactKey: Guid(aac1d5583065e884ba7da32c4e6144ca) Importer(2089858483,192608db42251d675da83286b1cce702)
Start importing Assets/CorgiEngine/Demos/Corgi2D/Materials/urchinParticle.mat using Guid(aac1d5583065e884ba7da32c4e6144ca) Importer(2089858483,192608db42251d675da83286b1cce702) (ScriptedImporter) -> (artifact id: '4e2e4df28bf94b4a12e77fb8fcff035a') in 0.0202018 seconds
Number of updated asset objects reloaded before import = 0Number of asset objects unloaded after import = 2

========================================================================
Received Import Request.
  Time since last request: 1.758610 seconds.
  path: Assets/CorgiEngine/Demos/Corgi3D/Models/Corgi3DCloud.fbx
  artifactKey: Guid(7c5376e35645f214a8b7c8c25b2e6e49) Importer(2089858483,192608db42251d675da83286b1cce702)
Start importing Assets/CorgiEngine/Demos/Corgi3D/Models/Corgi3DCloud.fbx using Guid(7c5376e35645f214a8b7c8c25b2e6e49) Importer(2089858483,192608db42251d675da83286b1cce702) (ScriptedImporter) -> (artifact id: '18bfde7df839ddb6e965e67394de8ee1') in 0.132641 seconds
Number of updated asset objects reloaded before import = 0Number of asset objects unloaded after import = 8

========================================================================
Received Import Request.
  Time since last request: 0.000036 seconds.
  path: Assets/CorgiEngine/Demos/Minimal/Animations/RectangleDive.anim
  artifactKey: Guid(bf6c24ed70b4f3f43b1065c5280b8de9) Importer(2089858483,192608db42251d675da83286b1cce702)
Start importing Assets/CorgiEngine/Demos/Minimal/Animations/RectangleDive.anim using Guid(bf6c24ed70b4f3f43b1065c5280b8de9) Importer(2089858483,192608db42251d675da83286b1cce702) (ScriptedImporter) -> (artifact id: '1fd373433bdc173f9c5179776a6312bc') in 0.0254239 seconds
Number of updated asset objects reloaded before import = 0Number of asset objects unloaded after import = 1

========================================================================
Received Import Request.
  Time since last request: 0.000031 seconds.
  path: Assets/CorgiEngine/Demos/Minimal/JumpBlendTree/RectangleJump6.anim
  artifactKey: Guid(f3aca2d37a719f54895e7d9a27e428cf) Importer(2089858483,192608db42251d675da83286b1cce702)
Start importing Assets/CorgiEngine/Demos/Minimal/JumpBlendTree/RectangleJump6.anim using Guid(f3aca2d37a719f54895e7d9a27e428cf) Importer(2089858483,192608db42251d675da83286b1cce702) (ScriptedImporter) -> (artifact id: '5758cf57bcc886647e6d231e2dd895ed') in 0.0229997 seconds
Number of updated asset objects reloaded before import = 0Number of asset objects unloaded after import = 1

========================================================================
Received Import Request.
  Time since last request: 0.000026 seconds.
  path: Assets/CorgiEngine/Demos/Corgi3D/Textures/Corgi3DWhite.png
  artifactKey: Guid(e7c22d3c4e4960d42b9041f42cc5f0e7) Importer(2089858483,192608db42251d675da83286b1cce702)
Start importing Assets/CorgiEngine/Demos/Corgi3D/Textures/Corgi3DWhite.png using Guid(e7c22d3c4e4960d42b9041f42cc5f0e7) Importer(2089858483,192608db42251d675da83286b1cce702) (ScriptedImporter) -> (artifact id: '88066ac7c5ca4b774fa86c6b5beb22ef') in 0.0446997 seconds
Number of updated asset objects reloaded before import = 0Number of asset objects unloaded after import = 3

========================================================================
Received Import Request.
  Time since last request: 0.000019 seconds.
  path: Assets/CorgiEngine/Demos/LevelSelection/Sprites/level-map-newCorgi3D.png
  artifactKey: Guid(be3bf3ef6c086194d863fca453a2940e) Importer(2089858483,192608db42251d675da83286b1cce702)
Start importing Assets/CorgiEngine/Demos/LevelSelection/Sprites/level-map-newCorgi3D.png using Guid(be3bf3ef6c086194d863fca453a2940e) Importer(2089858483,192608db42251d675da83286b1cce702) (ScriptedImporter) -> (artifact id: 'b8fc9694769ddd4bb0765b4ac4052ee1') in 0.0661097 seconds
Number of updated asset objects reloaded before import = 0Number of asset objects unloaded after import = 3

========================================================================
Received Import Request.
  Time since last request: 0.000020 seconds.
  path: Assets/CorgiEngine/Demos/Minimal/Animations/RectangleDangling.anim
  artifactKey: Guid(c07a8bb6f56342b43a5fc52974619244) Importer(2089858483,192608db42251d675da83286b1cce702)
Start importing Assets/CorgiEngine/Demos/Minimal/Animations/RectangleDangling.anim using Guid(c07a8bb6f56342b43a5fc52974619244) Importer(2089858483,192608db42251d675da83286b1cce702) (ScriptedImporter) -> (artifact id: '95fe758386007c869e694017ae102c7a') in 0.0228933 seconds
Number of updated asset objects reloaded before import = 0Number of asset objects unloaded after import = 1

========================================================================
Received Import Request.
  Time since last request: 0.000105 seconds.
  path: Assets/CorgiEngine/Demos/Minimal/Data/Poison.asset
  artifactKey: Guid(92be3ef4141191e4398903bc3d6043ab) Importer(2089858483,192608db42251d675da83286b1cce702)
Start importing Assets/CorgiEngine/Demos/Minimal/Data/Poison.asset using Guid(92be3ef4141191e4398903bc3d6043ab) Importer(2089858483,192608db42251d675da83286b1cce702) (ScriptedImporter) -> (artifact id: '07f8ef465f5af5087ff4db2671791275') in 0.0217678 seconds
Number of updated asset objects reloaded before import = 0Number of asset objects unloaded after import = 1

========================================================================
Received Import Request.
  Time since last request: 0.000055 seconds.
  path: Assets/CorgiEngine/Demos/Retro/Animations/RetroCorgiDead.anim
  artifactKey: Guid(c98da332aad9d495d869107d231b0ce9) Importer(2089858483,192608db42251d675da83286b1cce702)
Start importing Assets/CorgiEngine/Demos/Retro/Animations/RetroCorgiDead.anim using Guid(c98da332aad9d495d869107d231b0ce9) Importer(2089858483,192608db42251d675da83286b1cce702) (ScriptedImporter) -> (artifact id: '8d9bcbb0b5351fc33bf1152bd3f8b53c') in 0.0309203 seconds
Number of updated asset objects reloaded before import = 0Number of asset objects unloaded after import = 1

========================================================================
Received Import Request.
  Time since last request: 0.000022 seconds.
  path: Assets/CorgiEngine/Demos/LevelSelection/Sprites/level-map-retroCopter.png
  artifactKey: Guid(25920f6705f3c7941878b56c0bc91fe3) Importer(2089858483,192608db42251d675da83286b1cce702)
Start importing Assets/CorgiEngine/Demos/LevelSelection/Sprites/level-map-retroCopter.png using Guid(25920f6705f3c7941878b56c0bc91fe3) Importer(2089858483,192608db42251d675da83286b1cce702) (ScriptedImporter) -> (artifact id: 'ba6605774d7bb877024be803d42eac37') in 0.0656061 seconds
Number of updated asset objects reloaded before import = 0Number of asset objects unloaded after import = 3

========================================================================
Received Import Request.
  Time since last request: 0.000045 seconds.
  path: Assets/CorgiEngine/Demos/LevelSelection/Sprites/level-map-minimal-1way-autoscroll.png
  artifactKey: Guid(0850b45fee52cc647a08852210303632) Importer(2089858483,192608db42251d675da83286b1cce702)
Start importing Assets/CorgiEngine/Demos/LevelSelection/Sprites/level-map-minimal-1way-autoscroll.png using Guid(0850b45fee52cc647a08852210303632) Importer(2089858483,192608db42251d675da83286b1cce702) (ScriptedImporter) -> (artifact id: '24327782b2471ba06bca88cd43b0ed8f') in 0.0652826 seconds
Number of updated asset objects reloaded before import = 0Number of asset objects unloaded after import = 3

========================================================================
Received Import Request.
  Time since last request: 0.000024 seconds.
  path: Assets/CorgiEngine/Demos/Retro/Animations/RetroCorgiCrouch.anim
  artifactKey: Guid(95eea227426c74874ae6d794fcee604a) Importer(2089858483,192608db42251d675da83286b1cce702)
Start importing Assets/CorgiEngine/Demos/Retro/Animations/RetroCorgiCrouch.anim using Guid(95eea227426c74874ae6d794fcee604a) Importer(2089858483,192608db42251d675da83286b1cce702) (ScriptedImporter) -> (artifact id: '13eb6e774c91af9cc4fceceaade193fa') in 0.0300589 seconds
Number of updated asset objects reloaded before import = 0Number of asset objects unloaded after import = 1

========================================================================
Received Import Request.
  Time since last request: 0.000024 seconds.
  path: Assets/CorgiEngine/Demos/Minimal/JumpBlendTree/RectangleJump11.anim
  artifactKey: Guid(c55ec424e8d1af548b7cdc933b7b4973) Importer(2089858483,192608db42251d675da83286b1cce702)
Start importing Assets/CorgiEngine/Demos/Minimal/JumpBlendTree/RectangleJump11.anim using Guid(c55ec424e8d1af548b7cdc933b7b4973) Importer(2089858483,192608db42251d675da83286b1cce702) (ScriptedImporter) -> (artifact id: 'c607c00c4750536f2ec400ca4dc6fa88') in 0.0238137 seconds
Number of updated asset objects reloaded before import = 0Number of asset objects unloaded after import = 1

========================================================================
Received Import Request.
  Time since last request: 0.000081 seconds.
  path: Assets/CorgiEngine/Demos/LevelSelection/Sprites/level-map-moving-platforms.png
  artifactKey: Guid(fad7e987eb19a10429724c10a880f5d3) Importer(2089858483,192608db42251d675da83286b1cce702)
Start importing Assets/CorgiEngine/Demos/LevelSelection/Sprites/level-map-moving-platforms.png using Guid(fad7e987eb19a10429724c10a880f5d3) Importer(2089858483,192608db42251d675da83286b1cce702) (ScriptedImporter) -> (artifact id: '30c4300ceeff7d18ba8a5834f665dd0a') in 0.0662843 seconds
Number of updated asset objects reloaded before import = 0Number of asset objects unloaded after import = 3

========================================================================
Received Import Request.
  Time since last request: 0.000033 seconds.
  path: Assets/CorgiEngine/Demos/Retro/Animations/RetroAppearingBlockAppear.anim
  artifactKey: Guid(3c386ae04f00f0a4892d75ac10eefa62) Importer(2089858483,192608db42251d675da83286b1cce702)
Start importing Assets/CorgiEngine/Demos/Retro/Animations/RetroAppearingBlockAppear.anim using Guid(3c386ae04f00f0a4892d75ac10eefa62) Importer(2089858483,192608db42251d675da83286b1cce702) (ScriptedImporter) -> (artifact id: '8fc57d79ca036212724b2fb1b0338aff') in 0.0262296 seconds
Number of updated asset objects reloaded before import = 0Number of asset objects unloaded after import = 1

========================================================================
Received Import Request.
  Time since last request: 0.000026 seconds.
  path: Assets/CorgiEngine/Demos/Minimal/Animations/RopeAnimator.controller
  artifactKey: Guid(a02fd01a4a6aefe4c936c8457cb12b2e) Importer(2089858483,192608db42251d675da83286b1cce702)
Start importing Assets/CorgiEngine/Demos/Minimal/Animations/RopeAnimator.controller using Guid(a02fd01a4a6aefe4c936c8457cb12b2e) Importer(2089858483,192608db42251d675da83286b1cce702) (ScriptedImporter) -> (artifact id: '9ba2d3cd14ed845a15ed811b05850081') in 0.026072 seconds
Number of updated asset objects reloaded before import = 0Number of asset objects unloaded after import = 4

========================================================================
Received Import Request.
  Time since last request: 0.000041 seconds.
  path: Assets/CorgiEngine/Demos/Retro/Animations/RetroBossRightGun.controller
  artifactKey: Guid(7e0ab0f3be28599469263bf0986367e9) Importer(2089858483,192608db42251d675da83286b1cce702)
Start importing Assets/CorgiEngine/Demos/Retro/Animations/RetroBossRightGun.controller using Guid(7e0ab0f3be28599469263bf0986367e9) Importer(2089858483,192608db42251d675da83286b1cce702) (ScriptedImporter) -> (artifact id: '1ebb8964669d2849d4e5319c9fc55e0a') in 0.0266454 seconds
Number of updated asset objects reloaded before import = 0Number of asset objects unloaded after import = 9

========================================================================
Received Import Request.
  Time since last request: 0.000019 seconds.
  path: Assets/CorgiEngine/Demos/Minimal/Animations/RectangleAnimator.controller
  artifactKey: Guid(61d870ee06a7ed640a3ff34bf793f084) Importer(2089858483,192608db42251d675da83286b1cce702)
Start importing Assets/CorgiEngine/Demos/Minimal/Animations/RectangleAnimator.controller using Guid(61d870ee06a7ed640a3ff34bf793f084) Importer(2089858483,192608db42251d675da83286b1cce702) (ScriptedImporter) -> (artifact id: 'e5b17b26a7338044b6ba156827e9ec54') in 0.0452583 seconds
Number of updated asset objects reloaded before import = 0Number of asset objects unloaded after import = 64

========================================================================
Received Import Request.
  Time since last request: 0.000034 seconds.
  path: Assets/CorgiEngine/Demos/Minimal/Lighting/MinimalDamageTypesSettings.lighting
  artifactKey: Guid(6fb946967d985da479044b2384cd04b5) Importer(2089858483,192608db42251d675da83286b1cce702)
Start importing Assets/CorgiEngine/Demos/Minimal/Lighting/MinimalDamageTypesSettings.lighting using Guid(6fb946967d985da479044b2384cd04b5) Importer(2089858483,192608db42251d675da83286b1cce702) (ScriptedImporter) -> (artifact id: 'd7fde01b7a911774dedb9a3938b3428b') in 0.0389681 seconds
Number of updated asset objects reloaded before import = 0Number of asset objects unloaded after import = 1

========================================================================
Received Import Request.
  Time since last request: 0.000052 seconds.
  path: Assets/CorgiEngine/Demos/LevelSelection/Sprites/level-map-minimal-stairs.png
  artifactKey: Guid(480e5210a751f974296e28e83749bb03) Importer(2089858483,192608db42251d675da83286b1cce702)
Start importing Assets/CorgiEngine/Demos/LevelSelection/Sprites/level-map-minimal-stairs.png using Guid(480e5210a751f974296e28e83749bb03) Importer(2089858483,192608db42251d675da83286b1cce702) (ScriptedImporter) -> (artifact id: '40b045595fe6898a8ad6e92998176d0e') in 0.0564368 seconds
Number of updated asset objects reloaded before import = 0Number of asset objects unloaded after import = 3

========================================================================
Received Import Request.
  Time since last request: 0.000027 seconds.
  path: Assets/CorgiEngine/Demos/Minimal/JumpBlendTree/RectangleJump3.anim
  artifactKey: Guid(c4daac5b7d5550e4c91af9f9f82adccb) Importer(2089858483,192608db42251d675da83286b1cce702)
Start importing Assets/CorgiEngine/Demos/Minimal/JumpBlendTree/RectangleJump3.anim using Guid(c4daac5b7d5550e4c91af9f9f82adccb) Importer(2089858483,192608db42251d675da83286b1cce702) (ScriptedImporter) -> (artifact id: '29a7f6e0d88802b2875e091d29b092fb') in 0.0264455 seconds
Number of updated asset objects reloaded before import = 0Number of asset objects unloaded after import = 1

========================================================================
Received Import Request.
  Time since last request: 0.000023 seconds.
  path: Assets/CorgiEngine/Demos/Pixel/Animations/pixel-corgi-walk.anim
  artifactKey: Guid(3f63500745a68c34491fbaa71a76bf73) Importer(2089858483,192608db42251d675da83286b1cce702)
Start importing Assets/CorgiEngine/Demos/Pixel/Animations/pixel-corgi-walk.anim using Guid(3f63500745a68c34491fbaa71a76bf73) Importer(2089858483,192608db42251d675da83286b1cce702) (ScriptedImporter) -> (artifact id: '78023c4eeb5e037ec17e778e5c793571') in 0.0234097 seconds
Number of updated asset objects reloaded before import = 0Number of asset objects unloaded after import = 1

========================================================================
Received Import Request.
  Time since last request: 0.000031 seconds.
  path: Assets/CorgiEngine/Demos/LevelSelection/Scripts/LevelMapCharacter.cs
  artifactKey: Guid(d685d1011288910439d591c7442dec65) Importer(2089858483,192608db42251d675da83286b1cce702)
Start importing Assets/CorgiEngine/Demos/LevelSelection/Scripts/LevelMapCharacter.cs using Guid(d685d1011288910439d591c7442dec65) Importer(2089858483,192608db42251d675da83286b1cce702) (ScriptedImporter) -> (artifact id: '8e4a635fa03dc3169d6e18e103c37941') in 0.0311269 seconds
Number of updated asset objects reloaded before import = 0Number of asset objects unloaded after import = 0

========================================================================
Received Import Request.
  Time since last request: 0.000048 seconds.
  path: Assets/CorgiEngine/Demos/Retro/Animations/RetroCorgiDiving.anim
  artifactKey: Guid(f19a3ef35ae5d4a108bc47be2c9d3674) Importer(2089858483,192608db42251d675da83286b1cce702)
Start importing Assets/CorgiEngine/Demos/Retro/Animations/RetroCorgiDiving.anim using Guid(f19a3ef35ae5d4a108bc47be2c9d3674) Importer(2089858483,192608db42251d675da83286b1cce702) (ScriptedImporter) -> (artifact id: '1542599bc241b546e87d384c1b242e77') in 0.0233877 seconds
Number of updated asset objects reloaded before import = 0Number of asset objects unloaded after import = 1

========================================================================
Received Import Request.
  Time since last request: 0.000017 seconds.
  path: Assets/CorgiEngine/Demos/Retro/Animations/RetroBossRightGunShoot.anim
  artifactKey: Guid(ee599b5f513449f44873d8f84d482007) Importer(2089858483,192608db42251d675da83286b1cce702)
Start importing Assets/CorgiEngine/Demos/Retro/Animations/RetroBossRightGunShoot.anim using Guid(ee599b5f513449f44873d8f84d482007) Importer(2089858483,192608db42251d675da83286b1cce702) (ScriptedImporter) -> (artifact id: '12d1908f20ed619435d1a8e9950ee907') in 0.0258584 seconds
Number of updated asset objects reloaded before import = 0Number of asset objects unloaded after import = 1

========================================================================
Received Import Request.
  Time since last request: 0.000034 seconds.
  path: Assets/CorgiEngine/Demos/Pixel/Animations/pixel-corgi-idle.anim
  artifactKey: Guid(69ccc30aa3e324e4bb6ac8d99906eef5) Importer(2089858483,192608db42251d675da83286b1cce702)
Start importing Assets/CorgiEngine/Demos/Pixel/Animations/pixel-corgi-idle.anim using Guid(69ccc30aa3e324e4bb6ac8d99906eef5) Importer(2089858483,192608db42251d675da83286b1cce702) (ScriptedImporter) -> (artifact id: '0a58af9df2acdf8c6f4b02aee09010bf') in 0.0270508 seconds
Number of updated asset objects reloaded before import = 0Number of asset objects unloaded after import = 1

========================================================================
Received Import Request.
  Time since last request: 0.000061 seconds.
  path: Assets/CorgiEngine/Demos/Minimal/Animations/RectangleCrouchWalk.anim
  artifactKey: Guid(873478761c61dd3438f2914dfbedf7d5) Importer(2089858483,192608db42251d675da83286b1cce702)
Start importing Assets/CorgiEngine/Demos/Minimal/Animations/RectangleCrouchWalk.anim using Guid(873478761c61dd3438f2914dfbedf7d5) Importer(2089858483,192608db42251d675da83286b1cce702) (ScriptedImporter) -> (artifact id: 'f9d98c05282cace57c50c8d10c3c6b80') in 0.0285678 seconds
Number of updated asset objects reloaded before import = 0Number of asset objects unloaded after import = 1

========================================================================
Received Import Request.
  Time since last request: 0.000061 seconds.
  path: Assets/CorgiEngine/Demos/Minimal/Animations/RectangleClimbMove.anim
  artifactKey: Guid(ef45179cd29060f47a09eafb9a1d618b) Importer(2089858483,192608db42251d675da83286b1cce702)
Start importing Assets/CorgiEngine/Demos/Minimal/Animations/RectangleClimbMove.anim using Guid(ef45179cd29060f47a09eafb9a1d618b) Importer(2089858483,192608db42251d675da83286b1cce702) (ScriptedImporter) -> (artifact id: 'f9794654f2a7bab5fc64e0880d86f6a9') in 0.0218178 seconds
Number of updated asset objects reloaded before import = 0Number of asset objects unloaded after import = 1

========================================================================
Received Import Request.
  Time since last request: 0.000027 seconds.
  path: Assets/CorgiEngine/Demos/LevelSelection/Sprites/level-map-retro2.png
  artifactKey: Guid(88ff8506498b42c46a03b31a277f1afa) Importer(2089858483,192608db42251d675da83286b1cce702)
Start importing Assets/CorgiEngine/Demos/LevelSelection/Sprites/level-map-retro2.png using Guid(88ff8506498b42c46a03b31a277f1afa) Importer(2089858483,192608db42251d675da83286b1cce702) (ScriptedImporter) -> (artifact id: '0b25016177e0dae396908cd95ed02068') in 0.066635 seconds
Number of updated asset objects reloaded before import = 0Number of asset objects unloaded after import = 3

========================================================================
Received Import Request.
  Time since last request: 0.000018 seconds.
  path: Assets/CorgiEngine/Demos/LevelSelection/Sprites/level-map-minimal-spawners.png
  artifactKey: Guid(943ff07cfd6fba8489e97ad8ea98bdfc) Importer(2089858483,192608db42251d675da83286b1cce702)
Start importing Assets/CorgiEngine/Demos/LevelSelection/Sprites/level-map-minimal-spawners.png using Guid(943ff07cfd6fba8489e97ad8ea98bdfc) Importer(2089858483,192608db42251d675da83286b1cce702) (ScriptedImporter) -> (artifact id: '06d28ee6e32497b04047096c47765a00') in 0.0536478 seconds
Number of updated asset objects reloaded before import = 0Number of asset objects unloaded after import = 3

========================================================================
Received Import Request.
  Time since last request: 0.000022 seconds.
  path: Assets/CorgiEngine/Demos/Minimal/Materials/MinimalChargeWeaponMaterial.mat
  artifactKey: Guid(f1f611f7303cf1e4b841fbb66629e097) Importer(2089858483,192608db42251d675da83286b1cce702)
Start importing Assets/CorgiEngine/Demos/Minimal/Materials/MinimalChargeWeaponMaterial.mat using Guid(f1f611f7303cf1e4b841fbb66629e097) Importer(2089858483,192608db42251d675da83286b1cce702) (ScriptedImporter) -> (artifact id: 'efd45f82635cb4bd9ca5c83f456a6671') in 0.0215172 seconds
Number of updated asset objects reloaded before import = 0Number of asset objects unloaded after import = 2

========================================================================
Received Import Request.
  Time since last request: 0.000025 seconds.
  path: Assets/CorgiEngine/Demos/LevelSelection/Sprites/level-map-push.png
  artifactKey: Guid(8dcabf18865d4f241ad5db9b0af1d684) Importer(2089858483,192608db42251d675da83286b1cce702)
Start importing Assets/CorgiEngine/Demos/LevelSelection/Sprites/level-map-push.png using Guid(8dcabf18865d4f241ad5db9b0af1d684) Importer(2089858483,192608db42251d675da83286b1cce702) (ScriptedImporter) -> (artifact id: 'ae6a6d6290ad88ae8be5b02843445839') in 0.0699325 seconds
Number of updated asset objects reloaded before import = 0Number of asset objects unloaded after import = 3

========================================================================
Received Import Request.
  Time since last request: 0.000026 seconds.
  path: Assets/CorgiEngine/Demos/LevelSelection/Prefabs/CarouselLevel.prefab
  artifactKey: Guid(90948bd6e091f7346bc9853d09281e32) Importer(2089858483,192608db42251d675da83286b1cce702)
Start importing Assets/CorgiEngine/Demos/LevelSelection/Prefabs/CarouselLevel.prefab using Guid(90948bd6e091f7346bc9853d09281e32) Importer(2089858483,192608db42251d675da83286b1cce702) (ScriptedImporter) -> (artifact id: '09af391c546ea035b7103edbf7d9e86d') in 0.071859 seconds
Number of updated asset objects reloaded before import = 0Number of asset objects unloaded after import = 50

========================================================================
Received Import Request.
  Time since last request: 0.000034 seconds.
  path: Assets/CorgiEngine/Demos/Minimal/Animations/RectangleWalk.anim
  artifactKey: Guid(41a287990f9f5a24e9eee7eafa44c734) Importer(2089858483,192608db42251d675da83286b1cce702)
Start importing Assets/CorgiEngine/Demos/Minimal/Animations/RectangleWalk.anim using Guid(41a287990f9f5a24e9eee7eafa44c734) Importer(2089858483,192608db42251d675da83286b1cce702) (ScriptedImporter) -> (artifact id: 'e185adc0a519c1eea24e2b442e4d90a7') in 0.0273885 seconds
Number of updated asset objects reloaded before import = 0Number of asset objects unloaded after import = 1

========================================================================
Received Import Request.
  Time since last request: 0.000022 seconds.
  path: Assets/CorgiEngine/Demos/LevelSelection/Sprites/level-map-path-element.png
  artifactKey: Guid(9d34573d4f941eb44a7a72ae887f46d2) Importer(2089858483,192608db42251d675da83286b1cce702)
Start importing Assets/CorgiEngine/Demos/LevelSelection/Sprites/level-map-path-element.png using Guid(9d34573d4f941eb44a7a72ae887f46d2) Importer(2089858483,192608db42251d675da83286b1cce702) (ScriptedImporter) -> (artifact id: 'a8d8165d4444d9997862305e0460b7fe') in 0.0777673 seconds
Number of updated asset objects reloaded before import = 0Number of asset objects unloaded after import = 3

========================================================================
Received Import Request.
  Time since last request: 0.000029 seconds.
  path: Assets/CorgiEngine/Demos/LevelSelection/Sprites/level-map-hipster-bros.png
  artifactKey: Guid(a93367cdbfd7e2b4aafd24129e6adc12) Importer(2089858483,192608db42251d675da83286b1cce702)
Start importing Assets/CorgiEngine/Demos/LevelSelection/Sprites/level-map-hipster-bros.png using Guid(a93367cdbfd7e2b4aafd24129e6adc12) Importer(2089858483,192608db42251d675da83286b1cce702) (ScriptedImporter) -> (artifact id: '92787bd4c93ed25e6d9414448e0efc52') in 0.0652979 seconds
Number of updated asset objects reloaded before import = 0Number of asset objects unloaded after import = 3

========================================================================
Received Import Request.
  Time since last request: 0.000031 seconds.
  path: Assets/CorgiEngine/Demos/Pixel/Animations/pixel-corgi-animator.controller
  artifactKey: Guid(c2c2172f4e7985d429ccfb690bafd372) Importer(2089858483,192608db42251d675da83286b1cce702)
Start importing Assets/CorgiEngine/Demos/Pixel/Animations/pixel-corgi-animator.controller using Guid(c2c2172f4e7985d429ccfb690bafd372) Importer(2089858483,192608db42251d675da83286b1cce702) (ScriptedImporter) -> (artifact id: 'bb7f0abd5fb7341e6f31b6321bbd46c6') in 0.0297893 seconds
Number of updated asset objects reloaded before import = 0Number of asset objects unloaded after import = 8

========================================================================
Received Import Request.
  Time since last request: 0.000027 seconds.
  path: Assets/CorgiEngine/Demos/LevelSelection/Sprites/level-map-retrovania.png
  artifactKey: Guid(518a4618b2dc87848830bb72bd82c935) Importer(2089858483,192608db42251d675da83286b1cce702)
Start importing Assets/CorgiEngine/Demos/LevelSelection/Sprites/level-map-retrovania.png using Guid(518a4618b2dc87848830bb72bd82c935) Importer(2089858483,192608db42251d675da83286b1cce702) (ScriptedImporter) -> (artifact id: '1af361f9bd730ff25813413ec25c2f6a') in 0.0593243 seconds
Number of updated asset objects reloaded before import = 0Number of asset objects unloaded after import = 3

========================================================================
Received Import Request.
  Time since last request: 1.396861 seconds.
  path: Assets/CorgiEngine/Demos/Retro/Animations/RetroCorgiLedgeClimb.anim
  artifactKey: Guid(725c95b8016791b42bbafe69ee81ad48) Importer(2089858483,192608db42251d675da83286b1cce702)
Start importing Assets/CorgiEngine/Demos/Retro/Animations/RetroCorgiLedgeClimb.anim using Guid(725c95b8016791b42bbafe69ee81ad48) Importer(2089858483,192608db42251d675da83286b1cce702) (ScriptedImporter) -> (artifact id: 'f9dc429ce21f8618706ce3406c3e5e38') in 0.0258558 seconds
Number of updated asset objects reloaded before import = 0Number of asset objects unloaded after import = 1

========================================================================
Received Import Request.
  Time since last request: 0.000026 seconds.
  path: Assets/CorgiEngine/Demos/SuperHipsterBros/Sprites/badass-dude.png
  artifactKey: Guid(47589270ced6db341ac2a25b66b96839) Importer(2089858483,192608db42251d675da83286b1cce702)
Start importing Assets/CorgiEngine/Demos/SuperHipsterBros/Sprites/badass-dude.png using Guid(47589270ced6db341ac2a25b66b96839) Importer(2089858483,192608db42251d675da83286b1cce702) (ScriptedImporter) -> (artifact id: '02657138bd8c23e972e662d058d6906b') in 0.0476286 seconds
Number of updated asset objects reloaded before import = 0Number of asset objects unloaded after import = 6

========================================================================
Received Import Request.
  Time since last request: 0.000021 seconds.
  path: Assets/CorgiEngine/Demos/Retro/Sounds/GrassCut.wav
  artifactKey: Guid(c4f134ecaaae6ba42978f46bfb2a76f3) Importer(2089858483,192608db42251d675da83286b1cce702)
Start importing Assets/CorgiEngine/Demos/Retro/Sounds/GrassCut.wav using Guid(c4f134ecaaae6ba42978f46bfb2a76f3) Importer(2089858483,192608db42251d675da83286b1cce702) (ScriptedImporter) -> (artifact id: '7f4064a724931297d1686030f39a0e27') in 0.0791526 seconds
Number of updated asset objects reloaded before import = 0Number of asset objects unloaded after import = 1

========================================================================
Received Import Request.
  Time since last request: 0.000031 seconds.
  path: Assets/CorgiEngine/Demos/Retro/Sounds/LoftAIDeath.wav
  artifactKey: Guid(8cb7d0b9cd987ea41b2df7b177794df1) Importer(2089858483,192608db42251d675da83286b1cce702)
Start importing Assets/CorgiEngine/Demos/Retro/Sounds/LoftAIDeath.wav using Guid(8cb7d0b9cd987ea41b2df7b177794df1) Importer(2089858483,192608db42251d675da83286b1cce702) (ScriptedImporter) -> (artifact id: '4083ae86f7c60abe3091cd959b3768b0') in 0.0553953 seconds
Number of updated asset objects reloaded before import = 0Number of asset objects unloaded after import = 1

========================================================================
Received Import Request.
  Time since last request: 0.000032 seconds.
  path: Assets/CorgiEngine/Demos/Retro/Sounds/LoftBubble.wav
  artifactKey: Guid(a127700f62a0a7646911b96a9b8d58f7) Importer(2089858483,192608db42251d675da83286b1cce702)
Start importing Assets/CorgiEngine/Demos/Retro/Sounds/LoftBubble.wav using Guid(a127700f62a0a7646911b96a9b8d58f7) Importer(2089858483,192608db42251d675da83286b1cce702) (ScriptedImporter) -> (artifact id: '0c005b537249d852f67898eb6e6eb3a0') in 0.0832185 seconds
Number of updated asset objects reloaded before import = 0Number of asset objects unloaded after import = 1

========================================================================
Received Import Request.
  Time since last request: 0.000018 seconds.
  path: Assets/CorgiEngine/Demos/SuperHipsterBros/Sprites/pipe2.png
  artifactKey: Guid(cced894e76a576d47a6c53016953f9ad) Importer(2089858483,192608db42251d675da83286b1cce702)
Start importing Assets/CorgiEngine/Demos/SuperHipsterBros/Sprites/pipe2.png using Guid(cced894e76a576d47a6c53016953f9ad) Importer(2089858483,192608db42251d675da83286b1cce702) (ScriptedImporter) -> (artifact id: '6579e166fa6d5720fe80689d0f94c64c') in 0.050177 seconds
Number of updated asset objects reloaded before import = 0Number of asset objects unloaded after import = 3

========================================================================
Received Import Request.
  Time since last request: 0.000037 seconds.
  path: Assets/CorgiEngine/Demos/Retro/Tilemaps/RetroFence.asset
  artifactKey: Guid(dd64ea5df1ae0411b81609eafc4f345f) Importer(2089858483,192608db42251d675da83286b1cce702)
Start importing Assets/CorgiEngine/Demos/Retro/Tilemaps/RetroFence.asset using Guid(dd64ea5df1ae0411b81609eafc4f345f) Importer(2089858483,192608db42251d675da83286b1cce702) (ScriptedImporter) -> (artifact id: '617be715c80d82f890f49561dea6f2f5') in 0.036294 seconds
Number of updated asset objects reloaded before import = 0Number of asset objects unloaded after import = 11

========================================================================
Received Import Request.
  Time since last request: 0.000019 seconds.
  path: Assets/CorgiEngine/Demos/SuperHipsterBros/Sprites/background.png
  artifactKey: Guid(fe1c5cb3b5f7b3344864048c4c32b967) Importer(2089858483,192608db42251d675da83286b1cce702)
Start importing Assets/CorgiEngine/Demos/SuperHipsterBros/Sprites/background.png using Guid(fe1c5cb3b5f7b3344864048c4c32b967) Importer(2089858483,192608db42251d675da83286b1cce702) (ScriptedImporter) -> (artifact id: '19454400741c69363aa2e27525c2206e') in 0.0695322 seconds
Number of updated asset objects reloaded before import = 0Number of asset objects unloaded after import = 3

========================================================================
Received Import Request.
  Time since last request: 0.000030 seconds.
  path: Assets/CorgiEngine/Demos/RetroAdventure/Sprites/CharacterSelection.png
  artifactKey: Guid(38ee2b56252f7c34aa4c8d26d3349f33) Importer(2089858483,192608db42251d675da83286b1cce702)
Start importing Assets/CorgiEngine/Demos/RetroAdventure/Sprites/CharacterSelection.png using Guid(38ee2b56252f7c34aa4c8d26d3349f33) Importer(2089858483,192608db42251d675da83286b1cce702) (ScriptedImporter) -> (artifact id: 'a37605d24209f588ef294e099975b4b1') in 0.0742185 seconds
Number of updated asset objects reloaded before import = 0Number of asset objects unloaded after import = 6

========================================================================
Received Import Request.
  Time since last request: 0.000028 seconds.
  path: Assets/CorgiEngine/Demos/Retro/Materials/RetroForestBackground3.mat
  artifactKey: Guid(ff731b64942c64e6e9b80c7fac88c335) Importer(2089858483,192608db42251d675da83286b1cce702)
Start importing Assets/CorgiEngine/Demos/Retro/Materials/RetroForestBackground3.mat using Guid(ff731b64942c64e6e9b80c7fac88c335) Importer(2089858483,192608db42251d675da83286b1cce702) (ScriptedImporter) -> (artifact id: 'ac73fb37ba5db749e8cc6d2b72dfb0e1') in 0.0483072 seconds
Number of updated asset objects reloaded before import = 0Number of asset objects unloaded after import = 2

========================================================================
Received Import Request.
  Time since last request: 0.000028 seconds.
  path: Assets/CorgiEngine/Demos/Retro/Materials/RetroMountainsBackground2.mat
  artifactKey: Guid(9be7b4c5aeaa24de780887ceedb44c97) Importer(2089858483,192608db42251d675da83286b1cce702)
Start importing Assets/CorgiEngine/Demos/Retro/Materials/RetroMountainsBackground2.mat using Guid(9be7b4c5aeaa24de780887ceedb44c97) Importer(2089858483,192608db42251d675da83286b1cce702) (ScriptedImporter) -> (artifact id: '88ca8c5a04f3155067bcb486931a72dd') in 0.0469797 seconds
Number of updated asset objects reloaded before import = 0Number of asset objects unloaded after import = 2

========================================================================
Received Import Request.
  Time since last request: 0.000023 seconds.
  path: Assets/CorgiEngine/Demos/Retro/Materials/RetroSmoke1Material.mat
  artifactKey: Guid(340aa44c0ea9d9d44b74192ffdf2e2d9) Importer(2089858483,192608db42251d675da83286b1cce702)
Start importing Assets/CorgiEngine/Demos/Retro/Materials/RetroSmoke1Material.mat using Guid(340aa44c0ea9d9d44b74192ffdf2e2d9) Importer(2089858483,192608db42251d675da83286b1cce702) (ScriptedImporter) -> (artifact id: 'd7d86fb4d7e3a8cfd59bff440adf3fbd') in 0.0744421 seconds
Number of updated asset objects reloaded before import = 0Number of asset objects unloaded after import = 2

========================================================================
Received Import Request.
  Time since last request: 0.000025 seconds.
  path: Assets/CorgiEngine/Demos/Retro/Materials/RetroStunnedMaterial.mat
  artifactKey: Guid(1c90e62df0151144c890b30d5d3125c0) Importer(2089858483,192608db42251d675da83286b1cce702)
Start importing Assets/CorgiEngine/Demos/Retro/Materials/RetroStunnedMaterial.mat using Guid(1c90e62df0151144c890b30d5d3125c0) Importer(2089858483,192608db42251d675da83286b1cce702) (ScriptedImporter) -> (artifact id: 'ca09e9810c3734e2a51da292cb5604e5') in 0.0232568 seconds
Number of updated asset objects reloaded before import = 0Number of asset objects unloaded after import = 2

========================================================================
Received Import Request.
  Time since last request: 0.000021 seconds.
  path: Assets/CorgiEngine/Demos/SuperHipsterBros/Sprites/bulky-dude.png
  artifactKey: Guid(4f8a902c1c23dcf43a16305f2b4ae31c) Importer(2089858483,192608db42251d675da83286b1cce702)
Start importing Assets/CorgiEngine/Demos/SuperHipsterBros/Sprites/bulky-dude.png using Guid(4f8a902c1c23dcf43a16305f2b4ae31c) Importer(2089858483,192608db42251d675da83286b1cce702) (ScriptedImporter) -> (artifact id: '08da45539220627ee9cb683f2ecf165e') in 0.0511521 seconds
Number of updated asset objects reloaded before import = 0Number of asset objects unloaded after import = 6

========================================================================
Received Import Request.
  Time since last request: 0.000031 seconds.
  path: Assets/CorgiEngine/Demos/Retro/Tilemaps/RetroPinkPlatforms.asset
  artifactKey: Guid(322a32dac5fd55c4bb6183c367fbc277) Importer(2089858483,192608db42251d675da83286b1cce702)
Start importing Assets/CorgiEngine/Demos/Retro/Tilemaps/RetroPinkPlatforms.asset using Guid(322a32dac5fd55c4bb6183c367fbc277) Importer(2089858483,192608db42251d675da83286b1cce702) (ScriptedImporter) -> (artifact id: '274ab3b81ebd8d0008a308d33e98b4a2') in 0.0279168 seconds
Number of updated asset objects reloaded before import = 0Number of asset objects unloaded after import = 31

========================================================================
Received Import Request.
  Time since last request: 0.000018 seconds.
  path: Assets/CorgiEngine/Demos/Retro/Materials/RetroExplosion1Material.mat
  artifactKey: Guid(42d7f745c4ba5c34a871f1ec57edf1ad) Importer(2089858483,192608db42251d675da83286b1cce702)
Start importing Assets/CorgiEngine/Demos/Retro/Materials/RetroExplosion1Material.mat using Guid(42d7f745c4ba5c34a871f1ec57edf1ad) Importer(2089858483,192608db42251d675da83286b1cce702) (ScriptedImporter) -> (artifact id: 'e30b5633f1aefe66485f5a90ce782b8b') in 0.0397708 seconds
Number of updated asset objects reloaded before import = 0Number of asset objects unloaded after import = 2

========================================================================
Received Import Request.
  Time since last request: 0.000028 seconds.
  path: Assets/CorgiEngine/Demos/Retro/Animations/RetroYellowChest.controller
  artifactKey: Guid(5e7f2f59c0aa54686acf450c3c12101f) Importer(2089858483,192608db42251d675da83286b1cce702)
Start importing Assets/CorgiEngine/Demos/Retro/Animations/RetroYellowChest.controller using Guid(5e7f2f59c0aa54686acf450c3c12101f) Importer(2089858483,192608db42251d675da83286b1cce702) (ScriptedImporter) -> (artifact id: '367934271c8c72a90839b04a71ea6ea1') in 0.0200214 seconds
Number of updated asset objects reloaded before import = 0Number of asset objects unloaded after import = 7

========================================================================
Received Import Request.
  Time since last request: 0.000021 seconds.
  path: Assets/CorgiEngine/Demos/Retro/Materials/RetroSmoke2MaterialEmissive.mat
  artifactKey: Guid(3f5f86bfd23eda14f8acff8fb3ba9959) Importer(2089858483,192608db42251d675da83286b1cce702)
Start importing Assets/CorgiEngine/Demos/Retro/Materials/RetroSmoke2MaterialEmissive.mat using Guid(3f5f86bfd23eda14f8acff8fb3ba9959) Importer(2089858483,192608db42251d675da83286b1cce702) (ScriptedImporter) -> (artifact id: 'c69519702106f0501a1be5e26ba6c6b4') in 0.0378385 seconds
Number of updated asset objects reloaded before import = 0Number of asset objects unloaded after import = 2

========================================================================
Received Import Request.
  Time since last request: 0.000021 seconds.
  path: Assets/CorgiEngine/Demos/Retro/Animations/RetroGhost.anim
  artifactKey: Guid(3dc15ebe53c30f7418997b207d801daf) Importer(2089858483,192608db42251d675da83286b1cce702)
Start importing Assets/CorgiEngine/Demos/Retro/Animations/RetroGhost.anim using Guid(3dc15ebe53c30f7418997b207d801daf) Importer(2089858483,192608db42251d675da83286b1cce702) (ScriptedImporter) -> (artifact id: 'af5added93b71ee1d411ec7672d48f64') in 0.0250126 seconds
Number of updated asset objects reloaded before import = 0Number of asset objects unloaded after import = 1

========================================================================
Received Import Request.
  Time since last request: 0.000089 seconds.
  path: Assets/CorgiEngine/Demos/Retro/Tilemaps/RetroSlopes2.asset
  artifactKey: Guid(6eb2ab11545bba34997970a97359abd3) Importer(2089858483,192608db42251d675da83286b1cce702)
Start importing Assets/CorgiEngine/Demos/Retro/Tilemaps/RetroSlopes2.asset using Guid(6eb2ab11545bba34997970a97359abd3) Importer(2089858483,192608db42251d675da83286b1cce702) (ScriptedImporter) -> (artifact id: '513adb6776cd407174a9ac48e039459b') in 0.0247422 seconds
Number of updated asset objects reloaded before import = 0Number of asset objects unloaded after import = 2

========================================================================
Received Import Request.
  Time since last request: 0.000018 seconds.
  path: Assets/CorgiEngine/Demos/Retro/Materials/RetroBulletMaterial.mat
  artifactKey: Guid(b9f9febdb9c91ba47b502c29cb2aa5df) Importer(2089858483,192608db42251d675da83286b1cce702)
Start importing Assets/CorgiEngine/Demos/Retro/Materials/RetroBulletMaterial.mat using Guid(b9f9febdb9c91ba47b502c29cb2aa5df) Importer(2089858483,192608db42251d675da83286b1cce702) (ScriptedImporter) -> (artifact id: '8a0d28bb1840ae7b7c96081e67b8c0bf') in 0.023783 seconds
Number of updated asset objects reloaded before import = 0Number of asset objects unloaded after import = 1

========================================================================
Received Import Request.
  Time since last request: 0.000026 seconds.
  path: Assets/CorgiEngine/Demos/SuperHipsterBros/Sprites/super-hipster-bros.png
  artifactKey: Guid(8720e684ecf7acb4bb921eee3e451b85) Importer(2089858483,192608db42251d675da83286b1cce702)
Start importing Assets/CorgiEngine/Demos/SuperHipsterBros/Sprites/super-hipster-bros.png using Guid(8720e684ecf7acb4bb921eee3e451b85) Importer(2089858483,192608db42251d675da83286b1cce702) (ScriptedImporter) -> (artifact id: 'e20f0445c8d8664a28868200fa5744c2') in 0.0622418 seconds
Number of updated asset objects reloaded before import = 0Number of asset objects unloaded after import = 7

========================================================================
Received Import Request.
  Time since last request: 0.000037 seconds.
  path: Assets/CorgiEngine/Demos/Retro/Animations/RetroSpacemanIdle.anim
  artifactKey: Guid(b1f4ba8e9318f4eed815929c651bb854) Importer(2089858483,192608db42251d675da83286b1cce702)
Start importing Assets/CorgiEngine/Demos/Retro/Animations/RetroSpacemanIdle.anim using Guid(b1f4ba8e9318f4eed815929c651bb854) Importer(2089858483,192608db42251d675da83286b1cce702) (ScriptedImporter) -> (artifact id: '6d8957d9af55e708e3e722aef256b2fa') in 0.0256061 seconds
Number of updated asset objects reloaded before import = 0Number of asset objects unloaded after import = 1

========================================================================
Received Import Request.
  Time since last request: 0.000024 seconds.
  path: Assets/CorgiEngine/Demos/Retro/Sounds/LoftSwoosh.wav
  artifactKey: Guid(2b26176b9cd5b4142baf3bb2f5b4d910) Importer(2089858483,192608db42251d675da83286b1cce702)
Start importing Assets/CorgiEngine/Demos/Retro/Sounds/LoftSwoosh.wav using Guid(2b26176b9cd5b4142baf3bb2f5b4d910) Importer(2089858483,192608db42251d675da83286b1cce702) (ScriptedImporter) -> (artifact id: '85bcdeaa15a88d77fc5e57c017b79136') in 0.0841893 seconds
Number of updated asset objects reloaded before import = 0Number of asset objects unloaded after import = 1

========================================================================
Received Import Request.
  Time since last request: 0.000022 seconds.
  path: Assets/CorgiEngine/Demos/Retro/Materials/RetroSpritesheetMuzzleflash.mat
  artifactKey: Guid(519df2adce7e6e849a6b467adea06f30) Importer(2089858483,192608db42251d675da83286b1cce702)
Start importing Assets/CorgiEngine/Demos/Retro/Materials/RetroSpritesheetMuzzleflash.mat using Guid(519df2adce7e6e849a6b467adea06f30) Importer(2089858483,192608db42251d675da83286b1cce702) (ScriptedImporter) -> (artifact id: '1308534044c147b0d3d5851a6d70a200') in 0.036767 seconds
Number of updated asset objects reloaded before import = 0Number of asset objects unloaded after import = 2

========================================================================
Received Import Request.
  Time since last request: 0.000022 seconds.
  path: Assets/CorgiEngine/Demos/Retro/Sounds/KoalaSword2.wav
  artifactKey: Guid(73b62a73edfa18342812e7c891904e97) Importer(2089858483,192608db42251d675da83286b1cce702)
Start importing Assets/CorgiEngine/Demos/Retro/Sounds/KoalaSword2.wav using Guid(73b62a73edfa18342812e7c891904e97) Importer(2089858483,192608db42251d675da83286b1cce702) (ScriptedImporter) -> (artifact id: '98770966f7d5b4d92fef3e08a8b73a59') in 0.0783116 seconds
Number of updated asset objects reloaded before import = 0Number of asset objects unloaded after import = 1

========================================================================
Received Import Request.
  Time since last request: 0.000026 seconds.
  path: Assets/CorgiEngine/Demos/Retro/Animations/RetroPressurePadOff.anim
  artifactKey: Guid(42ab4e122fbeb71438cbf8f976b396d3) Importer(2089858483,192608db42251d675da83286b1cce702)
Start importing Assets/CorgiEngine/Demos/Retro/Animations/RetroPressurePadOff.anim using Guid(42ab4e122fbeb71438cbf8f976b396d3) Importer(2089858483,192608db42251d675da83286b1cce702) (ScriptedImporter) -> (artifact id: '740ee480aec5eaae6b71bbb7453b1d99') in 0.0233585 seconds
Number of updated asset objects reloaded before import = 0Number of asset objects unloaded after import = 1

========================================================================
Received Import Request.
  Time since last request: 0.000031 seconds.
  path: Assets/CorgiEngine/Demos/Retro/Materials/RetroSmoke5Material.mat
  artifactKey: Guid(0f0391ab7f0c7774180de4df6c1b4cc0) Importer(2089858483,192608db42251d675da83286b1cce702)
Start importing Assets/CorgiEngine/Demos/Retro/Materials/RetroSmoke5Material.mat using Guid(0f0391ab7f0c7774180de4df6c1b4cc0) Importer(2089858483,192608db42251d675da83286b1cce702) (ScriptedImporter) -> (artifact id: 'b0d13e6aa1443309d3f8bf75fce973f2') in 0.0372249 seconds
Number of updated asset objects reloaded before import = 0Number of asset objects unloaded after import = 2

========================================================================
Received Import Request.
  Time since last request: 0.000022 seconds.
  path: Assets/CorgiEngine/Demos/Retro/Sounds/LoftExplosion.wav
  artifactKey: Guid(5ee25106491116440adee16958a21002) Importer(2089858483,192608db42251d675da83286b1cce702)
Start importing Assets/CorgiEngine/Demos/Retro/Sounds/LoftExplosion.wav using Guid(5ee25106491116440adee16958a21002) Importer(2089858483,192608db42251d675da83286b1cce702) (ScriptedImporter) -> (artifact id: '26e92e81834baa41ceea0bb000803fda') in 0.0910851 seconds
Number of updated asset objects reloaded before import = 0Number of asset objects unloaded after import = 1

========================================================================
Received Import Request.
  Time since last request: 0.000029 seconds.
  path: Assets/CorgiEngine/Demos/Retro/Tilemaps/RetroSlopes7.asset
  artifactKey: Guid(a55efc88de92b5d44881101697bf890e) Importer(2089858483,192608db42251d675da83286b1cce702)
Start importing Assets/CorgiEngine/Demos/Retro/Tilemaps/RetroSlopes7.asset using Guid(a55efc88de92b5d44881101697bf890e) Importer(2089858483,192608db42251d675da83286b1cce702) (ScriptedImporter) -> (artifact id: 'ed54c195de21cf4bdfed10d46d84a684') in 0.0289638 seconds
Number of updated asset objects reloaded before import = 0Number of asset objects unloaded after import = 2

========================================================================
Received Import Request.
  Time since last request: 0.000035 seconds.
  path: Assets/CorgiEngine/Demos/Retro/Shaders/MMSpriteHDR.shader
  artifactKey: Guid(df4e221784a6284439b1c69e5de2a8c6) Importer(2089858483,192608db42251d675da83286b1cce702)
Start importing Assets/CorgiEngine/Demos/Retro/Shaders/MMSpriteHDR.shader using Guid(df4e221784a6284439b1c69e5de2a8c6) Importer(2089858483,192608db42251d675da83286b1cce702) (ScriptedImporter) -> (artifact id: '6bab463715ac1c17742ab43a0bd8cf66') in 0.0293428 seconds
Number of updated asset objects reloaded before import = 0Number of asset objects unloaded after import = 1

========================================================================
Received Import Request.
  Time since last request: 0.000056 seconds.
  path: Assets/CorgiEngine/Demos/Retro/Materials/RetroSmoke2Material.mat
  artifactKey: Guid(8e9ae9fd91dff7e498f9cf4297be2c8b) Importer(2089858483,192608db42251d675da83286b1cce702)
Start importing Assets/CorgiEngine/Demos/Retro/Materials/RetroSmoke2Material.mat using Guid(8e9ae9fd91dff7e498f9cf4297be2c8b) Importer(2089858483,192608db42251d675da83286b1cce702) (ScriptedImporter) -> (artifact id: '420b1d5faf5d26daac4c7518c16e4ea3') in 0.0326806 seconds
Number of updated asset objects reloaded before import = 0Number of asset objects unloaded after import = 2

========================================================================
Received Import Request.
  Time since last request: 0.000037 seconds.
  path: Assets/CorgiEngine/Demos/Retro/Sounds/LoftSniper.wav
  artifactKey: Guid(776749eae3e7b2345a895bf7f5b318f3) Importer(2089858483,192608db42251d675da83286b1cce702)
Start importing Assets/CorgiEngine/Demos/Retro/Sounds/LoftSniper.wav using Guid(776749eae3e7b2345a895bf7f5b318f3) Importer(2089858483,192608db42251d675da83286b1cce702) (ScriptedImporter) -> (artifact id: 'f76a7c173ec09be4d2743e29161f029c') in 0.093655 seconds
Number of updated asset objects reloaded before import = 0Number of asset objects unloaded after import = 1

========================================================================
Received Import Request.
  Time since last request: 0.000027 seconds.
  path: Assets/CorgiEngine/Demos/Retro/Animations/RetroYellowChestIdle.anim
  artifactKey: Guid(a6e7294b5fdf64a688cd3dc4f124cae4) Importer(2089858483,192608db42251d675da83286b1cce702)
Start importing Assets/CorgiEngine/Demos/Retro/Animations/RetroYellowChestIdle.anim using Guid(a6e7294b5fdf64a688cd3dc4f124cae4) Importer(2089858483,192608db42251d675da83286b1cce702) (ScriptedImporter) -> (artifact id: '932731512022790a6f9fdd235436ab4a') in 0.0208161 seconds
Number of updated asset objects reloaded before import = 0Number of asset objects unloaded after import = 1

========================================================================
Received Import Request.
  Time since last request: 0.000029 seconds.
  path: Assets/CorgiEngine/Demos/Retro/Sounds/KoalaHurt1.wav
  artifactKey: Guid(a4ce1e0e50d887641b42f7507d3951bb) Importer(2089858483,192608db42251d675da83286b1cce702)
Start importing Assets/CorgiEngine/Demos/Retro/Sounds/KoalaHurt1.wav using Guid(a4ce1e0e50d887641b42f7507d3951bb) Importer(2089858483,192608db42251d675da83286b1cce702) (ScriptedImporter) -> (artifact id: '3ceb523894be202edad24c99bef1aab9') in 0.0832371 seconds
Number of updated asset objects reloaded before import = 0Number of asset objects unloaded after import = 1

========================================================================
Received Import Request.
  Time since last request: 0.000022 seconds.
  path: Assets/CorgiEngine/Demos/Retro/Tilemaps/RetroHappy.asset
  artifactKey: Guid(92d288e5cd6c744a590cccfed40edcb7) Importer(2089858483,192608db42251d675da83286b1cce702)
Start importing Assets/CorgiEngine/Demos/Retro/Tilemaps/RetroHappy.asset using Guid(92d288e5cd6c744a590cccfed40edcb7) Importer(2089858483,192608db42251d675da83286b1cce702) (ScriptedImporter) -> (artifact id: '04677a5ccce06d1d168f200eac3db0f5') in 0.0257613 seconds
Number of updated asset objects reloaded before import = 0Number of asset objects unloaded after import = 2

========================================================================
Received Import Request.
  Time since last request: 0.000039 seconds.
  path: Assets/CorgiEngine/Demos/Retro/Sounds/LoftShotgun.wav
  artifactKey: Guid(e14fd6533947ec64fac440028bf76710) Importer(2089858483,192608db42251d675da83286b1cce702)
Start importing Assets/CorgiEngine/Demos/Retro/Sounds/LoftShotgun.wav using Guid(e14fd6533947ec64fac440028bf76710) Importer(2089858483,192608db42251d675da83286b1cce702) (ScriptedImporter) -> (artifact id: '12a38cd151f408532a3fe9ca1d9c3215') in 0.0862753 seconds
Number of updated asset objects reloaded before import = 0Number of asset objects unloaded after import = 1

========================================================================
Received Import Request.
  Time since last request: 0.000026 seconds.
  path: Assets/CorgiEngine/Demos/RetroAdventure/Scripts/RetroNextLevel.cs
  artifactKey: Guid(84332c822905b7648ae231502782e5f6) Importer(2089858483,192608db42251d675da83286b1cce702)
Start importing Assets/CorgiEngine/Demos/RetroAdventure/Scripts/RetroNextLevel.cs using Guid(84332c822905b7648ae231502782e5f6) Importer(2089858483,192608db42251d675da83286b1cce702) (ScriptedImporter) -> (artifact id: 'e5dfda5e219b7213872d5f91b251441e') in 0.0207029 seconds
Number of updated asset objects reloaded before import = 0Number of asset objects unloaded after import = 0

========================================================================
Received Import Request.
  Time since last request: 0.000057 seconds.
  path: Assets/CorgiEngine/Demos/SuperHipsterBros/Animations/bulky-dude-animator.controller
  artifactKey: Guid(413bd75c80cf05e438d2066dd600c27f) Importer(2089858483,192608db42251d675da83286b1cce702)
Start importing Assets/CorgiEngine/Demos/SuperHipsterBros/Animations/bulky-dude-animator.controller using Guid(413bd75c80cf05e438d2066dd600c27f) Importer(2089858483,192608db42251d675da83286b1cce702) (ScriptedImporter) -> (artifact id: 'b2820fa5073828a17fc0d296eafcc3c6') in 0.0271033 seconds
Number of updated asset objects reloaded before import = 0Number of asset objects unloaded after import = 4

========================================================================
Received Import Request.
  Time since last request: 0.000028 seconds.
  path: Assets/CorgiEngine/Demos/Retro/Sounds/RetroTheme1.wav
  artifactKey: Guid(b98eccdeb4ffb834482eeedf7dbb0fb8) Importer(2089858483,192608db42251d675da83286b1cce702)
Start importing Assets/CorgiEngine/Demos/Retro/Sounds/RetroTheme1.wav using Guid(b98eccdeb4ffb834482eeedf7dbb0fb8) Importer(2089858483,192608db42251d675da83286b1cce702) (ScriptedImporter) -> (artifact id: '9de5450201b60fc3e1ea5e4c125d683c') in 0.2497248 seconds
Number of updated asset objects reloaded before import = 0Number of asset objects unloaded after import = 1

========================================================================
Received Import Request.
  Time since last request: 0.000027 seconds.
  path: Assets/CorgiEngine/Demos/Retro/Materials/RetroMountainsBackground4.mat
  artifactKey: Guid(a40fb488111fe4f38bff34ffe3428963) Importer(2089858483,192608db42251d675da83286b1cce702)
Start importing Assets/CorgiEngine/Demos/Retro/Materials/RetroMountainsBackground4.mat using Guid(a40fb488111fe4f38bff34ffe3428963) Importer(2089858483,192608db42251d675da83286b1cce702) (ScriptedImporter) -> (artifact id: '02b7bd6ad2124d9febb7bfabf1ba917d') in 0.0351722 seconds
Number of updated asset objects reloaded before import = 0Number of asset objects unloaded after import = 2

========================================================================
Received Import Request.
  Time since last request: 0.000033 seconds.
  path: Assets/CorgiEngine/Demos/RetroAdventure/Lighting/RetroAdventure5Settings.lighting
  artifactKey: Guid(9d180ef26c45c8841aede566769ec080) Importer(2089858483,192608db42251d675da83286b1cce702)
Start importing Assets/CorgiEngine/Demos/RetroAdventure/Lighting/RetroAdventure5Settings.lighting using Guid(9d180ef26c45c8841aede566769ec080) Importer(2089858483,192608db42251d675da83286b1cce702) (ScriptedImporter) -> (artifact id: '5b5c7e63533ccc5a9c804390616d928c') in 0.0320811 seconds
Number of updated asset objects reloaded before import = 0Number of asset objects unloaded after import = 1

========================================================================
Received Import Request.
  Time since last request: 0.000023 seconds.
  path: Assets/CorgiEngine/Demos/Retro/Materials/RetroForestBackground1.mat
  artifactKey: Guid(2b894269a6d33418f99bb2baefb00293) Importer(2089858483,192608db42251d675da83286b1cce702)
Start importing Assets/CorgiEngine/Demos/Retro/Materials/RetroForestBackground1.mat using Guid(2b894269a6d33418f99bb2baefb00293) Importer(2089858483,192608db42251d675da83286b1cce702) (ScriptedImporter) -> (artifact id: '3b96bb98dd7775785e24fb950e2cbd83') in 0.0385551 seconds
Number of updated asset objects reloaded before import = 0Number of asset objects unloaded after import = 2

========================================================================
Received Import Request.
  Time since last request: 0.000022 seconds.
  path: Assets/CorgiEngine/Demos/Retro/Sounds/LoftReload.wav
  artifactKey: Guid(52f4ce8eb42518a439c426a2cdb1ab64) Importer(2089858483,192608db42251d675da83286b1cce702)
Start importing Assets/CorgiEngine/Demos/Retro/Sounds/LoftReload.wav using Guid(52f4ce8eb42518a439c426a2cdb1ab64) Importer(2089858483,192608db42251d675da83286b1cce702) (ScriptedImporter) -> (artifact id: '98ea213df37efd4f123370e4230fdec0') in 0.0822814 seconds
Number of updated asset objects reloaded before import = 0Number of asset objects unloaded after import = 1

========================================================================
Received Import Request.
  Time since last request: 0.000044 seconds.
  path: Assets/CorgiEngine/Demos/SuperHipsterBros/Animations/bulky-dude-walk.anim
  artifactKey: Guid(48ba587a9f35259429f88274f9cf9acd) Importer(2089858483,192608db42251d675da83286b1cce702)
Start importing Assets/CorgiEngine/Demos/SuperHipsterBros/Animations/bulky-dude-walk.anim using Guid(48ba587a9f35259429f88274f9cf9acd) Importer(2089858483,192608db42251d675da83286b1cce702) (ScriptedImporter) -> (artifact id: 'cf51eaa5610e62685244d0e0702a8170') in 0.0271559 seconds
Number of updated asset objects reloaded before import = 0Number of asset objects unloaded after import = 1

========================================================================
Received Import Request.
  Time since last request: 0.000029 seconds.
  path: Assets/CorgiEngine/Demos/Retro/Sounds/CorgiGrunt2.wav
  artifactKey: Guid(d8f0c95dc7ff638459f9384dff998ebd) Importer(2089858483,192608db42251d675da83286b1cce702)
Start importing Assets/CorgiEngine/Demos/Retro/Sounds/CorgiGrunt2.wav using Guid(d8f0c95dc7ff638459f9384dff998ebd) Importer(2089858483,192608db42251d675da83286b1cce702) (ScriptedImporter) -> (artifact id: 'd7676c1951325b63930289ef558d425f') in 0.0775912 seconds
Number of updated asset objects reloaded before import = 0Number of asset objects unloaded after import = 1

========================================================================
Received Import Request.
  Time since last request: 0.000116 seconds.
  path: Assets/CorgiEngine/Demos/Retro/Animations/RetroGhost_0.controller
  artifactKey: Guid(603eff2397f045c41b02557d009657ec) Importer(2089858483,192608db42251d675da83286b1cce702)
Start importing Assets/CorgiEngine/Demos/Retro/Animations/RetroGhost_0.controller using Guid(603eff2397f045c41b02557d009657ec) Importer(2089858483,192608db42251d675da83286b1cce702) (ScriptedImporter) -> (artifact id: '712dd3c25f55918dcc33b806fb9103a9') in 0.0282226 seconds
Number of updated asset objects reloaded before import = 0Number of asset objects unloaded after import = 8

========================================================================
Received Import Request.
  Time since last request: 0.000037 seconds.
  path: Assets/CorgiEngine/Demos/Retro/Tilemaps/RetroSlopes4.asset
  artifactKey: Guid(c1e40aa16153455478f45e39d57ce649) Importer(2089858483,192608db42251d675da83286b1cce702)
Start importing Assets/CorgiEngine/Demos/Retro/Tilemaps/RetroSlopes4.asset using Guid(c1e40aa16153455478f45e39d57ce649) Importer(2089858483,192608db42251d675da83286b1cce702) (ScriptedImporter) -> (artifact id: '8c2d2b4eefdf47fdabb0fd38869612ba') in 0.0244967 seconds
Number of updated asset objects reloaded before import = 0Number of asset objects unloaded after import = 2

========================================================================
Received Import Request.
  Time since last request: 0.000020 seconds.
  path: Assets/CorgiEngine/Demos/Retro/Animations/RetroPressurePadAnimator.controller
  artifactKey: Guid(5a471591186bbff408151816938358a0) Importer(2089858483,192608db42251d675da83286b1cce702)
Start importing Assets/CorgiEngine/Demos/Retro/Animations/RetroPressurePadAnimator.controller using Guid(5a471591186bbff408151816938358a0) Importer(2089858483,192608db42251d675da83286b1cce702) (ScriptedImporter) -> (artifact id: '3af56ee48f6ce7aa3ccd097bf76fd17d') in 0.0206744 seconds
Number of updated asset objects reloaded before import = 0Number of asset objects unloaded after import = 8

========================================================================
Received Import Request.
  Time since last request: 0.000047 seconds.
  path: Assets/CorgiEngine/Demos/Retro/Materials/RetroSmoke4Material.mat
  artifactKey: Guid(c69f50f4fe2542d40b683da902e124f5) Importer(2089858483,192608db42251d675da83286b1cce702)
Start importing Assets/CorgiEngine/Demos/Retro/Materials/RetroSmoke4Material.mat using Guid(c69f50f4fe2542d40b683da902e124f5) Importer(2089858483,192608db42251d675da83286b1cce702) (ScriptedImporter) -> (artifact id: 'dbdc938c245d7fc1293036cd4b068f8b') in 0.0433606 seconds
Number of updated asset objects reloaded before import = 0Number of asset objects unloaded after import = 2

========================================================================
Received Import Request.
  Time since last request: 0.000021 seconds.
  path: Assets/CorgiEngine/Demos/Retro/Sounds/LoftAssaultRifle.wav
  artifactKey: Guid(8cbed1c870a7c314f83923d771c51d33) Importer(2089858483,192608db42251d675da83286b1cce702)
Start importing Assets/CorgiEngine/Demos/Retro/Sounds/LoftAssaultRifle.wav using Guid(8cbed1c870a7c314f83923d771c51d33) Importer(2089858483,192608db42251d675da83286b1cce702) (ScriptedImporter) -> (artifact id: 'dd7d355738c5ec1b177f2a773e997b27') in 0.0797659 seconds
Number of updated asset objects reloaded before import = 0Number of asset objects unloaded after import = 1

========================================================================
Received Import Request.
  Time since last request: 0.000021 seconds.
  path: Assets/CorgiEngine/Demos/Retro/Sounds/LoftTom.wav
  artifactKey: Guid(84e0db7a97233e745be637a26a289686) Importer(2089858483,192608db42251d675da83286b1cce702)
Start importing Assets/CorgiEngine/Demos/Retro/Sounds/LoftTom.wav using Guid(84e0db7a97233e745be637a26a289686) Importer(2089858483,192608db42251d675da83286b1cce702) (ScriptedImporter) -> (artifact id: '6b55e405b772b7040a10ec12a9fb75b8') in 0.0787844 seconds
Number of updated asset objects reloaded before import = 0Number of asset objects unloaded after import = 1

========================================================================
Received Import Request.
  Time since last request: 0.000146 seconds.
  path: Assets/CorgiEngine/Demos/Retro/Sounds/KoalaFalling.wav
  artifactKey: Guid(3d355044b7a83174dbed50bf25b44913) Importer(2089858483,192608db42251d675da83286b1cce702)
Start importing Assets/CorgiEngine/Demos/Retro/Sounds/KoalaFalling.wav using Guid(3d355044b7a83174dbed50bf25b44913) Importer(2089858483,192608db42251d675da83286b1cce702) (ScriptedImporter) -> (artifact id: '9b289e4b49e48ffcf28fdd9d82496f55') in 0.0568681 seconds
Number of updated asset objects reloaded before import = 0Number of asset objects unloaded after import = 1

========================================================================
Received Import Request.
  Time since last request: 0.000080 seconds.
  path: Assets/CorgiEngine/Demos/Retro/Animations/RetroCorgiPush.anim
  artifactKey: Guid(716af966b5b0a7c4cbee7314766e9869) Importer(2089858483,192608db42251d675da83286b1cce702)
Start importing Assets/CorgiEngine/Demos/Retro/Animations/RetroCorgiPush.anim using Guid(716af966b5b0a7c4cbee7314766e9869) Importer(2089858483,192608db42251d675da83286b1cce702) (ScriptedImporter) -> (artifact id: '06329c55e36ff73b9b460e35f2f73c53') in 0.0225526 seconds
Number of updated asset objects reloaded before import = 0Number of asset objects unloaded after import = 1

========================================================================
Received Import Request.
  Time since last request: 0.000053 seconds.
  path: Assets/CorgiEngine/Demos/Retro/Materials/RetroSmoke3Material.mat
  artifactKey: Guid(da584bb788703ac46862ec58b3748727) Importer(2089858483,192608db42251d675da83286b1cce702)
Start importing Assets/CorgiEngine/Demos/Retro/Materials/RetroSmoke3Material.mat using Guid(da584bb788703ac46862ec58b3748727) Importer(2089858483,192608db42251d675da83286b1cce702) (ScriptedImporter) -> (artifact id: '14d7adfb30e5185aec370b02efd9ddb4') in 0.0340549 seconds
Number of updated asset objects reloaded before import = 0Number of asset objects unloaded after import = 2

========================================================================
Received Import Request.
  Time since last request: 0.163055 seconds.
  path: Assets/CorgiEngine/Demos/TheHunt/Materials/LaserMaterial.mat
  artifactKey: Guid(8300c5c2dd4a7a74fae045fc7b189935) Importer(2089858483,192608db42251d675da83286b1cce702)
Start importing Assets/CorgiEngine/Demos/TheHunt/Materials/LaserMaterial.mat using Guid(8300c5c2dd4a7a74fae045fc7b189935) Importer(2089858483,192608db42251d675da83286b1cce702) (ScriptedImporter) -> (artifact id: '9b57dcef8698858d7e8bfcf4b2f6de14') in 0.0222345 seconds
Number of updated asset objects reloaded before import = 0Number of asset objects unloaded after import = 1

========================================================================
Received Import Request.
  Time since last request: 0.000024 seconds.
  path: Assets/CorgiEngine/Demos/Corgi2D/Prefabs/Effects/CrateHurt.prefab
  artifactKey: Guid(d2590650081e24d4b9de3b23cd653b13) Importer(2089858483,192608db42251d675da83286b1cce702)
Start importing Assets/CorgiEngine/Demos/Corgi2D/Prefabs/Effects/CrateHurt.prefab using Guid(d2590650081e24d4b9de3b23cd653b13) Importer(2089858483,192608db42251d675da83286b1cce702) (ScriptedImporter) -> (artifact id: 'e0bf5a7f4f45a03dbdd366d1af372434') in 0.1984216 seconds
Number of updated asset objects reloaded before import = 0Number of asset objects unloaded after import = 8

========================================================================
Received Import Request.
  Time since last request: 0.000027 seconds.
  path: Assets/CorgiEngine/Common/Scripts/Agents/Damage/Stompable.cs
  artifactKey: Guid(50fc24513c89140afa90465a45f5d6fd) Importer(2089858483,192608db42251d675da83286b1cce702)
Start importing Assets/CorgiEngine/Common/Scripts/Agents/Damage/Stompable.cs using Guid(50fc24513c89140afa90465a45f5d6fd) Importer(2089858483,192608db42251d675da83286b1cce702) (ScriptedImporter) -> (artifact id: 'f4d39b54d622a61604add0659c6061c8') in 0.0250083 seconds
Number of updated asset objects reloaded before import = 0Number of asset objects unloaded after import = 0

========================================================================
Received Import Request.
  Time since last request: 0.000129 seconds.
  path: Assets/CorgiEngine/Demos/Corgi2D/Animations/Environment/jumper.anim
  artifactKey: Guid(7b117ce11007322458ec320d33789c81) Importer(2089858483,192608db42251d675da83286b1cce702)
Start importing Assets/CorgiEngine/Demos/Corgi2D/Animations/Environment/jumper.anim using Guid(7b117ce11007322458ec320d33789c81) Importer(2089858483,192608db42251d675da83286b1cce702) (ScriptedImporter) -> (artifact id: '5c6dda8e3748be2cd74bf52b49cf87a1') in 0.0265038 seconds
Number of updated asset objects reloaded before import = 0Number of asset objects unloaded after import = 1

========================================================================
Received Import Request.
  Time since last request: 0.000027 seconds.
  path: Assets/CorgiEngine/Common/Scripts/Agents/CharacterAbilities/CharacterHandleSecondaryWeapon.cs
  artifactKey: Guid(3141ca867f14a464ab5c3a815142ad80) Importer(2089858483,192608db42251d675da83286b1cce702)
Start importing Assets/CorgiEngine/Common/Scripts/Agents/CharacterAbilities/CharacterHandleSecondaryWeapon.cs using Guid(3141ca867f14a464ab5c3a815142ad80) Importer(2089858483,192608db42251d675da83286b1cce702) (ScriptedImporter) -> (artifact id: '7f09811efec0ded9ea510577f137e932') in 0.0211005 seconds
Number of updated asset objects reloaded before import = 0Number of asset objects unloaded after import = 0

========================================================================
Received Import Request.
  Time since last request: 0.000113 seconds.
  path: Assets/CorgiEngine/Common/Scripts/Agents/Weapons/MeleeWeapon.cs
  artifactKey: Guid(a557e2b93323f4831a62221b200348c4) Importer(2089858483,192608db42251d675da83286b1cce702)
Start importing Assets/CorgiEngine/Common/Scripts/Agents/Weapons/MeleeWeapon.cs using Guid(a557e2b93323f4831a62221b200348c4) Importer(2089858483,192608db42251d675da83286b1cce702) (ScriptedImporter) -> (artifact id: '8d1c2ad414c8ac508c7ecc949fcb7867') in 0.0254107 seconds
Number of updated asset objects reloaded before import = 0Number of asset objects unloaded after import = 0

========================================================================
Received Import Request.
  Time since last request: 0.000132 seconds.
  path: Assets/CorgiEngine/Common/Scripts/Agents/Weapons/ProjectileWeapon.cs
  artifactKey: Guid(7d7ce0b8cf4b34859b9e359283b2e7f3) Importer(2089858483,192608db42251d675da83286b1cce702)
Start importing Assets/CorgiEngine/Common/Scripts/Agents/Weapons/ProjectileWeapon.cs using Guid(7d7ce0b8cf4b34859b9e359283b2e7f3) Importer(2089858483,192608db42251d675da83286b1cce702) (ScriptedImporter) -> (artifact id: '3995e306eb2d6289bf30744b778a8171') in 0.0224144 seconds
Number of updated asset objects reloaded before import = 0Number of asset objects unloaded after import = 0

========================================================================
Received Import Request.
  Time since last request: 0.000025 seconds.
  path: Assets/CorgiEngine/Demos/Corgi2D/Prefabs/Backgrounds/lava-background.prefab
  artifactKey: Guid(c59f3caa80b41437da560af3e12b97e2) Importer(2089858483,192608db42251d675da83286b1cce702)
Start importing Assets/CorgiEngine/Demos/Corgi2D/Prefabs/Backgrounds/lava-background.prefab using Guid(c59f3caa80b41437da560af3e12b97e2) Importer(2089858483,192608db42251d675da83286b1cce702) (ScriptedImporter) -> (artifact id: 'c7f70a3c6ccf32f77f8c7ca6baabee40') in 0.0496153 seconds
Number of updated asset objects reloaded before import = 0Number of asset objects unloaded after import = 8

========================================================================
Received Import Request.
  Time since last request: 0.000025 seconds.
  path: Assets/CorgiEngine/Demos/Corgi2D/Animations/SpaceCorgi/spaceCorgiClimbMove.anim
  artifactKey: Guid(1eafec1f9e8a9cf46a124d269981289e) Importer(2089858483,192608db42251d675da83286b1cce702)
Start importing Assets/CorgiEngine/Demos/Corgi2D/Animations/SpaceCorgi/spaceCorgiClimbMove.anim using Guid(1eafec1f9e8a9cf46a124d269981289e) Importer(2089858483,192608db42251d675da83286b1cce702) (ScriptedImporter) -> (artifact id: '654ae50634cbc3e824d9aaf013384726') in 0.0319843 seconds
Number of updated asset objects reloaded before import = 0Number of asset objects unloaded after import = 1

========================================================================
Received Import Request.
  Time since last request: 0.000024 seconds.
  path: Assets/CorgiEngine/Common/Scripts/Camera/Regular/ParallaxCamera.cs
  artifactKey: Guid(71978be820ec44066856f2b1df7bd818) Importer(2089858483,192608db42251d675da83286b1cce702)
Start importing Assets/CorgiEngine/Common/Scripts/Camera/Regular/ParallaxCamera.cs using Guid(71978be820ec44066856f2b1df7bd818) Importer(2089858483,192608db42251d675da83286b1cce702) (ScriptedImporter) -> (artifact id: '58a305239473585925afaf9659979617') in 0.0205062 seconds
Number of updated asset objects reloaded before import = 0Number of asset objects unloaded after import = 0

========================================================================
Received Import Request.
  Time since last request: 0.000119 seconds.
  path: Assets/CorgiEngine/Common/Scripts/Agents/CorgiController/CorgiControllerParameters.cs
  artifactKey: Guid(b5736459b511638429fb45d7cd9fdea6) Importer(2089858483,192608db42251d675da83286b1cce702)
Start importing Assets/CorgiEngine/Common/Scripts/Agents/CorgiController/CorgiControllerParameters.cs using Guid(b5736459b511638429fb45d7cd9fdea6) Importer(2089858483,192608db42251d675da83286b1cce702) (ScriptedImporter) -> (artifact id: '1e59740230bc5908bed8cf25f69730ff') in 0.026587 seconds
Number of updated asset objects reloaded before import = 0Number of asset objects unloaded after import = 0

========================================================================
Received Import Request.
  Time since last request: 0.000102 seconds.
  path: Assets/CorgiEngine/Common/Scripts/Agents/Damage/KillPlayerOnTouch.cs
  artifactKey: Guid(aea70cd4b789a4b5593a26c4f4ace44c) Importer(2089858483,192608db42251d675da83286b1cce702)
Start importing Assets/CorgiEngine/Common/Scripts/Agents/Damage/KillPlayerOnTouch.cs using Guid(aea70cd4b789a4b5593a26c4f4ace44c) Importer(2089858483,192608db42251d675da83286b1cce702) (ScriptedImporter) -> (artifact id: 'e6c081e42c5d9689a09c1d9da0975327') in 0.0210145 seconds
Number of updated asset objects reloaded before import = 0Number of asset objects unloaded after import = 0

========================================================================
Received Import Request.
  Time since last request: 0.000135 seconds.
  path: Assets/CorgiEngine/Demos/Corgi2D/Prefabs/Effects/LaserFlames.prefab
  artifactKey: Guid(a52075a3065b50944916c8da43d06c86) Importer(2089858483,192608db42251d675da83286b1cce702)
Start importing Assets/CorgiEngine/Demos/Corgi2D/Prefabs/Effects/LaserFlames.prefab using Guid(a52075a3065b50944916c8da43d06c86) Importer(2089858483,192608db42251d675da83286b1cce702) (ScriptedImporter) -> (artifact id: '9840f4aa75752732bfd10677e08c4faf') in 0.0765417 seconds
Number of updated asset objects reloaded before import = 0Number of asset objects unloaded after import = 6

========================================================================
Received Import Request.
  Time since last request: 0.000024 seconds.
  path: Assets/CorgiEngine/Demos/Corgi2D/Animations/Environment/jumperAnimator.controller
  artifactKey: Guid(25b3f4f9cfd90be4cae249213000a983) Importer(2089858483,192608db42251d675da83286b1cce702)
Start importing Assets/CorgiEngine/Demos/Corgi2D/Animations/Environment/jumperAnimator.controller using Guid(25b3f4f9cfd90be4cae249213000a983) Importer(2089858483,192608db42251d675da83286b1cce702) (ScriptedImporter) -> (artifact id: 'cc57630345aeb8e895421566fddb6b85') in 0.0228796 seconds
Number of updated asset objects reloaded before import = 0Number of asset objects unloaded after import = 4

========================================================================
Received Import Request.
  Time since last request: 0.000023 seconds.
  path: Assets/CorgiEngine/Common/Editor/Agents/CorgiController/CorgiControllerInspector.cs
  artifactKey: Guid(c18fa22ce061b854990f14a0de7bd9f2) Importer(2089858483,192608db42251d675da83286b1cce702)
Start importing Assets/CorgiEngine/Common/Editor/Agents/CorgiController/CorgiControllerInspector.cs using Guid(c18fa22ce061b854990f14a0de7bd9f2) Importer(2089858483,192608db42251d675da83286b1cce702) (ScriptedImporter) -> (artifact id: '5fbeefd7b7d7fdf882a88d779e3da51f') in 0.0263329 seconds
Number of updated asset objects reloaded before import = 0Number of asset objects unloaded after import = 0

========================================================================
Received Import Request.
  Time since last request: 0.000107 seconds.
  path: Assets/CorgiEngine/ThirdParty/MoreMountains/InventoryEngine/license.txt
  artifactKey: Guid(2b82380b7aac9464cbc147a94d79255c) Importer(2089858483,192608db42251d675da83286b1cce702)
Start importing Assets/CorgiEngine/ThirdParty/MoreMountains/InventoryEngine/license.txt using Guid(2b82380b7aac9464cbc147a94d79255c) Importer(2089858483,192608db42251d675da83286b1cce702) (ScriptedImporter) -> (artifact id: '147f2bf11e698fc291d36933e7b940ba') in 0.0264619 seconds
Number of updated asset objects reloaded before import = 0Number of asset objects unloaded after import = 1

========================================================================
Received Import Request.
  Time since last request: 0.000050 seconds.
  path: Assets/CorgiEngine/Common/Scripts/Agents/Weapons/WeaponAutoAim.cs
  artifactKey: Guid(96c88a3aa9bb5694f961c5fd51ab67f0) Importer(2089858483,192608db42251d675da83286b1cce702)
Start importing Assets/CorgiEngine/Common/Scripts/Agents/Weapons/WeaponAutoAim.cs using Guid(96c88a3aa9bb5694f961c5fd51ab67f0) Importer(2089858483,192608db42251d675da83286b1cce702) (ScriptedImporter) -> (artifact id: 'df7e5e3d20f1b7c213a2460e5333f012') in 0.0206682 seconds
Number of updated asset objects reloaded before import = 0Number of asset objects unloaded after import = 0

========================================================================
Received Import Request.
  Time since last request: 0.000074 seconds.
  path: Assets/CorgiEngine/Demos/Corgi2D/Materials/Sprites/playerBulletParticle.png
  artifactKey: Guid(a66a5ffb0389f7744ba65384cd163f0c) Importer(2089858483,192608db42251d675da83286b1cce702)
Start importing Assets/CorgiEngine/Demos/Corgi2D/Materials/Sprites/playerBulletParticle.png using Guid(a66a5ffb0389f7744ba65384cd163f0c) Importer(2089858483,192608db42251d675da83286b1cce702) (ScriptedImporter) -> (artifact id: '868aee220e4ac17ed13e45ca5fc9702a') in 0.0494893 seconds
Number of updated asset objects reloaded before import = 0Number of asset objects unloaded after import = 3

========================================================================
Received Import Request.
  Time since last request: 0.000030 seconds.
  path: Assets/CorgiEngine/Demos/Corgi2D/Animations/SpaceCorgi/spaceCorgiCrouchIdle.anim
  artifactKey: Guid(79c9c54fcb35cce4180403a108c93059) Importer(2089858483,192608db42251d675da83286b1cce702)
Start importing Assets/CorgiEngine/Demos/Corgi2D/Animations/SpaceCorgi/spaceCorgiCrouchIdle.anim using Guid(79c9c54fcb35cce4180403a108c93059) Importer(2089858483,192608db42251d675da83286b1cce702) (ScriptedImporter) -> (artifact id: '54fc8778b3af7110940f0201fcece1b4') in 0.0193516 seconds
Number of updated asset objects reloaded before import = 0Number of asset objects unloaded after import = 1

========================================================================
Received Import Request.
  Time since last request: 0.000020 seconds.
  path: Assets/CorgiEngine/Demos/Corgi2D/Materials/Sprites/gunFireParticle.png
  artifactKey: Guid(3bfc02214a1b4234fa8ca05a53b8a560) Importer(2089858483,192608db42251d675da83286b1cce702)
Start importing Assets/CorgiEngine/Demos/Corgi2D/Materials/Sprites/gunFireParticle.png using Guid(3bfc02214a1b4234fa8ca05a53b8a560) Importer(2089858483,192608db42251d675da83286b1cce702) (ScriptedImporter) -> (artifact id: '757e653038bc6de1a453c8d23c21a83e') in 0.0499856 seconds
Number of updated asset objects reloaded before import = 0Number of asset objects unloaded after import = 3

========================================================================
Received Import Request.
  Time since last request: 0.000025 seconds.
  path: Assets/CorgiEngine/Demos/Corgi2D/Prefabs/Effects/LightRaysGenerator.prefab
  artifactKey: Guid(27738d08d989ec0478bc6d434bf914cc) Importer(2089858483,192608db42251d675da83286b1cce702)
Start importing Assets/CorgiEngine/Demos/Corgi2D/Prefabs/Effects/LightRaysGenerator.prefab using Guid(27738d08d989ec0478bc6d434bf914cc) Importer(2089858483,192608db42251d675da83286b1cce702) (ScriptedImporter) -> (artifact id: 'ed8e5058fb5aecd960dc68cdfbde5c44') in 0.0804811 seconds
Number of updated asset objects reloaded before import = 0Number of asset objects unloaded after import = 7

========================================================================
Received Import Request.
  Time since last request: 0.000025 seconds.
  path: Assets/CorgiEngine/Demos/Corgi2D/Animations/Environment/bonus-block-hit.anim
  artifactKey: Guid(29846c98a0e1a42028b9c24b9b1b92f7) Importer(2089858483,192608db42251d675da83286b1cce702)
Start importing Assets/CorgiEngine/Demos/Corgi2D/Animations/Environment/bonus-block-hit.anim using Guid(29846c98a0e1a42028b9c24b9b1b92f7) Importer(2089858483,192608db42251d675da83286b1cce702) (ScriptedImporter) -> (artifact id: '08696cb68d165bc39c09873e6621f0cf') in 0.0229067 seconds
Number of updated asset objects reloaded before import = 0Number of asset objects unloaded after import = 1

========================================================================
Received Import Request.
  Time since last request: 0.000094 seconds.
  path: Assets/CorgiEngine/Common/Scripts/Agents/CharacterAbilities/CharacterParticles.cs
  artifactKey: Guid(91c51cb5f00b54cba9abf4c49a247230) Importer(2089858483,192608db42251d675da83286b1cce702)
Start importing Assets/CorgiEngine/Common/Scripts/Agents/CharacterAbilities/CharacterParticles.cs using Guid(91c51cb5f00b54cba9abf4c49a247230) Importer(2089858483,192608db42251d675da83286b1cce702) (ScriptedImporter) -> (artifact id: 'eeec8c7daf3f4a266ecc07dd9c096a39') in 0.0205838 seconds
Number of updated asset objects reloaded before import = 0Number of asset objects unloaded after import = 0

========================================================================
Received Import Request.
  Time since last request: 0.000042 seconds.
  path: Assets/CorgiEngine/Demos/Corgi2D/Animations/Items/stimpack.anim
  artifactKey: Guid(7b7358b1347d1dc449fceb9b226fed25) Importer(2089858483,192608db42251d675da83286b1cce702)
Start importing Assets/CorgiEngine/Demos/Corgi2D/Animations/Items/stimpack.anim using Guid(7b7358b1347d1dc449fceb9b226fed25) Importer(2089858483,192608db42251d675da83286b1cce702) (ScriptedImporter) -> (artifact id: '575d0d83e9bfcd996c7c6d7379f5ec01') in 0.0258322 seconds
Number of updated asset objects reloaded before import = 0Number of asset objects unloaded after import = 1

========================================================================
Received Import Request.
  Time since last request: 0.000063 seconds.
  path: Assets/CorgiEngine/Demos/Brobro/Prefabs/PostProcess/BrobroPostProcessingVolume.asset
  artifactKey: Guid(86ef53332c9398f49839c00a88d5bcd8) Importer(2089858483,192608db42251d675da83286b1cce702)
Start importing Assets/CorgiEngine/Demos/Brobro/Prefabs/PostProcess/BrobroPostProcessingVolume.asset using Guid(86ef53332c9398f49839c00a88d5bcd8) Importer(2089858483,192608db42251d675da83286b1cce702) (ScriptedImporter) -> (artifact id: '9212e46c2784adbeceee6ca7dc00b7f3') in 0.0324726 seconds
Number of updated asset objects reloaded before import = 0Number of asset objects unloaded after import = 6

========================================================================
Received Import Request.
  Time since last request: 0.000061 seconds.
  path: Assets/CorgiEngine/Demos/Corgi2D/Prefabs/AI/Dude.prefab
  artifactKey: Guid(edacd33104df0ed4594ada3cb00e1b81) Importer(2089858483,192608db42251d675da83286b1cce702)
Start importing Assets/CorgiEngine/Demos/Corgi2D/Prefabs/AI/Dude.prefab using Guid(edacd33104df0ed4594ada3cb00e1b81) Importer(2089858483,192608db42251d675da83286b1cce702) (ScriptedImporter) -> (artifact id: 'bb22c4a92176ebfc1b5921dc04a7a31a') in 0.1798485 seconds
Number of updated asset objects reloaded before import = 0Number of asset objects unloaded after import = 88

========================================================================
Received Import Request.
  Time since last request: 0.000051 seconds.
  path: Assets/CorgiEngine/Demos/Corgi2D/Materials/Sprites/laserBulletParticle.png
  artifactKey: Guid(f50a7e5f08409364c9bd6d26041ce82b) Importer(2089858483,192608db42251d675da83286b1cce702)
Start importing Assets/CorgiEngine/Demos/Corgi2D/Materials/Sprites/laserBulletParticle.png using Guid(f50a7e5f08409364c9bd6d26041ce82b) Importer(2089858483,192608db42251d675da83286b1cce702) (ScriptedImporter) -> (artifact id: 'fbcdbd9b57353d5443728ba592500037') in 0.0491253 seconds
Number of updated asset objects reloaded before import = 0Number of asset objects unloaded after import = 3

========================================================================
Received Import Request.
  Time since last request: 0.000034 seconds.
  path: Assets/CorgiEngine/Demos/Corgi2D/Animations/Items/timeModifier.anim
  artifactKey: Guid(42991ec1adbb1426887780a724a0c712) Importer(2089858483,192608db42251d675da83286b1cce702)
Start importing Assets/CorgiEngine/Demos/Corgi2D/Animations/Items/timeModifier.anim using Guid(42991ec1adbb1426887780a724a0c712) Importer(2089858483,192608db42251d675da83286b1cce702) (ScriptedImporter) -> (artifact id: '5efca8375f13808ffc3a75b9cc70bcc8') in 0.0257381 seconds
Number of updated asset objects reloaded before import = 0Number of asset objects unloaded after import = 1

========================================================================
Received Import Request.
  Time since last request: 0.000032 seconds.
  path: Assets/CorgiEngine/Common/Scripts/Agents/CharacterAbilities/CharacterFallDamage.cs
  artifactKey: Guid(2cb358c8c351ce74b87688f8e0931a52) Importer(2089858483,192608db42251d675da83286b1cce702)
Start importing Assets/CorgiEngine/Common/Scripts/Agents/CharacterAbilities/CharacterFallDamage.cs using Guid(2cb358c8c351ce74b87688f8e0931a52) Importer(2089858483,192608db42251d675da83286b1cce702) (ScriptedImporter) -> (artifact id: 'd3b87046c0377c7a734d2057d3c2600e') in 0.0255299 seconds
Number of updated asset objects reloaded before import = 0Number of asset objects unloaded after import = 0

========================================================================
Received Import Request.
  Time since last request: 0.000069 seconds.
  path: Assets/CorgiEngine/Demos/Brobro/Spine/Brobro/space-corgi.png
  artifactKey: Guid(7d8a9861ede57744ba302cb670657952) Importer(2089858483,192608db42251d675da83286b1cce702)
Start importing Assets/CorgiEngine/Demos/Brobro/Spine/Brobro/space-corgi.png using Guid(7d8a9861ede57744ba302cb670657952) Importer(2089858483,192608db42251d675da83286b1cce702) (ScriptedImporter) -> (artifact id: '529ff8b61fd424b57d800ad140ad3832') in 0.0452046 seconds
Number of updated asset objects reloaded before import = 0Number of asset objects unloaded after import = 1

========================================================================
Received Import Request.
  Time since last request: 0.000043 seconds.
  path: Assets/CorgiEngine/Demos/Corgi2D/Animations/SpaceCorgi/spaceCorgiShoot.anim
  artifactKey: Guid(52bc6a361324ffd44b40a45efcaf56b5) Importer(2089858483,192608db42251d675da83286b1cce702)
Start importing Assets/CorgiEngine/Demos/Corgi2D/Animations/SpaceCorgi/spaceCorgiShoot.anim using Guid(52bc6a361324ffd44b40a45efcaf56b5) Importer(2089858483,192608db42251d675da83286b1cce702) (ScriptedImporter) -> (artifact id: '17931c5f94eb77c371ad41f16dc1212d') in 0.0290674 seconds
Number of updated asset objects reloaded before import = 0Number of asset objects unloaded after import = 1

========================================================================
Received Import Request.
  Time since last request: 0.000056 seconds.
  path: Assets/CorgiEngine/Common/Scripts/Agents/CharacterAbilities/CharacterAbilityNodeSwap.cs
  artifactKey: Guid(4d12a919377d2b443b0277c16bada8a0) Importer(2089858483,192608db42251d675da83286b1cce702)
Start importing Assets/CorgiEngine/Common/Scripts/Agents/CharacterAbilities/CharacterAbilityNodeSwap.cs using Guid(4d12a919377d2b443b0277c16bada8a0) Importer(2089858483,192608db42251d675da83286b1cce702) (ScriptedImporter) -> (artifact id: '31d5c18b699abb50c099c43e1417e396') in 0.0195607 seconds
Number of updated asset objects reloaded before import = 0Number of asset objects unloaded after import = 0

========================================================================
Received Import Request.
  Time since last request: 0.000099 seconds.
  path: Assets/CorgiEngine/Common/Scripts/Agents/CharacterAbilities/CharacterLadder.cs
  artifactKey: Guid(d96ed8ea1ca8048f6a2b90871e211025) Importer(2089858483,192608db42251d675da83286b1cce702)
Start importing Assets/CorgiEngine/Common/Scripts/Agents/CharacterAbilities/CharacterLadder.cs using Guid(d96ed8ea1ca8048f6a2b90871e211025) Importer(2089858483,192608db42251d675da83286b1cce702) (ScriptedImporter) -> (artifact id: '24908b155a244c4d4d090b24908c7047') in 0.0178795 seconds
Number of updated asset objects reloaded before import = 0Number of asset objects unloaded after import = 0

========================================================================
Received Import Request.
  Time since last request: 0.000091 seconds.
  path: Assets/CorgiEngine/Demos/Corgi2D/Materials/Sprites/jetpackParticle.png
  artifactKey: Guid(54beed255bc926743b825c35a0eb95e4) Importer(2089858483,192608db42251d675da83286b1cce702)
Start importing Assets/CorgiEngine/Demos/Corgi2D/Materials/Sprites/jetpackParticle.png using Guid(54beed255bc926743b825c35a0eb95e4) Importer(2089858483,192608db42251d675da83286b1cce702) (ScriptedImporter) -> (artifact id: 'bd2937ffc8ca14a72f89986393553f89') in 0.0472181 seconds
Number of updated asset objects reloaded before import = 0Number of asset objects unloaded after import = 3

========================================================================
Received Import Request.
  Time since last request: 0.000025 seconds.
  path: Assets/CorgiEngine/Demos/Corgi2D/Animations/AI/blueRobotWalk.anim
  artifactKey: Guid(94b5bc075d1480846bcc4103b23e55bd) Importer(2089858483,192608db42251d675da83286b1cce702)
Start importing Assets/CorgiEngine/Demos/Corgi2D/Animations/AI/blueRobotWalk.anim using Guid(94b5bc075d1480846bcc4103b23e55bd) Importer(2089858483,192608db42251d675da83286b1cce702) (ScriptedImporter) -> (artifact id: '82f5ec91ed0710bbfe9171be0594386a') in 0.0263654 seconds
Number of updated asset objects reloaded before import = 0Number of asset objects unloaded after import = 1

========================================================================
Received Import Request.
  Time since last request: 0.000028 seconds.
  path: Assets/CorgiEngine/Common/Scripts/Environment/CharacterOverrides/CharacterHorizontalMovementOverride.cs
  artifactKey: Guid(fc7fab23f3070418ca0c96d47664b294) Importer(2089858483,192608db42251d675da83286b1cce702)
Start importing Assets/CorgiEngine/Common/Scripts/Environment/CharacterOverrides/CharacterHorizontalMovementOverride.cs using Guid(fc7fab23f3070418ca0c96d47664b294) Importer(2089858483,192608db42251d675da83286b1cce702) (ScriptedImporter) -> (artifact id: '9226d9daec08f600ffb9ddfaa8537d24') in 0.021765 seconds
Number of updated asset objects reloaded before import = 0Number of asset objects unloaded after import = 0

========================================================================
Received Import Request.
  Time since last request: 0.000155 seconds.
  path: Assets/CorgiEngine/Demos/Corgi2D/Materials/Sprites/movingPlatformParticle.png
  artifactKey: Guid(1bb61c379e4a2164a94108757d24b514) Importer(2089858483,192608db42251d675da83286b1cce702)
Start importing Assets/CorgiEngine/Demos/Corgi2D/Materials/Sprites/movingPlatformParticle.png using Guid(1bb61c379e4a2164a94108757d24b514) Importer(2089858483,192608db42251d675da83286b1cce702) (ScriptedImporter) -> (artifact id: 'f3330f0bdbeb88a073251a23e17b6807') in 0.0530875 seconds
Number of updated asset objects reloaded before import = 0Number of asset objects unloaded after import = 3

========================================================================
Received Import Request.
  Time since last request: 0.000022 seconds.
  path: Assets/CorgiEngine/Demos/Brobro/Prefabs/Environment/BrobroTiles.prefab
  artifactKey: Guid(ca14a51d18dd531449b831fe96479a05) Importer(2089858483,192608db42251d675da83286b1cce702)
Start importing Assets/CorgiEngine/Demos/Brobro/Prefabs/Environment/BrobroTiles.prefab using Guid(ca14a51d18dd531449b831fe96479a05) Importer(2089858483,192608db42251d675da83286b1cce702) (ScriptedImporter) -> (artifact id: '71936f9f963c2a6e1fb6d978b20778b4') in 0.0821395 seconds
Number of updated asset objects reloaded before import = 0Number of asset objects unloaded after import = 33

========================================================================
Received Import Request.
  Time since last request: 0.000023 seconds.
  path: Assets/CorgiEngine/Demos/Corgi2D/Animations/Items/weapon-upgrade.controller
  artifactKey: Guid(01bae6a6e32242a4b97439edec5dbfa5) Importer(2089858483,192608db42251d675da83286b1cce702)
Start importing Assets/CorgiEngine/Demos/Corgi2D/Animations/Items/weapon-upgrade.controller using Guid(01bae6a6e32242a4b97439edec5dbfa5) Importer(2089858483,192608db42251d675da83286b1cce702) (ScriptedImporter) -> (artifact id: 'dd554a389d08319b7819dde95466eab6') in 0.0181209 seconds
Number of updated asset objects reloaded before import = 0Number of asset objects unloaded after import = 4

========================================================================
Received Import Request.
  Time since last request: 0.000019 seconds.
  path: Assets/CorgiEngine/Common/Scripts/Agents/Weapons/WeaponAmmo.cs
  artifactKey: Guid(d708b09d7c685aa4596060c0c90f2d57) Importer(2089858483,192608db42251d675da83286b1cce702)
Start importing Assets/CorgiEngine/Common/Scripts/Agents/Weapons/WeaponAmmo.cs using Guid(d708b09d7c685aa4596060c0c90f2d57) Importer(2089858483,192608db42251d675da83286b1cce702) (ScriptedImporter) -> (artifact id: 'fae9e1a5a8e9db73aa3bba0c9dd1f613') in 0.0259742 seconds
Number of updated asset objects reloaded before import = 0Number of asset objects unloaded after import = 0

========================================================================
Received Import Request.
  Time since last request: 0.000106 seconds.
  path: Assets/CorgiEngine/Demos/Corgi2D/Animations/AI/blob.controller
  artifactKey: Guid(4a97937e1e715844d8f1ad165177fc61) Importer(2089858483,192608db42251d675da83286b1cce702)
Start importing Assets/CorgiEngine/Demos/Corgi2D/Animations/AI/blob.controller using Guid(4a97937e1e715844d8f1ad165177fc61) Importer(2089858483,192608db42251d675da83286b1cce702) (ScriptedImporter) -> (artifact id: 'db59fdc844552ac5107b7be2b004929a') in 0.0233556 seconds
Number of updated asset objects reloaded before import = 0Number of asset objects unloaded after import = 8

========================================================================
Received Import Request.
  Time since last request: 0.000022 seconds.
  path: Assets/CorgiEngine/Common/Scripts/Agents/CharacterAbilities/CharacterStun.cs
  artifactKey: Guid(64a1f59c53ee2b943be20c8f49d4f6e7) Importer(2089858483,192608db42251d675da83286b1cce702)
Start importing Assets/CorgiEngine/Common/Scripts/Agents/CharacterAbilities/CharacterStun.cs using Guid(64a1f59c53ee2b943be20c8f49d4f6e7) Importer(2089858483,192608db42251d675da83286b1cce702) (ScriptedImporter) -> (artifact id: '4019013c32f5570b35ee05ea50554b85') in 0.0229878 seconds
Number of updated asset objects reloaded before import = 0Number of asset objects unloaded after import = 0

========================================================================
Received Import Request.
  Time since last request: 0.000103 seconds.
  path: Assets/CorgiEngine/Demos/Corgi2D/Prefabs/AI/Urchin.prefab
  artifactKey: Guid(78aeeb23eda41404dbd56028e99e41df) Importer(2089858483,192608db42251d675da83286b1cce702)
Start importing Assets/CorgiEngine/Demos/Corgi2D/Prefabs/AI/Urchin.prefab using Guid(78aeeb23eda41404dbd56028e99e41df) Importer(2089858483,192608db42251d675da83286b1cce702) (ScriptedImporter) -> (artifact id: '5b31ca7abf876f6fbe52022bf0cf5509') in 0.0568779 seconds
Number of updated asset objects reloaded before import = 0Number of asset objects unloaded after import = 20

========================================================================
Received Import Request.
  Time since last request: 0.000021 seconds.
  path: Assets/CorgiEngine/Demos/Corgi2D/Materials/Sprites/coinParticle.png
  artifactKey: Guid(0f496df54831470449c67cc80282f3b8) Importer(2089858483,192608db42251d675da83286b1cce702)
Start importing Assets/CorgiEngine/Demos/Corgi2D/Materials/Sprites/coinParticle.png using Guid(0f496df54831470449c67cc80282f3b8) Importer(2089858483,192608db42251d675da83286b1cce702) (ScriptedImporter) -> (artifact id: '1e1adb242005040ccd9213db75eb486b') in 0.042609 seconds
Number of updated asset objects reloaded before import = 0Number of asset objects unloaded after import = 3

========================================================================
Received Import Request.
  Time since last request: 0.000054 seconds.
  path: Assets/CorgiEngine/Demos/Corgi2D/Materials/Sprites/heartParticle.png
  artifactKey: Guid(7242f117e6e4e0841989338ad2783daa) Importer(2089858483,192608db42251d675da83286b1cce702)
Start importing Assets/CorgiEngine/Demos/Corgi2D/Materials/Sprites/heartParticle.png using Guid(7242f117e6e4e0841989338ad2783daa) Importer(2089858483,192608db42251d675da83286b1cce702) (ScriptedImporter) -> (artifact id: '80abc95ce63b39375e8665f1c32526e1') in 0.0419787 seconds
Number of updated asset objects reloaded before import = 0Number of asset objects unloaded after import = 3

========================================================================
Received Import Request.
  Time since last request: 0.000025 seconds.
  path: Assets/CorgiEngine/Common/Scripts/Agents/Weapons/ComboWeapon.cs
  artifactKey: Guid(89b3c07e34a5fde4e8d5519e9bcdccf3) Importer(2089858483,192608db42251d675da83286b1cce702)
Start importing Assets/CorgiEngine/Common/Scripts/Agents/Weapons/ComboWeapon.cs using Guid(89b3c07e34a5fde4e8d5519e9bcdccf3) Importer(2089858483,192608db42251d675da83286b1cce702) (ScriptedImporter) -> (artifact id: '7f9b68aa12c5712a2c93a528e134068a') in 0.0235844 seconds
Number of updated asset objects reloaded before import = 0Number of asset objects unloaded after import = 0

========================================================================
Received Import Request.
  Time since last request: 0.000137 seconds.
  path: Assets/CorgiEngine/ThirdParty/MoreMountains/InventoryEngine/readme.txt
  artifactKey: Guid(e5578e73df3cae34ea0e7a51e48a4ef0) Importer(2089858483,192608db42251d675da83286b1cce702)
Start importing Assets/CorgiEngine/ThirdParty/MoreMountains/InventoryEngine/readme.txt using Guid(e5578e73df3cae34ea0e7a51e48a4ef0) Importer(2089858483,192608db42251d675da83286b1cce702) (ScriptedImporter) -> (artifact id: 'f9aeba0c83124dc66c1492608cc6a300') in 0.0235101 seconds
Number of updated asset objects reloaded before import = 0Number of asset objects unloaded after import = 1

========================================================================
Received Import Request.
  Time since last request: 0.000117 seconds.
  path: Assets/CorgiEngine/Demos/Corgi2D/Prefabs/AI/cannonball.prefab
  artifactKey: Guid(0da0abbc9e332044a809dbc71f260ec3) Importer(2089858483,192608db42251d675da83286b1cce702)
Start importing Assets/CorgiEngine/Demos/Corgi2D/Prefabs/AI/cannonball.prefab using Guid(0da0abbc9e332044a809dbc71f260ec3) Importer(2089858483,192608db42251d675da83286b1cce702) (ScriptedImporter) -> (artifact id: '02a8b18e298893a496b24b8a22f9f45e') in 0.0758881 seconds
Number of updated asset objects reloaded before import = 0Number of asset objects unloaded after import = 28

========================================================================
Received Import Request.
  Time since last request: 0.000030 seconds.
  path: Assets/CorgiEngine/Common/Scripts/Agents/CharacterAbilities/CharacterInventory.cs
  artifactKey: Guid(a99d20994733989408d3700750a41df2) Importer(2089858483,192608db42251d675da83286b1cce702)
Start importing Assets/CorgiEngine/Common/Scripts/Agents/CharacterAbilities/CharacterInventory.cs using Guid(a99d20994733989408d3700750a41df2) Importer(2089858483,192608db42251d675da83286b1cce702) (ScriptedImporter) -> (artifact id: '33e9e3d98e7f776c4ae815eb3c8f741b') in 0.0226325 seconds
Number of updated asset objects reloaded before import = 0Number of asset objects unloaded after import = 0

========================================================================
Received Import Request.
  Time since last request: 0.000049 seconds.
  path: Assets/CorgiEngine/Common/Scripts/Agents/Animations/CharacterAnimationParametersInitializer.cs
  artifactKey: Guid(8b1b16f7fd2d363458c514b44617608c) Importer(2089858483,192608db42251d675da83286b1cce702)
Start importing Assets/CorgiEngine/Common/Scripts/Agents/Animations/CharacterAnimationParametersInitializer.cs using Guid(8b1b16f7fd2d363458c514b44617608c) Importer(2089858483,192608db42251d675da83286b1cce702) (ScriptedImporter) -> (artifact id: 'b1bce4dbdf98fc76e99229847cf9df4f') in 0.029952 seconds
Number of updated asset objects reloaded before import = 0Number of asset objects unloaded after import = 0

========================================================================
Received Import Request.
  Time since last request: 0.000128 seconds.
  path: Assets/CorgiEngine/Demos/Corgi2D/Animations/Environment/bonus-block.controller
  artifactKey: Guid(9bc75bb50746f416d9e25c81c6a461c4) Importer(2089858483,192608db42251d675da83286b1cce702)
Start importing Assets/CorgiEngine/Demos/Corgi2D/Animations/Environment/bonus-block.controller using Guid(9bc75bb50746f416d9e25c81c6a461c4) Importer(2089858483,192608db42251d675da83286b1cce702) (ScriptedImporter) -> (artifact id: '9a58e15ffec3a6c2c0a7abb66dc8cbd5') in 0.0261751 seconds
Number of updated asset objects reloaded before import = 0Number of asset objects unloaded after import = 11

========================================================================
Received Import Request.
  Time since last request: 0.000023 seconds.
  path: Assets/CorgiEngine/Common/Scripts/Agents/CharacterAbilities/CharacterPush.cs
  artifactKey: Guid(aa5a7ef00889da64b8219cd27ef14979) Importer(2089858483,192608db42251d675da83286b1cce702)
Start importing Assets/CorgiEngine/Common/Scripts/Agents/CharacterAbilities/CharacterPush.cs using Guid(aa5a7ef00889da64b8219cd27ef14979) Importer(2089858483,192608db42251d675da83286b1cce702) (ScriptedImporter) -> (artifact id: '20c383ee0192b70d8fcc3fca6dac145d') in 0.0241993 seconds
Number of updated asset objects reloaded before import = 0Number of asset objects unloaded after import = 0

========================================================================
Received Import Request.
  Time since last request: 0.000026 seconds.
  path: Assets/CorgiEngine/Common/Scripts/Agents/CharacterAbilities/CharacterPersistence.cs
  artifactKey: Guid(c5ed82f220055de419aad7e7e1832197) Importer(2089858483,192608db42251d675da83286b1cce702)
Start importing Assets/CorgiEngine/Common/Scripts/Agents/CharacterAbilities/CharacterPersistence.cs using Guid(c5ed82f220055de419aad7e7e1832197) Importer(2089858483,192608db42251d675da83286b1cce702) (ScriptedImporter) -> (artifact id: '46407ee636798fc6d07e4324f151e783') in 0.0221891 seconds
Number of updated asset objects reloaded before import = 0Number of asset objects unloaded after import = 0

========================================================================
Received Import Request.
  Time since last request: 0.000166 seconds.
  path: Assets/CorgiEngine/Demos/Corgi2D/Animations/AI/robot_0.controller
  artifactKey: Guid(4cc99f589f4913b4d9a92494746ba378) Importer(2089858483,192608db42251d675da83286b1cce702)
Start importing Assets/CorgiEngine/Demos/Corgi2D/Animations/AI/robot_0.controller using Guid(4cc99f589f4913b4d9a92494746ba378) Importer(2089858483,192608db42251d675da83286b1cce702) (ScriptedImporter) -> (artifact id: '7e934fa2f2e8cc3b074ef4ee6e660b0f') in 0.0221949 seconds
Number of updated asset objects reloaded before import = 0Number of asset objects unloaded after import = 4

========================================================================
Received Import Request.
  Time since last request: 0.000031 seconds.
  path: Assets/CorgiEngine/Common/Scripts/Agents/Weapons/WeaponIK.cs
  artifactKey: Guid(38e070f8d39696f4ea2d559622f8babb) Importer(2089858483,192608db42251d675da83286b1cce702)
Start importing Assets/CorgiEngine/Common/Scripts/Agents/Weapons/WeaponIK.cs using Guid(38e070f8d39696f4ea2d559622f8babb) Importer(2089858483,192608db42251d675da83286b1cce702) (ScriptedImporter) -> (artifact id: 'b6311c6c6c29f51d778203157ce190eb') in 0.0253263 seconds
Number of updated asset objects reloaded before import = 0Number of asset objects unloaded after import = 0

========================================================================
Received Import Request.
  Time since last request: 0.000039 seconds.
  path: Assets/CorgiEngine/Demos/Corgi2D/Animations/AI/blob-idle.anim
  artifactKey: Guid(f06b873eb23f9c94db2c7776f1445bd2) Importer(2089858483,192608db42251d675da83286b1cce702)
Start importing Assets/CorgiEngine/Demos/Corgi2D/Animations/AI/blob-idle.anim using Guid(f06b873eb23f9c94db2c7776f1445bd2) Importer(2089858483,192608db42251d675da83286b1cce702) (ScriptedImporter) -> (artifact id: '32031162c7314a6652d418fd98aaafe8') in 0.0243798 seconds
Number of updated asset objects reloaded before import = 0Number of asset objects unloaded after import = 1

========================================================================
Received Import Request.
  Time since last request: 0.000061 seconds.
  path: Assets/CorgiEngine/Common/Scripts/Agents/Damage/TypedDamage.cs
  artifactKey: Guid(727fd8b096f35ff4792e9e572998389e) Importer(2089858483,192608db42251d675da83286b1cce702)
Start importing Assets/CorgiEngine/Common/Scripts/Agents/Damage/TypedDamage.cs using Guid(727fd8b096f35ff4792e9e572998389e) Importer(2089858483,192608db42251d675da83286b1cce702) (ScriptedImporter) -> (artifact id: 'fe6bda818cb76fc912179004b6aee9b2') in 0.0208999 seconds
Number of updated asset objects reloaded before import = 0Number of asset objects unloaded after import = 0

========================================================================
Received Import Request.
  Time since last request: 0.000097 seconds.
  path: Assets/CorgiEngine/Common/Scripts/Agents/CharacterAbilities/CharacterSimpleDive.cs
  artifactKey: Guid(0c0f1bd419869a549843ea17e471a78c) Importer(2089858483,192608db42251d675da83286b1cce702)
Start importing Assets/CorgiEngine/Common/Scripts/Agents/CharacterAbilities/CharacterSimpleDive.cs using Guid(0c0f1bd419869a549843ea17e471a78c) Importer(2089858483,192608db42251d675da83286b1cce702) (ScriptedImporter) -> (artifact id: '7e0d27b1b61b34e9c1efe0be3282e29c') in 0.0238465 seconds
Number of updated asset objects reloaded before import = 0Number of asset objects unloaded after import = 0

========================================================================
Received Import Request.
  Time since last request: 0.000115 seconds.
  path: Assets/CorgiEngine/Demos/Corgi2D/Prefabs/Effects/LavaSparksGenerator.prefab
  artifactKey: Guid(d11a2ffea5508a646a89ca58f2286ded) Importer(2089858483,192608db42251d675da83286b1cce702)
Start importing Assets/CorgiEngine/Demos/Corgi2D/Prefabs/Effects/LavaSparksGenerator.prefab using Guid(d11a2ffea5508a646a89ca58f2286ded) Importer(2089858483,192608db42251d675da83286b1cce702) (ScriptedImporter) -> (artifact id: '5df9c801c3d25bbdcc8bc2aca61d8855') in 0.0862771 seconds
Number of updated asset objects reloaded before import = 0Number of asset objects unloaded after import = 7

========================================================================
Received Import Request.
  Time since last request: 0.674246 seconds.
  path: Assets/CorgiEngine/Demos/Corgi2D/Prefabs/Effects/RocketFlames.prefab
  artifactKey: Guid(bea2ae8bc8d3a5640be27884fd81e234) Importer(2089858483,192608db42251d675da83286b1cce702)
Start importing Assets/CorgiEngine/Demos/Corgi2D/Prefabs/Effects/RocketFlames.prefab using Guid(bea2ae8bc8d3a5640be27884fd81e234) Importer(2089858483,192608db42251d675da83286b1cce702) (ScriptedImporter) -> (artifact id: '390ff63649186e06dd43064925e9e0b5') in 0.0728507 seconds
Number of updated asset objects reloaded before import = 0Number of asset objects unloaded after import = 6

========================================================================
Received Import Request.
  Time since last request: 0.000025 seconds.
  path: Assets/CorgiEngine/Demos/Retro/Materials/Water/RetroVaniaWaterMaterial.mat
  artifactKey: Guid(686d6a802dc12ee478e3e717cdba0eed) Importer(2089858483,192608db42251d675da83286b1cce702)
Start importing Assets/CorgiEngine/Demos/Retro/Materials/Water/RetroVaniaWaterMaterial.mat using Guid(686d6a802dc12ee478e3e717cdba0eed) Importer(2089858483,192608db42251d675da83286b1cce702) (ScriptedImporter) -> (artifact id: '076b5729744d20b6d6b5efc5daca480f') in 0.0614923 seconds
Number of updated asset objects reloaded before import = 0Number of asset objects unloaded after import = 3

========================================================================
Received Import Request.
  Time since last request: 0.000037 seconds.
  path: Assets/CorgiEngine/Demos/Corgi3D/Textures/Skybox/Corgi3DSkyboxMaterial.mat
  artifactKey: Guid(7d1430089afb5854892670b854d1d684) Importer(2089858483,192608db42251d675da83286b1cce702)
Start importing Assets/CorgiEngine/Demos/Corgi3D/Textures/Skybox/Corgi3DSkyboxMaterial.mat using Guid(7d1430089afb5854892670b854d1d684) Importer(2089858483,192608db42251d675da83286b1cce702) (ScriptedImporter) -> (artifact id: 'ab1bc498f2e608cfe063eaaa2e5638a8') in 0.0481988 seconds
Number of updated asset objects reloaded before import = 0Number of asset objects unloaded after import = 7

========================================================================
Received Import Request.
  Time since last request: 0.000029 seconds.
  path: Assets/CorgiEngine/Demos/Minimal/Sprites/Rectangle/RectangleRun.png
  artifactKey: Guid(c26cf49e575f04d469b4718bb8836cf4) Importer(2089858483,192608db42251d675da83286b1cce702)
Start importing Assets/CorgiEngine/Demos/Minimal/Sprites/Rectangle/RectangleRun.png using Guid(c26cf49e575f04d469b4718bb8836cf4) Importer(2089858483,192608db42251d675da83286b1cce702) (ScriptedImporter) -> (artifact id: 'ba43498d564dc8123ef398227b132c12') in 0.1396554 seconds
Number of updated asset objects reloaded before import = 0Number of asset objects unloaded after import = 21

========================================================================
Received Import Request.
  Time since last request: 0.000058 seconds.
  path: Assets/CorgiEngine/Demos/Corgi2D/Sprites/SpaceCorgi/spacecorgi_flat-run.png
  artifactKey: Guid(69dc0617d06131c4c9ae3923e31633a6) Importer(2089858483,192608db42251d675da83286b1cce702)
Start importing Assets/CorgiEngine/Demos/Corgi2D/Sprites/SpaceCorgi/spacecorgi_flat-run.png using Guid(69dc0617d06131c4c9ae3923e31633a6) Importer(2089858483,192608db42251d675da83286b1cce702) (ScriptedImporter) -> (artifact id: 'e994991a533e065a54e506ad3432af3e') in 0.1655023 seconds
Number of updated asset objects reloaded before import = 0Number of asset objects unloaded after import = 32

========================================================================
Received Import Request.
  Time since last request: 0.000024 seconds.
  path: Assets/CorgiEngine/Demos/Minimal/Resources/Items/Bullets.asset
  artifactKey: Guid(9cd89b7e9c427dd44bc210e583aade65) Importer(2089858483,192608db42251d675da83286b1cce702)
Start importing Assets/CorgiEngine/Demos/Minimal/Resources/Items/Bullets.asset using Guid(9cd89b7e9c427dd44bc210e583aade65) Importer(2089858483,192608db42251d675da83286b1cce702) (ScriptedImporter) -> (artifact id: 'd63e72a7909fb67fa1d97a954c18fc96') in 0.0587054 seconds
Number of updated asset objects reloaded before import = 0Number of asset objects unloaded after import = 21

========================================================================
Received Import Request.
  Time since last request: 0.000034 seconds.
  path: Assets/CorgiEngine/Demos/Minimal/Prefabs/Platforms/Platform100x300.prefab
  artifactKey: Guid(3fc85475063618e43855bfe37f7aae8f) Importer(2089858483,192608db42251d675da83286b1cce702)
Start importing Assets/CorgiEngine/Demos/Minimal/Prefabs/Platforms/Platform100x300.prefab using Guid(3fc85475063618e43855bfe37f7aae8f) Importer(2089858483,192608db42251d675da83286b1cce702) (ScriptedImporter) -> (artifact id: '0d93fe0e302794edb0dbe851635cb98b') in 0.0440312 seconds
Number of updated asset objects reloaded before import = 0Number of asset objects unloaded after import = 8

========================================================================
Received Import Request.
  Time since last request: 0.000067 seconds.
  path: Assets/CorgiEngine/Demos/Corgi3D/Textures/PrototypeBlocks/Point5xPoint5Orange.png
  artifactKey: Guid(4d8bef446d4a9d946978502894c994fe) Importer(2089858483,192608db42251d675da83286b1cce702)
Start importing Assets/CorgiEngine/Demos/Corgi3D/Textures/PrototypeBlocks/Point5xPoint5Orange.png using Guid(4d8bef446d4a9d946978502894c994fe) Importer(2089858483,192608db42251d675da83286b1cce702) (ScriptedImporter) -> (artifact id: '66b40795db05b6fb14838a693b670426') in 0.0545858 seconds
Number of updated asset objects reloaded before import = 0Number of asset objects unloaded after import = 1

========================================================================
Received Import Request.
  Time since last request: 0.000062 seconds.
  path: Assets/CorgiEngine/Demos/Corgi3D/Prefabs/PlatformsYellow/4x1 Yellow.prefab
  artifactKey: Guid(13f7a2e2a04268d4f8cee777011fef35) Importer(2089858483,192608db42251d675da83286b1cce702)
Start importing Assets/CorgiEngine/Demos/Corgi3D/Prefabs/PlatformsYellow/4x1 Yellow.prefab using Guid(13f7a2e2a04268d4f8cee777011fef35) Importer(2089858483,192608db42251d675da83286b1cce702) (ScriptedImporter) -> (artifact id: '7d2511ed4264e7e90a4be2aaaaad7341') in 0.0322663 seconds
Number of updated asset objects reloaded before import = 0Number of asset objects unloaded after import = 8

========================================================================
Received Import Request.
  Time since last request: 0.000020 seconds.
  path: Assets/CorgiEngine/Demos/Corgi3D/Textures/PrototypeBlocks/4x1Orange.png
  artifactKey: Guid(bcc40343643b8a147882a7a1d2cb0c4b) Importer(2089858483,192608db42251d675da83286b1cce702)
Start importing Assets/CorgiEngine/Demos/Corgi3D/Textures/PrototypeBlocks/4x1Orange.png using Guid(bcc40343643b8a147882a7a1d2cb0c4b) Importer(2089858483,192608db42251d675da83286b1cce702) (ScriptedImporter) -> (artifact id: '812be0b8a877dce28ae920d23158e221') in 0.0491224 seconds
Number of updated asset objects reloaded before import = 0Number of asset objects unloaded after import = 1

========================================================================
Received Import Request.
  Time since last request: 0.000073 seconds.
  path: Assets/CorgiEngine/Demos/Minimal/Resources/Items/YellowKey.asset
  artifactKey: Guid(c3b3c98f0be356e4cad5d29b9fd2c07a) Importer(2089858483,192608db42251d675da83286b1cce702)
Start importing Assets/CorgiEngine/Demos/Minimal/Resources/Items/YellowKey.asset using Guid(c3b3c98f0be356e4cad5d29b9fd2c07a) Importer(2089858483,192608db42251d675da83286b1cce702) (ScriptedImporter) -> (artifact id: 'f8c6e1f44aeabcec0ab4a73adeb00571') in 0.0451684 seconds
Number of updated asset objects reloaded before import = 0Number of asset objects unloaded after import = 20

========================================================================
Received Import Request.
  Time since last request: 0.000026 seconds.
  path: Assets/CorgiEngine/Demos/Corgi3D/Models/NewCorgi3D/NewCorgi@Push.fbx
  artifactKey: Guid(ecacc8d5192db5f40aaf4c54ea7f8e55) Importer(2089858483,192608db42251d675da83286b1cce702)
Start importing Assets/CorgiEngine/Demos/Corgi3D/Models/NewCorgi3D/NewCorgi@Push.fbx using Guid(ecacc8d5192db5f40aaf4c54ea7f8e55) Importer(2089858483,192608db42251d675da83286b1cce702) (ScriptedImporter) -> (artifact id: 'b9ca1128428dbc0c4f3253ce68266052') in 0.0601771 seconds
Number of updated asset objects reloaded before import = 0Number of asset objects unloaded after import = 57

========================================================================
Received Import Request.
  Time since last request: 0.000026 seconds.
  path: Assets/CorgiEngine/Demos/Minimal/Sprites/Blocks/blocks2.png
  artifactKey: Guid(94942bc816a314d48a8d825eb6857e0f) Importer(2089858483,192608db42251d675da83286b1cce702)
Start importing Assets/CorgiEngine/Demos/Minimal/Sprites/Blocks/blocks2.png using Guid(94942bc816a314d48a8d825eb6857e0f) Importer(2089858483,192608db42251d675da83286b1cce702) (ScriptedImporter) -> (artifact id: 'ca86ba67eeeca7dc3852c64937096710') in 0.06281 seconds
Number of updated asset objects reloaded before import = 0Number of asset objects unloaded after import = 7

========================================================================
Received Import Request.
  Time since last request: 0.000039 seconds.
  path: Assets/CorgiEngine/Demos/Retro/Prefabs/Enemies/RetroBlobWaitJumpWalk.prefab
  artifactKey: Guid(9b734c1bfc100614cbb8fca3548b64bd) Importer(2089858483,192608db42251d675da83286b1cce702)
Start importing Assets/CorgiEngine/Demos/Retro/Prefabs/Enemies/RetroBlobWaitJumpWalk.prefab using Guid(9b734c1bfc100614cbb8fca3548b64bd) Importer(2089858483,192608db42251d675da83286b1cce702) (ScriptedImporter) -> (artifact id: '07421d6a071e15ed151a30c0f2748969') in 0.2164625 seconds
Number of updated asset objects reloaded before import = 0Number of asset objects unloaded after import = 62

========================================================================
Received Import Request.
  Time since last request: 0.000030 seconds.
  path: Assets/CorgiEngine/Demos/Corgi3D/Models/NewCorgi3D/NewCorgi3DAnimatorController.controller
  artifactKey: Guid(0652c90fd28a1f14bb6e8d11e92d490e) Importer(2089858483,192608db42251d675da83286b1cce702)
Start importing Assets/CorgiEngine/Demos/Corgi3D/Models/NewCorgi3D/NewCorgi3DAnimatorController.controller using Guid(0652c90fd28a1f14bb6e8d11e92d490e) Importer(2089858483,192608db42251d675da83286b1cce702) (ScriptedImporter) -> (artifact id: '8cac4793fbfaabc664df3a2a3c2a7353') in 0.0451841 seconds
Number of updated asset objects reloaded before import = 0Number of asset objects unloaded after import = 68

========================================================================
Received Import Request.
  Time since last request: 0.000075 seconds.
  path: Assets/CorgiEngine/Demos/Corgi2D/Sprites/SpaceCorgi/spacecorgi-melee.png
  artifactKey: Guid(93575f0018eec4a4598176b823404918) Importer(2089858483,192608db42251d675da83286b1cce702)
Start importing Assets/CorgiEngine/Demos/Corgi2D/Sprites/SpaceCorgi/spacecorgi-melee.png using Guid(93575f0018eec4a4598176b823404918) Importer(2089858483,192608db42251d675da83286b1cce702) (ScriptedImporter) -> (artifact id: '413dabf657b9cc88938614c61734963c') in 0.1241424 seconds
Number of updated asset objects reloaded before import = 0Number of asset objects unloaded after import = 22

========================================================================
Received Import Request.
  Time since last request: 0.000042 seconds.
  path: Assets/CorgiEngine/Demos/Corgi3D/Prefabs/Props/FallingPlatform.prefab
  artifactKey: Guid(822e7d95233a6f44f8228c394a95344c) Importer(2089858483,192608db42251d675da83286b1cce702)
Start importing Assets/CorgiEngine/Demos/Corgi3D/Prefabs/Props/FallingPlatform.prefab using Guid(822e7d95233a6f44f8228c394a95344c) Importer(2089858483,192608db42251d675da83286b1cce702) (ScriptedImporter) -> (artifact id: 'b20be48d66edd405d7c4d468805ab222') in 0.032025 seconds
Number of updated asset objects reloaded before import = 0Number of asset objects unloaded after import = 9

========================================================================
Received Import Request.
  Time since last request: 0.000021 seconds.
  path: Assets/CorgiEngine/Demos/Minimal/Resources/Items/Rockets.asset
  artifactKey: Guid(f2e386dbe5b7f2b4bbfd673eadd007ce) Importer(2089858483,192608db42251d675da83286b1cce702)
Start importing Assets/CorgiEngine/Demos/Minimal/Resources/Items/Rockets.asset using Guid(f2e386dbe5b7f2b4bbfd673eadd007ce) Importer(2089858483,192608db42251d675da83286b1cce702) (ScriptedImporter) -> (artifact id: '26d3c9a1ff1551b0e9c322e6c18cae4c') in 0.0380474 seconds
Number of updated asset objects reloaded before import = 0Number of asset objects unloaded after import = 20

========================================================================
Received Import Request.
  Time since last request: 0.000030 seconds.
  path: Assets/CorgiEngine/Demos/Minimal/Prefabs/Platforms/Platform200x200.prefab
  artifactKey: Guid(2d42f980168bc644a97bcfa6fb5a8d0b) Importer(2089858483,192608db42251d675da83286b1cce702)
Start importing Assets/CorgiEngine/Demos/Minimal/Prefabs/Platforms/Platform200x200.prefab using Guid(2d42f980168bc644a97bcfa6fb5a8d0b) Importer(2089858483,192608db42251d675da83286b1cce702) (ScriptedImporter) -> (artifact id: '9158f4690df7e425b95918b9b7809749') in 0.039671 seconds
Number of updated asset objects reloaded before import = 0Number of asset objects unloaded after import = 8

========================================================================
Received Import Request.
  Time since last request: 0.000034 seconds.
  path: Assets/CorgiEngine/Demos/Retro/Prefabs/Backgrounds/RetroMountainsBackground.prefab
  artifactKey: Guid(33045ab65856b494a94b1e2cf0c0c94e) Importer(2089858483,192608db42251d675da83286b1cce702)
Start importing Assets/CorgiEngine/Demos/Retro/Prefabs/Backgrounds/RetroMountainsBackground.prefab using Guid(33045ab65856b494a94b1e2cf0c0c94e) Importer(2089858483,192608db42251d675da83286b1cce702) (ScriptedImporter) -> (artifact id: '22e12cbf611d689985005bdf7ee57582') in 0.0310503 seconds
Number of updated asset objects reloaded before import = 0Number of asset objects unloaded after import = 28

========================================================================
Received Import Request.
  Time since last request: 0.000050 seconds.
  path: Assets/CorgiEngine/Demos/Retro/Prefabs/Enemies/RetroBlobPatrolWithinBoundsUntilDetected.prefab
  artifactKey: Guid(9e23937239b78844bad3d27387566e42) Importer(2089858483,192608db42251d675da83286b1cce702)
Start importing Assets/CorgiEngine/Demos/Retro/Prefabs/Enemies/RetroBlobPatrolWithinBoundsUntilDetected.prefab using Guid(9e23937239b78844bad3d27387566e42) Importer(2089858483,192608db42251d675da83286b1cce702) (ScriptedImporter) -> (artifact id: '4ef67b9444a26905adabe0b58999505f') in 0.1852335 seconds
Number of updated asset objects reloaded before import = 0Number of asset objects unloaded after import = 58

========================================================================
Received Import Request.
  Time since last request: 0.000034 seconds.
  path: Assets/CorgiEngine/Demos/Minimal/Prefabs/Camera/MinimalFloatingText.prefab
  artifactKey: Guid(087a4ea2ba3ae354d9f47cd98d67959f) Importer(2089858483,192608db42251d675da83286b1cce702)
Start importing Assets/CorgiEngine/Demos/Minimal/Prefabs/Camera/MinimalFloatingText.prefab using Guid(087a4ea2ba3ae354d9f47cd98d67959f) Importer(2089858483,192608db42251d675da83286b1cce702) (ScriptedImporter) -> (artifact id: 'dd0c20283c15a78175cbb1133e9be800') in 0.0401438 seconds
Number of updated asset objects reloaded before import = 0Number of asset objects unloaded after import = 18

========================================================================
Received Import Request.
  Time since last request: 0.000034 seconds.
  path: Assets/CorgiEngine/Demos/Minimal/Prefabs/Props/TimeZone.prefab
  artifactKey: Guid(bc7397a50990a364ab4af763edccdee8) Importer(2089858483,192608db42251d675da83286b1cce702)
Start importing Assets/CorgiEngine/Demos/Minimal/Prefabs/Props/TimeZone.prefab using Guid(bc7397a50990a364ab4af763edccdee8) Importer(2089858483,192608db42251d675da83286b1cce702) (ScriptedImporter) -> (artifact id: '1b45cc659fd2c0318790d4e4b7733d93') in 0.0694416 seconds
Number of updated asset objects reloaded before import = 0Number of asset objects unloaded after import = 9

========================================================================
Received Import Request.
  Time since last request: 0.000045 seconds.
  path: Assets/CorgiEngine/Demos/Corgi2D/Prefabs/PlayableCharacters/space-corgi-spritesheet.prefab
  artifactKey: Guid(5747cff9707eeb2459185fadece9e7bf) Importer(2089858483,192608db42251d675da83286b1cce702)
Start importing Assets/CorgiEngine/Demos/Corgi2D/Prefabs/PlayableCharacters/space-corgi-spritesheet.prefab using Guid(5747cff9707eeb2459185fadece9e7bf) Importer(2089858483,192608db42251d675da83286b1cce702) (ScriptedImporter) -> (artifact id: 'e40ae17fa907331f6760d572521da58a') in 0.2868406 seconds
Number of updated asset objects reloaded before import = 0Number of asset objects unloaded after import = 118

========================================================================
Received Import Request.
  Time since last request: 0.000032 seconds.
  path: Assets/CorgiEngine/Demos/Minimal/Prefabs/Surfaces/Ice.prefab
  artifactKey: Guid(6444680b068245d4d97cf697fb207d5d) Importer(2089858483,192608db42251d675da83286b1cce702)
Start importing Assets/CorgiEngine/Demos/Minimal/Prefabs/Surfaces/Ice.prefab using Guid(6444680b068245d4d97cf697fb207d5d) Importer(2089858483,192608db42251d675da83286b1cce702) (ScriptedImporter) -> (artifact id: 'cf162b1063048b30bac7fcf992ed4faf') in 0.0501665 seconds
Number of updated asset objects reloaded before import = 0Number of asset objects unloaded after import = 9

========================================================================
Received Import Request.
  Time since last request: 0.000051 seconds.
  path: Assets/CorgiEngine/Demos/Minimal/Resources/Items/InventoryRocketLauncher.asset
  artifactKey: Guid(e3a73a061be4b2a4ab476a2548cd50f0) Importer(2089858483,192608db42251d675da83286b1cce702)
Start importing Assets/CorgiEngine/Demos/Minimal/Resources/Items/InventoryRocketLauncher.asset using Guid(e3a73a061be4b2a4ab476a2548cd50f0) Importer(2089858483,192608db42251d675da83286b1cce702) (ScriptedImporter) -> (artifact id: 'b9335cb2896ab320361b011874d9e325') in 0.0742405 seconds
Number of updated asset objects reloaded before import = 0Number of asset objects unloaded after import = 95

========================================================================
Received Import Request.
  Time since last request: 0.000041 seconds.
  path: Assets/CorgiEngine/Demos/Minimal/Prefabs/Platforms/Platform700x100.prefab
  artifactKey: Guid(d39eb7b8fc88a2842b4b1307778defdd) Importer(2089858483,192608db42251d675da83286b1cce702)
Start importing Assets/CorgiEngine/Demos/Minimal/Prefabs/Platforms/Platform700x100.prefab using Guid(d39eb7b8fc88a2842b4b1307778defdd) Importer(2089858483,192608db42251d675da83286b1cce702) (ScriptedImporter) -> (artifact id: 'b2068b4b10cad1b2fe126d1e58513d02') in 0.0423093 seconds
Number of updated asset objects reloaded before import = 0Number of asset objects unloaded after import = 8

========================================================================
Received Import Request.
  Time since last request: 0.000035 seconds.
  path: Assets/CorgiEngine/Demos/Corgi3D/Textures/PrototypeBlocks/1x1DarkGrey.png
  artifactKey: Guid(d5e17a08a4c40b7408d1be34472aa339) Importer(2089858483,192608db42251d675da83286b1cce702)
Start importing Assets/CorgiEngine/Demos/Corgi3D/Textures/PrototypeBlocks/1x1DarkGrey.png using Guid(d5e17a08a4c40b7408d1be34472aa339) Importer(2089858483,192608db42251d675da83286b1cce702) (ScriptedImporter) -> (artifact id: '49e176e9ba0f6218708d125bd0f8ccb1') in 0.0428186 seconds
Number of updated asset objects reloaded before import = 0Number of asset objects unloaded after import = 1

========================================================================
Received Import Request.
  Time since last request: 0.000033 seconds.
  path: Assets/CorgiEngine/Demos/Corgi3D/Models/Props/Ramp.obj
  artifactKey: Guid(4baa7941028b1d747a69b74348f1b8cb) Importer(2089858483,192608db42251d675da83286b1cce702)
Start importing Assets/CorgiEngine/Demos/Corgi3D/Models/Props/Ramp.obj using Guid(4baa7941028b1d747a69b74348f1b8cb) Importer(2089858483,192608db42251d675da83286b1cce702) (ScriptedImporter) -> (artifact id: '8f96875dcad8cf1ea6f4e94b14b6dd7d') in 0.0371999 seconds
Number of updated asset objects reloaded before import = 0Number of asset objects unloaded after import = 9

========================================================================
Received Import Request.
  Time since last request: 0.000026 seconds.
  path: Assets/CorgiEngine/Demos/Corgi3D/Prefabs/PlatformsBlue/4x1 Blue Thin.prefab
  artifactKey: Guid(be085640f3d368f4287741edddb4299d) Importer(2089858483,192608db42251d675da83286b1cce702)
Start importing Assets/CorgiEngine/Demos/Corgi3D/Prefabs/PlatformsBlue/4x1 Blue Thin.prefab using Guid(be085640f3d368f4287741edddb4299d) Importer(2089858483,192608db42251d675da83286b1cce702) (ScriptedImporter) -> (artifact id: '7ac294e0e53a4f6af6f51d802a716cac') in 0.0333447 seconds
Number of updated asset objects reloaded before import = 0Number of asset objects unloaded after import = 8

========================================================================
Received Import Request.
  Time since last request: 0.000040 seconds.
  path: Assets/CorgiEngine/Demos/Corgi3D/Prefabs/VFX/VoxelExplosion.prefab
  artifactKey: Guid(79b7fec1e03e68d42b9aa6ba570bc270) Importer(2089858483,192608db42251d675da83286b1cce702)
Start importing Assets/CorgiEngine/Demos/Corgi3D/Prefabs/VFX/VoxelExplosion.prefab using Guid(79b7fec1e03e68d42b9aa6ba570bc270) Importer(2089858483,192608db42251d675da83286b1cce702) (ScriptedImporter) -> (artifact id: '7b93a1bca314616faffcc75a1ef291d7') in 0.0851 seconds
Number of updated asset objects reloaded before import = 0Number of asset objects unloaded after import = 12

========================================================================
Received Import Request.
  Time since last request: 0.000043 seconds.
  path: Assets/CorgiEngine/Demos/Corgi2D/Sprites/SpaceCorgi/spacecorgi_flat-crouch.png
  artifactKey: Guid(d890c1b290e042f418cb03b7b15e7e03) Importer(2089858483,192608db42251d675da83286b1cce702)
Start importing Assets/CorgiEngine/Demos/Corgi2D/Sprites/SpaceCorgi/spacecorgi_flat-crouch.png using Guid(d890c1b290e042f418cb03b7b15e7e03) Importer(2089858483,192608db42251d675da83286b1cce702) (ScriptedImporter) -> (artifact id: 'ba120b41bacdb718f4a498363582a1e7') in 0.1105308 seconds
Number of updated asset objects reloaded before import = 0Number of asset objects unloaded after import = 22

========================================================================
Received Import Request.
  Time since last request: 0.000026 seconds.
  path: Assets/CorgiEngine/Demos/Corgi2D/Prefabs/Weapons/CorgiSpineMachineGunBouncy.prefab
  artifactKey: Guid(923d96820c0ee6a4c8380f1a2b0a4600) Importer(2089858483,192608db42251d675da83286b1cce702)
Start importing Assets/CorgiEngine/Demos/Corgi2D/Prefabs/Weapons/CorgiSpineMachineGunBouncy.prefab using Guid(923d96820c0ee6a4c8380f1a2b0a4600) Importer(2089858483,192608db42251d675da83286b1cce702) (ScriptedImporter) -> (artifact id: 'd1cca491b8858599e8c617ae82443440') in 0.1154004 seconds
Number of updated asset objects reloaded before import = 0Number of asset objects unloaded after import = 58

========================================================================
Received Import Request.
  Time since last request: 0.000040 seconds.
  path: Assets/CorgiEngine/Demos/Corgi3D/Prefabs/Props/Terrain.asset
  artifactKey: Guid(cb5ad0e47636a8548806a028bf9883c2) Importer(2089858483,192608db42251d675da83286b1cce702)
Start importing Assets/CorgiEngine/Demos/Corgi3D/Prefabs/Props/Terrain.asset using Guid(cb5ad0e47636a8548806a028bf9883c2) Importer(2089858483,192608db42251d675da83286b1cce702) (ScriptedImporter) -> (artifact id: '037accad3d17fee7bcd483032e15c5ef') in 0.0976517 seconds
Number of updated asset objects reloaded before import = 0Number of asset objects unloaded after import = 2

========================================================================
Received Import Request.
  Time since last request: 0.000041 seconds.
  path: Assets/CorgiEngine/Demos/Minimal/Prefabs/Props/GravityZone.prefab
  artifactKey: Guid(baffd91489b4a334d8f9b200a17ca506) Importer(2089858483,192608db42251d675da83286b1cce702)
Start importing Assets/CorgiEngine/Demos/Minimal/Prefabs/Props/GravityZone.prefab using Guid(baffd91489b4a334d8f9b200a17ca506) Importer(2089858483,192608db42251d675da83286b1cce702) (ScriptedImporter) -> (artifact id: 'b698d6ce434f3d8f9f6d495e031adb93') in 0.0450478 seconds
Number of updated asset objects reloaded before import = 0Number of asset objects unloaded after import = 9

========================================================================
Received Import Request.
  Time since last request: 0.000027 seconds.
  path: Assets/CorgiEngine/Demos/Corgi3D/Textures/PrototypeBlocks/2x1Orange.png
  artifactKey: Guid(e96f2202b4ec6eb4ab2cd043a0a72a97) Importer(2089858483,192608db42251d675da83286b1cce702)
Start importing Assets/CorgiEngine/Demos/Corgi3D/Textures/PrototypeBlocks/2x1Orange.png using Guid(e96f2202b4ec6eb4ab2cd043a0a72a97) Importer(2089858483,192608db42251d675da83286b1cce702) (ScriptedImporter) -> (artifact id: '5a6e1cd1c931773efb777c5949e6606b') in 0.0445819 seconds
Number of updated asset objects reloaded before import = 0Number of asset objects unloaded after import = 1

========================================================================
Received Import Request.
  Time since last request: 0.000022 seconds.
  path: Assets/CorgiEngine/Demos/Corgi3D/Textures/Skybox/Corgi3DSkyboxDown.png
  artifactKey: Guid(63d2ef8c02bccbb45b56f06c14d64a0e) Importer(2089858483,192608db42251d675da83286b1cce702)
Start importing Assets/CorgiEngine/Demos/Corgi3D/Textures/Skybox/Corgi3DSkyboxDown.png using Guid(63d2ef8c02bccbb45b56f06c14d64a0e) Importer(2089858483,192608db42251d675da83286b1cce702) (ScriptedImporter) -> (artifact id: 'ed39bda9c1109a9e4d6c80868b272a41') in 0.0451921 seconds
Number of updated asset objects reloaded before import = 0Number of asset objects unloaded after import = 3

========================================================================
Received Import Request.
  Time since last request: 0.000028 seconds.
  path: Assets/CorgiEngine/Demos/Corgi3D/Prefabs/PlatformsGrey/1x1 Grey.prefab
  artifactKey: Guid(1eda0ae253d780d4db754b06d7833a77) Importer(2089858483,192608db42251d675da83286b1cce702)
Start importing Assets/CorgiEngine/Demos/Corgi3D/Prefabs/PlatformsGrey/1x1 Grey.prefab using Guid(1eda0ae253d780d4db754b06d7833a77) Importer(2089858483,192608db42251d675da83286b1cce702) (ScriptedImporter) -> (artifact id: '17b1fd6465d3d0d4d99c2e33469517a7') in 0.0333581 seconds
Number of updated asset objects reloaded before import = 0Number of asset objects unloaded after import = 8

========================================================================
Received Import Request.
  Time since last request: 0.000019 seconds.
  path: Assets/CorgiEngine/Demos/Minimal/Sprites/Rectangle/RectangleCrouchIdle.png
  artifactKey: Guid(c2b33a6a2f0959441a77beabcb3d7c50) Importer(2089858483,192608db42251d675da83286b1cce702)
Start importing Assets/CorgiEngine/Demos/Minimal/Sprites/Rectangle/RectangleCrouchIdle.png using Guid(c2b33a6a2f0959441a77beabcb3d7c50) Importer(2089858483,192608db42251d675da83286b1cce702) (ScriptedImporter) -> (artifact id: 'ff5cea6da2746c2bd0ddc1b0faf1071a') in 0.1665971 seconds
Number of updated asset objects reloaded before import = 0Number of asset objects unloaded after import = 32

========================================================================
Received Import Request.
  Time since last request: 0.000029 seconds.
  path: Assets/CorgiEngine/Demos/Retro/Prefabs/VFX/RetroDustCloud2.prefab
  artifactKey: Guid(1ffb80fddcfe02641bb8ad451b98caa7) Importer(2089858483,192608db42251d675da83286b1cce702)
Start importing Assets/CorgiEngine/Demos/Retro/Prefabs/VFX/RetroDustCloud2.prefab using Guid(1ffb80fddcfe02641bb8ad451b98caa7) Importer(2089858483,192608db42251d675da83286b1cce702) (ScriptedImporter) -> (artifact id: '1a776eea299c5257713d1f00fb821d5e') in 0.0801354 seconds
Number of updated asset objects reloaded before import = 0Number of asset objects unloaded after import = 6

========================================================================
Received Import Request.
  Time since last request: 0.000033 seconds.
  path: Assets/CorgiEngine/Demos/Retro/Sprites/RetroPlatforms/RetroCave.png
  artifactKey: Guid(e160d53dbacbe902caecd3c5bb7db158) Importer(2089858483,192608db42251d675da83286b1cce702)
Start importing Assets/CorgiEngine/Demos/Retro/Sprites/RetroPlatforms/RetroCave.png using Guid(e160d53dbacbe902caecd3c5bb7db158) Importer(2089858483,192608db42251d675da83286b1cce702) (ScriptedImporter) -> (artifact id: '52de2197036c191fd8d7009ddc5cb353') in 0.1873947 seconds
Number of updated asset objects reloaded before import = 0Number of asset objects unloaded after import = 49

========================================================================
Received Import Request.
  Time since last request: 0.000029 seconds.
  path: Assets/CorgiEngine/Demos/Retro/Sprites/RetroBackgrounds/RetroCloudBackground4.png
  artifactKey: Guid(56a9048513c784e72af5f04826c53c31) Importer(2089858483,192608db42251d675da83286b1cce702)
Start importing Assets/CorgiEngine/Demos/Retro/Sprites/RetroBackgrounds/RetroCloudBackground4.png using Guid(56a9048513c784e72af5f04826c53c31) Importer(2089858483,192608db42251d675da83286b1cce702) (ScriptedImporter) -> (artifact id: '37c6d2fa66436d10a7b5353ff88af756') in 0.040485 seconds
Number of updated asset objects reloaded before import = 0Number of asset objects unloaded after import = 1

========================================================================
Received Import Request.
  Time since last request: 0.000027 seconds.
  path: Assets/CorgiEngine/Demos/Retro/Sprites/RetroBackgrounds/RetroForestBackground2.png
  artifactKey: Guid(e68ddd60428404aa0bd74193f33f4a0e) Importer(2089858483,192608db42251d675da83286b1cce702)
Start importing Assets/CorgiEngine/Demos/Retro/Sprites/RetroBackgrounds/RetroForestBackground2.png using Guid(e68ddd60428404aa0bd74193f33f4a0e) Importer(2089858483,192608db42251d675da83286b1cce702) (ScriptedImporter) -> (artifact id: 'c5a62fb64de24e6482fe19610203d7ca') in 0.0425002 seconds
Number of updated asset objects reloaded before import = 0Number of asset objects unloaded after import = 1

========================================================================
Received Import Request.
  Time since last request: 0.000032 seconds.
  path: Assets/CorgiEngine/Demos/Retro/Prefabs/Props/RetroCarryCrate.prefab
  artifactKey: Guid(0e120af3b8990a64d822d160a530833e) Importer(2089858483,192608db42251d675da83286b1cce702)
Start importing Assets/CorgiEngine/Demos/Retro/Prefabs/Props/RetroCarryCrate.prefab using Guid(0e120af3b8990a64d822d160a530833e) Importer(2089858483,192608db42251d675da83286b1cce702) (ScriptedImporter) -> (artifact id: '7f2e45452317aa13802643837557720d') in 0.0703728 seconds
Number of updated asset objects reloaded before import = 0Number of asset objects unloaded after import = 58

========================================================================
Received Import Request.
  Time since last request: 0.000026 seconds.
  path: Assets/CorgiEngine/Demos/Retro/Sprites/RetroCorgi/retroCorgiWallclinging.png
  artifactKey: Guid(f1d63682ba15e4ddfa606b38ef8b4d82) Importer(2089858483,192608db42251d675da83286b1cce702)
Start importing Assets/CorgiEngine/Demos/Retro/Sprites/RetroCorgi/retroCorgiWallclinging.png using Guid(f1d63682ba15e4ddfa606b38ef8b4d82) Importer(2089858483,192608db42251d675da83286b1cce702) (ScriptedImporter) -> (artifact id: 'fa954831e0e6446bc625c3f08602484d') in 0.0619518 seconds
Number of updated asset objects reloaded before import = 0Number of asset objects unloaded after import = 3

========================================================================
Received Import Request.
  Time since last request: 0.000020 seconds.
  path: Assets/CorgiEngine/Demos/Retro/Prefabs/Weapons/RetroShotgun.prefab
  artifactKey: Guid(415ce45e0a1ee45df942cde94fe0aa5f) Importer(2089858483,192608db42251d675da83286b1cce702)
Start importing Assets/CorgiEngine/Demos/Retro/Prefabs/Weapons/RetroShotgun.prefab using Guid(415ce45e0a1ee45df942cde94fe0aa5f) Importer(2089858483,192608db42251d675da83286b1cce702) (ScriptedImporter) -> (artifact id: '7eecab5333e6fce85c1af99db06d8a11') in 0.0969133 seconds
Number of updated asset objects reloaded before import = 0Number of asset objects unloaded after import = 83

========================================================================
Received Import Request.
  Time since last request: 0.000032 seconds.
  path: Assets/CorgiEngine/Demos/Retro/Sprites/RetroBoss/RetroBossLeftGunIdle.png
  artifactKey: Guid(8763c7b2107f53b47b3d585946b70e87) Importer(2089858483,192608db42251d675da83286b1cce702)
Start importing Assets/CorgiEngine/Demos/Retro/Sprites/RetroBoss/RetroBossLeftGunIdle.png using Guid(8763c7b2107f53b47b3d585946b70e87) Importer(2089858483,192608db42251d675da83286b1cce702) (ScriptedImporter) -> (artifact id: '22256523cec336f8683e89617d972591') in 0.0519147 seconds
Number of updated asset objects reloaded before import = 0Number of asset objects unloaded after import = 4

========================================================================
Received Import Request.
  Time since last request: 0.000032 seconds.
  path: Assets/CorgiEngine/Demos/Retro/Prefabs/ItemPickers/RetroOneUpPicker.prefab
  artifactKey: Guid(9d516561eabb1f444b599e6d5c88c60c) Importer(2089858483,192608db42251d675da83286b1cce702)
Start importing Assets/CorgiEngine/Demos/Retro/Prefabs/ItemPickers/RetroOneUpPicker.prefab using Guid(9d516561eabb1f444b599e6d5c88c60c) Importer(2089858483,192608db42251d675da83286b1cce702) (ScriptedImporter) -> (artifact id: 'b4d233380030101b23f449135552384c') in 0.1084376 seconds
Number of updated asset objects reloaded before import = 0Number of asset objects unloaded after import = 23

========================================================================
Received Import Request.
  Time since last request: 0.000027 seconds.
  path: Assets/CorgiEngine/Demos/Retro/Sprites/RetroCorgi/RetroCorgiLedgeClimb.png
  artifactKey: Guid(ad8eac24260f89b41bffb559aecb74bc) Importer(2089858483,192608db42251d675da83286b1cce702)
Start importing Assets/CorgiEngine/Demos/Retro/Sprites/RetroCorgi/RetroCorgiLedgeClimb.png using Guid(ad8eac24260f89b41bffb559aecb74bc) Importer(2089858483,192608db42251d675da83286b1cce702) (ScriptedImporter) -> (artifact id: '9c5589ab45728cc97764753c5b35a2a7') in 0.0946598 seconds
Number of updated asset objects reloaded before import = 0Number of asset objects unloaded after import = 10

========================================================================
Received Import Request.
  Time since last request: 0.000027 seconds.
  path: Assets/CorgiEngine/Demos/Retro/Prefabs/Props/RetroZipLine.prefab
  artifactKey: Guid(50d5028031fb9ac43abd695dbad83c5f) Importer(2089858483,192608db42251d675da83286b1cce702)
Start importing Assets/CorgiEngine/Demos/Retro/Prefabs/Props/RetroZipLine.prefab using Guid(50d5028031fb9ac43abd695dbad83c5f) Importer(2089858483,192608db42251d675da83286b1cce702) (ScriptedImporter) -> (artifact id: 'e66163989e7cb7e502b22beafd15fa67') in 0.0325888 seconds
Number of updated asset objects reloaded before import = 0Number of asset objects unloaded after import = 27

========================================================================
Received Import Request.
  Time since last request: 0.000035 seconds.
  path: Assets/CorgiEngine/Demos/Retro/Prefabs/Weapons/RetroBossRightGunWeapon.prefab
  artifactKey: Guid(e2433b8b0e8f22645afba2af87eaa829) Importer(2089858483,192608db42251d675da83286b1cce702)
Start importing Assets/CorgiEngine/Demos/Retro/Prefabs/Weapons/RetroBossRightGunWeapon.prefab using Guid(e2433b8b0e8f22645afba2af87eaa829) Importer(2089858483,192608db42251d675da83286b1cce702) (ScriptedImporter) -> (artifact id: 'af1d3a0db5fe9e9406c07b9dc3226183') in 0.077975 seconds
Number of updated asset objects reloaded before import = 0Number of asset objects unloaded after import = 50

========================================================================
Received Import Request.
  Time since last request: 0.000024 seconds.
  path: Assets/CorgiEngine/Demos/Retro/Prefabs/Props/RetroLadder.prefab
  artifactKey: Guid(9052bdb4af6054a78a34d222df6af5f0) Importer(2089858483,192608db42251d675da83286b1cce702)
Start importing Assets/CorgiEngine/Demos/Retro/Prefabs/Props/RetroLadder.prefab using Guid(9052bdb4af6054a78a34d222df6af5f0) Importer(2089858483,192608db42251d675da83286b1cce702) (ScriptedImporter) -> (artifact id: 'ff1f602ae7a38a8d160d0fc07f1cca22') in 0.0474969 seconds
Number of updated asset objects reloaded before import = 0Number of asset objects unloaded after import = 12

========================================================================
Received Import Request.
  Time since last request: 0.000022 seconds.
  path: Assets/CorgiEngine/Demos/Retro/Prefabs/VFX/RetroDustCloud3.prefab
  artifactKey: Guid(2563229783ffcba4b88e111c965e3d7d) Importer(2089858483,192608db42251d675da83286b1cce702)
Start importing Assets/CorgiEngine/Demos/Retro/Prefabs/VFX/RetroDustCloud3.prefab using Guid(2563229783ffcba4b88e111c965e3d7d) Importer(2089858483,192608db42251d675da83286b1cce702) (ScriptedImporter) -> (artifact id: '7fb04e5b74d207f1369dae4e58cf4bdd') in 0.0834609 seconds
Number of updated asset objects reloaded before import = 0Number of asset objects unloaded after import = 6

========================================================================
Received Import Request.
  Time since last request: 0.000022 seconds.
  path: Assets/CorgiEngine/Demos/Retro/Sprites/RetroBackgrounds/RetroCloudBackground3.png
  artifactKey: Guid(31a2d6137a4524e44ba52e0285d51ea8) Importer(2089858483,192608db42251d675da83286b1cce702)
Start importing Assets/CorgiEngine/Demos/Retro/Sprites/RetroBackgrounds/RetroCloudBackground3.png using Guid(31a2d6137a4524e44ba52e0285d51ea8) Importer(2089858483,192608db42251d675da83286b1cce702) (ScriptedImporter) -> (artifact id: '6f5613995a520bba2f8f155cf0ac9458') in 0.041791 seconds
Number of updated asset objects reloaded before import = 0Number of asset objects unloaded after import = 1

========================================================================
Received Import Request.
  Time since last request: 0.000028 seconds.
  path: Assets/CorgiEngine/Demos/Retro/Sprites/RetroCorgi/RetroCorgiSword.png
  artifactKey: Guid(49de0d73ebe3eaf4298c2e73fac4e8ac) Importer(2089858483,192608db42251d675da83286b1cce702)
Start importing Assets/CorgiEngine/Demos/Retro/Sprites/RetroCorgi/RetroCorgiSword.png using Guid(49de0d73ebe3eaf4298c2e73fac4e8ac) Importer(2089858483,192608db42251d675da83286b1cce702) (ScriptedImporter) -> (artifact id: '9dcb9343aff51f88fc6c2febc558bc86') in 0.1069159 seconds
Number of updated asset objects reloaded before import = 0Number of asset objects unloaded after import = 16

========================================================================
Received Import Request.
  Time since last request: 0.000024 seconds.
  path: Assets/CorgiEngine/Demos/Retro/Sprites/RetroBackgrounds/RetroMountainsBackground3.png
  artifactKey: Guid(40470d2af4d4e44cf8f0ef3f3c3db001) Importer(2089858483,192608db42251d675da83286b1cce702)
Start importing Assets/CorgiEngine/Demos/Retro/Sprites/RetroBackgrounds/RetroMountainsBackground3.png using Guid(40470d2af4d4e44cf8f0ef3f3c3db001) Importer(2089858483,192608db42251d675da83286b1cce702) (ScriptedImporter) -> (artifact id: 'b8c7ed61f36a588c99992e3cb58022a1') in 0.0375107 seconds
Number of updated asset objects reloaded before import = 0Number of asset objects unloaded after import = 1

========================================================================
Received Import Request.
  Time since last request: 0.000020 seconds.
  path: Assets/CorgiEngine/Demos/Retro/Sprites/RetroCorgi/RetroCorgiClimbing.png
  artifactKey: Guid(b8def5f9c70ca46898b1fa81db82c5db) Importer(2089858483,192608db42251d675da83286b1cce702)
Start importing Assets/CorgiEngine/Demos/Retro/Sprites/RetroCorgi/RetroCorgiClimbing.png using Guid(b8def5f9c70ca46898b1fa81db82c5db) Importer(2089858483,192608db42251d675da83286b1cce702) (ScriptedImporter) -> (artifact id: 'a2078a37f375b2eaab91be8e6d121bf0') in 0.0611623 seconds
Number of updated asset objects reloaded before import = 0Number of asset objects unloaded after import = 4

========================================================================
Received Import Request.
  Time since last request: 0.000021 seconds.
  path: Assets/CorgiEngine/Demos/Retro/Prefabs/Weapons/RetroCopterGun.prefab
  artifactKey: Guid(b592a70f09bd9df44beba37754fcebe6) Importer(2089858483,192608db42251d675da83286b1cce702)
Start importing Assets/CorgiEngine/Demos/Retro/Prefabs/Weapons/RetroCopterGun.prefab using Guid(b592a70f09bd9df44beba37754fcebe6) Importer(2089858483,192608db42251d675da83286b1cce702) (ScriptedImporter) -> (artifact id: 'e3efc8bced8a403d2db5ff18ccefdf63') in 0.0919418 seconds
Number of updated asset objects reloaded before import = 0Number of asset objects unloaded after import = 61

========================================================================
Received Import Request.
  Time since last request: 0.000041 seconds.
  path: Assets/CorgiEngine/Demos/Corgi3D/Prefabs/PlatformsYellow/4x1 Yellow Thin.prefab
  artifactKey: Guid(7b0b124d00c122944a64fb68417efc63) Importer(2089858483,192608db42251d675da83286b1cce702)
Start importing Assets/CorgiEngine/Demos/Corgi3D/Prefabs/PlatformsYellow/4x1 Yellow Thin.prefab using Guid(7b0b124d00c122944a64fb68417efc63) Importer(2089858483,192608db42251d675da83286b1cce702) (ScriptedImporter) -> (artifact id: '8e0db9684adb6d2eb3d846158054a8f6') in 0.037283 seconds
Number of updated asset objects reloaded before import = 0Number of asset objects unloaded after import = 8

========================================================================
Received Import Request.
  Time since last request: 0.000025 seconds.
  path: Assets/CorgiEngine/Demos/Minimal/Prefabs/Platforms/Platform200x50.prefab
  artifactKey: Guid(34fd74edafe3de545884d7ffeaac718a) Importer(2089858483,192608db42251d675da83286b1cce702)
Start importing Assets/CorgiEngine/Demos/Minimal/Prefabs/Platforms/Platform200x50.prefab using Guid(34fd74edafe3de545884d7ffeaac718a) Importer(2089858483,192608db42251d675da83286b1cce702) (ScriptedImporter) -> (artifact id: 'aabae66bd0e364e510473749950557b8') in 0.0442185 seconds
Number of updated asset objects reloaded before import = 0Number of asset objects unloaded after import = 8

========================================================================
Received Import Request.
  Time since last request: 0.000029 seconds.
  path: Assets/CorgiEngine/Demos/Retro/Prefabs/Enemies/RetroBlobWithAGun.prefab
  artifactKey: Guid(8f734d48712330d4f8563f54d226677b) Importer(2089858483,192608db42251d675da83286b1cce702)
Start importing Assets/CorgiEngine/Demos/Retro/Prefabs/Enemies/RetroBlobWithAGun.prefab using Guid(8f734d48712330d4f8563f54d226677b) Importer(2089858483,192608db42251d675da83286b1cce702) (ScriptedImporter) -> (artifact id: '32721e86a201f690f9af09c4209e3f98') in 0.21859 seconds
Number of updated asset objects reloaded before import = 0Number of asset objects unloaded after import = 128

========================================================================
Received Import Request.
  Time since last request: 0.000028 seconds.
  path: Assets/CorgiEngine/Demos/Corgi3D/Models/Enemies/Squid.obj
  artifactKey: Guid(75674386859be5543889b33422f1e4a6) Importer(2089858483,192608db42251d675da83286b1cce702)
Start importing Assets/CorgiEngine/Demos/Corgi3D/Models/Enemies/Squid.obj using Guid(75674386859be5543889b33422f1e4a6) Importer(2089858483,192608db42251d675da83286b1cce702) (ScriptedImporter) -> (artifact id: '751a472f7a83ac3277fb54f8b8c0c7c1') in 0.0334596 seconds
Number of updated asset objects reloaded before import = 0Number of asset objects unloaded after import = 9

========================================================================
Received Import Request.
  Time since last request: 0.000033 seconds.
  path: Assets/CorgiEngine/Demos/Minimal/Resources/Items/Teddy.asset
  artifactKey: Guid(fea194e882b3b8b4d9aa6aaa268c2b84) Importer(2089858483,192608db42251d675da83286b1cce702)
Start importing Assets/CorgiEngine/Demos/Minimal/Resources/Items/Teddy.asset using Guid(fea194e882b3b8b4d9aa6aaa268c2b84) Importer(2089858483,192608db42251d675da83286b1cce702) (ScriptedImporter) -> (artifact id: '02af17a48540f22c32429a5623b94a9b') in 0.0484955 seconds
Number of updated asset objects reloaded before import = 0Number of asset objects unloaded after import = 20

========================================================================
Received Import Request.
  Time since last request: 0.000026 seconds.
  path: Assets/CorgiEngine/Demos/Retro/Prefabs/Props/RetroCarryCrateFollow.prefab
  artifactKey: Guid(1da1c2611ebf6d147839480d8fbfd5f0) Importer(2089858483,192608db42251d675da83286b1cce702)
Start importing Assets/CorgiEngine/Demos/Retro/Prefabs/Props/RetroCarryCrateFollow.prefab using Guid(1da1c2611ebf6d147839480d8fbfd5f0) Importer(2089858483,192608db42251d675da83286b1cce702) (ScriptedImporter) -> (artifact id: '6ebc3e818306e25b13fa20c27947bacc') in 0.0834442 seconds
Number of updated asset objects reloaded before import = 0Number of asset objects unloaded after import = 59

========================================================================
Received Import Request.
  Time since last request: 0.000023 seconds.
  path: Assets/CorgiEngine/Demos/Corgi3D/Textures/PrototypeBlocks/1x1Ground.png
  artifactKey: Guid(0951da8d743322e45b24646aee33e67b) Importer(2089858483,192608db42251d675da83286b1cce702)
Start importing Assets/CorgiEngine/Demos/Corgi3D/Textures/PrototypeBlocks/1x1Ground.png using Guid(0951da8d743322e45b24646aee33e67b) Importer(2089858483,192608db42251d675da83286b1cce702) (ScriptedImporter) -> (artifact id: '76951adc9bdcf9290d39a088b352c4c3') in 0.0490458 seconds
Number of updated asset objects reloaded before import = 0Number of asset objects unloaded after import = 1

========================================================================
Received Import Request.
  Time since last request: 0.000029 seconds.
  path: Assets/CorgiEngine/Demos/Corgi3D/Prefabs/Camera/NewCorgi3DCameraRig.prefab
  artifactKey: Guid(60403ba8398b1ce4386c7b6078cde660) Importer(2089858483,192608db42251d675da83286b1cce702)
Start importing Assets/CorgiEngine/Demos/Corgi3D/Prefabs/Camera/NewCorgi3DCameraRig.prefab using Guid(60403ba8398b1ce4386c7b6078cde660) Importer(2089858483,192608db42251d675da83286b1cce702) (ScriptedImporter) -> (artifact id: '1c1aeac11b578c748dd4368fc149a044') in 0.0680422 seconds
Number of updated asset objects reloaded before import = 0Number of asset objects unloaded after import = 136

========================================================================
Received Import Request.
  Time since last request: 0.000028 seconds.
  path: Assets/CorgiEngine/Demos/Corgi3D/Prefabs/PlatformsGreen/2x1 Green.prefab
  artifactKey: Guid(2e6d1feccaf73694caff6fa0e4f53e2b) Importer(2089858483,192608db42251d675da83286b1cce702)
Start importing Assets/CorgiEngine/Demos/Corgi3D/Prefabs/PlatformsGreen/2x1 Green.prefab using Guid(2e6d1feccaf73694caff6fa0e4f53e2b) Importer(2089858483,192608db42251d675da83286b1cce702) (ScriptedImporter) -> (artifact id: '24747ce5a24cdd563669ab00e2d5f001') in 0.0287712 seconds
Number of updated asset objects reloaded before import = 0Number of asset objects unloaded after import = 8

========================================================================
Received Import Request.
  Time since last request: 0.000029 seconds.
  path: Assets/CorgiEngine/Demos/Corgi3D/Prefabs/AI/Wolf3D.prefab
  artifactKey: Guid(0e980ce1123d769408304635117efe43) Importer(2089858483,192608db42251d675da83286b1cce702)
Start importing Assets/CorgiEngine/Demos/Corgi3D/Prefabs/AI/Wolf3D.prefab using Guid(0e980ce1123d769408304635117efe43) Importer(2089858483,192608db42251d675da83286b1cce702) (ScriptedImporter) -> (artifact id: 'c5c6b75a04159077299950506428503e') in 0.1102779 seconds
Number of updated asset objects reloaded before import = 0Number of asset objects unloaded after import = 46

========================================================================
Received Import Request.
  Time since last request: 0.000030 seconds.
  path: Assets/CorgiEngine/Demos/Retro/Sprites/RetroPatterns/RetroPattern6.png
  artifactKey: Guid(111c6a535ab3dc34a88200d8b3e9616f) Importer(2089858483,192608db42251d675da83286b1cce702)
Start importing Assets/CorgiEngine/Demos/Retro/Sprites/RetroPatterns/RetroPattern6.png using Guid(111c6a535ab3dc34a88200d8b3e9616f) Importer(2089858483,192608db42251d675da83286b1cce702) (ScriptedImporter) -> (artifact id: '7f128cf9b0b88910f6a3eb3f11c1bcce') in 0.0555358 seconds
Number of updated asset objects reloaded before import = 0Number of asset objects unloaded after import = 3

========================================================================
Received Import Request.
  Time since last request: 0.000020 seconds.
  path: Assets/CorgiEngine/Demos/Corgi2D/Sprites/Items/weapon-upgrade.png
  artifactKey: Guid(4c218d820df62eb419beb4698e53d4d4) Importer(2089858483,192608db42251d675da83286b1cce702)
Start importing Assets/CorgiEngine/Demos/Corgi2D/Sprites/Items/weapon-upgrade.png using Guid(4c218d820df62eb419beb4698e53d4d4) Importer(2089858483,192608db42251d675da83286b1cce702) (ScriptedImporter) -> (artifact id: 'a97d7a30627ec22c57129af70c9595b1') in 0.0614672 seconds
Number of updated asset objects reloaded before import = 0Number of asset objects unloaded after import = 3

========================================================================
Received Import Request.
  Time since last request: 0.000032 seconds.
  path: Assets/CorgiEngine/Demos/Corgi3D/Prefabs/PlatformsGrey/point5xpoint5 Grey.prefab
  artifactKey: Guid(d604dc285b1840e4b84b2ccae893c3e4) Importer(2089858483,192608db42251d675da83286b1cce702)
Start importing Assets/CorgiEngine/Demos/Corgi3D/Prefabs/PlatformsGrey/point5xpoint5 Grey.prefab using Guid(d604dc285b1840e4b84b2ccae893c3e4) Importer(2089858483,192608db42251d675da83286b1cce702) (ScriptedImporter) -> (artifact id: 'e6dd41be597cd02ff4987ba0ab47349f') in 0.0361664 seconds
Number of updated asset objects reloaded before import = 0Number of asset objects unloaded after import = 8

========================================================================
Received Import Request.
  Time since last request: 0.000044 seconds.
  path: Assets/CorgiEngine/Demos/Retro/Prefabs/ItemPickers/RetroChest.prefab
  artifactKey: Guid(fd63a5e427e524fb58076e73c3cd3573) Importer(2089858483,192608db42251d675da83286b1cce702)
Start importing Assets/CorgiEngine/Demos/Retro/Prefabs/ItemPickers/RetroChest.prefab using Guid(fd63a5e427e524fb58076e73c3cd3573) Importer(2089858483,192608db42251d675da83286b1cce702) (ScriptedImporter) -> (artifact id: '06d2a32657dc62bddec3c3e151473111') in 0.0695776 seconds
Number of updated asset objects reloaded before import = 0Number of asset objects unloaded after import = 71

========================================================================
Received Import Request.
  Time since last request: 0.000032 seconds.
  path: Assets/CorgiEngine/Demos/Minimal/Prefabs/Platforms/Platform500x50.prefab
  artifactKey: Guid(fb01541f867a89540991db9f5e616464) Importer(2089858483,192608db42251d675da83286b1cce702)
Start importing Assets/CorgiEngine/Demos/Minimal/Prefabs/Platforms/Platform500x50.prefab using Guid(fb01541f867a89540991db9f5e616464) Importer(2089858483,192608db42251d675da83286b1cce702) (ScriptedImporter) -> (artifact id: '670842cb240446cba3e80b81c1ce0a77') in 0.0457609 seconds
Number of updated asset objects reloaded before import = 0Number of asset objects unloaded after import = 8

========================================================================
Received Import Request.
  Time since last request: 0.000037 seconds.
  path: Assets/CorgiEngine/Demos/Retro/Prefabs/Enemies/RetroCannonVertical.prefab
  artifactKey: Guid(766082fbbaac5584c9ec214442990d9b) Importer(2089858483,192608db42251d675da83286b1cce702)
Start importing Assets/CorgiEngine/Demos/Retro/Prefabs/Enemies/RetroCannonVertical.prefab using Guid(766082fbbaac5584c9ec214442990d9b) Importer(2089858483,192608db42251d675da83286b1cce702) (ScriptedImporter) -> (artifact id: 'cc80f974f55a69346508b88d54f8b020') in 0.0517077 seconds
Number of updated asset objects reloaded before import = 0Number of asset objects unloaded after import = 66

========================================================================
Received Import Request.
  Time since last request: 0.000029 seconds.
  path: Assets/CorgiEngine/Demos/Corgi2D/Sprites/Enemies/robot.png
  artifactKey: Guid(f6e4d225041a7284e8538c23793a5807) Importer(2089858483,192608db42251d675da83286b1cce702)
Start importing Assets/CorgiEngine/Demos/Corgi2D/Sprites/Enemies/robot.png using Guid(f6e4d225041a7284e8538c23793a5807) Importer(2089858483,192608db42251d675da83286b1cce702) (ScriptedImporter) -> (artifact id: 'aa2afcc656bff928659b9758f173329b') in 0.1615311 seconds
Number of updated asset objects reloaded before import = 0Number of asset objects unloaded after import = 42

========================================================================
Received Import Request.
  Time since last request: 0.000023 seconds.
  path: Assets/CorgiEngine/Demos/Retro/Prefabs/Camera/RetroNoise.asset
  artifactKey: Guid(69ac3640b321a7d49bcfc8497e9a7469) Importer(2089858483,192608db42251d675da83286b1cce702)
Start importing Assets/CorgiEngine/Demos/Retro/Prefabs/Camera/RetroNoise.asset using Guid(69ac3640b321a7d49bcfc8497e9a7469) Importer(2089858483,192608db42251d675da83286b1cce702) (ScriptedImporter) -> (artifact id: 'e84a80d1cb616c1a7ef4a2e72b64fb60') in 0.0223683 seconds
Number of updated asset objects reloaded before import = 0Number of asset objects unloaded after import = 1

========================================================================
Received Import Request.
  Time since last request: 0.000209 seconds.
  path: Assets/CorgiEngine/Demos/Retro/Sprites/RetroCorgi/RetroCorgiPush.png
  artifactKey: Guid(141a681edb18b354caea57653a8fe0db) Importer(2089858483,192608db42251d675da83286b1cce702)
Start importing Assets/CorgiEngine/Demos/Retro/Sprites/RetroCorgi/RetroCorgiPush.png using Guid(141a681edb18b354caea57653a8fe0db) Importer(2089858483,192608db42251d675da83286b1cce702) (ScriptedImporter) -> (artifact id: '30b4cd3756b5b3a0e483a0df3a56e318') in 0.0731003 seconds
Number of updated asset objects reloaded before import = 0Number of asset objects unloaded after import = 10

========================================================================
Received Import Request.
  Time since last request: 0.000019 seconds.
  path: Assets/CorgiEngine/Demos/Minimal/Prefabs/Props/LadderBiDirectional.prefab
  artifactKey: Guid(03dd11bb160cb834ca6cd6f34a90aa1c) Importer(2089858483,192608db42251d675da83286b1cce702)
Start importing Assets/CorgiEngine/Demos/Minimal/Prefabs/Props/LadderBiDirectional.prefab using Guid(03dd11bb160cb834ca6cd6f34a90aa1c) Importer(2089858483,192608db42251d675da83286b1cce702) (ScriptedImporter) -> (artifact id: '9cd97ad9385ec06f952fd2278eef8f4a') in 0.0476855 seconds
Number of updated asset objects reloaded before import = 0Number of asset objects unloaded after import = 12

========================================================================
Received Import Request.
  Time since last request: 0.000046 seconds.
  path: Assets/CorgiEngine/Demos/Corgi3D/Textures/PrototypeBlocks/2x1Blue.png
  artifactKey: Guid(79fc96d8147ff214890b19a18bb2643a) Importer(2089858483,192608db42251d675da83286b1cce702)
Start importing Assets/CorgiEngine/Demos/Corgi3D/Textures/PrototypeBlocks/2x1Blue.png using Guid(79fc96d8147ff214890b19a18bb2643a) Importer(2089858483,192608db42251d675da83286b1cce702) (ScriptedImporter) -> (artifact id: 'c5c40c23bd7162e639ebdadcad54296c') in 0.0378443 seconds
Number of updated asset objects reloaded before import = 0Number of asset objects unloaded after import = 1

========================================================================
Received Import Request.
  Time since last request: 0.000023 seconds.
  path: Assets/CorgiEngine/Demos/Retro/Prefabs/Camera/RetroPostProcessingVolume.asset
  artifactKey: Guid(91347bad8d4f44c44a77e719ebffc518) Importer(2089858483,192608db42251d675da83286b1cce702)
Start importing Assets/CorgiEngine/Demos/Retro/Prefabs/Camera/RetroPostProcessingVolume.asset using Guid(91347bad8d4f44c44a77e719ebffc518) Importer(2089858483,192608db42251d675da83286b1cce702) (ScriptedImporter) -> (artifact id: '74ba1cb31b68a9daa88e44b382ed99da') in 0.0222331 seconds
Number of updated asset objects reloaded before import = 0Number of asset objects unloaded after import = 6

========================================================================
Received Import Request.
  Time since last request: 0.000065 seconds.
  path: Assets/CorgiEngine/Demos/Corgi2D/Spine/Heavy/heavy-corgi.png
  artifactKey: Guid(c6ec45a6ce70a584e820f2fba8370b23) Importer(2089858483,192608db42251d675da83286b1cce702)
Start importing Assets/CorgiEngine/Demos/Corgi2D/Spine/Heavy/heavy-corgi.png using Guid(c6ec45a6ce70a584e820f2fba8370b23) Importer(2089858483,192608db42251d675da83286b1cce702) (ScriptedImporter) -> (artifact id: 'f86ff9fce5db8e7725a8210fa3c2e36f') in 0.0517282 seconds
Number of updated asset objects reloaded before import = 0Number of asset objects unloaded after import = 1

========================================================================
Received Import Request.
  Time since last request: 0.000063 seconds.
  path: Assets/CorgiEngine/Demos/Retro/Prefabs/Doors/RetroDoor.prefab
  artifactKey: Guid(82bb24c4576a8c847ac38bfa6550f716) Importer(2089858483,192608db42251d675da83286b1cce702)
Start importing Assets/CorgiEngine/Demos/Retro/Prefabs/Doors/RetroDoor.prefab using Guid(82bb24c4576a8c847ac38bfa6550f716) Importer(2089858483,192608db42251d675da83286b1cce702) (ScriptedImporter) -> (artifact id: '85ef311428035fe2c37b9de4f0908e69') in 0.0327677 seconds
Number of updated asset objects reloaded before import = 0Number of asset objects unloaded after import = 27

========================================================================
Received Import Request.
  Time since last request: 0.000038 seconds.
  path: Assets/CorgiEngine/Demos/Retro/Prefabs/Props/RetroCrusher.prefab
  artifactKey: Guid(3970f907ea65f744d9c9e275732a029c) Importer(2089858483,192608db42251d675da83286b1cce702)
Start importing Assets/CorgiEngine/Demos/Retro/Prefabs/Props/RetroCrusher.prefab using Guid(3970f907ea65f744d9c9e275732a029c) Importer(2089858483,192608db42251d675da83286b1cce702) (ScriptedImporter) -> (artifact id: 'acc2c1eac4ba3f012ff87ec408727b65') in 0.0476619 seconds
Number of updated asset objects reloaded before import = 0Number of asset objects unloaded after import = 30

========================================================================
Received Import Request.
  Time since last request: 0.000028 seconds.
  path: Assets/CorgiEngine/Demos/Corgi3D/Models/NewCorgi3D/NewCorgi@HangingIdle.fbx
  artifactKey: Guid(a1fc2badc06385e42b97412d2c23e4dc) Importer(2089858483,192608db42251d675da83286b1cce702)
Start importing Assets/CorgiEngine/Demos/Corgi3D/Models/NewCorgi3D/NewCorgi@HangingIdle.fbx using Guid(a1fc2badc06385e42b97412d2c23e4dc) Importer(2089858483,192608db42251d675da83286b1cce702) (ScriptedImporter) -> (artifact id: 'eb938e0dff9c5f5fb06bf77f03af2aac') in 0.0431843 seconds
Number of updated asset objects reloaded before import = 0Number of asset objects unloaded after import = 57

========================================================================
Received Import Request.
  Time since last request: 0.000019 seconds.
  path: Assets/CorgiEngine/Demos/Corgi3D/Models/NewCorgi3D/NewCorgi@Death.fbx
  artifactKey: Guid(f1711d9cea0c22d46987e05a4308acb2) Importer(2089858483,192608db42251d675da83286b1cce702)
Start importing Assets/CorgiEngine/Demos/Corgi3D/Models/NewCorgi3D/NewCorgi@Death.fbx using Guid(f1711d9cea0c22d46987e05a4308acb2) Importer(2089858483,192608db42251d675da83286b1cce702) (ScriptedImporter) -> (artifact id: '790a3fb25900ca611160284cc4b04887') in 0.0431167 seconds
Number of updated asset objects reloaded before import = 0Number of asset objects unloaded after import = 57

========================================================================
Received Import Request.
  Time since last request: 0.000023 seconds.
  path: Assets/CorgiEngine/Demos/Retro/Sprites/RetroEnemies/RetroSpacemanWalk.png
  artifactKey: Guid(a0041dff434754a9d91e03daf3db075f) Importer(2089858483,192608db42251d675da83286b1cce702)
Start importing Assets/CorgiEngine/Demos/Retro/Sprites/RetroEnemies/RetroSpacemanWalk.png using Guid(a0041dff434754a9d91e03daf3db075f) Importer(2089858483,192608db42251d675da83286b1cce702) (ScriptedImporter) -> (artifact id: '81c100c50932e2b3a6d586618807613b') in 0.0700385 seconds
Number of updated asset objects reloaded before import = 0Number of asset objects unloaded after import = 7

========================================================================
Received Import Request.
  Time since last request: 0.000026 seconds.
  path: Assets/CorgiEngine/Demos/Retro/Materials/Water/RetroVaniaWaterRenderTexture.renderTexture
  artifactKey: Guid(8a4443d835aa6e644bb6dcfd65895e07) Importer(2089858483,192608db42251d675da83286b1cce702)
Start importing Assets/CorgiEngine/Demos/Retro/Materials/Water/RetroVaniaWaterRenderTexture.renderTexture using Guid(8a4443d835aa6e644bb6dcfd65895e07) Importer(2089858483,192608db42251d675da83286b1cce702) (ScriptedImporter) -> (artifact id: '20824987e5ac867ca58b599f275a847e') in 0.0330534 seconds
Number of updated asset objects reloaded before import = 0Number of asset objects unloaded after import = 1

========================================================================
Received Import Request.
  Time since last request: 0.000039 seconds.
  path: Assets/CorgiEngine/Demos/Corgi2D/Sprites/SpaceCorgi/spacecorgi_flat-dive.png
  artifactKey: Guid(59d7d6dc491f44642840a375e499eafe) Importer(2089858483,192608db42251d675da83286b1cce702)
Start importing Assets/CorgiEngine/Demos/Corgi2D/Sprites/SpaceCorgi/spacecorgi_flat-dive.png using Guid(59d7d6dc491f44642840a375e499eafe) Importer(2089858483,192608db42251d675da83286b1cce702) (ScriptedImporter) -> (artifact id: '6991aef834b52bb508cca5cf1660a74f') in 0.0811288 seconds
Number of updated asset objects reloaded before import = 0Number of asset objects unloaded after import = 12

========================================================================
Received Import Request.
  Time since last request: 0.000032 seconds.
  path: Assets/CorgiEngine/Demos/Retro/Sprites/RetroCorgi/RetroCorgiRun.png
  artifactKey: Guid(e03a798d1df3343ffbb86c597dfffc32) Importer(2089858483,192608db42251d675da83286b1cce702)
Start importing Assets/CorgiEngine/Demos/Retro/Sprites/RetroCorgi/RetroCorgiRun.png using Guid(e03a798d1df3343ffbb86c597dfffc32) Importer(2089858483,192608db42251d675da83286b1cce702) (ScriptedImporter) -> (artifact id: 'a99dee283e964e1a8d9c352d030662d0') in 0.0753648 seconds
Number of updated asset objects reloaded before import = 0Number of asset objects unloaded after import = 10

========================================================================
Received Import Request.
  Time since last request: 0.000022 seconds.
  path: Assets/CorgiEngine/Demos/Retro/Prefabs/GUI/RetroUICamera.prefab
  artifactKey: Guid(96bc7b13f7426664e83ab2c20b22e6c3) Importer(2089858483,192608db42251d675da83286b1cce702)
Start importing Assets/CorgiEngine/Demos/Retro/Prefabs/GUI/RetroUICamera.prefab using Guid(96bc7b13f7426664e83ab2c20b22e6c3) Importer(2089858483,192608db42251d675da83286b1cce702) (ScriptedImporter) -> (artifact id: '93a360bd75f685c903eea98797c9a5c7') in 0.123161 seconds
Number of updated asset objects reloaded before import = 0Number of asset objects unloaded after import = 634

========================================================================
Received Import Request.
  Time since last request: 0.000025 seconds.
  path: Assets/CorgiEngine/Demos/Retro/Prefabs/ItemPickers/RetroSwordPicker.prefab
  artifactKey: Guid(0900b44ab58ac43e4afbf2105361fa18) Importer(2089858483,192608db42251d675da83286b1cce702)
Start importing Assets/CorgiEngine/Demos/Retro/Prefabs/ItemPickers/RetroSwordPicker.prefab using Guid(0900b44ab58ac43e4afbf2105361fa18) Importer(2089858483,192608db42251d675da83286b1cce702) (ScriptedImporter) -> (artifact id: 'f3377199165d6221959c169c12d41238') in 0.0597047 seconds
Number of updated asset objects reloaded before import = 0Number of asset objects unloaded after import = 38

========================================================================
Received Import Request.
  Time since last request: 0.000040 seconds.
  path: Assets/CorgiEngine/Demos/Corgi3D/Prefabs/Props/1WayPlatformModel.obj
  artifactKey: Guid(2fa89a7f5825b234fbbd2270c5de0773) Importer(2089858483,192608db42251d675da83286b1cce702)
Start importing Assets/CorgiEngine/Demos/Corgi3D/Prefabs/Props/1WayPlatformModel.obj using Guid(2fa89a7f5825b234fbbd2270c5de0773) Importer(2089858483,192608db42251d675da83286b1cce702) (ScriptedImporter) -> (artifact id: '4c12c36cd966688b58e0474db70d4852') in 0.0343468 seconds
Number of updated asset objects reloaded before import = 0Number of asset objects unloaded after import = 9

========================================================================
Received Import Request.
  Time since last request: 0.000022 seconds.
  path: Assets/CorgiEngine/Demos/Minimal/Resources/Items/InventoryHitscanGun.asset
  artifactKey: Guid(77b318a2fc9cdbf47b893cfb3bffa1a4) Importer(2089858483,192608db42251d675da83286b1cce702)
Start importing Assets/CorgiEngine/Demos/Minimal/Resources/Items/InventoryHitscanGun.asset using Guid(77b318a2fc9cdbf47b893cfb3bffa1a4) Importer(2089858483,192608db42251d675da83286b1cce702) (ScriptedImporter) -> (artifact id: 'c06d193d6423f2ea634788c03f060171') in 0.0558067 seconds
Number of updated asset objects reloaded before import = 0Number of asset objects unloaded after import = 86

========================================================================
Received Import Request.
  Time since last request: 0.000024 seconds.
  path: Assets/CorgiEngine/Demos/Minimal/Sprites/Props/MinimalItemsIcons.png
  artifactKey: Guid(f3f4293ccdddd34468f58745d608416e) Importer(2089858483,192608db42251d675da83286b1cce702)
Start importing Assets/CorgiEngine/Demos/Minimal/Sprites/Props/MinimalItemsIcons.png using Guid(f3f4293ccdddd34468f58745d608416e) Importer(2089858483,192608db42251d675da83286b1cce702) (ScriptedImporter) -> (artifact id: '8fb41fe9cc227ac10a2e145e97ed46bd') in 0.0871531 seconds
Number of updated asset objects reloaded before import = 0Number of asset objects unloaded after import = 18

========================================================================
Received Import Request.
  Time since last request: 0.000025 seconds.
  path: Assets/CorgiEngine/Demos/Minimal/Sprites/Props/MinimalItems2.png
  artifactKey: Guid(4b57f93bb98b9d9439a6df3f6e15b671) Importer(2089858483,192608db42251d675da83286b1cce702)
Start importing Assets/CorgiEngine/Demos/Minimal/Sprites/Props/MinimalItems2.png using Guid(4b57f93bb98b9d9439a6df3f6e15b671) Importer(2089858483,192608db42251d675da83286b1cce702) (ScriptedImporter) -> (artifact id: '931a1fb13a639c42742855b3e14d3cc8') in 0.0508283 seconds
Number of updated asset objects reloaded before import = 0Number of asset objects unloaded after import = 6

========================================================================
Received Import Request.
  Time since last request: 0.000025 seconds.
  path: Assets/CorgiEngine/Demos/Minimal/Prefabs/Slopes/Slope500x200.prefab
  artifactKey: Guid(74274e4a94269634a953a77ff7947fc0) Importer(2089858483,192608db42251d675da83286b1cce702)
Start importing Assets/CorgiEngine/Demos/Minimal/Prefabs/Slopes/Slope500x200.prefab using Guid(74274e4a94269634a953a77ff7947fc0) Importer(2089858483,192608db42251d675da83286b1cce702) (ScriptedImporter) -> (artifact id: '0daa36943f983caac7e85a7b46485550') in 0.0368202 seconds
Number of updated asset objects reloaded before import = 0Number of asset objects unloaded after import = 8

========================================================================
Received Import Request.
  Time since last request: 0.000036 seconds.
  path: Assets/CorgiEngine/Demos/Retro/Sprites/RetroEnemies/RetroBlobIdle.png
  artifactKey: Guid(0ae48e2c1d92a41ea99eaab205510294) Importer(2089858483,192608db42251d675da83286b1cce702)
Start importing Assets/CorgiEngine/Demos/Retro/Sprites/RetroEnemies/RetroBlobIdle.png using Guid(0ae48e2c1d92a41ea99eaab205510294) Importer(2089858483,192608db42251d675da83286b1cce702) (ScriptedImporter) -> (artifact id: '2025aa5b5ce6e577a8b2ab58198c9e48') in 0.0609756 seconds
Number of updated asset objects reloaded before import = 0Number of asset objects unloaded after import = 6

========================================================================
Received Import Request.
  Time since last request: 0.000024 seconds.
  path: Assets/CorgiEngine/Demos/Corgi3D/Textures/PrototypeBlocks/1x1Blue.png
  artifactKey: Guid(470e18cc432c68249945840f82dc9f50) Importer(2089858483,192608db42251d675da83286b1cce702)
Start importing Assets/CorgiEngine/Demos/Corgi3D/Textures/PrototypeBlocks/1x1Blue.png using Guid(470e18cc432c68249945840f82dc9f50) Importer(2089858483,192608db42251d675da83286b1cce702) (ScriptedImporter) -> (artifact id: 'dec311ee93c95b1d04ea5b0b4ceed68d') in 0.0361354 seconds
Number of updated asset objects reloaded before import = 0Number of asset objects unloaded after import = 1

========================================================================
Received Import Request.
  Time since last request: 0.000019 seconds.
  path: Assets/CorgiEngine/Demos/Retro/Prefabs/Props/RetroCrate.prefab
  artifactKey: Guid(ffec0248e1f5545b7add5c7354363eb5) Importer(2089858483,192608db42251d675da83286b1cce702)
Start importing Assets/CorgiEngine/Demos/Retro/Prefabs/Props/RetroCrate.prefab using Guid(ffec0248e1f5545b7add5c7354363eb5) Importer(2089858483,192608db42251d675da83286b1cce702) (ScriptedImporter) -> (artifact id: '71db2ee8b0ecfa85e6fa01d80fb4f6b6') in 0.0470455 seconds
Number of updated asset objects reloaded before import = 0Number of asset objects unloaded after import = 55

========================================================================
Received Import Request.
  Time since last request: 0.000024 seconds.
  path: Assets/CorgiEngine/Demos/Corgi3D/Textures/PrototypeBlocks/MovingYellow.png
  artifactKey: Guid(ae0e6b0d525f0fe44bb0ec406fe3269b) Importer(2089858483,192608db42251d675da83286b1cce702)
Start importing Assets/CorgiEngine/Demos/Corgi3D/Textures/PrototypeBlocks/MovingYellow.png using Guid(ae0e6b0d525f0fe44bb0ec406fe3269b) Importer(2089858483,192608db42251d675da83286b1cce702) (ScriptedImporter) -> (artifact id: '24812a5c4ac8882d705b3d7a5d1e1755') in 0.0427984 seconds
Number of updated asset objects reloaded before import = 0Number of asset objects unloaded after import = 3

========================================================================
Received Import Request.
  Time since last request: 0.000034 seconds.
  path: Assets/CorgiEngine/Demos/Corgi3D/Models/NewCorgi3D/NewCorgi@Jumping.fbx
  artifactKey: Guid(bb2b27a53f24a77489e537c06b4c2567) Importer(2089858483,192608db42251d675da83286b1cce702)
Start importing Assets/CorgiEngine/Demos/Corgi3D/Models/NewCorgi3D/NewCorgi@Jumping.fbx using Guid(bb2b27a53f24a77489e537c06b4c2567) Importer(2089858483,192608db42251d675da83286b1cce702) (ScriptedImporter) -> (artifact id: '0b4cd82f316c1a64dfacfd6fd09ce225') in 0.0426301 seconds
Number of updated asset objects reloaded before import = 0Number of asset objects unloaded after import = 57

========================================================================
Received Import Request.
  Time since last request: 0.000023 seconds.
  path: Assets/CorgiEngine/Demos/Retro/Prefabs/Enemies/RetroSwordsmanWithAGun.prefab
  artifactKey: Guid(44d586a6cb95da24bae39f8790075b78) Importer(2089858483,192608db42251d675da83286b1cce702)
Start importing Assets/CorgiEngine/Demos/Retro/Prefabs/Enemies/RetroSwordsmanWithAGun.prefab using Guid(44d586a6cb95da24bae39f8790075b78) Importer(2089858483,192608db42251d675da83286b1cce702) (ScriptedImporter) -> (artifact id: 'c6ea13e3ab060b8e0011c06ef5683183') in 0.174011 seconds
Number of updated asset objects reloaded before import = 0Number of asset objects unloaded after import = 117

========================================================================
Received Import Request.
  Time since last request: 0.000036 seconds.
  path: Assets/CorgiEngine/Demos/Retro/Sprites/RetroCorgi/RetroCorgiIdle.png
  artifactKey: Guid(429dea685f68643bf8aec1d0961fa033) Importer(2089858483,192608db42251d675da83286b1cce702)
Start importing Assets/CorgiEngine/Demos/Retro/Sprites/RetroCorgi/RetroCorgiIdle.png using Guid(429dea685f68643bf8aec1d0961fa033) Importer(2089858483,192608db42251d675da83286b1cce702) (ScriptedImporter) -> (artifact id: '8edfbe5ec843174e88ef438280588e6d') in 0.0642206 seconds
Number of updated asset objects reloaded before import = 0Number of asset objects unloaded after import = 9

========================================================================
Received Import Request.
  Time since last request: 0.000019 seconds.
  path: Assets/CorgiEngine/Demos/Retro/Sprites/RetroBackgrounds/RetroCloudBackground4Sprite.png
  artifactKey: Guid(376cde7b268010648bef6be5fdcac65d) Importer(2089858483,192608db42251d675da83286b1cce702)
Start importing Assets/CorgiEngine/Demos/Retro/Sprites/RetroBackgrounds/RetroCloudBackground4Sprite.png using Guid(376cde7b268010648bef6be5fdcac65d) Importer(2089858483,192608db42251d675da83286b1cce702) (ScriptedImporter) -> (artifact id: 'dc661612cafa3b758a37b94d239c0747') in 0.0524642 seconds
Number of updated asset objects reloaded before import = 0Number of asset objects unloaded after import = 3

========================================================================
Received Import Request.
  Time since last request: 0.000024 seconds.
  path: Assets/CorgiEngine/Demos/Corgi2D/Spine/Heavy/heavy-corgi.json
  artifactKey: Guid(99ea6ac3d71b00f4da9ffacae940a52a) Importer(2089858483,192608db42251d675da83286b1cce702)
Start importing Assets/CorgiEngine/Demos/Corgi2D/Spine/Heavy/heavy-corgi.json using Guid(99ea6ac3d71b00f4da9ffacae940a52a) Importer(2089858483,192608db42251d675da83286b1cce702) (ScriptedImporter) -> (artifact id: '605315517c2f8959c524f38e9684f9c8') in 0.0178163 seconds
Number of updated asset objects reloaded before import = 0Number of asset objects unloaded after import = 1

========================================================================
Received Import Request.
  Time since last request: 0.000116 seconds.
  path: Assets/CorgiEngine/Demos/Corgi2D/Prefabs/Items/timeSlower.prefab
  artifactKey: Guid(aa44815fe341f4e058c31c0dad9f1c5c) Importer(2089858483,192608db42251d675da83286b1cce702)
Start importing Assets/CorgiEngine/Demos/Corgi2D/Prefabs/Items/timeSlower.prefab using Guid(aa44815fe341f4e058c31c0dad9f1c5c) Importer(2089858483,192608db42251d675da83286b1cce702) (ScriptedImporter) -> (artifact id: 'bd04e6727b873b38b236934eb9af4f8b') in 0.0564549 seconds
Number of updated asset objects reloaded before import = 0Number of asset objects unloaded after import = 25

========================================================================
Received Import Request.
  Time since last request: 0.000024 seconds.
  path: Assets/CorgiEngine/Demos/Corgi2D/Sprites/SpaceCorgi/spacecorgi_flat-jump.png
  artifactKey: Guid(3e0dc8fccf9279e43a64d9bcaad44990) Importer(2089858483,192608db42251d675da83286b1cce702)
Start importing Assets/CorgiEngine/Demos/Corgi2D/Sprites/SpaceCorgi/spacecorgi_flat-jump.png using Guid(3e0dc8fccf9279e43a64d9bcaad44990) Importer(2089858483,192608db42251d675da83286b1cce702) (ScriptedImporter) -> (artifact id: 'b72487ad87c3fec0106bab245a31b900') in 0.1060541 seconds
Number of updated asset objects reloaded before import = 0Number of asset objects unloaded after import = 23

========================================================================
Received Import Request.
  Time since last request: 0.000028 seconds.
  path: Assets/CorgiEngine/Demos/Retro/Sprites/RetroCorgi/RetroCorgiSwim.png
  artifactKey: Guid(681cb7bc9cbb9e44b85d725e288105fe) Importer(2089858483,192608db42251d675da83286b1cce702)
Start importing Assets/CorgiEngine/Demos/Retro/Sprites/RetroCorgi/RetroCorgiSwim.png using Guid(681cb7bc9cbb9e44b85d725e288105fe) Importer(2089858483,192608db42251d675da83286b1cce702) (ScriptedImporter) -> (artifact id: 'cb126d92d7248ed62af024312964d38f') in 0.08146 seconds
Number of updated asset objects reloaded before import = 0Number of asset objects unloaded after import = 9

========================================================================
Received Import Request.
  Time since last request: 0.000044 seconds.
  path: Assets/CorgiEngine/Demos/Minimal/Prefabs/PlayableCharacters/RectangleAutoMovement.prefab
  artifactKey: Guid(79c9797f9fdb13048b08490c3c232ed5) Importer(2089858483,192608db42251d675da83286b1cce702)
Start importing Assets/CorgiEngine/Demos/Minimal/Prefabs/PlayableCharacters/RectangleAutoMovement.prefab using Guid(79c9797f9fdb13048b08490c3c232ed5) Importer(2089858483,192608db42251d675da83286b1cce702) (ScriptedImporter) -> (artifact id: 'd7718654fecdcfd52cf7277728cc844b') in 0.2203043 seconds
Number of updated asset objects reloaded before import = 0Number of asset objects unloaded after import = 116

========================================================================
Received Import Request.
  Time since last request: 0.000037 seconds.
  path: Assets/CorgiEngine/Demos/Corgi2D/Spine/SpaceCorgi/space-corgi.png
  artifactKey: Guid(b756dea601760874cb39d0e98d39ccc7) Importer(2089858483,192608db42251d675da83286b1cce702)
Start importing Assets/CorgiEngine/Demos/Corgi2D/Spine/SpaceCorgi/space-corgi.png using Guid(b756dea601760874cb39d0e98d39ccc7) Importer(2089858483,192608db42251d675da83286b1cce702) (ScriptedImporter) -> (artifact id: '74457af5fa4d54ed6195091924739bb4') in 0.0500337 seconds
Number of updated asset objects reloaded before import = 0Number of asset objects unloaded after import = 1

========================================================================
Received Import Request.
  Time since last request: 0.000069 seconds.
  path: Assets/CorgiEngine/Demos/Retro/Prefabs/Weapons/RetroEnemyMachineGun.prefab
  artifactKey: Guid(39070b58097c9a74a932802dd06a7209) Importer(2089858483,192608db42251d675da83286b1cce702)
Start importing Assets/CorgiEngine/Demos/Retro/Prefabs/Weapons/RetroEnemyMachineGun.prefab using Guid(39070b58097c9a74a932802dd06a7209) Importer(2089858483,192608db42251d675da83286b1cce702) (ScriptedImporter) -> (artifact id: 'e841d4fffb6f7d9553c0af12fe2e42b7') in 0.0918423 seconds
Number of updated asset objects reloaded before import = 0Number of asset objects unloaded after import = 66

========================================================================
Received Import Request.
  Time since last request: 0.000022 seconds.
  path: Assets/CorgiEngine/Demos/Corgi3D/Textures/PrototypeBlocks/1x1Orange.png
  artifactKey: Guid(2934bd9b3e91d094793bdddfd585a156) Importer(2089858483,192608db42251d675da83286b1cce702)
Start importing Assets/CorgiEngine/Demos/Corgi3D/Textures/PrototypeBlocks/1x1Orange.png using Guid(2934bd9b3e91d094793bdddfd585a156) Importer(2089858483,192608db42251d675da83286b1cce702) (ScriptedImporter) -> (artifact id: '1b23d441c5714aedabcea1933a4f1fb8') in 0.040321 seconds
Number of updated asset objects reloaded before import = 0Number of asset objects unloaded after import = 1

========================================================================
Received Import Request.
  Time since last request: 0.000020 seconds.
  path: Assets/CorgiEngine/Demos/Retro/Prefabs/ElementalDamage/RetroPoisonEffect.prefab
  artifactKey: Guid(2070ebfde18cfa448ab124a1e38ad12b) Importer(2089858483,192608db42251d675da83286b1cce702)
Start importing Assets/CorgiEngine/Demos/Retro/Prefabs/ElementalDamage/RetroPoisonEffect.prefab using Guid(2070ebfde18cfa448ab124a1e38ad12b) Importer(2089858483,192608db42251d675da83286b1cce702) (ScriptedImporter) -> (artifact id: '24c9a61b699c82e3d8ca33dbc4a82d6d') in 0.0732023 seconds
Number of updated asset objects reloaded before import = 0Number of asset objects unloaded after import = 6

========================================================================
Received Import Request.
  Time since last request: 0.000017 seconds.
  path: Assets/CorgiEngine/Demos/Corgi3D/Prefabs/Props/RocketPlatform3D.prefab
  artifactKey: Guid(07f68484f6507314cbbbbf72a4e0d1e0) Importer(2089858483,192608db42251d675da83286b1cce702)
Start importing Assets/CorgiEngine/Demos/Corgi3D/Prefabs/Props/RocketPlatform3D.prefab using Guid(07f68484f6507314cbbbbf72a4e0d1e0) Importer(2089858483,192608db42251d675da83286b1cce702) (ScriptedImporter) -> (artifact id: '2ba27b43a92059c9c3bb4dd25ce7ce78') in 0.0466997 seconds
Number of updated asset objects reloaded before import = 0Number of asset objects unloaded after import = 23

========================================================================
Received Import Request.
  Time since last request: 0.000027 seconds.
  path: Assets/CorgiEngine/Demos/Retro/Resources/Items/RetroComboSword.asset
  artifactKey: Guid(3b5dde34a476c9e498396d1d4e419e00) Importer(2089858483,192608db42251d675da83286b1cce702)
Start importing Assets/CorgiEngine/Demos/Retro/Resources/Items/RetroComboSword.asset using Guid(3b5dde34a476c9e498396d1d4e419e00) Importer(2089858483,192608db42251d675da83286b1cce702) (ScriptedImporter) -> (artifact id: '9a0a323fddea58e958b6884806f8de70') in 0.0493345 seconds
Number of updated asset objects reloaded before import = 0Number of asset objects unloaded after import = 39

========================================================================
Received Import Request.
  Time since last request: 0.000029 seconds.
  path: Assets/CorgiEngine/Demos/Minimal/Prefabs/Props/OrangePortal.prefab
  artifactKey: Guid(1f128135aa9ce6f4e88980b970dcc0e1) Importer(2089858483,192608db42251d675da83286b1cce702)
Start importing Assets/CorgiEngine/Demos/Minimal/Prefabs/Props/OrangePortal.prefab using Guid(1f128135aa9ce6f4e88980b970dcc0e1) Importer(2089858483,192608db42251d675da83286b1cce702) (ScriptedImporter) -> (artifact id: '5edac1fb9f33017d4912fc00b8833359') in 0.0883965 seconds
Number of updated asset objects reloaded before import = 0Number of asset objects unloaded after import = 9

========================================================================
Received Import Request.
  Time since last request: 0.000037 seconds.
  path: Assets/CorgiEngine/Demos/Corgi3D/Models/Props/MovingPlatformModel.obj
  artifactKey: Guid(ab524d28884c5ae45bc5ed37e79a0855) Importer(2089858483,192608db42251d675da83286b1cce702)
Start importing Assets/CorgiEngine/Demos/Corgi3D/Models/Props/MovingPlatformModel.obj using Guid(ab524d28884c5ae45bc5ed37e79a0855) Importer(2089858483,192608db42251d675da83286b1cce702) (ScriptedImporter) -> (artifact id: 'cd2926775e99e535dc24fadf306edc07') in 0.0304253 seconds
Number of updated asset objects reloaded before import = 0Number of asset objects unloaded after import = 9

========================================================================
Received Import Request.
  Time since last request: 0.000029 seconds.
  path: Assets/CorgiEngine/Demos/Corgi3D/Models/Enemies/Barbarian.obj
  artifactKey: Guid(e024e63ec6c2b6e42bb4dd45a311aabc) Importer(2089858483,192608db42251d675da83286b1cce702)
Start importing Assets/CorgiEngine/Demos/Corgi3D/Models/Enemies/Barbarian.obj using Guid(e024e63ec6c2b6e42bb4dd45a311aabc) Importer(2089858483,192608db42251d675da83286b1cce702) (ScriptedImporter) -> (artifact id: 'e4d859ec8ba72c94f60f2ccd0c9b7532') in 0.0325366 seconds
Number of updated asset objects reloaded before import = 0Number of asset objects unloaded after import = 9

========================================================================
Received Import Request.
  Time since last request: 0.000096 seconds.
  path: Assets/CorgiEngine/Demos/Corgi3D/Textures/PrototypeBlocks/2x1Green.png
  artifactKey: Guid(cfedb6255c358a44f9e222eb55c23b50) Importer(2089858483,192608db42251d675da83286b1cce702)
Start importing Assets/CorgiEngine/Demos/Corgi3D/Textures/PrototypeBlocks/2x1Green.png using Guid(cfedb6255c358a44f9e222eb55c23b50) Importer(2089858483,192608db42251d675da83286b1cce702) (ScriptedImporter) -> (artifact id: 'b041c9077582e7ff5119d5a28717a555') in 0.0393457 seconds
Number of updated asset objects reloaded before import = 0Number of asset objects unloaded after import = 1

========================================================================
Received Import Request.
  Time since last request: 0.000025 seconds.
  path: Assets/CorgiEngine/Demos/Corgi3D/Textures/PrototypeBlocks/4x1Green.png
  artifactKey: Guid(61dc440c5eeef6648aaa99f3f26abea1) Importer(2089858483,192608db42251d675da83286b1cce702)
Start importing Assets/CorgiEngine/Demos/Corgi3D/Textures/PrototypeBlocks/4x1Green.png using Guid(61dc440c5eeef6648aaa99f3f26abea1) Importer(2089858483,192608db42251d675da83286b1cce702) (ScriptedImporter) -> (artifact id: 'd81bb3acdb9807e088cc4da218181e51') in 0.0465242 seconds
Number of updated asset objects reloaded before import = 0Number of asset objects unloaded after import = 1

========================================================================
Received Import Request.
  Time since last request: 0.000034 seconds.
  path: Assets/CorgiEngine/Demos/Corgi2D/Prefabs/Weapons/CorgiSpineMachineGun.prefab
  artifactKey: Guid(ce47084abcafd4ced9de2d33ec6aa2ae) Importer(2089858483,192608db42251d675da83286b1cce702)
Start importing Assets/CorgiEngine/Demos/Corgi2D/Prefabs/Weapons/CorgiSpineMachineGun.prefab using Guid(ce47084abcafd4ced9de2d33ec6aa2ae) Importer(2089858483,192608db42251d675da83286b1cce702) (ScriptedImporter) -> (artifact id: '208d198d3c499bfe53d12d1eda49b0b9') in 0.0877089 seconds
Number of updated asset objects reloaded before import = 0Number of asset objects unloaded after import = 58

========================================================================
Received Import Request.
  Time since last request: 0.000023 seconds.
  path: Assets/CorgiEngine/Demos/Retro/Prefabs/Props/RetroPressurePad1.prefab
  artifactKey: Guid(dda288adede97b84cad7889a642a4867) Importer(2089858483,192608db42251d675da83286b1cce702)
Start importing Assets/CorgiEngine/Demos/Retro/Prefabs/Props/RetroPressurePad1.prefab using Guid(dda288adede97b84cad7889a642a4867) Importer(2089858483,192608db42251d675da83286b1cce702) (ScriptedImporter) -> (artifact id: '2aff583ee7d06ce9822919e5c5ef5308') in 0.0517511 seconds
Number of updated asset objects reloaded before import = 0Number of asset objects unloaded after import = 65

========================================================================
Received Import Request.
  Time since last request: 0.000029 seconds.
  path: Assets/CorgiEngine/Demos/Corgi3D/Textures/PrototypeBlocks/2x1DarkGrey.png
  artifactKey: Guid(2de4c81f824e2414b84c1ba995b18f53) Importer(2089858483,192608db42251d675da83286b1cce702)
Start importing Assets/CorgiEngine/Demos/Corgi3D/Textures/PrototypeBlocks/2x1DarkGrey.png using Guid(2de4c81f824e2414b84c1ba995b18f53) Importer(2089858483,192608db42251d675da83286b1cce702) (ScriptedImporter) -> (artifact id: '6cd0b632cfc68641dad1fc33b39effbd') in 0.0400388 seconds
Number of updated asset objects reloaded before import = 0Number of asset objects unloaded after import = 1

========================================================================
Received Import Request.
  Time since last request: 0.000021 seconds.
  path: Assets/CorgiEngine/Demos/Corgi2D/Sprites/SpaceCorgi/spacecorgi_flat-jetpack.png
  artifactKey: Guid(7aea6bfda386c5a41be669faf5ecb372) Importer(2089858483,192608db42251d675da83286b1cce702)
Start importing Assets/CorgiEngine/Demos/Corgi2D/Sprites/SpaceCorgi/spacecorgi_flat-jetpack.png using Guid(7aea6bfda386c5a41be669faf5ecb372) Importer(2089858483,192608db42251d675da83286b1cce702) (ScriptedImporter) -> (artifact id: 'a150cf26b05729cc6a6b79c2df496036') in 0.1088482 seconds
Number of updated asset objects reloaded before import = 0Number of asset objects unloaded after import = 22

========================================================================
Received Import Request.
  Time since last request: 0.000022 seconds.
  path: Assets/CorgiEngine/Demos/Retro/Resources/Items/RetroShotgun.asset
  artifactKey: Guid(406d06c2d3ae2446eafeeaeca3aeda45) Importer(2089858483,192608db42251d675da83286b1cce702)
Start importing Assets/CorgiEngine/Demos/Retro/Resources/Items/RetroShotgun.asset using Guid(406d06c2d3ae2446eafeeaeca3aeda45) Importer(2089858483,192608db42251d675da83286b1cce702) (ScriptedImporter) -> (artifact id: 'e9a86528805b72d9c1e35d7b28c532cc') in 0.0570478 seconds
Number of updated asset objects reloaded before import = 0Number of asset objects unloaded after import = 102

========================================================================
Received Import Request.
  Time since last request: 0.000031 seconds.
  path: Assets/CorgiEngine/Demos/Corgi2D/Spine/Heavy/heavy-corgi.atlas.txt
  artifactKey: Guid(1910bd7462070ff488b02388ac3b17b1) Importer(2089858483,192608db42251d675da83286b1cce702)
Start importing Assets/CorgiEngine/Demos/Corgi2D/Spine/Heavy/heavy-corgi.atlas.txt using Guid(1910bd7462070ff488b02388ac3b17b1) Importer(2089858483,192608db42251d675da83286b1cce702) (ScriptedImporter) -> (artifact id: '577320ab500b009daa4778e3e8c2f0d6') in 0.0183137 seconds
Number of updated asset objects reloaded before import = 0Number of asset objects unloaded after import = 1

========================================================================
Received Import Request.
  Time since last request: 0.000074 seconds.
  path: Assets/CorgiEngine/Demos/Corgi2D/Sprites/SpaceCorgi/spacecorgi-shootDown.png
  artifactKey: Guid(76949ae05f4202c4fa6f23b56ce6b1d8) Importer(2089858483,192608db42251d675da83286b1cce702)
Start importing Assets/CorgiEngine/Demos/Corgi2D/Sprites/SpaceCorgi/spacecorgi-shootDown.png using Guid(76949ae05f4202c4fa6f23b56ce6b1d8) Importer(2089858483,192608db42251d675da83286b1cce702) (ScriptedImporter) -> (artifact id: '03b3a1e96c3fb202f4726bdfc99ecfc4') in 0.0396628 seconds
Number of updated asset objects reloaded before import = 0Number of asset objects unloaded after import = 3

========================================================================
Received Import Request.
  Time since last request: 0.000041 seconds.
  path: Assets/CorgiEngine/Demos/Retro/Sprites/RetroCorgi/RetroCorgiRoll.png
  artifactKey: Guid(b61e6956790935b4ca07e6bac3da4742) Importer(2089858483,192608db42251d675da83286b1cce702)
Start importing Assets/CorgiEngine/Demos/Retro/Sprites/RetroCorgi/RetroCorgiRoll.png using Guid(b61e6956790935b4ca07e6bac3da4742) Importer(2089858483,192608db42251d675da83286b1cce702) (ScriptedImporter) -> (artifact id: 'f5f20732dc90328016f71859f0c2284e') in 0.0692111 seconds
Number of updated asset objects reloaded before import = 0Number of asset objects unloaded after import = 8

========================================================================
Received Import Request.
  Time since last request: 0.000067 seconds.
  path: Assets/CorgiEngine/Demos/Minimal/Prefabs/MovingPlatforms/OneWayMovingPlatform.prefab
  artifactKey: Guid(de14462abe6298a4d8abf57c78e3050e) Importer(2089858483,192608db42251d675da83286b1cce702)
Start importing Assets/CorgiEngine/Demos/Minimal/Prefabs/MovingPlatforms/OneWayMovingPlatform.prefab using Guid(de14462abe6298a4d8abf57c78e3050e) Importer(2089858483,192608db42251d675da83286b1cce702) (ScriptedImporter) -> (artifact id: '568fd8093691900e4532c3cc03cd6782') in 0.0502047 seconds
Number of updated asset objects reloaded before import = 0Number of asset objects unloaded after import = 10

========================================================================
Received Import Request.
  Time since last request: 5.650155 seconds.
  path: Assets/CorgiEngine/Demos/Retro/Sprites/RetroPlatforms/RetroSlopes.png
  artifactKey: Guid(d84ad90768867bb49a010ae45efd3566) Importer(2089858483,192608db42251d675da83286b1cce702)
Start importing Assets/CorgiEngine/Demos/Retro/Sprites/RetroPlatforms/RetroSlopes.png using Guid(d84ad90768867bb49a010ae45efd3566) Importer(2089858483,192608db42251d675da83286b1cce702) (ScriptedImporter) -> (artifact id: 'a1d7ec90a6ebf1d615878ced74b42385') in 0.0776112 seconds
Number of updated asset objects reloaded before import = 0Number of asset objects unloaded after import = 11

========================================================================
Received Import Request.
  Time since last request: 0.000033 seconds.
  path: Assets/CorgiEngine/Demos/Retro/Tilemaps/RetroCave/RetroCave_26.asset
  artifactKey: Guid(beecb0bcd40718c70a92e3c982e9d50b) Importer(2089858483,192608db42251d675da83286b1cce702)
Start importing Assets/CorgiEngine/Demos/Retro/Tilemaps/RetroCave/RetroCave_26.asset using Guid(beecb0bcd40718c70a92e3c982e9d50b) Importer(2089858483,192608db42251d675da83286b1cce702) (ScriptedImporter) -> (artifact id: 'fff9d446cbc7b120a1f4cedca8623e50') in 0.0263012 seconds
Number of updated asset objects reloaded before import = 0Number of asset objects unloaded after import = 2

========================================================================
Received Import Request.
  Time since last request: 0.000034 seconds.
  path: Assets/CorgiEngine/Demos/Retro/Tilemaps/RetroRocks/RetroRocks_2.asset
  artifactKey: Guid(d7dbfe54fa814880bd8f48c754261bba) Importer(2089858483,192608db42251d675da83286b1cce702)
Start importing Assets/CorgiEngine/Demos/Retro/Tilemaps/RetroRocks/RetroRocks_2.asset using Guid(d7dbfe54fa814880bd8f48c754261bba) Importer(2089858483,192608db42251d675da83286b1cce702) (ScriptedImporter) -> (artifact id: 'e8c392557a50b8915e9cdab35eb141b5') in 0.0240139 seconds
Number of updated asset objects reloaded before import = 0Number of asset objects unloaded after import = 2

========================================================================
Received Import Request.
  Time since last request: 0.000033 seconds.
  path: Assets/CorgiEngine/Demos/Retro/Tilemaps/RetroCave/RetroCave_27.asset
  artifactKey: Guid(66df8bbaef362ed239796a83747b0eb8) Importer(2089858483,192608db42251d675da83286b1cce702)
Start importing Assets/CorgiEngine/Demos/Retro/Tilemaps/RetroCave/RetroCave_27.asset using Guid(66df8bbaef362ed239796a83747b0eb8) Importer(2089858483,192608db42251d675da83286b1cce702) (ScriptedImporter) -> (artifact id: 'e67dea64bf02087b607241c6b5ac7cbe') in 0.0351523 seconds
Number of updated asset objects reloaded before import = 0Number of asset objects unloaded after import = 2

========================================================================
Received Import Request.
  Time since last request: 0.000019 seconds.
  path: Assets/CorgiEngine/Demos/Corgi2D/Animations/SpaceCorgi/SpaceCorgiJump/spaceCorgiJump15.anim
  artifactKey: Guid(d69ef283a5b196947bed3435aeb46af1) Importer(2089858483,192608db42251d675da83286b1cce702)
Start importing Assets/CorgiEngine/Demos/Corgi2D/Animations/SpaceCorgi/SpaceCorgiJump/spaceCorgiJump15.anim using Guid(d69ef283a5b196947bed3435aeb46af1) Importer(2089858483,192608db42251d675da83286b1cce702) (ScriptedImporter) -> (artifact id: '06d33e42b6bc818642bffc4d79ff7151') in 0.0224984 seconds
Number of updated asset objects reloaded before import = 0Number of asset objects unloaded after import = 1

========================================================================
Received Import Request.
  Time since last request: 0.000111 seconds.
  path: Assets/CorgiEngine/Demos/Corgi2D/Prefabs/Environment/Lava/LavaPlatform12.prefab
  artifactKey: Guid(e0e6ee571e5d4cb40999c8d33dda48d9) Importer(2089858483,192608db42251d675da83286b1cce702)
Start importing Assets/CorgiEngine/Demos/Corgi2D/Prefabs/Environment/Lava/LavaPlatform12.prefab using Guid(e0e6ee571e5d4cb40999c8d33dda48d9) Importer(2089858483,192608db42251d675da83286b1cce702) (ScriptedImporter) -> (artifact id: '1ed10ffa421b1f334e28b0a89e1f9589') in 0.0706969 seconds
Number of updated asset objects reloaded before import = 0Number of asset objects unloaded after import = 8

========================================================================
Received Import Request.
  Time since last request: 0.000050 seconds.
  path: Assets/CorgiEngine/Demos/Retro/Tilemaps/RetroRocks/RetroRocks_18.asset
  artifactKey: Guid(85a7a10911c8efcfc7cf3a170071dfbe) Importer(2089858483,192608db42251d675da83286b1cce702)
Start importing Assets/CorgiEngine/Demos/Retro/Tilemaps/RetroRocks/RetroRocks_18.asset using Guid(85a7a10911c8efcfc7cf3a170071dfbe) Importer(2089858483,192608db42251d675da83286b1cce702) (ScriptedImporter) -> (artifact id: '908c29efccb18e792f9a84f67bda5fc3') in 0.0261251 seconds
Number of updated asset objects reloaded before import = 0Number of asset objects unloaded after import = 2

========================================================================
Received Import Request.
  Time since last request: 0.000021 seconds.
  path: Assets/CorgiEngine/Demos/Corgi2D/Animations/SpaceCorgi/SpaceCorgiJump/spaceCorgiJump14.anim
  artifactKey: Guid(a2f0495692e6e344d887f9a7498a7595) Importer(2089858483,192608db42251d675da83286b1cce702)
Start importing Assets/CorgiEngine/Demos/Corgi2D/Animations/SpaceCorgi/SpaceCorgiJump/spaceCorgiJump14.anim using Guid(a2f0495692e6e344d887f9a7498a7595) Importer(2089858483,192608db42251d675da83286b1cce702) (ScriptedImporter) -> (artifact id: '4d5bd7ab0b35db9645af0ba62046d03f') in 0.02564 seconds
Number of updated asset objects reloaded before import = 0Number of asset objects unloaded after import = 1

========================================================================
Received Import Request.
  Time since last request: 0.000034 seconds.
  path: Assets/CorgiEngine/Demos/Retro/Tilemaps/RetroRocks/RetroRocks_43.asset
  artifactKey: Guid(1be354ce75feb76fbfbf9f71c1b5b64f) Importer(2089858483,192608db42251d675da83286b1cce702)
Start importing Assets/CorgiEngine/Demos/Retro/Tilemaps/RetroRocks/RetroRocks_43.asset using Guid(1be354ce75feb76fbfbf9f71c1b5b64f) Importer(2089858483,192608db42251d675da83286b1cce702) (ScriptedImporter) -> (artifact id: 'f6c30bdfd2d130407eb93d2af5a6e484') in 0.0250746 seconds
Number of updated asset objects reloaded before import = 0Number of asset objects unloaded after import = 2

========================================================================
Received Import Request.
  Time since last request: 0.000021 seconds.
  path: Assets/CorgiEngine/Demos/TheHunt/Models/Soldier/Red@Jump.fbx
  artifactKey: Guid(dafd1ba3c67d7d2418d8ba8bfc3fbe75) Importer(2089858483,192608db42251d675da83286b1cce702)
Start importing Assets/CorgiEngine/Demos/TheHunt/Models/Soldier/Red@Jump.fbx using Guid(dafd1ba3c67d7d2418d8ba8bfc3fbe75) Importer(2089858483,192608db42251d675da83286b1cce702) (ScriptedImporter) -> (artifact id: '10eb13e8988b8fa0622f605759c698dc') in 0.0446317 seconds
Number of updated asset objects reloaded before import = 0Number of asset objects unloaded after import = 66

========================================================================
Received Import Request.
  Time since last request: 0.000033 seconds.
  path: Assets/CorgiEngine/Demos/TheHunt/Models/Soldier/Red@Run.fbx
  artifactKey: Guid(1f377050cca537343af7018155d0b23b) Importer(2089858483,192608db42251d675da83286b1cce702)
Start importing Assets/CorgiEngine/Demos/TheHunt/Models/Soldier/Red@Run.fbx using Guid(1f377050cca537343af7018155d0b23b) Importer(2089858483,192608db42251d675da83286b1cce702) (ScriptedImporter) -> (artifact id: '151256d35b9f800ce2dca3f78f7f4a09') in 0.049315 seconds
Number of updated asset objects reloaded before import = 0Number of asset objects unloaded after import = 66

========================================================================
Received Import Request.
  Time since last request: 0.000023 seconds.
  path: Assets/CorgiEngine/Demos/Corgi2D/Prefabs/Environment/Blocks/PushableBlock.prefab
  artifactKey: Guid(a65b131e200417144a674af533564ae4) Importer(2089858483,192608db42251d675da83286b1cce702)
Start importing Assets/CorgiEngine/Demos/Corgi2D/Prefabs/Environment/Blocks/PushableBlock.prefab using Guid(a65b131e200417144a674af533564ae4) Importer(2089858483,192608db42251d675da83286b1cce702) (ScriptedImporter) -> (artifact id: '9ffd23f228d1b920a7b42e5f8d2b61c3') in 0.050164 seconds
Number of updated asset objects reloaded before import = 0Number of asset objects unloaded after import = 10

========================================================================
Received Import Request.
  Time since last request: 0.000026 seconds.
  path: Assets/CorgiEngine/Common/Scripts/Agents/AI/Advanced/AIActionMMFeedbacks.cs
  artifactKey: Guid(28773d0e28285a640aa5d97236539545) Importer(2089858483,192608db42251d675da83286b1cce702)
Start importing Assets/CorgiEngine/Common/Scripts/Agents/AI/Advanced/AIActionMMFeedbacks.cs using Guid(28773d0e28285a640aa5d97236539545) Importer(2089858483,192608db42251d675da83286b1cce702) (ScriptedImporter) -> (artifact id: '28f2e7b23317dd3eff224abde37fab66') in 0.0236437 seconds
Number of updated asset objects reloaded before import = 0Number of asset objects unloaded after import = 0

========================================================================
Received Import Request.
  Time since last request: 0.000042 seconds.
  path: Assets/CorgiEngine/Demos/Corgi2D/Prefabs/Environment/Bricks/OffBrick1.prefab
  artifactKey: Guid(bc8f16a4be06537428fad054dc1c9e46) Importer(2089858483,192608db42251d675da83286b1cce702)
Start importing Assets/CorgiEngine/Demos/Corgi2D/Prefabs/Environment/Bricks/OffBrick1.prefab using Guid(bc8f16a4be06537428fad054dc1c9e46) Importer(2089858483,192608db42251d675da83286b1cce702) (ScriptedImporter) -> (artifact id: '6a8b44e28a90199e8df4ce042d9a8af5') in 0.0432706 seconds
Number of updated asset objects reloaded before import = 0Number of asset objects unloaded after import = 7

========================================================================
Received Import Request.
  Time since last request: 0.000030 seconds.
  path: Assets/CorgiEngine/Demos/TheHunt/Models/Soldier/Red@Walk.fbx
  artifactKey: Guid(9a086fe1c4511124a8bbed7ede0a6709) Importer(2089858483,192608db42251d675da83286b1cce702)
Start importing Assets/CorgiEngine/Demos/TheHunt/Models/Soldier/Red@Walk.fbx using Guid(9a086fe1c4511124a8bbed7ede0a6709) Importer(2089858483,192608db42251d675da83286b1cce702) (ScriptedImporter) -> (artifact id: '1040f03b326fbcd2db04b2c2b9799153') in 0.0503536 seconds
Number of updated asset objects reloaded before import = 0Number of asset objects unloaded after import = 66

========================================================================
Received Import Request.
  Time since last request: 0.000039 seconds.
  path: Assets/CorgiEngine/ThirdParty/MoreMountains/MMFeedbacks/Authorizations/MMFeedbacksAuthorizations.cs
  artifactKey: Guid(be090172b5d6e3149b78c6da8b309d47) Importer(2089858483,192608db42251d675da83286b1cce702)
Start importing Assets/CorgiEngine/ThirdParty/MoreMountains/MMFeedbacks/Authorizations/MMFeedbacksAuthorizations.cs using Guid(be090172b5d6e3149b78c6da8b309d47) Importer(2089858483,192608db42251d675da83286b1cce702) (ScriptedImporter) -> (artifact id: '2ac1431ddb89e9c160ed0c85f47adfc3') in 0.0280536 seconds
Number of updated asset objects reloaded before import = 0Number of asset objects unloaded after import = 0

========================================================================
Received Import Request.
  Time since last request: 0.000072 seconds.
  path: Assets/CorgiEngine/Demos/TheHunt/Models/Soldier/Red.fbx
  artifactKey: Guid(78c486ff12ec6684cb404de8f074148b) Importer(2089858483,192608db42251d675da83286b1cce702)
Start importing Assets/CorgiEngine/Demos/TheHunt/Models/Soldier/Red.fbx using Guid(78c486ff12ec6684cb404de8f074148b) Importer(2089858483,192608db42251d675da83286b1cce702) (ScriptedImporter) -> (artifact id: 'ea8f2743af4888c4df9dd4cf7f265248') in 0.0622782 seconds
Number of updated asset objects reloaded before import = 0Number of asset objects unloaded after import = 63

========================================================================
Received Import Request.
  Time since last request: 0.000028 seconds.
  path: Assets/CorgiEngine/Demos/Corgi2D/Prefabs/Environment/Bricks/OffBrick7.prefab
  artifactKey: Guid(a573e4c801d046b499ee6b1297458de9) Importer(2089858483,192608db42251d675da83286b1cce702)
Start importing Assets/CorgiEngine/Demos/Corgi2D/Prefabs/Environment/Bricks/OffBrick7.prefab using Guid(a573e4c801d046b499ee6b1297458de9) Importer(2089858483,192608db42251d675da83286b1cce702) (ScriptedImporter) -> (artifact id: '3697a2ef6c090669e4dac8f72a7a01eb') in 0.0427417 seconds
Number of updated asset objects reloaded before import = 0Number of asset objects unloaded after import = 7

========================================================================
Received Import Request.
  Time since last request: 0.000026 seconds.
  path: Assets/CorgiEngine/Demos/Corgi2D/Prefabs/Environment/Blocks/FallingPlatform.prefab
  artifactKey: Guid(039b46c2ac4e849e58c6138bc2e3d2cd) Importer(2089858483,192608db42251d675da83286b1cce702)
Start importing Assets/CorgiEngine/Demos/Corgi2D/Prefabs/Environment/Blocks/FallingPlatform.prefab using Guid(039b46c2ac4e849e58c6138bc2e3d2cd) Importer(2089858483,192608db42251d675da83286b1cce702) (ScriptedImporter) -> (artifact id: 'c81b95324a4ab7a55759ff5fb9a42323') in 0.0541494 seconds
Number of updated asset objects reloaded before import = 0Number of asset objects unloaded after import = 18

========================================================================
Received Import Request.
  Time since last request: 0.000028 seconds.
  path: Assets/CorgiEngine/Demos/SuperHipsterBros/Prefabs/Environment/HipsterPlant1.prefab
  artifactKey: Guid(098f477a0e6ff3b41bea070b4365f348) Importer(2089858483,192608db42251d675da83286b1cce702)
Start importing Assets/CorgiEngine/Demos/SuperHipsterBros/Prefabs/Environment/HipsterPlant1.prefab using Guid(098f477a0e6ff3b41bea070b4365f348) Importer(2089858483,192608db42251d675da83286b1cce702) (ScriptedImporter) -> (artifact id: '60e4bd720e812ae3c613e037e03b2d5d') in 0.0468002 seconds
Number of updated asset objects reloaded before import = 0Number of asset objects unloaded after import = 7

========================================================================
Received Import Request.
  Time since last request: 0.000062 seconds.
  path: Assets/CorgiEngine/Demos/Retro/Sprites/RetroVFX/RetroWeaponsMuzzleFlash.png
  artifactKey: Guid(8075e47cd0e075344b548ca07e50009a) Importer(2089858483,192608db42251d675da83286b1cce702)
Start importing Assets/CorgiEngine/Demos/Retro/Sprites/RetroVFX/RetroWeaponsMuzzleFlash.png using Guid(8075e47cd0e075344b548ca07e50009a) Importer(2089858483,192608db42251d675da83286b1cce702) (ScriptedImporter) -> (artifact id: '0a13a11c3c91f3e0dd9f4e2e55897c93') in 0.0498866 seconds
Number of updated asset objects reloaded before import = 0Number of asset objects unloaded after import = 3

========================================================================
Received Import Request.
  Time since last request: 0.000040 seconds.
  path: Assets/CorgiEngine/Demos/Retro/Tilemaps/RetroCave/RetroCave_44.asset
  artifactKey: Guid(1844928c34a432f696f3ec58337a8b2e) Importer(2089858483,192608db42251d675da83286b1cce702)
Start importing Assets/CorgiEngine/Demos/Retro/Tilemaps/RetroCave/RetroCave_44.asset using Guid(1844928c34a432f696f3ec58337a8b2e) Importer(2089858483,192608db42251d675da83286b1cce702) (ScriptedImporter) -> (artifact id: '91fd0bcf5bb34f1096d1980355a2caa7') in 0.030945 seconds
Number of updated asset objects reloaded before import = 0Number of asset objects unloaded after import = 2

========================================================================
Received Import Request.
  Time since last request: 0.000026 seconds.
  path: Assets/CorgiEngine/Demos/Corgi2D/Animations/SpaceCorgi/SpaceCorgiJump/spaceCorgiJump2.anim
  artifactKey: Guid(5b7c03ccd1952214aa59fb8b26046b6c) Importer(2089858483,192608db42251d675da83286b1cce702)
Start importing Assets/CorgiEngine/Demos/Corgi2D/Animations/SpaceCorgi/SpaceCorgiJump/spaceCorgiJump2.anim using Guid(5b7c03ccd1952214aa59fb8b26046b6c) Importer(2089858483,192608db42251d675da83286b1cce702) (ScriptedImporter) -> (artifact id: 'ad27ce7aac9b75df204ac3addc3a0219') in 0.038482 seconds
Number of updated asset objects reloaded before import = 0Number of asset objects unloaded after import = 1

========================================================================
Received Import Request.
  Time since last request: 0.000042 seconds.
  path: Assets/CorgiEngine/Demos/Retro/Tilemaps/RetroRocks/RetroRocks_10.asset
  artifactKey: Guid(2a5f7a73e36497f23b1a786a7cfe6ffb) Importer(2089858483,192608db42251d675da83286b1cce702)
Start importing Assets/CorgiEngine/Demos/Retro/Tilemaps/RetroRocks/RetroRocks_10.asset using Guid(2a5f7a73e36497f23b1a786a7cfe6ffb) Importer(2089858483,192608db42251d675da83286b1cce702) (ScriptedImporter) -> (artifact id: '1f06b274ff1a1a5982a4d22a3bfc529d') in 0.0379506 seconds
Number of updated asset objects reloaded before import = 0Number of asset objects unloaded after import = 2

========================================================================
Received Import Request.
  Time since last request: 0.000029 seconds.
  path: Assets/CorgiEngine/Demos/TheHunt/Models/Soldier/Red@Fly.fbx
  artifactKey: Guid(02617b13f2c05de42b4538e5e8a08980) Importer(2089858483,192608db42251d675da83286b1cce702)
Start importing Assets/CorgiEngine/Demos/TheHunt/Models/Soldier/Red@Fly.fbx using Guid(02617b13f2c05de42b4538e5e8a08980) Importer(2089858483,192608db42251d675da83286b1cce702) (ScriptedImporter) -> (artifact id: '88d7e79fe1992d805fc2d4fb5831bc3a') in 0.0492044 seconds
Number of updated asset objects reloaded before import = 0Number of asset objects unloaded after import = 66

========================================================================
Received Import Request.
  Time since last request: 0.000042 seconds.
  path: Assets/CorgiEngine/Demos/Retro/Sprites/RetroVFX/RetroSmoke8.png
  artifactKey: Guid(12fe7fc8138750a46a49c267573596e8) Importer(2089858483,192608db42251d675da83286b1cce702)
Start importing Assets/CorgiEngine/Demos/Retro/Sprites/RetroVFX/RetroSmoke8.png using Guid(12fe7fc8138750a46a49c267573596e8) Importer(2089858483,192608db42251d675da83286b1cce702) (ScriptedImporter) -> (artifact id: '25209a50a51cff988c925089cf4a5c3e') in 0.0539699 seconds
Number of updated asset objects reloaded before import = 0Number of asset objects unloaded after import = 3

========================================================================
Received Import Request.
  Time since last request: 0.000034 seconds.
  path: Assets/CorgiEngine/Demos/Retro/Tilemaps/RetroRocks/RetroRocks_32.asset
  artifactKey: Guid(092e875621f3d821165b0478beb609f0) Importer(2089858483,192608db42251d675da83286b1cce702)
Start importing Assets/CorgiEngine/Demos/Retro/Tilemaps/RetroRocks/RetroRocks_32.asset using Guid(092e875621f3d821165b0478beb609f0) Importer(2089858483,192608db42251d675da83286b1cce702) (ScriptedImporter) -> (artifact id: '9fa3a9c2b70b26934f8ea899f92d127d') in 0.0430335 seconds
Number of updated asset objects reloaded before import = 0Number of asset objects unloaded after import = 2

========================================================================
Received Import Request.
  Time since last request: 0.000034 seconds.
  path: Assets/CorgiEngine/Demos/Retro/Tilemaps/RetroCave/RetroCave_17.asset
  artifactKey: Guid(180f2ddf4e3d39ece9f4b0a9664ed42c) Importer(2089858483,192608db42251d675da83286b1cce702)
Start importing Assets/CorgiEngine/Demos/Retro/Tilemaps/RetroCave/RetroCave_17.asset using Guid(180f2ddf4e3d39ece9f4b0a9664ed42c) Importer(2089858483,192608db42251d675da83286b1cce702) (ScriptedImporter) -> (artifact id: '8f6509ddb96dc31da153e7f02ad34614') in 0.0256968 seconds
Number of updated asset objects reloaded before import = 0Number of asset objects unloaded after import = 2

========================================================================
Received Import Request.
  Time since last request: 0.000019 seconds.
  path: Assets/CorgiEngine/Demos/Retro/Tilemaps/RetroRocks/RetroRocks_0.asset
  artifactKey: Guid(e970e3a9bb9ffcecd1d39f706e07e86a) Importer(2089858483,192608db42251d675da83286b1cce702)
Start importing Assets/CorgiEngine/Demos/Retro/Tilemaps/RetroRocks/RetroRocks_0.asset using Guid(e970e3a9bb9ffcecd1d39f706e07e86a) Importer(2089858483,192608db42251d675da83286b1cce702) (ScriptedImporter) -> (artifact id: 'cb93b09bde00eee1a792e22ec79231cd') in 0.0284327 seconds
Number of updated asset objects reloaded before import = 0Number of asset objects unloaded after import = 2

========================================================================
Received Import Request.
  Time since last request: 0.000035 seconds.
  path: Assets/CorgiEngine/Demos/TheHunt/Prefabs/PlayableCharacters/Soldier3DRed.prefab
  artifactKey: Guid(a08c643f0171e6d4fb843b4a11ac9824) Importer(2089858483,192608db42251d675da83286b1cce702)
Start importing Assets/CorgiEngine/Demos/TheHunt/Prefabs/PlayableCharacters/Soldier3DRed.prefab using Guid(a08c643f0171e6d4fb843b4a11ac9824) Importer(2089858483,192608db42251d675da83286b1cce702) (ScriptedImporter) -> (artifact id: '625f55a439fe3d3b0ced31fbb3f4e149') in 0.1924981 seconds
Number of updated asset objects reloaded before import = 0Number of asset objects unloaded after import = 180

========================================================================
Received Import Request.
  Time since last request: 0.000025 seconds.
  path: Assets/CorgiEngine/Demos/SuperHipsterBros/Prefabs/AI/BadassDude.prefab
  artifactKey: Guid(0f81d0236b2c31441a935d6e545067c1) Importer(2089858483,192608db42251d675da83286b1cce702)
Start importing Assets/CorgiEngine/Demos/SuperHipsterBros/Prefabs/AI/BadassDude.prefab using Guid(0f81d0236b2c31441a935d6e545067c1) Importer(2089858483,192608db42251d675da83286b1cce702) (ScriptedImporter) -> (artifact id: 'a535bc9c50cf5d402c657dea65edc858') in 0.110086 seconds
Number of updated asset objects reloaded before import = 0Number of asset objects unloaded after import = 26

========================================================================
Received Import Request.
  Time since last request: 0.000038 seconds.
  path: Assets/CorgiEngine/Demos/RetroAdventure/Prefabs/Managers/RetroGameManagers.prefab
  artifactKey: Guid(fd43d6720ee6d8e4c9f1cfe8c1c0ce96) Importer(2089858483,192608db42251d675da83286b1cce702)
Start importing Assets/CorgiEngine/Demos/RetroAdventure/Prefabs/Managers/RetroGameManagers.prefab using Guid(fd43d6720ee6d8e4c9f1cfe8c1c0ce96) Importer(2089858483,192608db42251d675da83286b1cce702) (ScriptedImporter) -> (artifact id: '6af7b74a7f73c62ece5c66412b12d4ea') in 0.0613254 seconds
Number of updated asset objects reloaded before import = 0Number of asset objects unloaded after import = 7

========================================================================
Received Import Request.
  Time since last request: 0.000029 seconds.
  path: Assets/CorgiEngine/Demos/Corgi2D/Animations/SpaceCorgi/SpaceCorgiJump/spaceCorgiJump5.anim
  artifactKey: Guid(35253d1868a54604fbeb301302fffbe6) Importer(2089858483,192608db42251d675da83286b1cce702)
Start importing Assets/CorgiEngine/Demos/Corgi2D/Animations/SpaceCorgi/SpaceCorgiJump/spaceCorgiJump5.anim using Guid(35253d1868a54604fbeb301302fffbe6) Importer(2089858483,192608db42251d675da83286b1cce702) (ScriptedImporter) -> (artifact id: '6a8220c5faafbe3665c32b0ef48373c9') in 0.0311039 seconds
Number of updated asset objects reloaded before import = 0Number of asset objects unloaded after import = 1

========================================================================
Received Import Request.
  Time since last request: 0.000025 seconds.
  path: Assets/CorgiEngine/Common/Scripts/Agents/AI/Advanced/AIActionShoot.cs
  artifactKey: Guid(db0a72b251368a642af6e8b62c666ba4) Importer(2089858483,192608db42251d675da83286b1cce702)
Start importing Assets/CorgiEngine/Common/Scripts/Agents/AI/Advanced/AIActionShoot.cs using Guid(db0a72b251368a642af6e8b62c666ba4) Importer(2089858483,192608db42251d675da83286b1cce702) (ScriptedImporter) -> (artifact id: '70679fd63a1739423334d42e3c2b449e') in 0.023077 seconds
Number of updated asset objects reloaded before import = 0Number of asset objects unloaded after import = 0

========================================================================
Received Import Request.
  Time since last request: 0.000029 seconds.
  path: Assets/CorgiEngine/Demos/SuperHipsterBros/Prefabs/AI/BulkyDude.prefab
  artifactKey: Guid(f82bb2459c8c3e04583215a6dd3a59bf) Importer(2089858483,192608db42251d675da83286b1cce702)
Start importing Assets/CorgiEngine/Demos/SuperHipsterBros/Prefabs/AI/BulkyDude.prefab using Guid(f82bb2459c8c3e04583215a6dd3a59bf) Importer(2089858483,192608db42251d675da83286b1cce702) (ScriptedImporter) -> (artifact id: '32452f39814acb292eb7c57814c0205a') in 0.1218702 seconds
Number of updated asset objects reloaded before import = 0Number of asset objects unloaded after import = 34

========================================================================
Received Import Request.
  Time since last request: 0.000029 seconds.
  path: Assets/CorgiEngine/Demos/Retro/Sprites/RetroVFX/RetroSmoke7.png
  artifactKey: Guid(81d74049ff5c77e408d5296a9d36ba8f) Importer(2089858483,192608db42251d675da83286b1cce702)
Start importing Assets/CorgiEngine/Demos/Retro/Sprites/RetroVFX/RetroSmoke7.png using Guid(81d74049ff5c77e408d5296a9d36ba8f) Importer(2089858483,192608db42251d675da83286b1cce702) (ScriptedImporter) -> (artifact id: '9fcb7ae1de1491a0039c95e38827f917') in 0.0438031 seconds
Number of updated asset objects reloaded before import = 0Number of asset objects unloaded after import = 3

========================================================================
Received Import Request.
  Time since last request: 0.000028 seconds.
  path: Assets/CorgiEngine/Demos/Retro/Tilemaps/RetroCave/RetroCave_7.asset
  artifactKey: Guid(3de2cfffbb1153bd369cdd4c02d2d099) Importer(2089858483,192608db42251d675da83286b1cce702)
Start importing Assets/CorgiEngine/Demos/Retro/Tilemaps/RetroCave/RetroCave_7.asset using Guid(3de2cfffbb1153bd369cdd4c02d2d099) Importer(2089858483,192608db42251d675da83286b1cce702) (ScriptedImporter) -> (artifact id: '5c1b71bd29ba9c4f55bff105c5cc3f91') in 0.034292 seconds
Number of updated asset objects reloaded before import = 0Number of asset objects unloaded after import = 2

========================================================================
Received Import Request.
  Time since last request: 0.000023 seconds.
  path: Assets/CorgiEngine/Common/Scripts/Agents/AI/Legacy/AIWalk.cs
  artifactKey: Guid(ed782cf6d45978347bcea1b2ec201483) Importer(2089858483,192608db42251d675da83286b1cce702)
Start importing Assets/CorgiEngine/Common/Scripts/Agents/AI/Legacy/AIWalk.cs using Guid(ed782cf6d45978347bcea1b2ec201483) Importer(2089858483,192608db42251d675da83286b1cce702) (ScriptedImporter) -> (artifact id: '57f4da4a33d0d5b8f5c8d99f10349109') in 0.0226013 seconds
Number of updated asset objects reloaded before import = 0Number of asset objects unloaded after import = 0

========================================================================
Received Import Request.
  Time since last request: 0.000047 seconds.
  path: Assets/CorgiEngine/Demos/Corgi2D/Prefabs/Environment/Bricks/Brick10.prefab
  artifactKey: Guid(52ffa58d5c3f35446b7b85b433c352e2) Importer(2089858483,192608db42251d675da83286b1cce702)
Start importing Assets/CorgiEngine/Demos/Corgi2D/Prefabs/Environment/Bricks/Brick10.prefab using Guid(52ffa58d5c3f35446b7b85b433c352e2) Importer(2089858483,192608db42251d675da83286b1cce702) (ScriptedImporter) -> (artifact id: '767a11e7d411331b57dea9935e1637a1') in 0.0470718 seconds
Number of updated asset objects reloaded before import = 0Number of asset objects unloaded after import = 8

========================================================================
Received Import Request.
  Time since last request: 0.000063 seconds.
  path: Assets/CorgiEngine/Common/Scripts/Agents/AI/Advanced/AIDecisionDetectTargetLine.cs
  artifactKey: Guid(817e5a5fe0898ae4789b92ad0fb3cc01) Importer(2089858483,192608db42251d675da83286b1cce702)
Start importing Assets/CorgiEngine/Common/Scripts/Agents/AI/Advanced/AIDecisionDetectTargetLine.cs using Guid(817e5a5fe0898ae4789b92ad0fb3cc01) Importer(2089858483,192608db42251d675da83286b1cce702) (ScriptedImporter) -> (artifact id: '20259be1351c8af17f647efa1e1a7a58') in 0.0262442 seconds
Number of updated asset objects reloaded before import = 0Number of asset objects unloaded after import = 0

========================================================================
Received Import Request.
  Time since last request: 0.000077 seconds.
  path: Assets/CorgiEngine/Demos/Retro/Sprites/RetroVFX/RetroSmoke5.png
  artifactKey: Guid(8e1da07410a20f84cb49be0d3f77b079) Importer(2089858483,192608db42251d675da83286b1cce702)
Start importing Assets/CorgiEngine/Demos/Retro/Sprites/RetroVFX/RetroSmoke5.png using Guid(8e1da07410a20f84cb49be0d3f77b079) Importer(2089858483,192608db42251d675da83286b1cce702) (ScriptedImporter) -> (artifact id: '777bb733a164688b6363f13ffddb9449') in 0.0497736 seconds
Number of updated asset objects reloaded before import = 0Number of asset objects unloaded after import = 3

========================================================================
Received Import Request.
  Time since last request: 0.000035 seconds.
  path: Assets/CorgiEngine/Demos/Corgi2D/Animations/SpaceCorgi/SpaceCorgiJump/spaceCorgiJump10.anim
  artifactKey: Guid(bd44f7fbc8829f64bb3dee8aec7eeee8) Importer(2089858483,192608db42251d675da83286b1cce702)
Start importing Assets/CorgiEngine/Demos/Corgi2D/Animations/SpaceCorgi/SpaceCorgiJump/spaceCorgiJump10.anim using Guid(bd44f7fbc8829f64bb3dee8aec7eeee8) Importer(2089858483,192608db42251d675da83286b1cce702) (ScriptedImporter) -> (artifact id: '379f6c0697b7723f17486dc4c1998e48') in 0.0241879 seconds
Number of updated asset objects reloaded before import = 0Number of asset objects unloaded after import = 1

========================================================================
Received Import Request.
  Time since last request: 0.000024 seconds.
  path: Assets/CorgiEngine/Demos/SuperHipsterBros/Prefabs/Camera/HipsterBrosPostProcessing.prefab
  artifactKey: Guid(0a848c2494866c148a0710444f321eb9) Importer(2089858483,192608db42251d675da83286b1cce702)
Start importing Assets/CorgiEngine/Demos/SuperHipsterBros/Prefabs/Camera/HipsterBrosPostProcessing.prefab using Guid(0a848c2494866c148a0710444f321eb9) Importer(2089858483,192608db42251d675da83286b1cce702) (ScriptedImporter) -> (artifact id: 'a23280e24b124af7cf4102dfd872a6d0') in 0.0960414 seconds
Number of updated asset objects reloaded before import = 0Number of asset objects unloaded after import = 16

========================================================================
Received Import Request.
  Time since last request: 0.000062 seconds.
  path: Assets/CorgiEngine/Demos/TheHunt/Prefabs/Weapons/SoldierMachineGun.prefab
  artifactKey: Guid(340e872c47b0b144c95d0fb9ad7e30dc) Importer(2089858483,192608db42251d675da83286b1cce702)
Start importing Assets/CorgiEngine/Demos/TheHunt/Prefabs/Weapons/SoldierMachineGun.prefab using Guid(340e872c47b0b144c95d0fb9ad7e30dc) Importer(2089858483,192608db42251d675da83286b1cce702) (ScriptedImporter) -> (artifact id: '875e162e99cbc6dfe3b4a7c884220a11') in 0.1143045 seconds
Number of updated asset objects reloaded before import = 0Number of asset objects unloaded after import = 71

========================================================================
Received Import Request.
  Time since last request: 0.000038 seconds.
  path: Assets/CorgiEngine/Demos/Retro/Tilemaps/RetroRocks/RetroRocks_16.asset
  artifactKey: Guid(1bbc74165b490b570819e711a5133582) Importer(2089858483,192608db42251d675da83286b1cce702)
Start importing Assets/CorgiEngine/Demos/Retro/Tilemaps/RetroRocks/RetroRocks_16.asset using Guid(1bbc74165b490b570819e711a5133582) Importer(2089858483,192608db42251d675da83286b1cce702) (ScriptedImporter) -> (artifact id: 'ef5c775f5769510a5d09113ca05acc25') in 0.0327734 seconds
Number of updated asset objects reloaded before import = 0Number of asset objects unloaded after import = 2

========================================================================
Received Import Request.
  Time since last request: 0.000036 seconds.
  path: Assets/CorgiEngine/Demos/Corgi2D/Prefabs/Environment/Lava/LavaBridge.prefab
  artifactKey: Guid(d53871dc9464e8541866d494aa047fdb) Importer(2089858483,192608db42251d675da83286b1cce702)
Start importing Assets/CorgiEngine/Demos/Corgi2D/Prefabs/Environment/Lava/LavaBridge.prefab using Guid(d53871dc9464e8541866d494aa047fdb) Importer(2089858483,192608db42251d675da83286b1cce702) (ScriptedImporter) -> (artifact id: '0a2d241a92cc537a45866faa59070d97') in 0.0457349 seconds
Number of updated asset objects reloaded before import = 0Number of asset objects unloaded after import = 8

========================================================================
Received Import Request.
  Time since last request: 0.000031 seconds.
  path: Assets/CorgiEngine/Common/Scripts/Agents/AI/Advanced/AIActionFaceTarget.cs
  artifactKey: Guid(b42cab65bb5781c4b96137a43fd29fc1) Importer(2089858483,192608db42251d675da83286b1cce702)
Start importing Assets/CorgiEngine/Common/Scripts/Agents/AI/Advanced/AIActionFaceTarget.cs using Guid(b42cab65bb5781c4b96137a43fd29fc1) Importer(2089858483,192608db42251d675da83286b1cce702) (ScriptedImporter) -> (artifact id: '74d7b55faa966a7a32d0a6f072801814') in 0.0194759 seconds
Number of updated asset objects reloaded before import = 0Number of asset objects unloaded after import = 0

========================================================================
Received Import Request.
  Time since last request: 0.000055 seconds.
  path: Assets/CorgiEngine/Demos/Retro/Tilemaps/RetroCave/RetroCave_38.asset
  artifactKey: Guid(d5d88b03f82757c7c1d62d3e688b702e) Importer(2089858483,192608db42251d675da83286b1cce702)
Start importing Assets/CorgiEngine/Demos/Retro/Tilemaps/RetroCave/RetroCave_38.asset using Guid(d5d88b03f82757c7c1d62d3e688b702e) Importer(2089858483,192608db42251d675da83286b1cce702) (ScriptedImporter) -> (artifact id: 'b0038b634ab403c21f546e15e93b5cf6') in 0.0260471 seconds
Number of updated asset objects reloaded before import = 0Number of asset objects unloaded after import = 2

========================================================================
Received Import Request.
  Time since last request: 0.000024 seconds.
  path: Assets/CorgiEngine/Demos/Retro/Tilemaps/RetroCave/RetroCave_11.asset
  artifactKey: Guid(30dfb241689e321625f8280186d149aa) Importer(2089858483,192608db42251d675da83286b1cce702)
Start importing Assets/CorgiEngine/Demos/Retro/Tilemaps/RetroCave/RetroCave_11.asset using Guid(30dfb241689e321625f8280186d149aa) Importer(2089858483,192608db42251d675da83286b1cce702) (ScriptedImporter) -> (artifact id: 'ca9889aa8981e03e8ba7c4734c8062be') in 0.0269783 seconds
Number of updated asset objects reloaded before import = 0Number of asset objects unloaded after import = 2

========================================================================
Received Import Request.
  Time since last request: 0.000024 seconds.
  path: Assets/CorgiEngine/Demos/Corgi2D/Prefabs/Environment/Lava/LavaPlatform5.prefab
  artifactKey: Guid(030016b1a472e3042b761fc0b275fa72) Importer(2089858483,192608db42251d675da83286b1cce702)
Start importing Assets/CorgiEngine/Demos/Corgi2D/Prefabs/Environment/Lava/LavaPlatform5.prefab using Guid(030016b1a472e3042b761fc0b275fa72) Importer(2089858483,192608db42251d675da83286b1cce702) (ScriptedImporter) -> (artifact id: 'c284968f82b0a407e24388350c7f2848') in 0.0581387 seconds
Number of updated asset objects reloaded before import = 0Number of asset objects unloaded after import = 8

========================================================================
Received Import Request.
  Time since last request: 0.000050 seconds.
  path: Assets/CorgiEngine/Demos/Corgi2D/Prefabs/Environment/Lava/LavaPlatform7.prefab
  artifactKey: Guid(bd904f35b2a04ca41a7406a076e8da28) Importer(2089858483,192608db42251d675da83286b1cce702)
Start importing Assets/CorgiEngine/Demos/Corgi2D/Prefabs/Environment/Lava/LavaPlatform7.prefab using Guid(bd904f35b2a04ca41a7406a076e8da28) Importer(2089858483,192608db42251d675da83286b1cce702) (ScriptedImporter) -> (artifact id: '49b733c96e62df6d81d1ca4214e78c94') in 0.0569504 seconds
Number of updated asset objects reloaded before import = 0Number of asset objects unloaded after import = 8

========================================================================
Received Import Request.
  Time since last request: 0.000045 seconds.
  path: Assets/CorgiEngine/Demos/Corgi2D/Prefabs/Environment/Lava/LavaPlatform3.prefab
  artifactKey: Guid(4f8d5b061e7db674a925706b040ab013) Importer(2089858483,192608db42251d675da83286b1cce702)
Start importing Assets/CorgiEngine/Demos/Corgi2D/Prefabs/Environment/Lava/LavaPlatform3.prefab using Guid(4f8d5b061e7db674a925706b040ab013) Importer(2089858483,192608db42251d675da83286b1cce702) (ScriptedImporter) -> (artifact id: '3877ac1f6125f3b112a469ca6aae3f16') in 0.0611971 seconds
Number of updated asset objects reloaded before import = 0Number of asset objects unloaded after import = 8

========================================================================
Received Import Request.
  Time since last request: 0.000034 seconds.
  path: Assets/CorgiEngine/Demos/Retro/Tilemaps/RetroCave/RetroCave_34.asset
  artifactKey: Guid(fd0cad901a6ac19b39230bbc06bbc70f) Importer(2089858483,192608db42251d675da83286b1cce702)
Start importing Assets/CorgiEngine/Demos/Retro/Tilemaps/RetroCave/RetroCave_34.asset using Guid(fd0cad901a6ac19b39230bbc06bbc70f) Importer(2089858483,192608db42251d675da83286b1cce702) (ScriptedImporter) -> (artifact id: '6ca87c8276248683737939a1a281141e') in 0.0379502 seconds
Number of updated asset objects reloaded before import = 0Number of asset objects unloaded after import = 2

========================================================================
Received Import Request.
  Time since last request: 0.000026 seconds.
  path: Assets/CorgiEngine/Demos/Retro/Tilemaps/RetroRocks/RetroRocks_37.asset
  artifactKey: Guid(e4c90188224521aa8d8058bb06b447b7) Importer(2089858483,192608db42251d675da83286b1cce702)
Start importing Assets/CorgiEngine/Demos/Retro/Tilemaps/RetroRocks/RetroRocks_37.asset using Guid(e4c90188224521aa8d8058bb06b447b7) Importer(2089858483,192608db42251d675da83286b1cce702) (ScriptedImporter) -> (artifact id: 'ec3bcd02ada7ac5caa8a689583be2b92') in 0.0311789 seconds
Number of updated asset objects reloaded before import = 0Number of asset objects unloaded after import = 2

========================================================================
Received Import Request.
  Time since last request: 0.000022 seconds.
  path: Assets/CorgiEngine/Demos/SuperHipsterBros/Prefabs/Environment/HipsterBrickFull.prefab
  artifactKey: Guid(799b0ac19134f0e48bc22efe05dbae02) Importer(2089858483,192608db42251d675da83286b1cce702)
Start importing Assets/CorgiEngine/Demos/SuperHipsterBros/Prefabs/Environment/HipsterBrickFull.prefab using Guid(799b0ac19134f0e48bc22efe05dbae02) Importer(2089858483,192608db42251d675da83286b1cce702) (ScriptedImporter) -> (artifact id: 'f87d2519519e9b914b9b2b9b265ae060') in 0.0360776 seconds
Number of updated asset objects reloaded before import = 0Number of asset objects unloaded after import = 8

========================================================================
Received Import Request.
  Time since last request: 0.000023 seconds.
  path: Assets/CorgiEngine/Demos/TheHunt/Models/Soldier/Materials/Mat.mat
  artifactKey: Guid(8c20a504ed848c4449de7c057f1bd3c1) Importer(2089858483,192608db42251d675da83286b1cce702)
Start importing Assets/CorgiEngine/Demos/TheHunt/Models/Soldier/Materials/Mat.mat using Guid(8c20a504ed848c4449de7c057f1bd3c1) Importer(2089858483,192608db42251d675da83286b1cce702) (ScriptedImporter) -> (artifact id: '770ec8010f6890b8f925154d3a87e2e2') in 0.0201308 seconds
Number of updated asset objects reloaded before import = 0Number of asset objects unloaded after import = 1

========================================================================
Received Import Request.
  Time since last request: 0.000017 seconds.
  path: Assets/CorgiEngine/ThirdParty/MoreMountains/MMFeedbacks/Editor/Springs/MMSpringVector2PropertyDrawer.cs
  artifactKey: Guid(8ce385a1b7b20b9489103d52d3105023) Importer(2089858483,192608db42251d675da83286b1cce702)
Start importing Assets/CorgiEngine/ThirdParty/MoreMountains/MMFeedbacks/Editor/Springs/MMSpringVector2PropertyDrawer.cs using Guid(8ce385a1b7b20b9489103d52d3105023) Importer(2089858483,192608db42251d675da83286b1cce702) (ScriptedImporter) -> (artifact id: 'ad013747c50164ca5f5213b25547e044') in 0.0246759 seconds
Number of updated asset objects reloaded before import = 0Number of asset objects unloaded after import = 0

========================================================================
Received Import Request.
  Time since last request: 0.000061 seconds.
  path: Assets/CorgiEngine/ThirdParty/MoreMountains/MMFeedbacks/MMFeedbacksForThirdParty/Cinemachine/MoreMountains.Feedbacks.Cinemachine.asmref
  artifactKey: Guid(afb2be2d186835148b46d3b0c4ae900d) Importer(2089858483,192608db42251d675da83286b1cce702)
Start importing Assets/CorgiEngine/ThirdParty/MoreMountains/MMFeedbacks/MMFeedbacksForThirdParty/Cinemachine/MoreMountains.Feedbacks.Cinemachine.asmref using Guid(afb2be2d186835148b46d3b0c4ae900d) Importer(2089858483,192608db42251d675da83286b1cce702) (ScriptedImporter) -> (artifact id: '0dc0176b5008d1d178606405f8a943c3') in 0.0306799 seconds
Number of updated asset objects reloaded before import = 0Number of asset objects unloaded after import = 1

========================================================================
Received Import Request.
  Time since last request: 0.000099 seconds.
  path: Assets/CorgiEngine/ThirdParty/MoreMountains/MMFeedbacks/MMFeedbacks/Feedbacks/MMF_TimescaleModifier.cs
  artifactKey: Guid(5de5c1aa74da1b742a5654a4e584f246) Importer(2089858483,192608db42251d675da83286b1cce702)
Start importing Assets/CorgiEngine/ThirdParty/MoreMountains/MMFeedbacks/MMFeedbacks/Feedbacks/MMF_TimescaleModifier.cs using Guid(5de5c1aa74da1b742a5654a4e584f246) Importer(2089858483,192608db42251d675da83286b1cce702) (ScriptedImporter) -> (artifact id: 'b75d85aa02f1a7bd6578894cf037cb52') in 0.0223867 seconds
Number of updated asset objects reloaded before import = 0Number of asset objects unloaded after import = 0

========================================================================
Received Import Request.
  Time since last request: 0.000049 seconds.
  path: Assets/CorgiEngine/Demos/Minimal/Prefabs/Weapons/Ammo/MinimalChargeWeaponBulletB.prefab
  artifactKey: Guid(3ef5c804b00a2ff4c9df6d89045a488f) Importer(2089858483,192608db42251d675da83286b1cce702)
Start importing Assets/CorgiEngine/Demos/Minimal/Prefabs/Weapons/Ammo/MinimalChargeWeaponBulletB.prefab using Guid(3ef5c804b00a2ff4c9df6d89045a488f) Importer(2089858483,192608db42251d675da83286b1cce702) (ScriptedImporter) -> (artifact id: '0af61225c0ae6e096c3493d60cc0a110') in 0.0640469 seconds
Number of updated asset objects reloaded before import = 0Number of asset objects unloaded after import = 33

========================================================================
Received Import Request.
  Time since last request: 0.000035 seconds.
  path: Assets/CorgiEngine/Demos/Corgi2D/Prefabs/Environment/Mountains/MtnPlatform16.prefab
  artifactKey: Guid(48d92dc1c41ce66469618abe7862262a) Importer(2089858483,192608db42251d675da83286b1cce702)
Start importing Assets/CorgiEngine/Demos/Corgi2D/Prefabs/Environment/Mountains/MtnPlatform16.prefab using Guid(48d92dc1c41ce66469618abe7862262a) Importer(2089858483,192608db42251d675da83286b1cce702) (ScriptedImporter) -> (artifact id: '55257e182714182b46117cb82bb91b47') in 0.0720898 seconds
Number of updated asset objects reloaded before import = 0Number of asset objects unloaded after import = 8

========================================================================
Received Import Request.
  Time since last request: 0.000042 seconds.
  path: Assets/CorgiEngine/Demos/Corgi2D/Prefabs/Environment/Mesa/Platform21.prefab
  artifactKey: Guid(7ac7631b02c80cd43875b17d99e38236) Importer(2089858483,192608db42251d675da83286b1cce702)
Start importing Assets/CorgiEngine/Demos/Corgi2D/Prefabs/Environment/Mesa/Platform21.prefab using Guid(7ac7631b02c80cd43875b17d99e38236) Importer(2089858483,192608db42251d675da83286b1cce702) (ScriptedImporter) -> (artifact id: 'c6bb096620b71673b7ebb52475926628') in 0.0485054 seconds
Number of updated asset objects reloaded before import = 0Number of asset objects unloaded after import = 8

========================================================================
Received Import Request.
  Time since last request: 0.000048 seconds.
  path: Assets/CorgiEngine/Demos/Corgi2D/Prefabs/Environment/Mesa/Platform23.prefab
  artifactKey: Guid(045ff3c353b208a4eb783ba9a8b13c30) Importer(2089858483,192608db42251d675da83286b1cce702)
Start importing Assets/CorgiEngine/Demos/Corgi2D/Prefabs/Environment/Mesa/Platform23.prefab using Guid(045ff3c353b208a4eb783ba9a8b13c30) Importer(2089858483,192608db42251d675da83286b1cce702) (ScriptedImporter) -> (artifact id: '0a01b4fe054a30d7e914ff6d66f831f7') in 0.051959 seconds
Number of updated asset objects reloaded before import = 0Number of asset objects unloaded after import = 8

========================================================================
Received Import Request.
  Time since last request: 0.000031 seconds.
  path: Assets/CorgiEngine/Demos/Retro/Prefabs/Weapons/Ammo/RetroBossBullet.prefab
  artifactKey: Guid(fcdb9a5c1173af44ea8958e55f93ca17) Importer(2089858483,192608db42251d675da83286b1cce702)
Start importing Assets/CorgiEngine/Demos/Retro/Prefabs/Weapons/Ammo/RetroBossBullet.prefab using Guid(fcdb9a5c1173af44ea8958e55f93ca17) Importer(2089858483,192608db42251d675da83286b1cce702) (ScriptedImporter) -> (artifact id: '8a88b589cb3da3bfdafb76994fd9b133') in 0.0679648 seconds
Number of updated asset objects reloaded before import = 0Number of asset objects unloaded after import = 28

========================================================================
Received Import Request.
  Time since last request: 0.000040 seconds.
  path: Assets/CorgiEngine/Demos/Corgi2D/Sprites/Environment/Mountains/mountains-foreground.png
  artifactKey: Guid(8c728b5873da6134b99342156fbaa8d5) Importer(2089858483,192608db42251d675da83286b1cce702)
Start importing Assets/CorgiEngine/Demos/Corgi2D/Sprites/Environment/Mountains/mountains-foreground.png using Guid(8c728b5873da6134b99342156fbaa8d5) Importer(2089858483,192608db42251d675da83286b1cce702) (ScriptedImporter) -> (artifact id: '6b38f8213aa8930cf64fb0e399f00c24') in 0.0794648 seconds
Number of updated asset objects reloaded before import = 0Number of asset objects unloaded after import = 9

========================================================================
Received Import Request.
  Time since last request: 0.000029 seconds.
  path: Assets/CorgiEngine/Demos/Corgi2D/Prefabs/Environment/Mountains/MtnPlatform8.prefab
  artifactKey: Guid(3b9852250406a5f48b4f14ade3f008bd) Importer(2089858483,192608db42251d675da83286b1cce702)
Start importing Assets/CorgiEngine/Demos/Corgi2D/Prefabs/Environment/Mountains/MtnPlatform8.prefab using Guid(3b9852250406a5f48b4f14ade3f008bd) Importer(2089858483,192608db42251d675da83286b1cce702) (ScriptedImporter) -> (artifact id: '5076002ade284a8ab098bb25bb1c0b7a') in 0.0619803 seconds
Number of updated asset objects reloaded before import = 0Number of asset objects unloaded after import = 8

========================================================================
Received Import Request.
  Time since last request: 0.000058 seconds.
  path: Assets/CorgiEngine/Demos/Corgi2D/Prefabs/Environment/Mountains/MtnPlatform24.prefab
  artifactKey: Guid(cc0bab42de03db94ca55bd899c84baef) Importer(2089858483,192608db42251d675da83286b1cce702)
Start importing Assets/CorgiEngine/Demos/Corgi2D/Prefabs/Environment/Mountains/MtnPlatform24.prefab using Guid(cc0bab42de03db94ca55bd899c84baef) Importer(2089858483,192608db42251d675da83286b1cce702) (ScriptedImporter) -> (artifact id: '1513cc57554ce3eaf224b52ca1cd6bf5') in 0.0572933 seconds
Number of updated asset objects reloaded before import = 0Number of asset objects unloaded after import = 8

========================================================================
Received Import Request.
  Time since last request: 0.000023 seconds.
  path: Assets/CorgiEngine/ThirdParty/MoreMountains/MMFeedbacks/MMFeedbacks/Feedbacks/MMF_Collider.cs
  artifactKey: Guid(eba8f600b11482740a9ae555e6cd1ea9) Importer(2089858483,192608db42251d675da83286b1cce702)
Start importing Assets/CorgiEngine/ThirdParty/MoreMountains/MMFeedbacks/MMFeedbacks/Feedbacks/MMF_Collider.cs using Guid(eba8f600b11482740a9ae555e6cd1ea9) Importer(2089858483,192608db42251d675da83286b1cce702) (ScriptedImporter) -> (artifact id: '55be177374099db42d02f092c6076b5d') in 0.0197172 seconds
Number of updated asset objects reloaded before import = 0Number of asset objects unloaded after import = 0

========================================================================
Received Import Request.
  Time since last request: 0.000061 seconds.
  path: Assets/CorgiEngine/ThirdParty/MoreMountains/MMFeedbacks/MMFeedbacks/Core/MMFeedbackTargetAcquisition.cs
  artifactKey: Guid(a40118e4d239fe146bb900366085611f) Importer(2089858483,192608db42251d675da83286b1cce702)
Start importing Assets/CorgiEngine/ThirdParty/MoreMountains/MMFeedbacks/MMFeedbacks/Core/MMFeedbackTargetAcquisition.cs using Guid(a40118e4d239fe146bb900366085611f) Importer(2089858483,192608db42251d675da83286b1cce702) (ScriptedImporter) -> (artifact id: '6ac35add5e4884b54d77e508a192680f') in 0.0273318 seconds
Number of updated asset objects reloaded before import = 0Number of asset objects unloaded after import = 0

========================================================================
Received Import Request.
  Time since last request: 0.000127 seconds.
  path: Assets/CorgiEngine/Demos/Corgi2D/Prefabs/Environment/Props/GateToNextLevelButtonActivated.prefab
  artifactKey: Guid(82842d1d0876e0347885d171ae9fa0d0) Importer(2089858483,192608db42251d675da83286b1cce702)
Start importing Assets/CorgiEngine/Demos/Corgi2D/Prefabs/Environment/Props/GateToNextLevelButtonActivated.prefab using Guid(82842d1d0876e0347885d171ae9fa0d0) Importer(2089858483,192608db42251d675da83286b1cce702) (ScriptedImporter) -> (artifact id: 'eae8a7150c9dcc898063a91ec1fb8b86') in 0.0592106 seconds
Number of updated asset objects reloaded before import = 0Number of asset objects unloaded after import = 11

========================================================================
Received Import Request.
  Time since last request: 0.000076 seconds.
  path: Assets/CorgiEngine/Demos/Corgi2D/Prefabs/Environment/Mesa/Platform22.prefab
  artifactKey: Guid(04e6c1b480a4a884eb9ae95231761b83) Importer(2089858483,192608db42251d675da83286b1cce702)
Start importing Assets/CorgiEngine/Demos/Corgi2D/Prefabs/Environment/Mesa/Platform22.prefab using Guid(04e6c1b480a4a884eb9ae95231761b83) Importer(2089858483,192608db42251d675da83286b1cce702) (ScriptedImporter) -> (artifact id: 'ca860df757ad702070d0e46baaf61edc') in 0.0485035 seconds
Number of updated asset objects reloaded before import = 0Number of asset objects unloaded after import = 8

========================================================================
Received Import Request.
  Time since last request: 0.000072 seconds.
  path: Assets/CorgiEngine/ThirdParty/MoreMountains/MMInterface/Common/Shaders/GreyScale.shader
  artifactKey: Guid(210d3211cf8a2e746969e96a75a541b0) Importer(2089858483,192608db42251d675da83286b1cce702)
Start importing Assets/CorgiEngine/ThirdParty/MoreMountains/MMInterface/Common/Shaders/GreyScale.shader using Guid(210d3211cf8a2e746969e96a75a541b0) Importer(2089858483,192608db42251d675da83286b1cce702) (ScriptedImporter) -> (artifact id: '23f26576327bd480540f4a8ab79e73e6') in 0.0279691 seconds
Number of updated asset objects reloaded before import = 0Number of asset objects unloaded after import = 1

========================================================================
Received Import Request.
  Time since last request: 0.000036 seconds.
  path: Assets/CorgiEngine/ThirdParty/MoreMountains/InventoryEngine/Demos/PixelRogue/Minimal2.unity
  artifactKey: Guid(77c11560aca2ca24595389a0ea78a11a) Importer(2089858483,192608db42251d675da83286b1cce702)
Start importing Assets/CorgiEngine/ThirdParty/MoreMountains/InventoryEngine/Demos/PixelRogue/Minimal2.unity using Guid(77c11560aca2ca24595389a0ea78a11a) Importer(2089858483,192608db42251d675da83286b1cce702) (ScriptedImporter) -> (artifact id: '808f90738468bbbb76752182f26e038c') in 0.0245634 seconds
Number of updated asset objects reloaded before import = 0Number of asset objects unloaded after import = 1

========================================================================
Received Import Request.
  Time since last request: 0.000025 seconds.
  path: Assets/CorgiEngine/ThirdParty/MoreMountains/InventoryEngine/InventoryEngine/Scripts/MoreMountains.InventoryEngine.asmdef
  artifactKey: Guid(8a258d69670d9a54d943dd0e57ffea8a) Importer(2089858483,192608db42251d675da83286b1cce702)
Start importing Assets/CorgiEngine/ThirdParty/MoreMountains/InventoryEngine/InventoryEngine/Scripts/MoreMountains.InventoryEngine.asmdef using Guid(8a258d69670d9a54d943dd0e57ffea8a) Importer(2089858483,192608db42251d675da83286b1cce702) (ScriptedImporter) -> (artifact id: 'e8528ec84c9e9698f8a14e64e4864068') in 0.0389433 seconds
Number of updated asset objects reloaded before import = 0Number of asset objects unloaded after import = 1

========================================================================
Received Import Request.
  Time since last request: 0.000083 seconds.
  path: Assets/CorgiEngine/ThirdParty/MoreMountains/MMFeedbacks/MMFeedbacks/Feedbacks/MMF_Feedbacks.cs
  artifactKey: Guid(f665ed98106607d4a8be79b240b4a801) Importer(2089858483,192608db42251d675da83286b1cce702)
Start importing Assets/CorgiEngine/ThirdParty/MoreMountains/MMFeedbacks/MMFeedbacks/Feedbacks/MMF_Feedbacks.cs using Guid(f665ed98106607d4a8be79b240b4a801) Importer(2089858483,192608db42251d675da83286b1cce702) (ScriptedImporter) -> (artifact id: '27e8e0bb07660d3a779111e98f7a4ae1') in 0.0188997 seconds
Number of updated asset objects reloaded before import = 0Number of asset objects unloaded after import = 0

========================================================================
Received Import Request.
  Time since last request: 0.000098 seconds.
  path: Assets/CorgiEngine/Demos/Corgi2D/Prefabs/Environment/Mountains/MtnPlatform9.prefab
  artifactKey: Guid(3cd83bbe7fcd4f04cab0e93922aa9f8d) Importer(2089858483,192608db42251d675da83286b1cce702)
Start importing Assets/CorgiEngine/Demos/Corgi2D/Prefabs/Environment/Mountains/MtnPlatform9.prefab using Guid(3cd83bbe7fcd4f04cab0e93922aa9f8d) Importer(2089858483,192608db42251d675da83286b1cce702) (ScriptedImporter) -> (artifact id: '137ff98a3d221885ab9abe1f0315d244') in 0.0601416 seconds
Number of updated asset objects reloaded before import = 0Number of asset objects unloaded after import = 8

========================================================================
Received Import Request.
  Time since last request: 0.000024 seconds.
  path: Assets/CorgiEngine/ThirdParty/MoreMountains/MMFeedbacks/MMFeedbacks/Feedbacks/MMF_AudioFilterDistortion.cs
  artifactKey: Guid(8d956ba1792f2034a94f45a349064ba1) Importer(2089858483,192608db42251d675da83286b1cce702)
Start importing Assets/CorgiEngine/ThirdParty/MoreMountains/MMFeedbacks/MMFeedbacks/Feedbacks/MMF_AudioFilterDistortion.cs using Guid(8d956ba1792f2034a94f45a349064ba1) Importer(2089858483,192608db42251d675da83286b1cce702) (ScriptedImporter) -> (artifact id: '23d17dd2f99cede602d3c8b987a27ce9') in 0.0207321 seconds
Number of updated asset objects reloaded before import = 0Number of asset objects unloaded after import = 0

========================================================================
Received Import Request.
  Time since last request: 0.000125 seconds.
  path: Assets/CorgiEngine/ThirdParty/MoreMountains/InventoryEngine/InventoryEngine/Fonts/pixel.ttf
  artifactKey: Guid(59e3f46809760144e8197c1e9e946f29) Importer(2089858483,192608db42251d675da83286b1cce702)
Start importing Assets/CorgiEngine/ThirdParty/MoreMountains/InventoryEngine/InventoryEngine/Fonts/pixel.ttf using Guid(59e3f46809760144e8197c1e9e946f29) Importer(2089858483,192608db42251d675da83286b1cce702) (ScriptedImporter) -> (artifact id: '8f88a633a7e7d71944c3efc961e5342e') in 0.0321932 seconds
Number of updated asset objects reloaded before import = 0Number of asset objects unloaded after import = 3

========================================================================
Received Import Request.
  Time since last request: 0.000028 seconds.
  path: Assets/CorgiEngine/Demos/Retro/Sprites/RetroEnemies/Materials/RetroSpacemanIdle.mat
  artifactKey: Guid(863114a49976b4299af92c5953317662) Importer(2089858483,192608db42251d675da83286b1cce702)
Start importing Assets/CorgiEngine/Demos/Retro/Sprites/RetroEnemies/Materials/RetroSpacemanIdle.mat using Guid(863114a49976b4299af92c5953317662) Importer(2089858483,192608db42251d675da83286b1cce702) (ScriptedImporter) -> (artifact id: '29a32c715cfc4740c689fb3be2a3780c') in 0.0269635 seconds
Number of updated asset objects reloaded before import = 0Number of asset objects unloaded after import = 2

========================================================================
Received Import Request.
  Time since last request: 0.000033 seconds.
  path: Assets/CorgiEngine/Demos/Corgi2D/Sprites/Environment/Props/one-way-platform.png
  artifactKey: Guid(b2a789f8557d8d74da4cb19d62ea3008) Importer(2089858483,192608db42251d675da83286b1cce702)
Start importing Assets/CorgiEngine/Demos/Corgi2D/Sprites/Environment/Props/one-way-platform.png using Guid(b2a789f8557d8d74da4cb19d62ea3008) Importer(2089858483,192608db42251d675da83286b1cce702) (ScriptedImporter) -> (artifact id: '283f960d593ec6505404373eeaf21c71') in 0.0485454 seconds
Number of updated asset objects reloaded before import = 0Number of asset objects unloaded after import = 3

========================================================================
Received Import Request.
  Time since last request: 0.000037 seconds.
  path: Assets/CorgiEngine/ThirdParty/MoreMountains/MMFeedbacks/MMFeedbacks/Feedbacks/MMF_FreezeFrame.cs
  artifactKey: Guid(623d70b4da82bca44ba2a5afde9d09a2) Importer(2089858483,192608db42251d675da83286b1cce702)
Start importing Assets/CorgiEngine/ThirdParty/MoreMountains/MMFeedbacks/MMFeedbacks/Feedbacks/MMF_FreezeFrame.cs using Guid(623d70b4da82bca44ba2a5afde9d09a2) Importer(2089858483,192608db42251d675da83286b1cce702) (ScriptedImporter) -> (artifact id: 'c71a63b9d7aa92669fde541b8b523503') in 0.02661 seconds
Number of updated asset objects reloaded before import = 0Number of asset objects unloaded after import = 0

========================================================================
Received Import Request.
  Time since last request: 0.000099 seconds.
  path: Assets/CorgiEngine/Demos/Corgi2D/Prefabs/Environment/Trees/Grass7.prefab
  artifactKey: Guid(22d5272c0c9c92d4c928a724bf02711a) Importer(2089858483,192608db42251d675da83286b1cce702)
Start importing Assets/CorgiEngine/Demos/Corgi2D/Prefabs/Environment/Trees/Grass7.prefab using Guid(22d5272c0c9c92d4c928a724bf02711a) Importer(2089858483,192608db42251d675da83286b1cce702) (ScriptedImporter) -> (artifact id: 'a2e063c180401fd6d32634544a7f0faf') in 0.0391261 seconds
Number of updated asset objects reloaded before import = 0Number of asset objects unloaded after import = 8

========================================================================
Received Import Request.
  Time since last request: 0.000029 seconds.
  path: Assets/CorgiEngine/Demos/Corgi2D/Sprites/Environment/Props/water.png
  artifactKey: Guid(910197f69274f4d28a69e96b419d6fcc) Importer(2089858483,192608db42251d675da83286b1cce702)
Start importing Assets/CorgiEngine/Demos/Corgi2D/Sprites/Environment/Props/water.png using Guid(910197f69274f4d28a69e96b419d6fcc) Importer(2089858483,192608db42251d675da83286b1cce702) (ScriptedImporter) -> (artifact id: '81769b28bf75cf2d6eeab9e0bfc7517b') in 0.0486913 seconds
Number of updated asset objects reloaded before import = 0Number of asset objects unloaded after import = 3

========================================================================
Received Import Request.
  Time since last request: 0.000028 seconds.
  path: Assets/CorgiEngine/ThirdParty/MoreMountains/MMFeedbacks/MMFeedbacks/Shakers/MMCameraFieldOfViewShaker.cs
  artifactKey: Guid(d1b8594b6c8c7fe478fab3b86d0b62db) Importer(2089858483,192608db42251d675da83286b1cce702)
Start importing Assets/CorgiEngine/ThirdParty/MoreMountains/MMFeedbacks/MMFeedbacks/Shakers/MMCameraFieldOfViewShaker.cs using Guid(d1b8594b6c8c7fe478fab3b86d0b62db) Importer(2089858483,192608db42251d675da83286b1cce702) (ScriptedImporter) -> (artifact id: '8d82c9c7ba00cf7fe7ed8b05a528aa58') in 0.022132 seconds
Number of updated asset objects reloaded before import = 0Number of asset objects unloaded after import = 0

========================================================================
Received Import Request.
  Time since last request: 0.000129 seconds.
  path: Assets/CorgiEngine/Demos/Corgi3D/Models/Enemies/Materials/defaultMat.mat
  artifactKey: Guid(85bb80bc83af6894d955c00558f6a544) Importer(2089858483,192608db42251d675da83286b1cce702)
Start importing Assets/CorgiEngine/Demos/Corgi3D/Models/Enemies/Materials/defaultMat.mat using Guid(85bb80bc83af6894d955c00558f6a544) Importer(2089858483,192608db42251d675da83286b1cce702) (ScriptedImporter) -> (artifact id: '1e944ff053cc175f21ddf919de95e409') in 0.0240168 seconds
Number of updated asset objects reloaded before import = 0Number of asset objects unloaded after import = 1

========================================================================
Received Import Request.
  Time since last request: 0.000067 seconds.
  path: Assets/CorgiEngine/ThirdParty/MoreMountains/MMFeedbacks/MMFeedbacksForThirdParty/NiceVibrations/MoreMountains.Feedbacks.NiceVibrations.asmref
  artifactKey: Guid(c05f8d9b1617d624cba54512d0bda394) Importer(2089858483,192608db42251d675da83286b1cce702)
Start importing Assets/CorgiEngine/ThirdParty/MoreMountains/MMFeedbacks/MMFeedbacksForThirdParty/NiceVibrations/MoreMountains.Feedbacks.NiceVibrations.asmref using Guid(c05f8d9b1617d624cba54512d0bda394) Importer(2089858483,192608db42251d675da83286b1cce702) (ScriptedImporter) -> (artifact id: '908a9ec9c428e65ba5204a91d8b2a528') in 0.0380751 seconds
Number of updated asset objects reloaded before import = 0Number of asset objects unloaded after import = 1

========================================================================
Received Import Request.
  Time since last request: 0.000039 seconds.
  path: Assets/CorgiEngine/Demos/Corgi3D/Models/Old/Materials/defaultMat.mat
  artifactKey: Guid(a5e4e00c106d6404f8d9caa5f378e892) Importer(2089858483,192608db42251d675da83286b1cce702)
Start importing Assets/CorgiEngine/Demos/Corgi3D/Models/Old/Materials/defaultMat.mat using Guid(a5e4e00c106d6404f8d9caa5f378e892) Importer(2089858483,192608db42251d675da83286b1cce702) (ScriptedImporter) -> (artifact id: '22cfe8efa71b07ff183d1dd97ff1859b') in 0.0229208 seconds
Number of updated asset objects reloaded before import = 0Number of asset objects unloaded after import = 1

========================================================================
Received Import Request.
  Time since last request: 0.000108 seconds.
  path: Assets/CorgiEngine/Demos/Corgi2D/Prefabs/Environment/Mountains/MtnPlatform15.prefab
  artifactKey: Guid(0bf67b0e7f6ce804ca790113e68626bc) Importer(2089858483,192608db42251d675da83286b1cce702)
Start importing Assets/CorgiEngine/Demos/Corgi2D/Prefabs/Environment/Mountains/MtnPlatform15.prefab using Guid(0bf67b0e7f6ce804ca790113e68626bc) Importer(2089858483,192608db42251d675da83286b1cce702) (ScriptedImporter) -> (artifact id: 'eedaafdd8fd0e483497cb8006f3a0c18') in 0.0573816 seconds
Number of updated asset objects reloaded before import = 0Number of asset objects unloaded after import = 8

========================================================================
Received Import Request.
  Time since last request: 0.000035 seconds.
  path: Assets/CorgiEngine/ThirdParty/MoreMountains/MMFeedbacks/MMFeedbacks/Feedbacks/MMF_ReferenceHolder.cs
  artifactKey: Guid(c1ff13de90405b44ca56efcdfea7be6f) Importer(2089858483,192608db42251d675da83286b1cce702)
Start importing Assets/CorgiEngine/ThirdParty/MoreMountains/MMFeedbacks/MMFeedbacks/Feedbacks/MMF_ReferenceHolder.cs using Guid(c1ff13de90405b44ca56efcdfea7be6f) Importer(2089858483,192608db42251d675da83286b1cce702) (ScriptedImporter) -> (artifact id: '4a8d6ad8648330612fc4254648842e68') in 0.0269073 seconds
Number of updated asset objects reloaded before import = 0Number of asset objects unloaded after import = 0

========================================================================
Received Import Request.
  Time since last request: 0.000034 seconds.
  path: Assets/CorgiEngine/ThirdParty/MoreMountains/MMFeedbacks/MMFeedbacks/Feedbacks/MMF_AudioSource.cs
  artifactKey: Guid(9d6b34f746558214f8be920b214b567e) Importer(2089858483,192608db42251d675da83286b1cce702)
Start importing Assets/CorgiEngine/ThirdParty/MoreMountains/MMFeedbacks/MMFeedbacks/Feedbacks/MMF_AudioSource.cs using Guid(9d6b34f746558214f8be920b214b567e) Importer(2089858483,192608db42251d675da83286b1cce702) (ScriptedImporter) -> (artifact id: '03e9f262eee71a64ecae605b12f24ad7') in 0.0227702 seconds
Number of updated asset objects reloaded before import = 0Number of asset objects unloaded after import = 0

========================================================================
Received Import Request.
  Time since last request: 0.000088 seconds.
  path: Assets/CorgiEngine/Demos/Corgi2D/Sprites/Environment/Blocks/rock.controller
  artifactKey: Guid(2fa9296cc069c484b9e5a5929caa0dc1) Importer(2089858483,192608db42251d675da83286b1cce702)
Start importing Assets/CorgiEngine/Demos/Corgi2D/Sprites/Environment/Blocks/rock.controller using Guid(2fa9296cc069c484b9e5a5929caa0dc1) Importer(2089858483,192608db42251d675da83286b1cce702) (ScriptedImporter) -> (artifact id: '45813d65c511f27a3b4156999b649295') in 0.0259701 seconds
Number of updated asset objects reloaded before import = 0Number of asset objects unloaded after import = 8

========================================================================
Received Import Request.
  Time since last request: 0.000025 seconds.
  path: Assets/CorgiEngine/Demos/Corgi2D/Sprites/Environment/Mesa/mesa-background-4.png
  artifactKey: Guid(b5ccc890b73f72745945ee41b0e88995) Importer(2089858483,192608db42251d675da83286b1cce702)
Start importing Assets/CorgiEngine/Demos/Corgi2D/Sprites/Environment/Mesa/mesa-background-4.png using Guid(b5ccc890b73f72745945ee41b0e88995) Importer(2089858483,192608db42251d675da83286b1cce702) (ScriptedImporter) -> (artifact id: '64cb9102b349dfc26f47bcc255b7972e') in 0.049649 seconds
Number of updated asset objects reloaded before import = 0Number of asset objects unloaded after import = 3

========================================================================
Received Import Request.
  Time since last request: 0.000025 seconds.
  path: Assets/CorgiEngine/Demos/Minimal/Prefabs/ItemPickers/WeaponWithAmmoPickers/InventoryRocketLauncherPicker.prefab
  artifactKey: Guid(49d4c070e8b68be47ac21cc26f39a84c) Importer(2089858483,192608db42251d675da83286b1cce702)
Start importing Assets/CorgiEngine/Demos/Minimal/Prefabs/ItemPickers/WeaponWithAmmoPickers/InventoryRocketLauncherPicker.prefab using Guid(49d4c070e8b68be47ac21cc26f39a84c) Importer(2089858483,192608db42251d675da83286b1cce702) (ScriptedImporter) -> (artifact id: 'd3cf299e405e40bba7cbf592670ffbe1') in 0.0787031 seconds
Number of updated asset objects reloaded before import = 0Number of asset objects unloaded after import = 96

========================================================================
Received Import Request.
  Time since last request: 0.000040 seconds.
  path: Assets/CorgiEngine/ThirdParty/MoreMountains/MMFeedbacks/MMFeedbacks/Feedbacks/MMF_SpriteRenderer.cs
  artifactKey: Guid(f9722bddba2de794aa1baf2d5fa37d5e) Importer(2089858483,192608db42251d675da83286b1cce702)
Start importing Assets/CorgiEngine/ThirdParty/MoreMountains/MMFeedbacks/MMFeedbacks/Feedbacks/MMF_SpriteRenderer.cs using Guid(f9722bddba2de794aa1baf2d5fa37d5e) Importer(2089858483,192608db42251d675da83286b1cce702) (ScriptedImporter) -> (artifact id: '8f37251f2b8ccb1a0db27eafbde655b9') in 0.0252946 seconds
Number of updated asset objects reloaded before import = 0Number of asset objects unloaded after import = 0

========================================================================
Received Import Request.
  Time since last request: 0.000165 seconds.
  path: Assets/CorgiEngine/ThirdParty/MoreMountains/MMInterface/Common/Scripts/MMSwitch.cs
  artifactKey: Guid(b1fea978fb80a3f4eac708a2c1049616) Importer(2089858483,192608db42251d675da83286b1cce702)
Start importing Assets/CorgiEngine/ThirdParty/MoreMountains/MMInterface/Common/Scripts/MMSwitch.cs using Guid(b1fea978fb80a3f4eac708a2c1049616) Importer(2089858483,192608db42251d675da83286b1cce702) (ScriptedImporter) -> (artifact id: '243ccafb67d8aaf81ab9301ce72d9656') in 0.0209843 seconds
Number of updated asset objects reloaded before import = 0Number of asset objects unloaded after import = 0

========================================================================
Received Import Request.
  Time since last request: 0.000110 seconds.
  path: Assets/CorgiEngine/Demos/Corgi2D/Prefabs/Environment/Trees/Grass3.prefab
  artifactKey: Guid(c299214bba145be4a87fe9d4830f5a7c) Importer(2089858483,192608db42251d675da83286b1cce702)
Start importing Assets/CorgiEngine/Demos/Corgi2D/Prefabs/Environment/Trees/Grass3.prefab using Guid(c299214bba145be4a87fe9d4830f5a7c) Importer(2089858483,192608db42251d675da83286b1cce702) (ScriptedImporter) -> (artifact id: 'de84900f57b917fd8b090ad0c5637d08') in 0.0397066 seconds
Number of updated asset objects reloaded before import = 0Number of asset objects unloaded after import = 8

========================================================================
Received Import Request.
  Time since last request: 0.000025 seconds.
  path: Assets/CorgiEngine/ThirdParty/MoreMountains/MMInterface/Common/Sounds/Ding.wav
  artifactKey: Guid(eabf35d0f912b674fb1bbeac1556a05d) Importer(2089858483,192608db42251d675da83286b1cce702)
Start importing Assets/CorgiEngine/ThirdParty/MoreMountains/MMInterface/Common/Sounds/Ding.wav using Guid(eabf35d0f912b674fb1bbeac1556a05d) Importer(2089858483,192608db42251d675da83286b1cce702) (ScriptedImporter) -> (artifact id: '7a9fd02858e79ccc2c88685cc2867327') in 0.1021922 seconds
Number of updated asset objects reloaded before import = 0Number of asset objects unloaded after import = 1

========================================================================
Received Import Request.
  Time since last request: 0.000024 seconds.
  path: Assets/CorgiEngine/ThirdParty/MoreMountains/MMFeedbacks/MMFeedbacks/Feedbacks/MMF_AudioFilterHighPass.cs
  artifactKey: Guid(d1398e413230465419066aaaf13ffe1c) Importer(2089858483,192608db42251d675da83286b1cce702)
Start importing Assets/CorgiEngine/ThirdParty/MoreMountains/MMFeedbacks/MMFeedbacks/Feedbacks/MMF_AudioFilterHighPass.cs using Guid(d1398e413230465419066aaaf13ffe1c) Importer(2089858483,192608db42251d675da83286b1cce702) (ScriptedImporter) -> (artifact id: 'fbde02144a1d7ca9a3c033e443e51fc1') in 0.0224745 seconds
Number of updated asset objects reloaded before import = 0Number of asset objects unloaded after import = 0

========================================================================
Received Import Request.
  Time since last request: 0.000191 seconds.
  path: Assets/CorgiEngine/Demos/Corgi2D/Prefabs/Environment/Trees/Grass4.prefab
  artifactKey: Guid(2b2ee7bf5f087e248b8abdd08b3ebb10) Importer(2089858483,192608db42251d675da83286b1cce702)
Start importing Assets/CorgiEngine/Demos/Corgi2D/Prefabs/Environment/Trees/Grass4.prefab using Guid(2b2ee7bf5f087e248b8abdd08b3ebb10) Importer(2089858483,192608db42251d675da83286b1cce702) (ScriptedImporter) -> (artifact id: '32215b53f001d5edd248a9ba15714ac8') in 0.0406703 seconds
Number of updated asset objects reloaded before import = 0Number of asset objects unloaded after import = 8

========================================================================
Received Import Request.
  Time since last request: 0.000030 seconds.
  path: Assets/CorgiEngine/ThirdParty/MoreMountains/MMFeedbacks/MMFeedbacks/Feedbacks/MMF_AudioSourceStereoPan.cs
  artifactKey: Guid(a1d30844a1ef58b4f8e34a359c02ccd7) Importer(2089858483,192608db42251d675da83286b1cce702)
Start importing Assets/CorgiEngine/ThirdParty/MoreMountains/MMFeedbacks/MMFeedbacks/Feedbacks/MMF_AudioSourceStereoPan.cs using Guid(a1d30844a1ef58b4f8e34a359c02ccd7) Importer(2089858483,192608db42251d675da83286b1cce702) (ScriptedImporter) -> (artifact id: 'a38feda0d357b4951e1ff1365aff0c75') in 0.0224437 seconds
Number of updated asset objects reloaded before import = 0Number of asset objects unloaded after import = 0

========================================================================
Received Import Request.
  Time since last request: 0.000024 seconds.
  path: Assets/CorgiEngine/ThirdParty/MoreMountains/MMFeedbacks/MMFeedbacks/Feedbacks/MMF_Events.cs
  artifactKey: Guid(931b39b62e090af46bb775a436d4cb0e) Importer(2089858483,192608db42251d675da83286b1cce702)
Start importing Assets/CorgiEngine/ThirdParty/MoreMountains/MMFeedbacks/MMFeedbacks/Feedbacks/MMF_Events.cs using Guid(931b39b62e090af46bb775a436d4cb0e) Importer(2089858483,192608db42251d675da83286b1cce702) (ScriptedImporter) -> (artifact id: '3e6faf2a960925444b8d5257a891f322') in 0.0212725 seconds
Number of updated asset objects reloaded before import = 0Number of asset objects unloaded after import = 0

========================================================================
Received Import Request.
  Time since last request: 0.000114 seconds.
  path: Assets/CorgiEngine/Demos/Minimal/Prefabs/Weapons/Ammo/ShotgunBullet.prefab
  artifactKey: Guid(1ef5996f5240cbe4bbcba754ba58f0dd) Importer(2089858483,192608db42251d675da83286b1cce702)
Start importing Assets/CorgiEngine/Demos/Minimal/Prefabs/Weapons/Ammo/ShotgunBullet.prefab using Guid(1ef5996f5240cbe4bbcba754ba58f0dd) Importer(2089858483,192608db42251d675da83286b1cce702) (ScriptedImporter) -> (artifact id: '59f1265b1cda5b56fd7ffac2dd6a3051') in 0.0803498 seconds
Number of updated asset objects reloaded before import = 0Number of asset objects unloaded after import = 37

========================================================================
Received Import Request.
  Time since last request: 0.000032 seconds.
  path: Assets/CorgiEngine/ThirdParty/MoreMountains/MMFeedbacks/MMFeedbacks/Feedbacks/MMF_ImageTextureScale.cs
  artifactKey: Guid(c6012357a5b6f714ca471d66b44e12b6) Importer(2089858483,192608db42251d675da83286b1cce702)
Start importing Assets/CorgiEngine/ThirdParty/MoreMountains/MMFeedbacks/MMFeedbacks/Feedbacks/MMF_ImageTextureScale.cs using Guid(c6012357a5b6f714ca471d66b44e12b6) Importer(2089858483,192608db42251d675da83286b1cce702) (ScriptedImporter) -> (artifact id: '16a881ed70d490fd711c6b631ab24cb6') in 0.0265801 seconds
Number of updated asset objects reloaded before import = 0Number of asset objects unloaded after import = 0

========================================================================
Received Import Request.
  Time since last request: 0.000084 seconds.
  path: Assets/CorgiEngine/ThirdParty/MoreMountains/MMFeedbacks/MMFeedbacks/Feedbacks/MMF_ShaderGlobal.cs
  artifactKey: Guid(2be5777d688f22c4c90502e72d32cf60) Importer(2089858483,192608db42251d675da83286b1cce702)
Start importing Assets/CorgiEngine/ThirdParty/MoreMountains/MMFeedbacks/MMFeedbacks/Feedbacks/MMF_ShaderGlobal.cs using Guid(2be5777d688f22c4c90502e72d32cf60) Importer(2089858483,192608db42251d675da83286b1cce702) (ScriptedImporter) -> (artifact id: '477465ca45af206b0090f0e0308b56fd') in 0.0227275 seconds
Number of updated asset objects reloaded before import = 0Number of asset objects unloaded after import = 0

========================================================================
Received Import Request.
  Time since last request: 0.000118 seconds.
  path: Assets/CorgiEngine/Demos/Corgi2D/Spine/SpaceCorgi/Baked/SpineSpaceCorgiAnimator.controller
  artifactKey: Guid(9f693fa930bb2004bb7fa7778ca4db2f) Importer(2089858483,192608db42251d675da83286b1cce702)
Start importing Assets/CorgiEngine/Demos/Corgi2D/Spine/SpaceCorgi/Baked/SpineSpaceCorgiAnimator.controller using Guid(9f693fa930bb2004bb7fa7778ca4db2f) Importer(2089858483,192608db42251d675da83286b1cce702) (ScriptedImporter) -> (artifact id: '29fdc894360afbd70c51d26d20186e97') in 0.2225543 seconds
Number of updated asset objects reloaded before import = 0Number of asset objects unloaded after import = 72

========================================================================
Received Import Request.
  Time since last request: 0.000030 seconds.
  path: Assets/CorgiEngine/Demos/Corgi2D/Sprites/Environment/Mesa/bg-background-mountain-3-green.png
  artifactKey: Guid(4a801198bc212644b96d654c01d52c28) Importer(2089858483,192608db42251d675da83286b1cce702)
Start importing Assets/CorgiEngine/Demos/Corgi2D/Sprites/Environment/Mesa/bg-background-mountain-3-green.png using Guid(4a801198bc212644b96d654c01d52c28) Importer(2089858483,192608db42251d675da83286b1cce702) (ScriptedImporter) -> (artifact id: 'f342cdb06a87cdb51fa6b0878846bb44') in 0.070868 seconds
Number of updated asset objects reloaded before import = 0Number of asset objects unloaded after import = 3

========================================================================
Received Import Request.
  Time since last request: 0.000041 seconds.
  path: Assets/CorgiEngine/Demos/Minimal/Prefabs/Weapons/RegularWeapons/MinimalSword.prefab
  artifactKey: Guid(a47edfe3feade4444b8060e34cb083f5) Importer(2089858483,192608db42251d675da83286b1cce702)
Start importing Assets/CorgiEngine/Demos/Minimal/Prefabs/Weapons/RegularWeapons/MinimalSword.prefab using Guid(a47edfe3feade4444b8060e34cb083f5) Importer(2089858483,192608db42251d675da83286b1cce702) (ScriptedImporter) -> (artifact id: '72f20401f5e0a0d132dba276501eb320') in 0.1021195 seconds
Number of updated asset objects reloaded before import = 0Number of asset objects unloaded after import = 14

========================================================================
Received Import Request.
  Time since last request: 0.000042 seconds.
  path: Assets/CorgiEngine/ThirdParty/MoreMountains/MMFeedbacks/MMFeedbacks/Feedbacks/MMF_SetActive.cs
  artifactKey: Guid(99dee6f19eeff614d8e1497cb5a83677) Importer(2089858483,192608db42251d675da83286b1cce702)
Start importing Assets/CorgiEngine/ThirdParty/MoreMountains/MMFeedbacks/MMFeedbacks/Feedbacks/MMF_SetActive.cs using Guid(99dee6f19eeff614d8e1497cb5a83677) Importer(2089858483,192608db42251d675da83286b1cce702) (ScriptedImporter) -> (artifact id: '66a5232f9708015cdc407fc2e08be5bc') in 0.0222648 seconds
Number of updated asset objects reloaded before import = 0Number of asset objects unloaded after import = 0

========================================================================
Received Import Request.
  Time since last request: 0.000041 seconds.
  path: Assets/CorgiEngine/ThirdParty/MoreMountains/MMInterface/Styles/Mini/2-StyleguideButtons.unity
  artifactKey: Guid(de77af6972b276946bc69e387fc8d713) Importer(2089858483,192608db42251d675da83286b1cce702)
Start importing Assets/CorgiEngine/ThirdParty/MoreMountains/MMInterface/Styles/Mini/2-StyleguideButtons.unity using Guid(de77af6972b276946bc69e387fc8d713) Importer(2089858483,192608db42251d675da83286b1cce702) (ScriptedImporter) -> (artifact id: '50a1d5b71b36ebd40db842c18d73665c') in 0.0341485 seconds
Number of updated asset objects reloaded before import = 0Number of asset objects unloaded after import = 1

========================================================================
Received Import Request.
  Time since last request: 0.000019 seconds.
  path: Assets/CorgiEngine/ThirdParty/MoreMountains/MMTools/Core/MMHelpers/MMColors.cs
  artifactKey: Guid(d9fae8d45e562f342ad2e7ecc03196cc) Importer(2089858483,192608db42251d675da83286b1cce702)
Start importing Assets/CorgiEngine/ThirdParty/MoreMountains/MMTools/Core/MMHelpers/MMColors.cs using Guid(d9fae8d45e562f342ad2e7ecc03196cc) Importer(2089858483,192608db42251d675da83286b1cce702) (ScriptedImporter) -> (artifact id: '8d9eeddd3d2e6d52b13517bdd6d16f4f') in 0.0201798 seconds
Number of updated asset objects reloaded before import = 0Number of asset objects unloaded after import = 0

========================================================================
Received Import Request.
  Time since last request: 0.000063 seconds.
  path: Assets/CorgiEngine/ThirdParty/MoreMountains/MMTools/Accessories/MMCamera/MMViewportEdgeTeleporter.cs
  artifactKey: Guid(a1fc9c7a40e1f2245a0a7c067509a2ae) Importer(2089858483,192608db42251d675da83286b1cce702)
Start importing Assets/CorgiEngine/ThirdParty/MoreMountains/MMTools/Accessories/MMCamera/MMViewportEdgeTeleporter.cs using Guid(a1fc9c7a40e1f2245a0a7c067509a2ae) Importer(2089858483,192608db42251d675da83286b1cce702) (ScriptedImporter) -> (artifact id: '2f1e5e529f49d7ed0731af68078b3e10') in 0.0300682 seconds
Number of updated asset objects reloaded before import = 0Number of asset objects unloaded after import = 0

========================================================================
Received Import Request.
  Time since last request: 0.000127 seconds.
  path: Assets/CorgiEngine/ThirdParty/MoreMountains/MMTools/Accessories/MMShaders/MMToon.shader
  artifactKey: Guid(83e4eb1c16a47f44e898b0393a5322e8) Importer(2089858483,192608db42251d675da83286b1cce702)
Start importing Assets/CorgiEngine/ThirdParty/MoreMountains/MMTools/Accessories/MMShaders/MMToon.shader using Guid(83e4eb1c16a47f44e898b0393a5322e8) Importer(2089858483,192608db42251d675da83286b1cce702) (ScriptedImporter) -> (artifact id: 'a3bd9828f35e2e5eb0625571626c4158') in 0.0323417 seconds
Number of updated asset objects reloaded before import = 0Number of asset objects unloaded after import = 1

========================================================================
Received Import Request.
  Time since last request: 0.000069 seconds.
  path: Assets/CorgiEngine/ThirdParty/MoreMountains/MMTools/Accessories/MMActivation/MMPlatformActivation.cs
  artifactKey: Guid(5a39fcd2b055db14184fbda2b333f40c) Importer(2089858483,192608db42251d675da83286b1cce702)
Start importing Assets/CorgiEngine/ThirdParty/MoreMountains/MMTools/Accessories/MMActivation/MMPlatformActivation.cs using Guid(5a39fcd2b055db14184fbda2b333f40c) Importer(2089858483,192608db42251d675da83286b1cce702) (ScriptedImporter) -> (artifact id: '34a7ce4446b49387152dce11a3a6c8db') in 0.0337443 seconds
Number of updated asset objects reloaded before import = 0Number of asset objects unloaded after import = 0

========================================================================
Received Import Request.
  Time since last request: 0.000124 seconds.
  path: Assets/CorgiEngine/ThirdParty/MoreMountains/MMTools/Core/MMAttributes/MMReadOnlyAttribute.cs
  artifactKey: Guid(f54d7ad2fa8f4411e8cceb8d27f6e1ae) Importer(2089858483,192608db42251d675da83286b1cce702)
Start importing Assets/CorgiEngine/ThirdParty/MoreMountains/MMTools/Core/MMAttributes/MMReadOnlyAttribute.cs using Guid(f54d7ad2fa8f4411e8cceb8d27f6e1ae) Importer(2089858483,192608db42251d675da83286b1cce702) (ScriptedImporter) -> (artifact id: '53f34073e1d3db36b62001b90b0e8774') in 0.0279408 seconds
Number of updated asset objects reloaded before import = 0Number of asset objects unloaded after import = 0

========================================================================
Received Import Request.
  Time since last request: 0.000045 seconds.
  path: Assets/CorgiEngine/ThirdParty/MoreMountains/MMTools/Core/MMAttributes/MMDebugLogCommandArgumentCountAttribute.cs
  artifactKey: Guid(cdec9bf9a59856c48a9bd8fe7caaedc7) Importer(2089858483,192608db42251d675da83286b1cce702)
Start importing Assets/CorgiEngine/ThirdParty/MoreMountains/MMTools/Core/MMAttributes/MMDebugLogCommandArgumentCountAttribute.cs using Guid(cdec9bf9a59856c48a9bd8fe7caaedc7) Importer(2089858483,192608db42251d675da83286b1cce702) (ScriptedImporter) -> (artifact id: '71d1c48291a01d981e705136ea2b05a6') in 0.0283222 seconds
Number of updated asset objects reloaded before import = 0Number of asset objects unloaded after import = 0

========================================================================
Received Import Request.
  Time since last request: 0.000096 seconds.
  path: Assets/CorgiEngine/ThirdParty/MoreMountains/MMTools/Core/MMObjectPool/MMSimpleObjectPooler.cs
  artifactKey: Guid(0b7277539b95c0d45895792ecc99ce66) Importer(2089858483,192608db42251d675da83286b1cce702)
Start importing Assets/CorgiEngine/ThirdParty/MoreMountains/MMTools/Core/MMObjectPool/MMSimpleObjectPooler.cs using Guid(0b7277539b95c0d45895792ecc99ce66) Importer(2089858483,192608db42251d675da83286b1cce702) (ScriptedImporter) -> (artifact id: 'ca8eb3497421e51e0436a537ae480733') in 0.030514 seconds
Number of updated asset objects reloaded before import = 0Number of asset objects unloaded after import = 0

========================================================================
Received Import Request.
  Time since last request: 0.000025 seconds.
  path: Assets/CorgiEngine/ThirdParty/MoreMountains/MMTools/Core/MMHelpers/MMArray.cs
  artifactKey: Guid(3df6166b66f19e040977adbc56b973b5) Importer(2089858483,192608db42251d675da83286b1cce702)
Start importing Assets/CorgiEngine/ThirdParty/MoreMountains/MMTools/Core/MMHelpers/MMArray.cs using Guid(3df6166b66f19e040977adbc56b973b5) Importer(2089858483,192608db42251d675da83286b1cce702) (ScriptedImporter) -> (artifact id: 'a6eb5e6cbd980b7acc8aa29123ac2411') in 0.0232631 seconds
Number of updated asset objects reloaded before import = 0Number of asset objects unloaded after import = 0

========================================================================
Received Import Request.
  Time since last request: 0.000066 seconds.
  path: Assets/CorgiEngine/ThirdParty/MoreMountains/MMTools/Core/MMExtensions/MMScrollRectExtensions.cs
  artifactKey: Guid(ff41eb325c823854b878fbc622f8d9fe) Importer(2089858483,192608db42251d675da83286b1cce702)
Start importing Assets/CorgiEngine/ThirdParty/MoreMountains/MMTools/Core/MMExtensions/MMScrollRectExtensions.cs using Guid(ff41eb325c823854b878fbc622f8d9fe) Importer(2089858483,192608db42251d675da83286b1cce702) (ScriptedImporter) -> (artifact id: '5891ee2b3820ddf65b70df38bd87e020') in 0.0318254 seconds
Number of updated asset objects reloaded before import = 0Number of asset objects unloaded after import = 0

========================================================================
Received Import Request.
  Time since last request: 0.000076 seconds.
  path: Assets/CorgiEngine/ThirdParty/MoreMountains/MMTools/Accessories/MMInstantiation/MMRandomInstantiator.cs
  artifactKey: Guid(4c62e684cc894124e8d7b2992e2118b1) Importer(2089858483,192608db42251d675da83286b1cce702)
Start importing Assets/CorgiEngine/ThirdParty/MoreMountains/MMTools/Accessories/MMInstantiation/MMRandomInstantiator.cs using Guid(4c62e684cc894124e8d7b2992e2118b1) Importer(2089858483,192608db42251d675da83286b1cce702) (ScriptedImporter) -> (artifact id: 'c7f35166e1941960c3da7345b340da06') in 0.0216973 seconds
Number of updated asset objects reloaded before import = 0Number of asset objects unloaded after import = 0

========================================================================
Received Import Request.
  Time since last request: 0.000053 seconds.
  path: Assets/CorgiEngine/ThirdParty/MoreMountains/MMTools/Accessories/MMGUI/MMCursorVisible.cs
  artifactKey: Guid(98e84bec6c36ca5419922f3def4d4267) Importer(2089858483,192608db42251d675da83286b1cce702)
Start importing Assets/CorgiEngine/ThirdParty/MoreMountains/MMTools/Accessories/MMGUI/MMCursorVisible.cs using Guid(98e84bec6c36ca5419922f3def4d4267) Importer(2089858483,192608db42251d675da83286b1cce702) (ScriptedImporter) -> (artifact id: '24a18699b04daa871b1cf784e3ceaf2f') in 0.0198532 seconds
Number of updated asset objects reloaded before import = 0Number of asset objects unloaded after import = 0

========================================================================
Received Import Request.
  Time since last request: 0.000089 seconds.
  path: Assets/CorgiEngine/ThirdParty/MoreMountains/MMTools/Accessories/MMUtilities/MMLayer.cs
  artifactKey: Guid(adde5948123bd8743a0048c044871b09) Importer(2089858483,192608db42251d675da83286b1cce702)
Start importing Assets/CorgiEngine/ThirdParty/MoreMountains/MMTools/Accessories/MMUtilities/MMLayer.cs using Guid(adde5948123bd8743a0048c044871b09) Importer(2089858483,192608db42251d675da83286b1cce702) (ScriptedImporter) -> (artifact id: '152d4048112078cca27c85192b9c1f35') in 0.0248312 seconds
Number of updated asset objects reloaded before import = 0Number of asset objects unloaded after import = 0

========================================================================
Received Import Request.
  Time since last request: 0.000025 seconds.
  path: Assets/CorgiEngine/ThirdParty/MoreMountains/MMTools/Accessories/MMShaders/MM2DReflection.shader
  artifactKey: Guid(ad7325dd3fb876645bde2dd9d0691993) Importer(2089858483,192608db42251d675da83286b1cce702)
Start importing Assets/CorgiEngine/ThirdParty/MoreMountains/MMTools/Accessories/MMShaders/MM2DReflection.shader using Guid(ad7325dd3fb876645bde2dd9d0691993) Importer(2089858483,192608db42251d675da83286b1cce702) (ScriptedImporter) -> (artifact id: '5b1f4db0abbbfcab09dad9c643c8ae71') in 0.0273865 seconds
Number of updated asset objects reloaded before import = 0Number of asset objects unloaded after import = 1

========================================================================
Received Import Request.
  Time since last request: 0.000029 seconds.
  path: Assets/CorgiEngine/ThirdParty/MoreMountains/MMInterface/Styles/Mini/Carousel.unity
  artifactKey: Guid(3c45bb89ead36bd4da88b67808a1f0b1) Importer(2089858483,192608db42251d675da83286b1cce702)
Start importing Assets/CorgiEngine/ThirdParty/MoreMountains/MMInterface/Styles/Mini/Carousel.unity using Guid(3c45bb89ead36bd4da88b67808a1f0b1) Importer(2089858483,192608db42251d675da83286b1cce702) (ScriptedImporter) -> (artifact id: 'f9b64dbec9a351bb69b54cb6b912bc16') in 0.0257813 seconds
Number of updated asset objects reloaded before import = 0Number of asset objects unloaded after import = 1

========================================================================
Received Import Request.
  Time since last request: 0.000023 seconds.
  path: Assets/CorgiEngine/ThirdParty/MoreMountains/MMTools/Accessories/MMActivation/MMConditionalActivation.cs
  artifactKey: Guid(8434b53deaa9ae04f87f3c24bf70d482) Importer(2089858483,192608db42251d675da83286b1cce702)
Start importing Assets/CorgiEngine/ThirdParty/MoreMountains/MMTools/Accessories/MMActivation/MMConditionalActivation.cs using Guid(8434b53deaa9ae04f87f3c24bf70d482) Importer(2089858483,192608db42251d675da83286b1cce702) (ScriptedImporter) -> (artifact id: 'f65c3ce78158122711627c1a24a6dfa0') in 0.0286103 seconds
Number of updated asset objects reloaded before import = 0Number of asset objects unloaded after import = 0

========================================================================
Received Import Request.
  Time since last request: 0.000075 seconds.
  path: Assets/CorgiEngine/ThirdParty/MoreMountains/MMTools/Accessories/MMCamera/MMCameraAspectRatio.cs
  artifactKey: Guid(6d09203129ac2e44a8fada3ae8c32667) Importer(2089858483,192608db42251d675da83286b1cce702)
Start importing Assets/CorgiEngine/ThirdParty/MoreMountains/MMTools/Accessories/MMCamera/MMCameraAspectRatio.cs using Guid(6d09203129ac2e44a8fada3ae8c32667) Importer(2089858483,192608db42251d675da83286b1cce702) (ScriptedImporter) -> (artifact id: 'c89973d458dc0c042dcc1ef04f737149') in 0.0195835 seconds
Number of updated asset objects reloaded before import = 0Number of asset objects unloaded after import = 0

========================================================================
Received Import Request.
  Time since last request: 0.000092 seconds.
  path: Assets/CorgiEngine/Demos/Corgi2D/Sprites/Environment/Mesa/ground.png
  artifactKey: Guid(1f3870431e44125459de63b7b21b2cff) Importer(2089858483,192608db42251d675da83286b1cce702)
Start importing Assets/CorgiEngine/Demos/Corgi2D/Sprites/Environment/Mesa/ground.png using Guid(1f3870431e44125459de63b7b21b2cff) Importer(2089858483,192608db42251d675da83286b1cce702) (ScriptedImporter) -> (artifact id: '1ef31819e4e91fc37f9d434a8e226189') in 0.0551138 seconds
Number of updated asset objects reloaded before import = 0Number of asset objects unloaded after import = 3

========================================================================
Received Import Request.
  Time since last request: 0.000022 seconds.
  path: Assets/CorgiEngine/ThirdParty/MoreMountains/MMTools/Core/MMHelpers/MMSerializableDictionary.cs
  artifactKey: Guid(d43a5cd3ef614ec46ae59135733b7d9c) Importer(2089858483,192608db42251d675da83286b1cce702)
Start importing Assets/CorgiEngine/ThirdParty/MoreMountains/MMTools/Core/MMHelpers/MMSerializableDictionary.cs using Guid(d43a5cd3ef614ec46ae59135733b7d9c) Importer(2089858483,192608db42251d675da83286b1cce702) (ScriptedImporter) -> (artifact id: 'a7cf35a34f772ed1cacab53039eb2312') in 0.0202966 seconds
Number of updated asset objects reloaded before import = 0Number of asset objects unloaded after import = 0

========================================================================
Received Import Request.
  Time since last request: 0.000036 seconds.
  path: Assets/CorgiEngine/ThirdParty/MoreMountains/MMTools/Accessories/MMParticles/MMVisibleParticle.cs
  artifactKey: Guid(1b57176af794a1544ab1d2b6a1b25e8f) Importer(2089858483,192608db42251d675da83286b1cce702)
Start importing Assets/CorgiEngine/ThirdParty/MoreMountains/MMTools/Accessories/MMParticles/MMVisibleParticle.cs using Guid(1b57176af794a1544ab1d2b6a1b25e8f) Importer(2089858483,192608db42251d675da83286b1cce702) (ScriptedImporter) -> (artifact id: 'b6cea56bcfb3546838b16ecb25bf1a3a') in 0.0236048 seconds
Number of updated asset objects reloaded before import = 0Number of asset objects unloaded after import = 0

========================================================================
Received Import Request.
  Time since last request: 0.000054 seconds.
  path: Assets/CorgiEngine/ThirdParty/MoreMountains/MMFeedbacks/MMFeedbacks/Shakers/MMCameraZoom.cs
  artifactKey: Guid(547ab53f5c5bd8f47958e648c03ed7e9) Importer(2089858483,192608db42251d675da83286b1cce702)
Start importing Assets/CorgiEngine/ThirdParty/MoreMountains/MMFeedbacks/MMFeedbacks/Shakers/MMCameraZoom.cs using Guid(547ab53f5c5bd8f47958e648c03ed7e9) Importer(2089858483,192608db42251d675da83286b1cce702) (ScriptedImporter) -> (artifact id: '3f93b719956a4fddd755f20ed4ec665f') in 0.0268478 seconds
Number of updated asset objects reloaded before import = 0Number of asset objects unloaded after import = 0

========================================================================
Received Import Request.
  Time since last request: 0.000038 seconds.
  path: Assets/CorgiEngine/Demos/TheHunt/Models/Soldier/Materials/Mat.2.mat
  artifactKey: Guid(fb9dfb5406441404fbce5bf1bcc8abc7) Importer(2089858483,192608db42251d675da83286b1cce702)
Start importing Assets/CorgiEngine/Demos/TheHunt/Models/Soldier/Materials/Mat.2.mat using Guid(fb9dfb5406441404fbce5bf1bcc8abc7) Importer(2089858483,192608db42251d675da83286b1cce702) (ScriptedImporter) -> (artifact id: '35204dd7a7f08ad43fe4a0092011948f') in 0.026622 seconds
Number of updated asset objects reloaded before import = 0Number of asset objects unloaded after import = 1

========================================================================
Received Import Request.
  Time since last request: 0.000024 seconds.
  path: Assets/CorgiEngine/ThirdParty/MoreMountains/MMTools/Accessories/MMActivation/MMToggleActive.cs
  artifactKey: Guid(3aad8b45814dc6f4cab32abed0a152b8) Importer(2089858483,192608db42251d675da83286b1cce702)
Start importing Assets/CorgiEngine/ThirdParty/MoreMountains/MMTools/Accessories/MMActivation/MMToggleActive.cs using Guid(3aad8b45814dc6f4cab32abed0a152b8) Importer(2089858483,192608db42251d675da83286b1cce702) (ScriptedImporter) -> (artifact id: '94c446cab5d7b98615bff80369426b07') in 0.023811 seconds
Number of updated asset objects reloaded before import = 0Number of asset objects unloaded after import = 0

========================================================================
Received Import Request.
  Time since last request: 0.000095 seconds.
  path: Assets/CorgiEngine/ThirdParty/MoreMountains/MMTools/Accessories/MMPerformance/MMFPSUnlock.cs
  artifactKey: Guid(32dd23bf97680be41a75b45b50f0d8ac) Importer(2089858483,192608db42251d675da83286b1cce702)
Start importing Assets/CorgiEngine/ThirdParty/MoreMountains/MMTools/Accessories/MMPerformance/MMFPSUnlock.cs using Guid(32dd23bf97680be41a75b45b50f0d8ac) Importer(2089858483,192608db42251d675da83286b1cce702) (ScriptedImporter) -> (artifact id: 'b986bb7944c613341c82f88903ce0b06') in 0.0285521 seconds
Number of updated asset objects reloaded before import = 0Number of asset objects unloaded after import = 0

========================================================================
Received Import Request.
  Time since last request: 0.000084 seconds.
  path: Assets/CorgiEngine/Demos/Corgi2D/Prefabs/Environment/Trees/Grass8.prefab
  artifactKey: Guid(1361d0512020fb343a7c6bffd1521a07) Importer(2089858483,192608db42251d675da83286b1cce702)
Start importing Assets/CorgiEngine/Demos/Corgi2D/Prefabs/Environment/Trees/Grass8.prefab using Guid(1361d0512020fb343a7c6bffd1521a07) Importer(2089858483,192608db42251d675da83286b1cce702) (ScriptedImporter) -> (artifact id: '02c3c6032a7ae4d10b50c126e0517044') in 0.0377959 seconds
Number of updated asset objects reloaded before import = 0Number of asset objects unloaded after import = 8

========================================================================
Received Import Request.
  Time since last request: 0.000029 seconds.
  path: Assets/CorgiEngine/Demos/Minimal/Prefabs/PlayableCharacters/CharacterSwap/RectangleSwap1.prefab
  artifactKey: Guid(4d0d665bb0b91844d953a3dab9402dd5) Importer(2089858483,192608db42251d675da83286b1cce702)
Start importing Assets/CorgiEngine/Demos/Minimal/Prefabs/PlayableCharacters/CharacterSwap/RectangleSwap1.prefab using Guid(4d0d665bb0b91844d953a3dab9402dd5) Importer(2089858483,192608db42251d675da83286b1cce702) (ScriptedImporter) -> (artifact id: 'a687026d84c684394ab28f5229dcfef2') in 0.2624748 seconds
Number of updated asset objects reloaded before import = 0Number of asset objects unloaded after import = 126

========================================================================
Received Import Request.
  Time since last request: 0.000029 seconds.
  path: Assets/CorgiEngine/ThirdParty/MoreMountains/MMFeedbacks/MMFeedbacks/Feedbacks/MMF_GraphicCrossFade.cs
  artifactKey: Guid(236af7dac17a2d24ea29f240d245f2cc) Importer(2089858483,192608db42251d675da83286b1cce702)
Start importing Assets/CorgiEngine/ThirdParty/MoreMountains/MMFeedbacks/MMFeedbacks/Feedbacks/MMF_GraphicCrossFade.cs using Guid(236af7dac17a2d24ea29f240d245f2cc) Importer(2089858483,192608db42251d675da83286b1cce702) (ScriptedImporter) -> (artifact id: '6f6d856bdbe1a6afdb34648490719192') in 0.0222544 seconds
Number of updated asset objects reloaded before import = 0Number of asset objects unloaded after import = 0

========================================================================
Received Import Request.
  Time since last request: 0.000075 seconds.
  path: Assets/CorgiEngine/Demos/Corgi3D/Prefabs/Props/Materials/defaultMat.mat
  artifactKey: Guid(c00cab72308cabc4a8eae4c29ed07565) Importer(2089858483,192608db42251d675da83286b1cce702)
Start importing Assets/CorgiEngine/Demos/Corgi3D/Prefabs/Props/Materials/defaultMat.mat using Guid(c00cab72308cabc4a8eae4c29ed07565) Importer(2089858483,192608db42251d675da83286b1cce702) (ScriptedImporter) -> (artifact id: '9e7e180f5c4cfad25c84accd906249cb') in 0.0233316 seconds
Number of updated asset objects reloaded before import = 0Number of asset objects unloaded after import = 1

========================================================================
Received Import Request.
  Time since last request: 0.000025 seconds.
  path: Assets/CorgiEngine/ThirdParty/MoreMountains/MMFeedbacks/Editor/Shakers/MMWiggleEditor.cs
  artifactKey: Guid(0ad790ad6438c39448c9177b592c30fe) Importer(2089858483,192608db42251d675da83286b1cce702)
Start importing Assets/CorgiEngine/ThirdParty/MoreMountains/MMFeedbacks/Editor/Shakers/MMWiggleEditor.cs using Guid(0ad790ad6438c39448c9177b592c30fe) Importer(2089858483,192608db42251d675da83286b1cce702) (ScriptedImporter) -> (artifact id: '867afb2c0eaac70424f2519ed0a757ee') in 0.0282754 seconds
Number of updated asset objects reloaded before import = 0Number of asset objects unloaded after import = 0

========================================================================
Received Import Request.
  Time since last request: 0.000068 seconds.
  path: Assets/CorgiEngine/ThirdParty/MoreMountains/MMTools/Accessories/MMMovement/MMAim.cs
  artifactKey: Guid(e078eaa3f1defa44cad7a1243d113a84) Importer(2089858483,192608db42251d675da83286b1cce702)
Start importing Assets/CorgiEngine/ThirdParty/MoreMountains/MMTools/Accessories/MMMovement/MMAim.cs using Guid(e078eaa3f1defa44cad7a1243d113a84) Importer(2089858483,192608db42251d675da83286b1cce702) (ScriptedImporter) -> (artifact id: '9621be81c029b019237b9ee5d61370c1') in 0.0197777 seconds
Number of updated asset objects reloaded before import = 0Number of asset objects unloaded after import = 0

========================================================================
Received Import Request.
  Time since last request: 0.000036 seconds.
  path: Assets/CorgiEngine/ThirdParty/MoreMountains/MMFeedbacks/MMFeedbacks/Shakers/MMWiggle.cs
  artifactKey: Guid(347013242dca7c44fb5001793033ea59) Importer(2089858483,192608db42251d675da83286b1cce702)
Start importing Assets/CorgiEngine/ThirdParty/MoreMountains/MMFeedbacks/MMFeedbacks/Shakers/MMWiggle.cs using Guid(347013242dca7c44fb5001793033ea59) Importer(2089858483,192608db42251d675da83286b1cce702) (ScriptedImporter) -> (artifact id: 'beb086c676f4bd415561c96abee62f8f') in 0.0228226 seconds
Number of updated asset objects reloaded before import = 0Number of asset objects unloaded after import = 0

========================================================================
Received Import Request.
  Time since last request: 0.000139 seconds.
  path: Assets/CorgiEngine/ThirdParty/MoreMountains/MMInterface/Common/Sounds/Tweep.wav
  artifactKey: Guid(ab12a940f1b7295448fd79cfdc0adfc8) Importer(2089858483,192608db42251d675da83286b1cce702)
Start importing Assets/CorgiEngine/ThirdParty/MoreMountains/MMInterface/Common/Sounds/Tweep.wav using Guid(ab12a940f1b7295448fd79cfdc0adfc8) Importer(2089858483,192608db42251d675da83286b1cce702) (ScriptedImporter) -> (artifact id: '580b5befc71e612fe195627c7044a0bd') in 0.0897909 seconds
Number of updated asset objects reloaded before import = 0Number of asset objects unloaded after import = 1

========================================================================
Received Import Request.
  Time since last request: 0.000025 seconds.
  path: Assets/CorgiEngine/Demos/Corgi2D/Prefabs/Environment/Mountains/MtnPlatform3.prefab
  artifactKey: Guid(f9df8869839d35b42bb9b27ea771d529) Importer(2089858483,192608db42251d675da83286b1cce702)
Start importing Assets/CorgiEngine/Demos/Corgi2D/Prefabs/Environment/Mountains/MtnPlatform3.prefab using Guid(f9df8869839d35b42bb9b27ea771d529) Importer(2089858483,192608db42251d675da83286b1cce702) (ScriptedImporter) -> (artifact id: 'b4504a4a69e99db4f4385faa8b00ad41') in 0.0548983 seconds
Number of updated asset objects reloaded before import = 0Number of asset objects unloaded after import = 8

========================================================================
Received Import Request.
  Time since last request: 0.000039 seconds.
  path: Assets/CorgiEngine/ThirdParty/MoreMountains/MMTools/Accessories/MMGyroscope/MMGyroscope.cs
  artifactKey: Guid(3640adb06e738074793e72dc490d3600) Importer(2089858483,192608db42251d675da83286b1cce702)
Start importing Assets/CorgiEngine/ThirdParty/MoreMountains/MMTools/Accessories/MMGyroscope/MMGyroscope.cs using Guid(3640adb06e738074793e72dc490d3600) Importer(2089858483,192608db42251d675da83286b1cce702) (ScriptedImporter) -> (artifact id: 'bc44560cbbba130301f66199417c8bf6') in 0.0277393 seconds
Number of updated asset objects reloaded before import = 0Number of asset objects unloaded after import = 0

========================================================================
Received Import Request.
  Time since last request: 0.000040 seconds.
  path: Assets/CorgiEngine/ThirdParty/MoreMountains/MMTools/Accessories/MMGUI/MMSelectionBase.cs
  artifactKey: Guid(0617763b4190c364093ae8e7b62aea45) Importer(2089858483,192608db42251d675da83286b1cce702)
Start importing Assets/CorgiEngine/ThirdParty/MoreMountains/MMTools/Accessories/MMGUI/MMSelectionBase.cs using Guid(0617763b4190c364093ae8e7b62aea45) Importer(2089858483,192608db42251d675da83286b1cce702) (ScriptedImporter) -> (artifact id: 'b59eca5f9cbd4eadbe0730dd97cc1765') in 0.025534 seconds
Number of updated asset objects reloaded before import = 0Number of asset objects unloaded after import = 0

========================================================================
Received Import Request.
  Time since last request: 0.000058 seconds.
  path: Assets/CorgiEngine/ThirdParty/MoreMountains/MMFeedbacks/MMFeedbacks/Core/MMShaker.cs
  artifactKey: Guid(25d31bbce27b6524192fba29ccfe28df) Importer(2089858483,192608db42251d675da83286b1cce702)
Start importing Assets/CorgiEngine/ThirdParty/MoreMountains/MMFeedbacks/MMFeedbacks/Core/MMShaker.cs using Guid(25d31bbce27b6524192fba29ccfe28df) Importer(2089858483,192608db42251d675da83286b1cce702) (ScriptedImporter) -> (artifact id: '7b4563b81510419fdc5d5c9b7c8dbe22') in 0.0210382 seconds
Number of updated asset objects reloaded before import = 0Number of asset objects unloaded after import = 0

========================================================================
Received Import Request.
  Time since last request: 0.000030 seconds.
  path: Assets/CorgiEngine/ThirdParty/MoreMountains/MMTools/Core/MMObjectPool/MMObjectPool.cs
  artifactKey: Guid(3148d0478f12644438359651f85a7a92) Importer(2089858483,192608db42251d675da83286b1cce702)
Start importing Assets/CorgiEngine/ThirdParty/MoreMountains/MMTools/Core/MMObjectPool/MMObjectPool.cs using Guid(3148d0478f12644438359651f85a7a92) Importer(2089858483,192608db42251d675da83286b1cce702) (ScriptedImporter) -> (artifact id: 'f0842a4bbac300ac0e66724ff5d25938') in 0.025338 seconds
Number of updated asset objects reloaded before import = 0Number of asset objects unloaded after import = 0

========================================================================
Received Import Request.
  Time since last request: 0.000033 seconds.
  path: Assets/CorgiEngine/Demos/Corgi2D/Prefabs/Environment/Mountains/MtnPlatform11.prefab
  artifactKey: Guid(8d9a77fc1e311d6469ce88806cd51574) Importer(2089858483,192608db42251d675da83286b1cce702)
Start importing Assets/CorgiEngine/Demos/Corgi2D/Prefabs/Environment/Mountains/MtnPlatform11.prefab using Guid(8d9a77fc1e311d6469ce88806cd51574) Importer(2089858483,192608db42251d675da83286b1cce702) (ScriptedImporter) -> (artifact id: '574ea201ee4b90a28e91e7e8c18c88ad') in 0.0542325 seconds
Number of updated asset objects reloaded before import = 0Number of asset objects unloaded after import = 8

========================================================================
Received Import Request.
  Time since last request: 0.000040 seconds.
  path: Assets/CorgiEngine/Demos/Corgi2D/Prefabs/Environment/Mesa/Platform25.prefab
  artifactKey: Guid(8fbe177ffbdc42547a41b2274e483cff) Importer(2089858483,192608db42251d675da83286b1cce702)
Start importing Assets/CorgiEngine/Demos/Corgi2D/Prefabs/Environment/Mesa/Platform25.prefab using Guid(8fbe177ffbdc42547a41b2274e483cff) Importer(2089858483,192608db42251d675da83286b1cce702) (ScriptedImporter) -> (artifact id: '17263ac9cc54e87e1af985908c63b7fa') in 0.0449151 seconds
Number of updated asset objects reloaded before import = 0Number of asset objects unloaded after import = 8

========================================================================
Received Import Request.
  Time since last request: 0.000055 seconds.
  path: Assets/CorgiEngine/Demos/TheHunt/Models/Soldier/Red@IdleFight.fbx
  artifactKey: Guid(259792baf6b9ed84eb10c15164d5f995) Importer(2089858483,192608db42251d675da83286b1cce702)
Start importing Assets/CorgiEngine/Demos/TheHunt/Models/Soldier/Red@IdleFight.fbx using Guid(259792baf6b9ed84eb10c15164d5f995) Importer(2089858483,192608db42251d675da83286b1cce702) (ScriptedImporter) -> (artifact id: '96545069e54b50de875564d305ea5d3c') in 0.0459405 seconds
Number of updated asset objects reloaded before import = 0Number of asset objects unloaded after import = 66

========================================================================
Received Import Request.
  Time since last request: 0.000024 seconds.
  path: Assets/CorgiEngine/Common/Scripts/Agents/AI/Advanced/AIActionChangeWeapon.cs
  artifactKey: Guid(a93d6b69d88cf584492eef833cde0479) Importer(2089858483,192608db42251d675da83286b1cce702)
Start importing Assets/CorgiEngine/Common/Scripts/Agents/AI/Advanced/AIActionChangeWeapon.cs using Guid(a93d6b69d88cf584492eef833cde0479) Importer(2089858483,192608db42251d675da83286b1cce702) (ScriptedImporter) -> (artifact id: 'f23cf13ba8bf5d36448ff2f1b94f5d10') in 0.0214464 seconds
Number of updated asset objects reloaded before import = 0Number of asset objects unloaded after import = 0

========================================================================
Received Import Request.
  Time since last request: 0.000048 seconds.
  path: Assets/CorgiEngine/Demos/Corgi2D/Prefabs/Environment/Gravity/water.prefab
  artifactKey: Guid(968c91269274777408b619205b77a4bf) Importer(2089858483,192608db42251d675da83286b1cce702)
Start importing Assets/CorgiEngine/Demos/Corgi2D/Prefabs/Environment/Gravity/water.prefab using Guid(968c91269274777408b619205b77a4bf) Importer(2089858483,192608db42251d675da83286b1cce702) (ScriptedImporter) -> (artifact id: '705777af83e77e7f6252d25ff5f8b36a') in 0.0596032 seconds
Number of updated asset objects reloaded before import = 0Number of asset objects unloaded after import = 21

========================================================================
Received Import Request.
  Time since last request: 0.000025 seconds.
  path: Assets/CorgiEngine/ThirdParty/MoreMountains/MMTools/Accessories/MMUtilities/MMApplicationQuit.cs
  artifactKey: Guid(5d8e35f0e39f9744095dbb47ae3363a2) Importer(2089858483,192608db42251d675da83286b1cce702)
Start importing Assets/CorgiEngine/ThirdParty/MoreMountains/MMTools/Accessories/MMUtilities/MMApplicationQuit.cs using Guid(5d8e35f0e39f9744095dbb47ae3363a2) Importer(2089858483,192608db42251d675da83286b1cce702) (ScriptedImporter) -> (artifact id: 'b91380af4d00b8b71aa61f57fdd1c7c8') in 0.0225819 seconds
Number of updated asset objects reloaded before import = 0Number of asset objects unloaded after import = 0

========================================================================
Received Import Request.
  Time since last request: 0.000105 seconds.
  path: Assets/CorgiEngine/Demos/Retro/Tilemaps/RetroRocks/RetroRocks_5.asset
  artifactKey: Guid(d8c2c0b3055ad35785e78c5a1aa08f03) Importer(2089858483,192608db42251d675da83286b1cce702)
Start importing Assets/CorgiEngine/Demos/Retro/Tilemaps/RetroRocks/RetroRocks_5.asset using Guid(d8c2c0b3055ad35785e78c5a1aa08f03) Importer(2089858483,192608db42251d675da83286b1cce702) (ScriptedImporter) -> (artifact id: '4f057199982c5fdb957a18b9d50690ff') in 0.0314059 seconds
Number of updated asset objects reloaded before import = 0Number of asset objects unloaded after import = 2

========================================================================
Received Import Request.
  Time since last request: 0.000044 seconds.
  path: Assets/CorgiEngine/ThirdParty/MoreMountains/MMTools/Accessories/MMGUI/MMRaycastTarget.cs
  artifactKey: Guid(bf220d92758f9a54bae271726c599936) Importer(2089858483,192608db42251d675da83286b1cce702)
Start importing Assets/CorgiEngine/ThirdParty/MoreMountains/MMTools/Accessories/MMGUI/MMRaycastTarget.cs using Guid(bf220d92758f9a54bae271726c599936) Importer(2089858483,192608db42251d675da83286b1cce702) (ScriptedImporter) -> (artifact id: 'c1dc9fea8f853195632a7c941fd1698e') in 0.0191481 seconds
Number of updated asset objects reloaded before import = 0Number of asset objects unloaded after import = 0

========================================================================
Received Import Request.
  Time since last request: 0.000044 seconds.
  path: Assets/CorgiEngine/Demos/Minimal/Prefabs/Weapons/RegularWeapons/MinimalHitscanGun.prefab
  artifactKey: Guid(2836d6b1503d5cf4cbae669d9d830777) Importer(2089858483,192608db42251d675da83286b1cce702)
Start importing Assets/CorgiEngine/Demos/Minimal/Prefabs/Weapons/RegularWeapons/MinimalHitscanGun.prefab using Guid(2836d6b1503d5cf4cbae669d9d830777) Importer(2089858483,192608db42251d675da83286b1cce702) (ScriptedImporter) -> (artifact id: '23a6c02f718d7d8339d590e32ad48cdd') in 0.1068618 seconds
Number of updated asset objects reloaded before import = 0Number of asset objects unloaded after import = 66

========================================================================
Received Import Request.
  Time since last request: 0.000036 seconds.
  path: Assets/CorgiEngine/Demos/Corgi2D/Prefabs/Environment/Mountains/MtnPlatform7.prefab
  artifactKey: Guid(cad4218a9f996e649a204538f6e84571) Importer(2089858483,192608db42251d675da83286b1cce702)
Start importing Assets/CorgiEngine/Demos/Corgi2D/Prefabs/Environment/Mountains/MtnPlatform7.prefab using Guid(cad4218a9f996e649a204538f6e84571) Importer(2089858483,192608db42251d675da83286b1cce702) (ScriptedImporter) -> (artifact id: '2adc6472a11ffa8e1646665dc2063475') in 0.0568074 seconds
Number of updated asset objects reloaded before import = 0Number of asset objects unloaded after import = 8

========================================================================
Received Import Request.
  Time since last request: 0.000039 seconds.
  path: Assets/CorgiEngine/Demos/Corgi2D/Prefabs/Environment/Lava/LavaPlatform10.prefab
  artifactKey: Guid(9a88c9b32b41e4e47add543821eecf89) Importer(2089858483,192608db42251d675da83286b1cce702)
Start importing Assets/CorgiEngine/Demos/Corgi2D/Prefabs/Environment/Lava/LavaPlatform10.prefab using Guid(9a88c9b32b41e4e47add543821eecf89) Importer(2089858483,192608db42251d675da83286b1cce702) (ScriptedImporter) -> (artifact id: '524fbb628c4a018682565ab84e39c46d') in 0.0657964 seconds
Number of updated asset objects reloaded before import = 0Number of asset objects unloaded after import = 8

========================================================================
Received Import Request.
  Time since last request: 0.000033 seconds.
  path: Assets/CorgiEngine/ThirdParty/MoreMountains/MMTools/Core/MMHelpers/MMHelpers.cs
  artifactKey: Guid(61848ed5026b644829e2fcb4a2207848) Importer(2089858483,192608db42251d675da83286b1cce702)
Start importing Assets/CorgiEngine/ThirdParty/MoreMountains/MMTools/Core/MMHelpers/MMHelpers.cs using Guid(61848ed5026b644829e2fcb4a2207848) Importer(2089858483,192608db42251d675da83286b1cce702) (ScriptedImporter) -> (artifact id: '45d25b07a47e3b87c4a186b0c56d6cfa') in 0.0238151 seconds
Number of updated asset objects reloaded before import = 0Number of asset objects unloaded after import = 0

========================================================================
Received Import Request.
  Time since last request: 0.000098 seconds.
  path: Assets/CorgiEngine/ThirdParty/MoreMountains/MMFeedbacks/MMFeedbacks/Feedbacks/MMF_Destroy.cs
  artifactKey: Guid(1ed6dae7e25050744b45262d80b35bdf) Importer(2089858483,192608db42251d675da83286b1cce702)
Start importing Assets/CorgiEngine/ThirdParty/MoreMountains/MMFeedbacks/MMFeedbacks/Feedbacks/MMF_Destroy.cs using Guid(1ed6dae7e25050744b45262d80b35bdf) Importer(2089858483,192608db42251d675da83286b1cce702) (ScriptedImporter) -> (artifact id: '15ed1051e883f41946b2f6b07f712804') in 0.0243141 seconds
Number of updated asset objects reloaded before import = 0Number of asset objects unloaded after import = 0

========================================================================
Received Import Request.
  Time since last request: 0.000051 seconds.
  path: Assets/CorgiEngine/ThirdParty/MoreMountains/MMInterface/Common/Sounds/Confirm1.wav
  artifactKey: Guid(1aa529445d882c449ac96f1abad24ed6) Importer(2089858483,192608db42251d675da83286b1cce702)
Start importing Assets/CorgiEngine/ThirdParty/MoreMountains/MMInterface/Common/Sounds/Confirm1.wav using Guid(1aa529445d882c449ac96f1abad24ed6) Importer(2089858483,192608db42251d675da83286b1cce702) (ScriptedImporter) -> (artifact id: 'd6a34d814da69f9bb9df659d73bba9f3') in 0.0932296 seconds
Number of updated asset objects reloaded before import = 0Number of asset objects unloaded after import = 1

========================================================================
Received Import Request.
  Time since last request: 0.000027 seconds.
  path: Assets/CorgiEngine/ThirdParty/MoreMountains/MMTools/Accessories/MMGUI/MMSliderStep.cs
  artifactKey: Guid(e6b7fc2cafd170f4f8b039b213b568c6) Importer(2089858483,192608db42251d675da83286b1cce702)
Start importing Assets/CorgiEngine/ThirdParty/MoreMountains/MMTools/Accessories/MMGUI/MMSliderStep.cs using Guid(e6b7fc2cafd170f4f8b039b213b568c6) Importer(2089858483,192608db42251d675da83286b1cce702) (ScriptedImporter) -> (artifact id: '082a6b4577948c617f398fd2a531a3c0') in 0.0224389 seconds
Number of updated asset objects reloaded before import = 0Number of asset objects unloaded after import = 0

========================================================================
Received Import Request.
  Time since last request: 0.000158 seconds.
  path: Assets/CorgiEngine/Demos/TheHunt/Models/Soldier/Red@Fall1.fbx
  artifactKey: Guid(0408d76ae0ae1ed44923130eda30cc21) Importer(2089858483,192608db42251d675da83286b1cce702)
Start importing Assets/CorgiEngine/Demos/TheHunt/Models/Soldier/Red@Fall1.fbx using Guid(0408d76ae0ae1ed44923130eda30cc21) Importer(2089858483,192608db42251d675da83286b1cce702) (ScriptedImporter) -> (artifact id: '2874ae55a2c1d3af6669e6eced500614') in 0.0443312 seconds
Number of updated asset objects reloaded before import = 0Number of asset objects unloaded after import = 66

========================================================================
Received Import Request.
  Time since last request: 0.000024 seconds.
  path: Assets/CorgiEngine/Demos/TheHunt/Models/Temple/templeWheel.mtl
  artifactKey: Guid(465cbcb24b611cf4d9277001b3dba18e) Importer(2089858483,192608db42251d675da83286b1cce702)
Start importing Assets/CorgiEngine/Demos/TheHunt/Models/Temple/templeWheel.mtl using Guid(465cbcb24b611cf4d9277001b3dba18e) Importer(2089858483,192608db42251d675da83286b1cce702) (ScriptedImporter) -> (artifact id: 'bed5be853291af36fe5ea72873f412fb') in 0.0193117 seconds
Number of updated asset objects reloaded before import = 0Number of asset objects unloaded after import = 1

========================================================================
Received Import Request.
  Time since last request: 0.000090 seconds.
  path: Assets/CorgiEngine/ThirdParty/MoreMountains/MMTools/Core/MMAttributes/MMInformationAttribute.cs
  artifactKey: Guid(a083e52b3b6964a0d88af5b74900af5e) Importer(2089858483,192608db42251d675da83286b1cce702)
Start importing Assets/CorgiEngine/ThirdParty/MoreMountains/MMTools/Core/MMAttributes/MMInformationAttribute.cs using Guid(a083e52b3b6964a0d88af5b74900af5e) Importer(2089858483,192608db42251d675da83286b1cce702) (ScriptedImporter) -> (artifact id: '77e2e2bb7c502bb078f9cc9059fee6f4') in 0.0191728 seconds
Number of updated asset objects reloaded before import = 0Number of asset objects unloaded after import = 0

========================================================================
Received Import Request.
  Time since last request: 0.000126 seconds.
  path: Assets/CorgiEngine/Demos/TheHunt/Models/Temple/temple.png
  artifactKey: Guid(b7df29d7584b8324dbc051359b073af5) Importer(2089858483,192608db42251d675da83286b1cce702)
Start importing Assets/CorgiEngine/Demos/TheHunt/Models/Temple/temple.png using Guid(b7df29d7584b8324dbc051359b073af5) Importer(2089858483,192608db42251d675da83286b1cce702) (ScriptedImporter) -> (artifact id: '200be6f81e59e55008bf2dbdbcfcf685') in 0.0475304 seconds
Number of updated asset objects reloaded before import = 0Number of asset objects unloaded after import = 3

========================================================================
Received Import Request.
  Time since last request: 0.000020 seconds.
  path: Assets/CorgiEngine/Demos/Retro/Tilemaps/RetroCave/RetroCave_29.asset
  artifactKey: Guid(97a7af4c937c67aa445f10c19fa75699) Importer(2089858483,192608db42251d675da83286b1cce702)
Start importing Assets/CorgiEngine/Demos/Retro/Tilemaps/RetroCave/RetroCave_29.asset using Guid(97a7af4c937c67aa445f10c19fa75699) Importer(2089858483,192608db42251d675da83286b1cce702) (ScriptedImporter) -> (artifact id: 'c602854706e1e5b19a9c6d4520f3d57e') in 0.0233024 seconds
Number of updated asset objects reloaded before import = 0Number of asset objects unloaded after import = 2

========================================================================
Received Import Request.
  Time since last request: 0.000021 seconds.
  path: Assets/CorgiEngine/Demos/Minimal/Prefabs/Weapons/Ammo/MinimalGrenade.prefab
  artifactKey: Guid(a9fa31b94ce2bbc408ddf4a33d569e32) Importer(2089858483,192608db42251d675da83286b1cce702)
Start importing Assets/CorgiEngine/Demos/Minimal/Prefabs/Weapons/Ammo/MinimalGrenade.prefab using Guid(a9fa31b94ce2bbc408ddf4a33d569e32) Importer(2089858483,192608db42251d675da83286b1cce702) (ScriptedImporter) -> (artifact id: '8b8441605f9e7b10f89cea65fcd2a05e') in 0.0857247 seconds
Number of updated asset objects reloaded before import = 0Number of asset objects unloaded after import = 27

========================================================================
Received Import Request.
  Time since last request: 0.000037 seconds.
  path: Assets/CorgiEngine/ThirdParty/MoreMountains/MMTools/Demos/MMRadio/MMRadioDemo.unity
  artifactKey: Guid(1696ee9a918086e4f8e67712feab322a) Importer(2089858483,192608db42251d675da83286b1cce702)
Start importing Assets/CorgiEngine/ThirdParty/MoreMountains/MMTools/Demos/MMRadio/MMRadioDemo.unity using Guid(1696ee9a918086e4f8e67712feab322a) Importer(2089858483,192608db42251d675da83286b1cce702) (ScriptedImporter) -> (artifact id: '93586ced8faa6f80560d97685fca4b11') in 0.0344085 seconds
Number of updated asset objects reloaded before import = 0Number of asset objects unloaded after import = 1

========================================================================
Received Import Request.
  Time since last request: 0.000089 seconds.
  path: Assets/CorgiEngine/ThirdParty/MoreMountains/InventoryEngine/Demos/PixelRogue/Lighting/Minimal1Settings.lighting
  artifactKey: Guid(5f4da9f94c7e52148895514a494052f6) Importer(2089858483,192608db42251d675da83286b1cce702)
Start importing Assets/CorgiEngine/ThirdParty/MoreMountains/InventoryEngine/Demos/PixelRogue/Lighting/Minimal1Settings.lighting using Guid(5f4da9f94c7e52148895514a494052f6) Importer(2089858483,192608db42251d675da83286b1cce702) (ScriptedImporter) -> (artifact id: 'a87c026956eafad9dd045c209efc98a4') in 0.0292807 seconds
Number of updated asset objects reloaded before import = 0Number of asset objects unloaded after import = 1

========================================================================
Received Import Request.
  Time since last request: 0.000098 seconds.
  path: Assets/CorgiEngine/ThirdParty/MoreMountains/MMTools/Core/MMReorderableList/ReorderableArray.cs
  artifactKey: Guid(5132fa5788b8a7347b370fa5d071c913) Importer(2089858483,192608db42251d675da83286b1cce702)
Start importing Assets/CorgiEngine/ThirdParty/MoreMountains/MMTools/Core/MMReorderableList/ReorderableArray.cs using Guid(5132fa5788b8a7347b370fa5d071c913) Importer(2089858483,192608db42251d675da83286b1cce702) (ScriptedImporter) -> (artifact id: '288c42668ee7b627862455aad06d1aa0') in 0.0266634 seconds
Number of updated asset objects reloaded before import = 0Number of asset objects unloaded after import = 0

========================================================================
Received Import Request.
  Time since last request: 0.000061 seconds.
  path: Assets/CorgiEngine/ThirdParty/MoreMountains/MMFeedbacks/Demos/MMFeedbacksDemo/Materials/FeedbacksDemoTextMaterial.mat
  artifactKey: Guid(ec60e88fd8fdc0d4caae75e367922560) Importer(2089858483,192608db42251d675da83286b1cce702)
Start importing Assets/CorgiEngine/ThirdParty/MoreMountains/MMFeedbacks/Demos/MMFeedbacksDemo/Materials/FeedbacksDemoTextMaterial.mat using Guid(ec60e88fd8fdc0d4caae75e367922560) Importer(2089858483,192608db42251d675da83286b1cce702) (ScriptedImporter) -> (artifact id: '98254f1a6d319d2c5cd435f537d7b3aa') in 0.0306212 seconds
Number of updated asset objects reloaded before import = 0Number of asset objects unloaded after import = 1

========================================================================
Received Import Request.
  Time since last request: 0.000072 seconds.
  path: Assets/CorgiEngine/ThirdParty/MoreMountains/MMTools/Core/MMSaveLoad/MMSaveLoadManagerMethodJson.cs
  artifactKey: Guid(148ba46d50e5e7346a7ac051cf1b6617) Importer(2089858483,192608db42251d675da83286b1cce702)
Start importing Assets/CorgiEngine/ThirdParty/MoreMountains/MMTools/Core/MMSaveLoad/MMSaveLoadManagerMethodJson.cs using Guid(148ba46d50e5e7346a7ac051cf1b6617) Importer(2089858483,192608db42251d675da83286b1cce702) (ScriptedImporter) -> (artifact id: '613d2445503461908bdc2a48d1b45055') in 0.0243388 seconds
Number of updated asset objects reloaded before import = 0Number of asset objects unloaded after import = 0

========================================================================
Received Import Request.
  Time since last request: 0.000154 seconds.
  path: Assets/CorgiEngine/ThirdParty/MoreMountains/InventoryEngine/Demos/PixelRogue/Scripts/InventoryDemoStorageBox.cs
  artifactKey: Guid(e13bf5088e823d54eadbfc9cf4e8172e) Importer(2089858483,192608db42251d675da83286b1cce702)
Start importing Assets/CorgiEngine/ThirdParty/MoreMountains/InventoryEngine/Demos/PixelRogue/Scripts/InventoryDemoStorageBox.cs using Guid(e13bf5088e823d54eadbfc9cf4e8172e) Importer(2089858483,192608db42251d675da83286b1cce702) (ScriptedImporter) -> (artifact id: '3b9632123f45fc2f02f8d05b6c29354e') in 0.0259005 seconds
Number of updated asset objects reloaded before import = 0Number of asset objects unloaded after import = 0

========================================================================
Received Import Request.
  Time since last request: 0.000081 seconds.
  path: Assets/CorgiEngine/ThirdParty/MoreMountains/MMTools/Core/MMUI/MMFaderDirectional.cs
  artifactKey: Guid(315af83f344d8a24e9f6d1399e439fdd) Importer(2089858483,192608db42251d675da83286b1cce702)
Start importing Assets/CorgiEngine/ThirdParty/MoreMountains/MMTools/Core/MMUI/MMFaderDirectional.cs using Guid(315af83f344d8a24e9f6d1399e439fdd) Importer(2089858483,192608db42251d675da83286b1cce702) (ScriptedImporter) -> (artifact id: '9e78546375a61b4528546dbe3ef9a7ed') in 0.0223835 seconds
Number of updated asset objects reloaded before import = 0Number of asset objects unloaded after import = 0

========================================================================
Received Import Request.
  Time since last request: 0.000108 seconds.
  path: Assets/CorgiEngine/ThirdParty/MoreMountains/MMTools/Foundation/MMAI/AIAction.cs
  artifactKey: Guid(4d7020c7ee7492e40848350adbd515be) Importer(2089858483,192608db42251d675da83286b1cce702)
Start importing Assets/CorgiEngine/ThirdParty/MoreMountains/MMTools/Foundation/MMAI/AIAction.cs using Guid(4d7020c7ee7492e40848350adbd515be) Importer(2089858483,192608db42251d675da83286b1cce702) (ScriptedImporter) -> (artifact id: 'eb9c21f7cc1e4fbb1751e498f9378d83') in 0.0240952 seconds
Number of updated asset objects reloaded before import = 0Number of asset objects unloaded after import = 0

========================================================================
Received Import Request.
  Time since last request: 0.000149 seconds.
  path: Assets/CorgiEngine/ThirdParty/MoreMountains/MMFeedbacks/Demos/MMFeedbacksDemo/Materials/FeedbacksDemoGroundRocks.mat
  artifactKey: Guid(8b80d96aef31b7b42927634a8a768ed6) Importer(2089858483,192608db42251d675da83286b1cce702)
Start importing Assets/CorgiEngine/ThirdParty/MoreMountains/MMFeedbacks/Demos/MMFeedbacksDemo/Materials/FeedbacksDemoGroundRocks.mat using Guid(8b80d96aef31b7b42927634a8a768ed6) Importer(2089858483,192608db42251d675da83286b1cce702) (ScriptedImporter) -> (artifact id: '660396e62104eafe378434e18a4cafa5') in 0.039822 seconds
Number of updated asset objects reloaded before import = 0Number of asset objects unloaded after import = 1

========================================================================
Received Import Request.
  Time since last request: 0.000024 seconds.
  path: Assets/CorgiEngine/ThirdParty/MoreMountains/MMTools/Foundation/MMAnimation/MMStopMotionAnimation.cs
  artifactKey: Guid(409ecbe35fc2afd4b82ade0142839256) Importer(2089858483,192608db42251d675da83286b1cce702)
Start importing Assets/CorgiEngine/ThirdParty/MoreMountains/MMTools/Foundation/MMAnimation/MMStopMotionAnimation.cs using Guid(409ecbe35fc2afd4b82ade0142839256) Importer(2089858483,192608db42251d675da83286b1cce702) (ScriptedImporter) -> (artifact id: 'c73f1048972651db37aeefd8f12242de') in 0.0229402 seconds
Number of updated asset objects reloaded before import = 0Number of asset objects unloaded after import = 0

========================================================================
Received Import Request.
  Time since last request: 0.000045 seconds.
  path: Assets/CorgiEngine/ThirdParty/MoreMountains/InventoryEngine/Demos/PixelRogue/Sprites/PixelInventoryButtons.png
  artifactKey: Guid(7c1ffec91c2f2d44bb5cd98a294de6ce) Importer(2089858483,192608db42251d675da83286b1cce702)
Start importing Assets/CorgiEngine/ThirdParty/MoreMountains/InventoryEngine/Demos/PixelRogue/Sprites/PixelInventoryButtons.png using Guid(7c1ffec91c2f2d44bb5cd98a294de6ce) Importer(2089858483,192608db42251d675da83286b1cce702) (ScriptedImporter) -> (artifact id: '5c0479c23f74b2573b9fd90ac734dc59') in 0.0669513 seconds
Number of updated asset objects reloaded before import = 0Number of asset objects unloaded after import = 8

========================================================================
Received Import Request.
  Time since last request: 0.000024 seconds.
  path: Assets/CorgiEngine/ThirdParty/MoreMountains/MMTools/Foundation/MMAI/AIState.cs
  artifactKey: Guid(6e1187ab043b6154493c3407ed149566) Importer(2089858483,192608db42251d675da83286b1cce702)
Start importing Assets/CorgiEngine/ThirdParty/MoreMountains/MMTools/Foundation/MMAI/AIState.cs using Guid(6e1187ab043b6154493c3407ed149566) Importer(2089858483,192608db42251d675da83286b1cce702) (ScriptedImporter) -> (artifact id: 'b4ed30f53acab57133daaa1e577bd802') in 0.0212974 seconds
Number of updated asset objects reloaded before import = 0Number of asset objects unloaded after import = 0

========================================================================
Received Import Request.
  Time since last request: 0.000092 seconds.
  path: Assets/CorgiEngine/ThirdParty/MoreMountains/InventoryEngine/InventoryEngine/Scripts/GUI/InventoryDisplay.cs
  artifactKey: Guid(451de0ab4ebef804ea32af6b63b22370) Importer(2089858483,192608db42251d675da83286b1cce702)
Start importing Assets/CorgiEngine/ThirdParty/MoreMountains/InventoryEngine/InventoryEngine/Scripts/GUI/InventoryDisplay.cs using Guid(451de0ab4ebef804ea32af6b63b22370) Importer(2089858483,192608db42251d675da83286b1cce702) (ScriptedImporter) -> (artifact id: '8c1fa9f8613e22e10146d90cfef643e8') in 0.0272928 seconds
Number of updated asset objects reloaded before import = 0Number of asset objects unloaded after import = 0

========================================================================
Received Import Request.
  Time since last request: 0.000141 seconds.
  path: Assets/CorgiEngine/ThirdParty/MoreMountains/InventoryEngine/InventoryEngine/Editor/Core/InventoryEditor.cs
  artifactKey: Guid(f0b3e73dbbe17464aa0c82339961d334) Importer(2089858483,192608db42251d675da83286b1cce702)
Start importing Assets/CorgiEngine/ThirdParty/MoreMountains/InventoryEngine/InventoryEngine/Editor/Core/InventoryEditor.cs using Guid(f0b3e73dbbe17464aa0c82339961d334) Importer(2089858483,192608db42251d675da83286b1cce702) (ScriptedImporter) -> (artifact id: '9acf2d416730393a5b0af8a2f7e9aadf') in 0.0183252 seconds
Number of updated asset objects reloaded before import = 0Number of asset objects unloaded after import = 0

========================================================================
Received Import Request.
  Time since last request: 0.000051 seconds.
  path: Assets/CorgiEngine/ThirdParty/MoreMountains/MMFeedbacks/Demos/MMFeedbacksDemo/Models/Cube.fbx
  artifactKey: Guid(71c1a7d31ae1f5148bd68555e9baee05) Importer(2089858483,192608db42251d675da83286b1cce702)
Start importing Assets/CorgiEngine/ThirdParty/MoreMountains/MMFeedbacks/Demos/MMFeedbacksDemo/Models/Cube.fbx using Guid(71c1a7d31ae1f5148bd68555e9baee05) Importer(2089858483,192608db42251d675da83286b1cce702) (ScriptedImporter) -> (artifact id: '709c56d5dc444890ab867bade391c302') in 0.0487275 seconds
Number of updated asset objects reloaded before import = 0Number of asset objects unloaded after import = 8

========================================================================
Received Import Request.
  Time since last request: 0.000024 seconds.
  path: Assets/CorgiEngine/ThirdParty/MoreMountains/MMTools/Foundation/MMLoot/MMLootTableGameObjectSO.cs
  artifactKey: Guid(4627644fa4929f64a92e4d63b3a1a95e) Importer(2089858483,192608db42251d675da83286b1cce702)
Start importing Assets/CorgiEngine/ThirdParty/MoreMountains/MMTools/Foundation/MMLoot/MMLootTableGameObjectSO.cs using Guid(4627644fa4929f64a92e4d63b3a1a95e) Importer(2089858483,192608db42251d675da83286b1cce702) (ScriptedImporter) -> (artifact id: 'a1bc84e829b559379c4d8e834bcea38e') in 0.0242149 seconds
Number of updated asset objects reloaded before import = 0Number of asset objects unloaded after import = 0

========================================================================
Received Import Request.
  Time since last request: 0.000131 seconds.
  path: Assets/CorgiEngine/ThirdParty/MoreMountains/MMTools/Demos/MMFollowTarget/MMFollowTargetDemo.unity
  artifactKey: Guid(a30b9d15855238143959d0e48191c151) Importer(2089858483,192608db42251d675da83286b1cce702)
Start importing Assets/CorgiEngine/ThirdParty/MoreMountains/MMTools/Demos/MMFollowTarget/MMFollowTargetDemo.unity using Guid(a30b9d15855238143959d0e48191c151) Importer(2089858483,192608db42251d675da83286b1cce702) (ScriptedImporter) -> (artifact id: '0a2c29996b1835b26f1ed87b560c508e') in 0.0255419 seconds
Number of updated asset objects reloaded before import = 0Number of asset objects unloaded after import = 1

========================================================================
Received Import Request.
  Time since last request: 0.000119 seconds.
  path: Assets/CorgiEngine/ThirdParty/MoreMountains/MMTools/Demos/MMGizmos/MMGizmoDemoSkybox.mat
  artifactKey: Guid(5232fa07f925b52418fdfb492eac5485) Importer(2089858483,192608db42251d675da83286b1cce702)
Start importing Assets/CorgiEngine/ThirdParty/MoreMountains/MMTools/Demos/MMGizmos/MMGizmoDemoSkybox.mat using Guid(5232fa07f925b52418fdfb492eac5485) Importer(2089858483,192608db42251d675da83286b1cce702) (ScriptedImporter) -> (artifact id: '8018aa1eaeb7ccf58d1258433c515abd') in 0.0302991 seconds
Number of updated asset objects reloaded before import = 0Number of asset objects unloaded after import = 1

========================================================================
Received Import Request.
  Time since last request: 0.000074 seconds.
  path: Assets/CorgiEngine/ThirdParty/MoreMountains/MMFeedbacks/Demos/MMFeedbacksDemo/Models/Sphere.fbx
  artifactKey: Guid(d9c2d3b5b3491844cb195e03ee9e1524) Importer(2089858483,192608db42251d675da83286b1cce702)
Start importing Assets/CorgiEngine/ThirdParty/MoreMountains/MMFeedbacks/Demos/MMFeedbacksDemo/Models/Sphere.fbx using Guid(d9c2d3b5b3491844cb195e03ee9e1524) Importer(2089858483,192608db42251d675da83286b1cce702) (ScriptedImporter) -> (artifact id: 'f406fd6349e17d94ac913c4bcabb6227') in 0.0466183 seconds
Number of updated asset objects reloaded before import = 0Number of asset objects unloaded after import = 8

========================================================================
Received Import Request.
  Time since last request: 0.000023 seconds.
  path: Assets/CorgiEngine/ThirdParty/MoreMountains/MMFeedbacks/Demos/MMFeedbacksDemo/Materials/FeedbacksDemoGreen.mat
  artifactKey: Guid(8d712c81db4f93049b55efa80c9770b9) Importer(2089858483,192608db42251d675da83286b1cce702)
Start importing Assets/CorgiEngine/ThirdParty/MoreMountains/MMFeedbacks/Demos/MMFeedbacksDemo/Materials/FeedbacksDemoGreen.mat using Guid(8d712c81db4f93049b55efa80c9770b9) Importer(2089858483,192608db42251d675da83286b1cce702) (ScriptedImporter) -> (artifact id: '91248bf2ab38988b5321ddcceb971a12') in 0.0394867 seconds
Number of updated asset objects reloaded before import = 0Number of asset objects unloaded after import = 3

========================================================================
Received Import Request.
  Time since last request: 0.000021 seconds.
  path: Assets/CorgiEngine/ThirdParty/MoreMountains/InventoryEngine/InventoryEngine/Editor/Core/InventoryEngineMenu.cs
  artifactKey: Guid(b64f7689229c891428754541043cbe30) Importer(2089858483,192608db42251d675da83286b1cce702)
Start importing Assets/CorgiEngine/ThirdParty/MoreMountains/InventoryEngine/InventoryEngine/Editor/Core/InventoryEngineMenu.cs using Guid(b64f7689229c891428754541043cbe30) Importer(2089858483,192608db42251d675da83286b1cce702) (ScriptedImporter) -> (artifact id: '41a62dcd17864a02058f16adefe63f60') in 0.0187037 seconds
Number of updated asset objects reloaded before import = 0Number of asset objects unloaded after import = 0

========================================================================
Received Import Request.
  Time since last request: 0.000042 seconds.
  path: Assets/CorgiEngine/ThirdParty/MoreMountains/InventoryEngine/InventoryEngine/Scripts/Core/InventoryItemClasses.cs
  artifactKey: Guid(998c748f5364ff84d93204c75dfaa0ac) Importer(2089858483,192608db42251d675da83286b1cce702)
Start importing Assets/CorgiEngine/ThirdParty/MoreMountains/InventoryEngine/InventoryEngine/Scripts/Core/InventoryItemClasses.cs using Guid(998c748f5364ff84d93204c75dfaa0ac) Importer(2089858483,192608db42251d675da83286b1cce702) (ScriptedImporter) -> (artifact id: '3d6e2339d611f9b6f9f343e60e2ae332') in 0.0256643 seconds
Number of updated asset objects reloaded before import = 0Number of asset objects unloaded after import = 0

========================================================================
Received Import Request.
  Time since last request: 0.000038 seconds.
  path: Assets/CorgiEngine/ThirdParty/MoreMountains/InventoryEngine/InventoryEngine/Scripts/Core/Inventory.cs
  artifactKey: Guid(286d1c3722a3a0749afb21ea8728d132) Importer(2089858483,192608db42251d675da83286b1cce702)
Start importing Assets/CorgiEngine/ThirdParty/MoreMountains/InventoryEngine/InventoryEngine/Scripts/Core/Inventory.cs using Guid(286d1c3722a3a0749afb21ea8728d132) Importer(2089858483,192608db42251d675da83286b1cce702) (ScriptedImporter) -> (artifact id: 'd72b5010d107f060034365ea65fa7832') in 0.0248891 seconds
Number of updated asset objects reloaded before import = 0Number of asset objects unloaded after import = 0

========================================================================
Received Import Request.
  Time since last request: 0.000075 seconds.
  path: Assets/CorgiEngine/ThirdParty/MoreMountains/MMTools/Demos/MMPrototypeTextures/MMPrototypeTexturesDemo.unity
  artifactKey: Guid(79c422b0924ecaa40b379d2fc48acf82) Importer(2089858483,192608db42251d675da83286b1cce702)
Start importing Assets/CorgiEngine/ThirdParty/MoreMountains/MMTools/Demos/MMPrototypeTextures/MMPrototypeTexturesDemo.unity using Guid(79c422b0924ecaa40b379d2fc48acf82) Importer(2089858483,192608db42251d675da83286b1cce702) (ScriptedImporter) -> (artifact id: 'c74073a64800369a824bac1abaabc4b7') in 0.0387227 seconds
Number of updated asset objects reloaded before import = 0Number of asset objects unloaded after import = 1

========================================================================
Received Import Request.
  Time since last request: 0.000082 seconds.
  path: Assets/CorgiEngine/Common/Scripts/Agents/AI/Advanced/AIActionPatrol.cs
  artifactKey: Guid(e526416177125ab42bac14c4abb75f68) Importer(2089858483,192608db42251d675da83286b1cce702)
Start importing Assets/CorgiEngine/Common/Scripts/Agents/AI/Advanced/AIActionPatrol.cs using Guid(e526416177125ab42bac14c4abb75f68) Importer(2089858483,192608db42251d675da83286b1cce702) (ScriptedImporter) -> (artifact id: '1788e860ddd88e90e6abcc192ce63019') in 0.0233394 seconds
Number of updated asset objects reloaded before import = 0Number of asset objects unloaded after import = 0

========================================================================
Received Import Request.
  Time since last request: 0.000099 seconds.
  path: Assets/CorgiEngine/Demos/Retro/Tilemaps/RetroCave/RetroCave_6.asset
  artifactKey: Guid(0cc6fede9edefc74b1b8c50edce69992) Importer(2089858483,192608db42251d675da83286b1cce702)
Start importing Assets/CorgiEngine/Demos/Retro/Tilemaps/RetroCave/RetroCave_6.asset using Guid(0cc6fede9edefc74b1b8c50edce69992) Importer(2089858483,192608db42251d675da83286b1cce702) (ScriptedImporter) -> (artifact id: 'ba38da19071db916d2e9974c370b6058') in 0.0228386 seconds
Number of updated asset objects reloaded before import = 0Number of asset objects unloaded after import = 2

========================================================================
Received Import Request.
  Time since last request: 0.000023 seconds.
  path: Assets/CorgiEngine/Demos/TheHunt/Models/Temple/temple.mtl
  artifactKey: Guid(3ffe2fb0b5c6f5f4181b9d0b4cbf6e51) Importer(2089858483,192608db42251d675da83286b1cce702)
Start importing Assets/CorgiEngine/Demos/TheHunt/Models/Temple/temple.mtl using Guid(3ffe2fb0b5c6f5f4181b9d0b4cbf6e51) Importer(2089858483,192608db42251d675da83286b1cce702) (ScriptedImporter) -> (artifact id: 'a760334415d06fb73315d19aa73aa024') in 0.0202167 seconds
Number of updated asset objects reloaded before import = 0Number of asset objects unloaded after import = 1

========================================================================
Received Import Request.
  Time since last request: 0.000030 seconds.
  path: Assets/CorgiEngine/Demos/Retro/Tilemaps/RetroRocks/RetroRocks_33.asset
  artifactKey: Guid(7d3c0cc868741267bf6cf1d428a218c7) Importer(2089858483,192608db42251d675da83286b1cce702)
Start importing Assets/CorgiEngine/Demos/Retro/Tilemaps/RetroRocks/RetroRocks_33.asset using Guid(7d3c0cc868741267bf6cf1d428a218c7) Importer(2089858483,192608db42251d675da83286b1cce702) (ScriptedImporter) -> (artifact id: '92912a69e9bbba3316bac74db9f36b9e') in 0.0377101 seconds
Number of updated asset objects reloaded before import = 0Number of asset objects unloaded after import = 2

========================================================================
Received Import Request.
  Time since last request: 0.000045 seconds.
  path: Assets/CorgiEngine/Demos/Retro/Tilemaps/RetroRocks/RetroRocks_27.asset
  artifactKey: Guid(3e9c2dfa3d3054077659bc2fdcc8e478) Importer(2089858483,192608db42251d675da83286b1cce702)
Start importing Assets/CorgiEngine/Demos/Retro/Tilemaps/RetroRocks/RetroRocks_27.asset using Guid(3e9c2dfa3d3054077659bc2fdcc8e478) Importer(2089858483,192608db42251d675da83286b1cce702) (ScriptedImporter) -> (artifact id: 'ce30cedd9c0c84b1b79b3e8d51f4e49e') in 0.028367 seconds
Number of updated asset objects reloaded before import = 0Number of asset objects unloaded after import = 2

========================================================================
Received Import Request.
  Time since last request: 0.000022 seconds.
  path: Assets/CorgiEngine/Demos/TheHunt/Models/Soldier/Red@Death.fbx
  artifactKey: Guid(5c6eb71c18c47924d9a8fa096a180b7c) Importer(2089858483,192608db42251d675da83286b1cce702)
Start importing Assets/CorgiEngine/Demos/TheHunt/Models/Soldier/Red@Death.fbx using Guid(5c6eb71c18c47924d9a8fa096a180b7c) Importer(2089858483,192608db42251d675da83286b1cce702) (ScriptedImporter) -> (artifact id: '5f7958b540aa42d9e186722e89749f10') in 0.0481629 seconds
Number of updated asset objects reloaded before import = 0Number of asset objects unloaded after import = 66

========================================================================
Received Import Request.
  Time since last request: 0.000027 seconds.
  path: Assets/CorgiEngine/ThirdParty/MoreMountains/InventoryEngine/InventoryEngine/Sounds/DefaultSounds/ErrorWav.wav
  artifactKey: Guid(4fb0c4caea93e724982abebb4a341da2) Importer(2089858483,192608db42251d675da83286b1cce702)
Start importing Assets/CorgiEngine/ThirdParty/MoreMountains/InventoryEngine/InventoryEngine/Sounds/DefaultSounds/ErrorWav.wav using Guid(4fb0c4caea93e724982abebb4a341da2) Importer(2089858483,192608db42251d675da83286b1cce702) (ScriptedImporter) -> (artifact id: '8dfc4fc60596188889a749fe464dba5d') in 0.0845175 seconds
Number of updated asset objects reloaded before import = 0Number of asset objects unloaded after import = 1

========================================================================
Received Import Request.
  Time since last request: 0.000033 seconds.
  path: Assets/CorgiEngine/ThirdParty/MoreMountains/MMTools/Core/MMAttributes/MMInspectorButtonAttribute.cs
  artifactKey: Guid(325b5ef7494cead4fbd33a7e9c22c44d) Importer(2089858483,192608db42251d675da83286b1cce702)
Start importing Assets/CorgiEngine/ThirdParty/MoreMountains/MMTools/Core/MMAttributes/MMInspectorButtonAttribute.cs using Guid(325b5ef7494cead4fbd33a7e9c22c44d) Importer(2089858483,192608db42251d675da83286b1cce702) (ScriptedImporter) -> (artifact id: '019d19ecb759db96eef16d59343efcef') in 0.0200189 seconds
Number of updated asset objects reloaded before import = 0Number of asset objects unloaded after import = 0

========================================================================
Received Import Request.
  Time since last request: 0.000054 seconds.
  path: Assets/CorgiEngine/Demos/Corgi2D/Sprites/Environment/Blocks/rock-shake.anim
  artifactKey: Guid(262d4586e32c74930ace4e12a6bedc64) Importer(2089858483,192608db42251d675da83286b1cce702)
Start importing Assets/CorgiEngine/Demos/Corgi2D/Sprites/Environment/Blocks/rock-shake.anim using Guid(262d4586e32c74930ace4e12a6bedc64) Importer(2089858483,192608db42251d675da83286b1cce702) (ScriptedImporter) -> (artifact id: 'b00aa4058e7bb022323c4a51ef488bd8') in 0.0276696 seconds
Number of updated asset objects reloaded before import = 0Number of asset objects unloaded after import = 1

========================================================================
Received Import Request.
  Time since last request: 0.000094 seconds.
  path: Assets/CorgiEngine/Demos/TheHunt/Models/Soldier/Red@Hang.fbx
  artifactKey: Guid(63b378d9249de5d4187cbd9f0dca697a) Importer(2089858483,192608db42251d675da83286b1cce702)
Start importing Assets/CorgiEngine/Demos/TheHunt/Models/Soldier/Red@Hang.fbx using Guid(63b378d9249de5d4187cbd9f0dca697a) Importer(2089858483,192608db42251d675da83286b1cce702) (ScriptedImporter) -> (artifact id: 'd68d6ba4906360ff2cd608e3581bb95b') in 0.0455103 seconds
Number of updated asset objects reloaded before import = 0Number of asset objects unloaded after import = 66

========================================================================
Received Import Request.
  Time since last request: 0.000024 seconds.
  path: Assets/CorgiEngine/ThirdParty/MoreMountains/MMTools/Core/MMObjectPool/MMObjectPooler.cs
  artifactKey: Guid(744b7d0770e56334f9ed2e0561c50cc3) Importer(2089858483,192608db42251d675da83286b1cce702)
Start importing Assets/CorgiEngine/ThirdParty/MoreMountains/MMTools/Core/MMObjectPool/MMObjectPooler.cs using Guid(744b7d0770e56334f9ed2e0561c50cc3) Importer(2089858483,192608db42251d675da83286b1cce702) (ScriptedImporter) -> (artifact id: '2f1e4384706c7a2cf0e43b1c6b6cf741') in 0.0234176 seconds
Number of updated asset objects reloaded before import = 0Number of asset objects unloaded after import = 0

========================================================================
Received Import Request.
  Time since last request: 0.000046 seconds.
  path: Assets/CorgiEngine/Demos/Retro/Tilemaps/RetroCave/RetroCave_21.asset
  artifactKey: Guid(7b34b7292f9f2d599bd2d5378a756324) Importer(2089858483,192608db42251d675da83286b1cce702)
Start importing Assets/CorgiEngine/Demos/Retro/Tilemaps/RetroCave/RetroCave_21.asset using Guid(7b34b7292f9f2d599bd2d5378a756324) Importer(2089858483,192608db42251d675da83286b1cce702) (ScriptedImporter) -> (artifact id: '5efb48b819360c1dd84580133fcd8ed0') in 0.0323978 seconds
Number of updated asset objects reloaded before import = 0Number of asset objects unloaded after import = 2

========================================================================
Received Import Request.
  Time since last request: 0.000021 seconds.
  path: Assets/CorgiEngine/ThirdParty/MoreMountains/MMTools/Demos/MMDebugMenu/MMDebugMenuDemoData.asset
  artifactKey: Guid(244fc583bba6930489841e197a9677db) Importer(2089858483,192608db42251d675da83286b1cce702)
Start importing Assets/CorgiEngine/ThirdParty/MoreMountains/MMTools/Demos/MMDebugMenu/MMDebugMenuDemoData.asset using Guid(244fc583bba6930489841e197a9677db) Importer(2089858483,192608db42251d675da83286b1cce702) (ScriptedImporter) -> (artifact id: '32013a28f8327cf34eb4dfefdd103411') in 0.0955777 seconds
Number of updated asset objects reloaded before import = 0Number of asset objects unloaded after import = 325

========================================================================
Received Import Request.
  Time since last request: 0.000029 seconds.
  path: Assets/CorgiEngine/ThirdParty/MoreMountains/MMTools/Accessories/MMUtilities/MMOpenURL.cs
  artifactKey: Guid(dee3b2b4131e71b4896b58b4361de7ac) Importer(2089858483,192608db42251d675da83286b1cce702)
Start importing Assets/CorgiEngine/ThirdParty/MoreMountains/MMTools/Accessories/MMUtilities/MMOpenURL.cs using Guid(dee3b2b4131e71b4896b58b4361de7ac) Importer(2089858483,192608db42251d675da83286b1cce702) (ScriptedImporter) -> (artifact id: 'b626d2c5cb0ab0ab202f7dc89dd571f2') in 0.0224884 seconds
Number of updated asset objects reloaded before import = 0Number of asset objects unloaded after import = 0

========================================================================
Received Import Request.
  Time since last request: 0.000035 seconds.
  path: Assets/CorgiEngine/ThirdParty/MoreMountains/MMTools/Accessories/MMShaders/MMMatcap.shader
  artifactKey: Guid(2e883a990b855be4eb85a58f732c8ea7) Importer(2089858483,192608db42251d675da83286b1cce702)
Start importing Assets/CorgiEngine/ThirdParty/MoreMountains/MMTools/Accessories/MMShaders/MMMatcap.shader using Guid(2e883a990b855be4eb85a58f732c8ea7) Importer(2089858483,192608db42251d675da83286b1cce702) (ScriptedImporter) -> (artifact id: '48b3c18bf94b995caddd8cf7a69b17e4') in 0.0268833 seconds
Number of updated asset objects reloaded before import = 0Number of asset objects unloaded after import = 1

========================================================================
Received Import Request.
  Time since last request: 0.000022 seconds.
  path: Assets/CorgiEngine/ThirdParty/MoreMountains/InventoryEngine/InventoryEngine/Scripts/GUI/InventorySlot.cs
  artifactKey: Guid(a065b17f5c7e20442ab8d29ce30bc745) Importer(2089858483,192608db42251d675da83286b1cce702)
Start importing Assets/CorgiEngine/ThirdParty/MoreMountains/InventoryEngine/InventoryEngine/Scripts/GUI/InventorySlot.cs using Guid(a065b17f5c7e20442ab8d29ce30bc745) Importer(2089858483,192608db42251d675da83286b1cce702) (ScriptedImporter) -> (artifact id: '6a49f7f34209912cfe0d6af052d61aa6') in 0.0195159 seconds
Number of updated asset objects reloaded before import = 0Number of asset objects unloaded after import = 0

========================================================================
Received Import Request.
  Time since last request: 0.000063 seconds.
  path: Assets/CorgiEngine/ThirdParty/MoreMountains/InventoryEngine/Demos/PixelRogue/Prefabs/UICamera.prefab
  artifactKey: Guid(21bbf2e974b14e2468230a1da74b7a63) Importer(2089858483,192608db42251d675da83286b1cce702)
Start importing Assets/CorgiEngine/ThirdParty/MoreMountains/InventoryEngine/Demos/PixelRogue/Prefabs/UICamera.prefab using Guid(21bbf2e974b14e2468230a1da74b7a63) Importer(2089858483,192608db42251d675da83286b1cce702) (ScriptedImporter) -> (artifact id: 'f9cab3dee76dbc6a94d2cb74816f4b31') in 0.0710296 seconds
Number of updated asset objects reloaded before import = 0Number of asset objects unloaded after import = 421

========================================================================
Received Import Request.
  Time since last request: 0.000026 seconds.
  path: Assets/CorgiEngine/ThirdParty/MoreMountains/MMTools/Accessories/MMPerformance/MMFPSCounter.cs
  artifactKey: Guid(06e8923c17983d643980d7d7773b7382) Importer(2089858483,192608db42251d675da83286b1cce702)
Start importing Assets/CorgiEngine/ThirdParty/MoreMountains/MMTools/Accessories/MMPerformance/MMFPSCounter.cs using Guid(06e8923c17983d643980d7d7773b7382) Importer(2089858483,192608db42251d675da83286b1cce702) (ScriptedImporter) -> (artifact id: '99b4bc2a9fa76893632fb237b7e4ae2c') in 0.0220641 seconds
Number of updated asset objects reloaded before import = 0Number of asset objects unloaded after import = 0

========================================================================
Received Import Request.
  Time since last request: 0.000080 seconds.
  path: Assets/CorgiEngine/ThirdParty/MoreMountains/MMTools/Accessories/Editor/MoreMountains.Tools.Accessories.Editor.asmref
  artifactKey: Guid(e4ca86eeefb9e704a9e99ebb71e8345d) Importer(2089858483,192608db42251d675da83286b1cce702)
Start importing Assets/CorgiEngine/ThirdParty/MoreMountains/MMTools/Accessories/Editor/MoreMountains.Tools.Accessories.Editor.asmref using Guid(e4ca86eeefb9e704a9e99ebb71e8345d) Importer(2089858483,192608db42251d675da83286b1cce702) (ScriptedImporter) -> (artifact id: '8fa862b2105ec9abe0f18d37c85ff72e') in 0.0375025 seconds
Number of updated asset objects reloaded before import = 0Number of asset objects unloaded after import = 1

========================================================================
Received Import Request.
  Time since last request: 0.000027 seconds.
  path: Assets/CorgiEngine/ThirdParty/MoreMountains/MMTools/Accessories/MMTilemaps/MMTilemapBoolean.cs
  artifactKey: Guid(ed5d5aca24f393844931ca9f8c7e05c8) Importer(2089858483,192608db42251d675da83286b1cce702)
Start importing Assets/CorgiEngine/ThirdParty/MoreMountains/MMTools/Accessories/MMTilemaps/MMTilemapBoolean.cs using Guid(ed5d5aca24f393844931ca9f8c7e05c8) Importer(2089858483,192608db42251d675da83286b1cce702) (ScriptedImporter) -> (artifact id: 'cfb9dc099bf6e5ae55eb9b89923488f7') in 0.0204084 seconds
Number of updated asset objects reloaded before import = 0Number of asset objects unloaded after import = 0

========================================================================
Received Import Request.
  Time since last request: 0.000091 seconds.
  path: Assets/CorgiEngine/ThirdParty/MoreMountains/MMTools/Core/MMHelpers/MMFade.cs
  artifactKey: Guid(c55f5c5831b7b344bb8ae4b4471d7253) Importer(2089858483,192608db42251d675da83286b1cce702)
Start importing Assets/CorgiEngine/ThirdParty/MoreMountains/MMTools/Core/MMHelpers/MMFade.cs using Guid(c55f5c5831b7b344bb8ae4b4471d7253) Importer(2089858483,192608db42251d675da83286b1cce702) (ScriptedImporter) -> (artifact id: '356585605e5655b5d73ec3cfdc5d2252') in 0.0253628 seconds
Number of updated asset objects reloaded before import = 0Number of asset objects unloaded after import = 0

========================================================================
Received Import Request.
  Time since last request: 0.000100 seconds.
  path: Assets/CorgiEngine/ThirdParty/MoreMountains/MMTools/Accessories/MMTilemaps/MMTilemap.cs
  artifactKey: Guid(71bd7b8dc6ab21844b34803a4084a56e) Importer(2089858483,192608db42251d675da83286b1cce702)
Start importing Assets/CorgiEngine/ThirdParty/MoreMountains/MMTools/Accessories/MMTilemaps/MMTilemap.cs using Guid(71bd7b8dc6ab21844b34803a4084a56e) Importer(2089858483,192608db42251d675da83286b1cce702) (ScriptedImporter) -> (artifact id: 'd3b2bf67d7bbd64836fd6bb1b8ab1ffa') in 0.0255287 seconds
Number of updated asset objects reloaded before import = 0Number of asset objects unloaded after import = 0

========================================================================
Received Import Request.
  Time since last request: 0.000062 seconds.
  path: Assets/CorgiEngine/ThirdParty/MoreMountains/MMTools/Accessories/MMActivation/MMTriggerAndCollision.cs
  artifactKey: Guid(007ea1391362e4845aee91886eb0cda3) Importer(2089858483,192608db42251d675da83286b1cce702)
Start importing Assets/CorgiEngine/ThirdParty/MoreMountains/MMTools/Accessories/MMActivation/MMTriggerAndCollision.cs using Guid(007ea1391362e4845aee91886eb0cda3) Importer(2089858483,192608db42251d675da83286b1cce702) (ScriptedImporter) -> (artifact id: '2a926312fc427ba1e1f5a693808884e2') in 0.0219558 seconds
Number of updated asset objects reloaded before import = 0Number of asset objects unloaded after import = 0

========================================================================
Received Import Request.
  Time since last request: 0.000052 seconds.
  path: Assets/CorgiEngine/ThirdParty/MoreMountains/MMTools/Accessories/MMMovement/MMPreventPassingThrough.cs
  artifactKey: Guid(3b2a1f7815d40344186f7659d93abe80) Importer(2089858483,192608db42251d675da83286b1cce702)
Start importing Assets/CorgiEngine/ThirdParty/MoreMountains/MMTools/Accessories/MMMovement/MMPreventPassingThrough.cs using Guid(3b2a1f7815d40344186f7659d93abe80) Importer(2089858483,192608db42251d675da83286b1cce702) (ScriptedImporter) -> (artifact id: '874d5d3925a508ead79e5a89753cf0b4') in 0.0287848 seconds
Number of updated asset objects reloaded before import = 0Number of asset objects unloaded after import = 0

========================================================================
Received Import Request.
  Time since last request: 0.000221 seconds.
  path: Assets/CorgiEngine/ThirdParty/MoreMountains/InventoryEngine/Demos/PixelRogue/Sprites/PixelInventoryBg.png
  artifactKey: Guid(00974a438b734874e8ada5fa1725872e) Importer(2089858483,192608db42251d675da83286b1cce702)
Start importing Assets/CorgiEngine/ThirdParty/MoreMountains/InventoryEngine/Demos/PixelRogue/Sprites/PixelInventoryBg.png using Guid(00974a438b734874e8ada5fa1725872e) Importer(2089858483,192608db42251d675da83286b1cce702) (ScriptedImporter) -> (artifact id: 'fb3cbef23d7685a6ee0a41af168dca8d') in 0.0515927 seconds
Number of updated asset objects reloaded before import = 0Number of asset objects unloaded after import = 3

========================================================================
Received Import Request.
  Time since last request: 0.000059 seconds.
  path: Assets/CorgiEngine/ThirdParty/MoreMountains/MMTools/Demos/MMDebugMenu/MMDebugMenuTestClass.cs
  artifactKey: Guid(ef713a82a60f6cf45a06e190e86b84d3) Importer(2089858483,192608db42251d675da83286b1cce702)
Start importing Assets/CorgiEngine/ThirdParty/MoreMountains/MMTools/Demos/MMDebugMenu/MMDebugMenuTestClass.cs using Guid(ef713a82a60f6cf45a06e190e86b84d3) Importer(2089858483,192608db42251d675da83286b1cce702) (ScriptedImporter) -> (artifact id: 'ec3ac81bdc59d852a1959b5614cdd6dd') in 0.0295646 seconds
Number of updated asset objects reloaded before import = 0Number of asset objects unloaded after import = 0

========================================================================
Received Import Request.
  Time since last request: 0.000027 seconds.
  path: Assets/CorgiEngine/ThirdParty/MoreMountains/MMTools/Core/MMSaveLoad/IMMPersistent.cs
  artifactKey: Guid(35d5d4d43a5ca4147b2488524fbe815e) Importer(2089858483,192608db42251d675da83286b1cce702)
Start importing Assets/CorgiEngine/ThirdParty/MoreMountains/MMTools/Core/MMSaveLoad/IMMPersistent.cs using Guid(35d5d4d43a5ca4147b2488524fbe815e) Importer(2089858483,192608db42251d675da83286b1cce702) (ScriptedImporter) -> (artifact id: '576aebad393283162548dee3d4366561') in 0.0250224 seconds
Number of updated asset objects reloaded before import = 0Number of asset objects unloaded after import = 0

========================================================================
Received Import Request.
  Time since last request: 0.000087 seconds.
  path: Assets/CorgiEngine/ThirdParty/MoreMountains/MMTools/Foundation/MMLoot/MMLoot.cs
  artifactKey: Guid(ae83134bbe174934c889c5969a608e7d) Importer(2089858483,192608db42251d675da83286b1cce702)
Start importing Assets/CorgiEngine/ThirdParty/MoreMountains/MMTools/Foundation/MMLoot/MMLoot.cs using Guid(ae83134bbe174934c889c5969a608e7d) Importer(2089858483,192608db42251d675da83286b1cce702) (ScriptedImporter) -> (artifact id: 'f6f3d5882a97858213614695a328ebcb') in 0.0214726 seconds
Number of updated asset objects reloaded before import = 0Number of asset objects unloaded after import = 0

========================================================================
Received Import Request.
  Time since last request: 0.000158 seconds.
  path: Assets/CorgiEngine/ThirdParty/MoreMountains/MMTools/Core/MMSaveLoad/MMSaveLoadTester.cs
  artifactKey: Guid(58f9c048a89d0d5448bf5972cdc13fad) Importer(2089858483,192608db42251d675da83286b1cce702)
Start importing Assets/CorgiEngine/ThirdParty/MoreMountains/MMTools/Core/MMSaveLoad/MMSaveLoadTester.cs using Guid(58f9c048a89d0d5448bf5972cdc13fad) Importer(2089858483,192608db42251d675da83286b1cce702) (ScriptedImporter) -> (artifact id: '0614899a72931fa6b385cd73fadf6c4a') in 0.0297259 seconds
Number of updated asset objects reloaded before import = 0Number of asset objects unloaded after import = 0

========================================================================
Received Import Request.
  Time since last request: 0.000132 seconds.
  path: Assets/CorgiEngine/ThirdParty/MoreMountains/MMTools/Foundation/MMControls/MMTouchJoystick.cs
  artifactKey: Guid(8f6a0577d46b80a4f929e57370c60650) Importer(2089858483,192608db42251d675da83286b1cce702)
Start importing Assets/CorgiEngine/ThirdParty/MoreMountains/MMTools/Foundation/MMControls/MMTouchJoystick.cs using Guid(8f6a0577d46b80a4f929e57370c60650) Importer(2089858483,192608db42251d675da83286b1cce702) (ScriptedImporter) -> (artifact id: 'b69f034a28621802bfabfc5b027e924e') in 0.0183763 seconds
Number of updated asset objects reloaded before import = 0Number of asset objects unloaded after import = 0

========================================================================
Received Import Request.
  Time since last request: 0.000121 seconds.
  path: Assets/CorgiEngine/ThirdParty/MoreMountains/MMFeedbacks/Demos/MMFeedbacksDemo/Materials/FeedbacksDemoCupcakeMaterial.mat
  artifactKey: Guid(c1d23fed02e635544b12ed36a30f8113) Importer(2089858483,192608db42251d675da83286b1cce702)
Start importing Assets/CorgiEngine/ThirdParty/MoreMountains/MMFeedbacks/Demos/MMFeedbacksDemo/Materials/FeedbacksDemoCupcakeMaterial.mat using Guid(c1d23fed02e635544b12ed36a30f8113) Importer(2089858483,192608db42251d675da83286b1cce702) (ScriptedImporter) -> (artifact id: 'f41d1e003e49a8795122f27a06e183ae') in 0.0332356 seconds
Number of updated asset objects reloaded before import = 0Number of asset objects unloaded after import = 2

========================================================================
Received Import Request.
  Time since last request: 0.000046 seconds.
  path: Assets/CorgiEngine/ThirdParty/MoreMountains/InventoryEngine/Demos/PixelRogue/Sprites/Map2.png
  artifactKey: Guid(138e8b35bd68655418f2a33a7da73653) Importer(2089858483,192608db42251d675da83286b1cce702)
Start importing Assets/CorgiEngine/ThirdParty/MoreMountains/InventoryEngine/Demos/PixelRogue/Sprites/Map2.png using Guid(138e8b35bd68655418f2a33a7da73653) Importer(2089858483,192608db42251d675da83286b1cce702) (ScriptedImporter) -> (artifact id: '037f15a59bc114a1b108c5b57d5eaa15') in 0.0483749 seconds
Number of updated asset objects reloaded before import = 0Number of asset objects unloaded after import = 3

========================================================================
Received Import Request.
  Time since last request: 0.000025 seconds.
  path: Assets/CorgiEngine/ThirdParty/MoreMountains/MMFeedbacks/Demos/MMFeedbacksDemo/Animations/FeedbackDemoGhostAnimator.controller
  artifactKey: Guid(06c82d171c672a241952a2b57940baed) Importer(2089858483,192608db42251d675da83286b1cce702)
Start importing Assets/CorgiEngine/ThirdParty/MoreMountains/MMFeedbacks/Demos/MMFeedbacksDemo/Animations/FeedbackDemoGhostAnimator.controller using Guid(06c82d171c672a241952a2b57940baed) Importer(2089858483,192608db42251d675da83286b1cce702) (ScriptedImporter) -> (artifact id: 'a014beb7077e09c1a98f0f6eefa52e9c') in 0.0245683 seconds
Number of updated asset objects reloaded before import = 0Number of asset objects unloaded after import = 4

========================================================================
Received Import Request.
  Time since last request: 0.000026 seconds.
  path: Assets/CorgiEngine/ThirdParty/MoreMountains/MMFeedbacks/Demos/MMFeedbacksDemo/Sounds/MMFeedbacksDemoJump.wav
  artifactKey: Guid(e59a805842af2a24982e38cd27e3ea69) Importer(2089858483,192608db42251d675da83286b1cce702)
Start importing Assets/CorgiEngine/ThirdParty/MoreMountains/MMFeedbacks/Demos/MMFeedbacksDemo/Sounds/MMFeedbacksDemoJump.wav using Guid(e59a805842af2a24982e38cd27e3ea69) Importer(2089858483,192608db42251d675da83286b1cce702) (ScriptedImporter) -> (artifact id: '42f081936b03b465dfec9e6b16f2df3e') in 0.0536523 seconds
Number of updated asset objects reloaded before import = 0Number of asset objects unloaded after import = 1

========================================================================
Received Import Request.
  Time since last request: 0.000035 seconds.
  path: Assets/CorgiEngine/ThirdParty/MoreMountains/InventoryEngine/Demos/PixelRogue/Sprites/Selection.controller
  artifactKey: Guid(cf18d60d976b68e4394e0c6ab76499a6) Importer(2089858483,192608db42251d675da83286b1cce702)
Start importing Assets/CorgiEngine/ThirdParty/MoreMountains/InventoryEngine/Demos/PixelRogue/Sprites/Selection.controller using Guid(cf18d60d976b68e4394e0c6ab76499a6) Importer(2089858483,192608db42251d675da83286b1cce702) (ScriptedImporter) -> (artifact id: 'd0840b79d1ead145c394d5c86543a903') in 0.0211541 seconds
Number of updated asset objects reloaded before import = 0Number of asset objects unloaded after import = 4

========================================================================
Received Import Request.
  Time since last request: 0.000034 seconds.
  path: Assets/CorgiEngine/ThirdParty/MoreMountains/MMFeedbacks/MMFeedbacksForThirdParty/HDRP/Feedbacks/MMF_FilmGrain_HDRP.cs
  artifactKey: Guid(1abead95d414bfc41842b81d3822dd9b) Importer(2089858483,192608db42251d675da83286b1cce702)
Start importing Assets/CorgiEngine/ThirdParty/MoreMountains/MMFeedbacks/MMFeedbacksForThirdParty/HDRP/Feedbacks/MMF_FilmGrain_HDRP.cs using Guid(1abead95d414bfc41842b81d3822dd9b) Importer(2089858483,192608db42251d675da83286b1cce702) (ScriptedImporter) -> (artifact id: 'cc1acc5d9bd2a5fdcd0276654619cfe6') in 0.0278815 seconds
Number of updated asset objects reloaded before import = 0Number of asset objects unloaded after import = 0

========================================================================
Received Import Request.
  Time since last request: 0.000050 seconds.
  path: Assets/CorgiEngine/ThirdParty/MoreMountains/MMFeedbacks/Demos/SequencingDemo/Materials/SequencerTiles65.mat
  artifactKey: Guid(0296fb91bec5d5042bdb1f4c2c089ca7) Importer(2089858483,192608db42251d675da83286b1cce702)
Start importing Assets/CorgiEngine/ThirdParty/MoreMountains/MMFeedbacks/Demos/SequencingDemo/Materials/SequencerTiles65.mat using Guid(0296fb91bec5d5042bdb1f4c2c089ca7) Importer(2089858483,192608db42251d675da83286b1cce702) (ScriptedImporter) -> (artifact id: '56e22c95fa788d20759406ba64b5cce6') in 0.1413109 seconds
Number of updated asset objects reloaded before import = 0Number of asset objects unloaded after import = 5

========================================================================
Received Import Request.
  Time since last request: 0.000028 seconds.
  path: Assets/CorgiEngine/ThirdParty/MoreMountains/MMFeedbacks/Demos/SequencingDemo/Textures/Facade02_met.png
  artifactKey: Guid(78f0362f9fdbe4b4f9323fcf5f956bfa) Importer(2089858483,192608db42251d675da83286b1cce702)
Start importing Assets/CorgiEngine/ThirdParty/MoreMountains/MMFeedbacks/Demos/SequencingDemo/Textures/Facade02_met.png using Guid(78f0362f9fdbe4b4f9323fcf5f956bfa) Importer(2089858483,192608db42251d675da83286b1cce702) (ScriptedImporter) -> (artifact id: '8653e3b9ef5459968653869f98e350a2') in 0.0606285 seconds
Number of updated asset objects reloaded before import = 0Number of asset objects unloaded after import = 1

========================================================================
Received Import Request.
  Time since last request: 0.000023 seconds.
  path: Assets/CorgiEngine/ThirdParty/MoreMountains/MMFeedbacks/Demos/SequencingDemo/Textures/WoodFloor20_nrm.png
  artifactKey: Guid(b5df4436be87f0c45b5a748557d9353a) Importer(2089858483,192608db42251d675da83286b1cce702)
Start importing Assets/CorgiEngine/ThirdParty/MoreMountains/MMFeedbacks/Demos/SequencingDemo/Textures/WoodFloor20_nrm.png using Guid(b5df4436be87f0c45b5a748557d9353a) Importer(2089858483,192608db42251d675da83286b1cce702) (ScriptedImporter) -> (artifact id: '5d0cbfa4b68a2e77bdd6c16fd0280f8a') in 0.0468343 seconds
Number of updated asset objects reloaded before import = 0Number of asset objects unloaded after import = 1

========================================================================
Received Import Request.
  Time since last request: 0.000036 seconds.
  path: Assets/CorgiEngine/ThirdParty/MoreMountains/MMFeedbacks/MMFeedbacks/Springs/Springs/MMSpringTMPDilate.cs
  artifactKey: Guid(672424a3a46489f459437ba5a9afa89d) Importer(2089858483,192608db42251d675da83286b1cce702)
Start importing Assets/CorgiEngine/ThirdParty/MoreMountains/MMFeedbacks/MMFeedbacks/Springs/Springs/MMSpringTMPDilate.cs using Guid(672424a3a46489f459437ba5a9afa89d) Importer(2089858483,192608db42251d675da83286b1cce702) (ScriptedImporter) -> (artifact id: '8e4c5f065fed3495df6c122fcd671489') in 0.0216165 seconds
Number of updated asset objects reloaded before import = 0Number of asset objects unloaded after import = 0

========================================================================
Received Import Request.
  Time since last request: 0.000028 seconds.
  path: Assets/CorgiEngine/ThirdParty/MoreMountains/MMFeedbacks/Editor/Curves/Editor/MMFCurves.curves
  artifactKey: Guid(378d85c023238454db159ae565d259dd) Importer(2089858483,192608db42251d675da83286b1cce702)
Start importing Assets/CorgiEngine/ThirdParty/MoreMountains/MMFeedbacks/Editor/Curves/Editor/MMFCurves.curves using Guid(378d85c023238454db159ae565d259dd) Importer(2089858483,192608db42251d675da83286b1cce702) (ScriptedImporter) -> (artifact id: 'b0c318b43e13b04977c76398c219faec') in 0.0329848 seconds
Number of updated asset objects reloaded before import = 0Number of asset objects unloaded after import = 1

========================================================================
Received Import Request.
  Time since last request: 0.000031 seconds.
  path: Assets/CorgiEngine/ThirdParty/MoreMountains/MMFeedbacks/Demos/SequencingDemo/Textures/Tiles69_col.png
  artifactKey: Guid(ee0ae448e8c5d5d448cec42ba716ed21) Importer(2089858483,192608db42251d675da83286b1cce702)
Start importing Assets/CorgiEngine/ThirdParty/MoreMountains/MMFeedbacks/Demos/SequencingDemo/Textures/Tiles69_col.png using Guid(ee0ae448e8c5d5d448cec42ba716ed21) Importer(2089858483,192608db42251d675da83286b1cce702) (ScriptedImporter) -> (artifact id: 'e2346cb2cf9efd34404425019dc92078') in 0.0550794 seconds
Number of updated asset objects reloaded before import = 0Number of asset objects unloaded after import = 1

========================================================================
Received Import Request.
  Time since last request: 0.000029 seconds.
  path: Assets/CorgiEngine/ThirdParty/MoreMountains/MMFeedbacks/Editor/Curves/Editor/MMFAntiCurves.curves
  artifactKey: Guid(dcef6f636a0aab845a6c8d9b97bb4b51) Importer(2089858483,192608db42251d675da83286b1cce702)
Start importing Assets/CorgiEngine/ThirdParty/MoreMountains/MMFeedbacks/Editor/Curves/Editor/MMFAntiCurves.curves using Guid(dcef6f636a0aab845a6c8d9b97bb4b51) Importer(2089858483,192608db42251d675da83286b1cce702) (ScriptedImporter) -> (artifact id: '7a6b5430d41e55a3f44091159dbf3ccd') in 0.0303074 seconds
Number of updated asset objects reloaded before import = 0Number of asset objects unloaded after import = 2

========================================================================
Received Import Request.
  Time since last request: 0.000021 seconds.
  path: Assets/CorgiEngine/ThirdParty/MoreMountains/MMFeedbacks/MMFeedbacksForThirdParty/Cinemachine/Feedbacks/MMF_CinemachineImpulseClear.cs
  artifactKey: Guid(b2362762ee575ad4ab16bb938247878b) Importer(2089858483,192608db42251d675da83286b1cce702)
Start importing Assets/CorgiEngine/ThirdParty/MoreMountains/MMFeedbacks/MMFeedbacksForThirdParty/Cinemachine/Feedbacks/MMF_CinemachineImpulseClear.cs using Guid(b2362762ee575ad4ab16bb938247878b) Importer(2089858483,192608db42251d675da83286b1cce702) (ScriptedImporter) -> (artifact id: '4ae7832a5980eed532f8a74976804146') in 0.0204916 seconds
Number of updated asset objects reloaded before import = 0Number of asset objects unloaded after import = 0

========================================================================
Received Import Request.
  Time since last request: 0.000054 seconds.
  path: Assets/CorgiEngine/ThirdParty/MoreMountains/MMFeedbacks/Demos/SequencingDemo/Prefabs/Crate.fbx
  artifactKey: Guid(d15c44bfaa8a88c4790fa0fa2782404a) Importer(2089858483,192608db42251d675da83286b1cce702)
Start importing Assets/CorgiEngine/ThirdParty/MoreMountains/MMFeedbacks/Demos/SequencingDemo/Prefabs/Crate.fbx using Guid(d15c44bfaa8a88c4790fa0fa2782404a) Importer(2089858483,192608db42251d675da83286b1cce702) (ScriptedImporter) -> (artifact id: 'f886133458910f088a4cc146ed8a567f') in 0.0661993 seconds
Number of updated asset objects reloaded before import = 0Number of asset objects unloaded after import = 8

========================================================================
Received Import Request.
  Time since last request: 0.000024 seconds.
  path: Assets/CorgiEngine/ThirdParty/MoreMountains/MMFeedbacks/Demos/SequencingDemo/Textures/Tiles69_rgh.png
  artifactKey: Guid(da1195d243f74554195ee7568ec1373f) Importer(2089858483,192608db42251d675da83286b1cce702)
Start importing Assets/CorgiEngine/ThirdParty/MoreMountains/MMFeedbacks/Demos/SequencingDemo/Textures/Tiles69_rgh.png using Guid(da1195d243f74554195ee7568ec1373f) Importer(2089858483,192608db42251d675da83286b1cce702) (ScriptedImporter) -> (artifact id: '3563d4146583a3e32c3e19ddb9273517') in 0.0585827 seconds
Number of updated asset objects reloaded before import = 0Number of asset objects unloaded after import = 1

========================================================================
Received Import Request.
  Time since last request: 0.000033 seconds.
  path: Assets/CorgiEngine/ThirdParty/MoreMountains/MMFeedbacks/Demos/SequencingDemo/Textures/WoodFloor20_AO.png
  artifactKey: Guid(ac27ec79828ddda4c84c0082f1942674) Importer(2089858483,192608db42251d675da83286b1cce702)
Start importing Assets/CorgiEngine/ThirdParty/MoreMountains/MMFeedbacks/Demos/SequencingDemo/Textures/WoodFloor20_AO.png using Guid(ac27ec79828ddda4c84c0082f1942674) Importer(2089858483,192608db42251d675da83286b1cce702) (ScriptedImporter) -> (artifact id: '378569022c512f1780dba01badf62af6') in 0.0426999 seconds
Number of updated asset objects reloaded before import = 0Number of asset objects unloaded after import = 1

========================================================================
Received Import Request.
  Time since last request: 0.000023 seconds.
  path: Assets/CorgiEngine/ThirdParty/MoreMountains/MMFeedbacks/MMFeedbacks/Springs/Springs/MMSpringLightRange.cs
  artifactKey: Guid(22f8635412949d74b887ff1dc1a31742) Importer(2089858483,192608db42251d675da83286b1cce702)
Start importing Assets/CorgiEngine/ThirdParty/MoreMountains/MMFeedbacks/MMFeedbacks/Springs/Springs/MMSpringLightRange.cs using Guid(22f8635412949d74b887ff1dc1a31742) Importer(2089858483,192608db42251d675da83286b1cce702) (ScriptedImporter) -> (artifact id: 'c395da77b653df2aa02d870eb3dbd699') in 0.0271197 seconds
Number of updated asset objects reloaded before import = 0Number of asset objects unloaded after import = 0

========================================================================
Received Import Request.
  Time since last request: 0.000064 seconds.
  path: Assets/CorgiEngine/ThirdParty/MoreMountains/MMFeedbacks/Demos/SequencingDemo/Textures/Fabric06_rgh.png
  artifactKey: Guid(8e268d5085d69094b9f39e928a6bf0af) Importer(2089858483,192608db42251d675da83286b1cce702)
Start importing Assets/CorgiEngine/ThirdParty/MoreMountains/MMFeedbacks/Demos/SequencingDemo/Textures/Fabric06_rgh.png using Guid(8e268d5085d69094b9f39e928a6bf0af) Importer(2089858483,192608db42251d675da83286b1cce702) (ScriptedImporter) -> (artifact id: '1fae623e35ced77a3714bd5a25361bce') in 0.0593244 seconds
Number of updated asset objects reloaded before import = 0Number of asset objects unloaded after import = 1

========================================================================
Received Import Request.
  Time since last request: 0.000037 seconds.
  path: Assets/CorgiEngine/ThirdParty/MoreMountains/MMFeedbacks/Demos/SequencingDemo/Textures/Tiles33_nrm.png
  artifactKey: Guid(6e91e6783d739a94abca9fdfa7eaf699) Importer(2089858483,192608db42251d675da83286b1cce702)
Start importing Assets/CorgiEngine/ThirdParty/MoreMountains/MMFeedbacks/Demos/SequencingDemo/Textures/Tiles33_nrm.png using Guid(6e91e6783d739a94abca9fdfa7eaf699) Importer(2089858483,192608db42251d675da83286b1cce702) (ScriptedImporter) -> (artifact id: '3187e413b5da89d450be5e82b8ec9b67') in 0.0393328 seconds
Number of updated asset objects reloaded before import = 0Number of asset objects unloaded after import = 1

========================================================================
Received Import Request.
  Time since last request: 0.000020 seconds.
  path: Assets/CorgiEngine/ThirdParty/MoreMountains/MMFeedbacks/MMFeedbacks/Springs/Feedbacks/MMF_SpringVector2.cs
  artifactKey: Guid(f7f15f032bd296c4e8197aa296f04fbb) Importer(2089858483,192608db42251d675da83286b1cce702)
Start importing Assets/CorgiEngine/ThirdParty/MoreMountains/MMFeedbacks/MMFeedbacks/Springs/Feedbacks/MMF_SpringVector2.cs using Guid(f7f15f032bd296c4e8197aa296f04fbb) Importer(2089858483,192608db42251d675da83286b1cce702) (ScriptedImporter) -> (artifact id: '03646ce7608deeb2b03a466dd7fd707f') in 0.023704 seconds
Number of updated asset objects reloaded before import = 0Number of asset objects unloaded after import = 0

========================================================================
Received Import Request.
  Time since last request: 0.000120 seconds.
  path: Assets/CorgiEngine/ThirdParty/MoreMountains/MMFeedbacks/MMFeedbacks/Springs/Springs/MMSpringRotationAround.cs
  artifactKey: Guid(3431d42f2979ef548bf60186ddc6fe44) Importer(2089858483,192608db42251d675da83286b1cce702)
Start importing Assets/CorgiEngine/ThirdParty/MoreMountains/MMFeedbacks/MMFeedbacks/Springs/Springs/MMSpringRotationAround.cs using Guid(3431d42f2979ef548bf60186ddc6fe44) Importer(2089858483,192608db42251d675da83286b1cce702) (ScriptedImporter) -> (artifact id: 'bd2e718aefe0c883ba50703bf9d1aaa9') in 0.024847 seconds
Number of updated asset objects reloaded before import = 0Number of asset objects unloaded after import = 0

========================================================================
Received Import Request.
  Time since last request: 0.000045 seconds.
  path: Assets/CorgiEngine/ThirdParty/MoreMountains/MMFeedbacks/Demos/SequencingDemo/Textures/Tiles44_col.png
  artifactKey: Guid(eba09c7fb206e1b47b85a4ffce19e895) Importer(2089858483,192608db42251d675da83286b1cce702)
Start importing Assets/CorgiEngine/ThirdParty/MoreMountains/MMFeedbacks/Demos/SequencingDemo/Textures/Tiles44_col.png using Guid(eba09c7fb206e1b47b85a4ffce19e895) Importer(2089858483,192608db42251d675da83286b1cce702) (ScriptedImporter) -> (artifact id: '851854e310b701f776a42ff528fa32fb') in 0.0587372 seconds
Number of updated asset objects reloaded before import = 0Number of asset objects unloaded after import = 1

========================================================================
Received Import Request.
  Time since last request: 0.000092 seconds.
  path: Assets/CorgiEngine/ThirdParty/MoreMountains/MMFeedbacks/Demos/MMFeedbacksDemo/Textures/MMFeedbacksDemoGround.png
  artifactKey: Guid(efd7ec4745c4b8e408b18d7c942b28c4) Importer(2089858483,192608db42251d675da83286b1cce702)
Start importing Assets/CorgiEngine/ThirdParty/MoreMountains/MMFeedbacks/Demos/MMFeedbacksDemo/Textures/MMFeedbacksDemoGround.png using Guid(efd7ec4745c4b8e408b18d7c942b28c4) Importer(2089858483,192608db42251d675da83286b1cce702) (ScriptedImporter) -> (artifact id: '42c5194d81742fd3e94d8b45fbe99389') in 0.059728 seconds
Number of updated asset objects reloaded before import = 0Number of asset objects unloaded after import = 1

========================================================================
Received Import Request.
  Time since last request: 0.000028 seconds.
  path: Assets/CorgiEngine/ThirdParty/MoreMountains/MMFeedbacks/MMFeedbacks/Core/Legacy/MMFeedbacks.cs
  artifactKey: Guid(841b72de2996c5c40bfb394f3d0e0a98) Importer(2089858483,192608db42251d675da83286b1cce702)
Start importing Assets/CorgiEngine/ThirdParty/MoreMountains/MMFeedbacks/MMFeedbacks/Core/Legacy/MMFeedbacks.cs using Guid(841b72de2996c5c40bfb394f3d0e0a98) Importer(2089858483,192608db42251d675da83286b1cce702) (ScriptedImporter) -> (artifact id: '672d49ff4023651d8e271a1ebbfe8c86') in 0.0238918 seconds
Number of updated asset objects reloaded before import = 0Number of asset objects unloaded after import = 0

========================================================================
Received Import Request.
  Time since last request: 0.000112 seconds.
  path: Assets/CorgiEngine/ThirdParty/MoreMountains/MMFeedbacks/MMFeedbacksForThirdParty/Cinemachine/Helpers/MMCinemachineHelpers.cs
  artifactKey: Guid(53907edcd2e7d344c8517b4e1da9e75f) Importer(2089858483,192608db42251d675da83286b1cce702)
Start importing Assets/CorgiEngine/ThirdParty/MoreMountains/MMFeedbacks/MMFeedbacksForThirdParty/Cinemachine/Helpers/MMCinemachineHelpers.cs using Guid(53907edcd2e7d344c8517b4e1da9e75f) Importer(2089858483,192608db42251d675da83286b1cce702) (ScriptedImporter) -> (artifact id: '8244fa04cfdfd2b5f4680f85de5dab72') in 0.0202667 seconds
Number of updated asset objects reloaded before import = 0Number of asset objects unloaded after import = 0

========================================================================
Received Import Request.
  Time since last request: 0.000083 seconds.
  path: Assets/CorgiEngine/ThirdParty/MoreMountains/MMFeedbacks/Demos/SequencingDemo/Textures/Tiles65_AO.png
  artifactKey: Guid(23e7ff831b2236a49850ade7b52c289e) Importer(2089858483,192608db42251d675da83286b1cce702)
Start importing Assets/CorgiEngine/ThirdParty/MoreMountains/MMFeedbacks/Demos/SequencingDemo/Textures/Tiles65_AO.png using Guid(23e7ff831b2236a49850ade7b52c289e) Importer(2089858483,192608db42251d675da83286b1cce702) (ScriptedImporter) -> (artifact id: 'af88fcdc0f1db48733d68f1fbb756115') in 0.0446697 seconds
Number of updated asset objects reloaded before import = 0Number of asset objects unloaded after import = 1

========================================================================
Received Import Request.
  Time since last request: 0.000023 seconds.
  path: Assets/CorgiEngine/ThirdParty/MoreMountains/MMFeedbacks/Demos/SequencingDemo/Textures/Fabric06_disp.png
  artifactKey: Guid(90898843034277b428d4e5fe0fe6749a) Importer(2089858483,192608db42251d675da83286b1cce702)
Start importing Assets/CorgiEngine/ThirdParty/MoreMountains/MMFeedbacks/Demos/SequencingDemo/Textures/Fabric06_disp.png using Guid(90898843034277b428d4e5fe0fe6749a) Importer(2089858483,192608db42251d675da83286b1cce702) (ScriptedImporter) -> (artifact id: '8fad7c60876fd7f5c287974fb2409ba9') in 0.0539474 seconds
Number of updated asset objects reloaded before import = 0Number of asset objects unloaded after import = 1

========================================================================
Received Import Request.
  Time since last request: 0.000051 seconds.
  path: Assets/CorgiEngine/ThirdParty/MoreMountains/MMFeedbacks/Demos/SequencingDemo/Textures/Tiles31_nrm.png
  artifactKey: Guid(7ea3158ed21ffd042aaf638fc95dd240) Importer(2089858483,192608db42251d675da83286b1cce702)
Start importing Assets/CorgiEngine/ThirdParty/MoreMountains/MMFeedbacks/Demos/SequencingDemo/Textures/Tiles31_nrm.png using Guid(7ea3158ed21ffd042aaf638fc95dd240) Importer(2089858483,192608db42251d675da83286b1cce702) (ScriptedImporter) -> (artifact id: 'd493c3ac6cb429118120d1ede2487a28') in 0.0425084 seconds
Number of updated asset objects reloaded before import = 0Number of asset objects unloaded after import = 1

========================================================================
Received Import Request.
  Time since last request: 0.000022 seconds.
  path: Assets/CorgiEngine/ThirdParty/MoreMountains/MMFeedbacks/Demos/SequencingDemo/Textures/Tiles44_nrm.png
  artifactKey: Guid(a7dc2191a69cc8540ab9dbbf535759bb) Importer(2089858483,192608db42251d675da83286b1cce702)
Start importing Assets/CorgiEngine/ThirdParty/MoreMountains/MMFeedbacks/Demos/SequencingDemo/Textures/Tiles44_nrm.png using Guid(a7dc2191a69cc8540ab9dbbf535759bb) Importer(2089858483,192608db42251d675da83286b1cce702) (ScriptedImporter) -> (artifact id: '614da8f80dfe6f5bf424dd01e40dbf04') in 0.0439913 seconds
Number of updated asset objects reloaded before import = 0Number of asset objects unloaded after import = 1

========================================================================
Received Import Request.
  Time since last request: 0.000021 seconds.
  path: Assets/CorgiEngine/ThirdParty/MoreMountains/MMFeedbacks/Editor/Sequencing/Resources/SequencerButtonBackground.png
  artifactKey: Guid(e802b29e86b4ef74abe728250ecaf37c) Importer(2089858483,192608db42251d675da83286b1cce702)
Start importing Assets/CorgiEngine/ThirdParty/MoreMountains/MMFeedbacks/Editor/Sequencing/Resources/SequencerButtonBackground.png using Guid(e802b29e86b4ef74abe728250ecaf37c) Importer(2089858483,192608db42251d675da83286b1cce702) (ScriptedImporter) -> (artifact id: 'f1b5d37dbe6c82b58d699ee53126a606') in 0.0633323 seconds
Number of updated asset objects reloaded before import = 0Number of asset objects unloaded after import = 3

========================================================================
Received Import Request.
  Time since last request: 0.000018 seconds.
  path: Assets/CorgiEngine/ThirdParty/MoreMountains/MMFeedbacks/Demos/SequencingDemo/Textures/Fabric06_nrm.png
  artifactKey: Guid(5563bc4dd4fc42c498a2d87fe7f74008) Importer(2089858483,192608db42251d675da83286b1cce702)
Start importing Assets/CorgiEngine/ThirdParty/MoreMountains/MMFeedbacks/Demos/SequencingDemo/Textures/Fabric06_nrm.png using Guid(5563bc4dd4fc42c498a2d87fe7f74008) Importer(2089858483,192608db42251d675da83286b1cce702) (ScriptedImporter) -> (artifact id: '4471282d41f45726d2a239e47443bbcb') in 0.0381366 seconds
Number of updated asset objects reloaded before import = 0Number of asset objects unloaded after import = 1

========================================================================
Received Import Request.
  Time since last request: 0.000023 seconds.
  path: Assets/CorgiEngine/ThirdParty/MoreMountains/MMFeedbacks/Demos/SequencingDemo/Textures/ChristmasTreeOrnament01_met.png
  artifactKey: Guid(df3bc9f5c2528c64b8492d7e3dce227e) Importer(2089858483,192608db42251d675da83286b1cce702)
Start importing Assets/CorgiEngine/ThirdParty/MoreMountains/MMFeedbacks/Demos/SequencingDemo/Textures/ChristmasTreeOrnament01_met.png using Guid(df3bc9f5c2528c64b8492d7e3dce227e) Importer(2089858483,192608db42251d675da83286b1cce702) (ScriptedImporter) -> (artifact id: '30bb06abff413d3210f035873dd903d8') in 0.0491145 seconds
Number of updated asset objects reloaded before import = 0Number of asset objects unloaded after import = 1

========================================================================
Received Import Request.
  Time since last request: 0.000021 seconds.
  path: Assets/CorgiEngine/ThirdParty/MoreMountains/MMFeedbacks/Demos/SequencingDemo/Textures/Carpet05_nrm.png
  artifactKey: Guid(7a89cefc082216742966047ee0052a69) Importer(2089858483,192608db42251d675da83286b1cce702)
Start importing Assets/CorgiEngine/ThirdParty/MoreMountains/MMFeedbacks/Demos/SequencingDemo/Textures/Carpet05_nrm.png using Guid(7a89cefc082216742966047ee0052a69) Importer(2089858483,192608db42251d675da83286b1cce702) (ScriptedImporter) -> (artifact id: 'a7259148bc051f4fd1ac09c0245d680a') in 0.0388611 seconds
Number of updated asset objects reloaded before import = 0Number of asset objects unloaded after import = 1

========================================================================
Received Import Request.
  Time since last request: 0.000029 seconds.
  path: Assets/CorgiEngine/ThirdParty/MoreMountains/MMFeedbacks/Demos/SequencingDemo/Textures/Tiles60_rgh.png
  artifactKey: Guid(2ea714ee9c72c4e41ab36c393218ae6d) Importer(2089858483,192608db42251d675da83286b1cce702)
Start importing Assets/CorgiEngine/ThirdParty/MoreMountains/MMFeedbacks/Demos/SequencingDemo/Textures/Tiles60_rgh.png using Guid(2ea714ee9c72c4e41ab36c393218ae6d) Importer(2089858483,192608db42251d675da83286b1cce702) (ScriptedImporter) -> (artifact id: 'd3852263255d879bdd4337580b702459') in 0.0601822 seconds
Number of updated asset objects reloaded before import = 0Number of asset objects unloaded after import = 1

========================================================================
Received Import Request.
  Time since last request: 0.000023 seconds.
  path: Assets/CorgiEngine/ThirdParty/MoreMountains/MMFeedbacks/MMFeedbacks/Sequencing/Scripts/MMSequence.cs
  artifactKey: Guid(d6480c3a11ef13143b71f9c64c7da64c) Importer(2089858483,192608db42251d675da83286b1cce702)
Start importing Assets/CorgiEngine/ThirdParty/MoreMountains/MMFeedbacks/MMFeedbacks/Sequencing/Scripts/MMSequence.cs using Guid(d6480c3a11ef13143b71f9c64c7da64c) Importer(2089858483,192608db42251d675da83286b1cce702) (ScriptedImporter) -> (artifact id: 'e530110f12d5b4e5abc59bd0c3b69a6b') in 0.0253624 seconds
Number of updated asset objects reloaded before import = 0Number of asset objects unloaded after import = 0

========================================================================
Received Import Request.
  Time since last request: 0.000138 seconds.
  path: Assets/CorgiEngine/ThirdParty/MoreMountains/MMFeedbacks/Editor/Core/UIToolkit/FeelBottomToTopIcon@2x.png
  artifactKey: Guid(cd807e3eb5122524d9a1783af6375956) Importer(2089858483,192608db42251d675da83286b1cce702)
Start importing Assets/CorgiEngine/ThirdParty/MoreMountains/MMFeedbacks/Editor/Core/UIToolkit/FeelBottomToTopIcon@2x.png using Guid(cd807e3eb5122524d9a1783af6375956) Importer(2089858483,192608db42251d675da83286b1cce702) (ScriptedImporter) -> (artifact id: '637849697fd45fb5176136258cc941ed') in 0.0469351 seconds
Number of updated asset objects reloaded before import = 0Number of asset objects unloaded after import = 3

========================================================================
Received Import Request.
  Time since last request: 0.000017 seconds.
  path: Assets/CorgiEngine/ThirdParty/MoreMountains/MMFeedbacks/MMFeedbacks/Core/MMF_Player/MMF_Feedback.cs
  artifactKey: Guid(1466e386bacf73e428d7e19707b9e185) Importer(2089858483,192608db42251d675da83286b1cce702)
Start importing Assets/CorgiEngine/ThirdParty/MoreMountains/MMFeedbacks/MMFeedbacks/Core/MMF_Player/MMF_Feedback.cs using Guid(1466e386bacf73e428d7e19707b9e185) Importer(2089858483,192608db42251d675da83286b1cce702) (ScriptedImporter) -> (artifact id: '3d0d11a1971a1206b05292a8b26c452a') in 0.0211697 seconds
Number of updated asset objects reloaded before import = 0Number of asset objects unloaded after import = 0

========================================================================
Received Import Request.
  Time since last request: 0.000064 seconds.
  path: Assets/CorgiEngine/ThirdParty/MoreMountains/MMFeedbacks/Editor/Core/UIToolkit/MMF_PlayerEditorUITK.cs
  artifactKey: Guid(a14b560285de1794cb8915d623ec0462) Importer(2089858483,192608db42251d675da83286b1cce702)
Start importing Assets/CorgiEngine/ThirdParty/MoreMountains/MMFeedbacks/Editor/Core/UIToolkit/MMF_PlayerEditorUITK.cs using Guid(a14b560285de1794cb8915d623ec0462) Importer(2089858483,192608db42251d675da83286b1cce702) (ScriptedImporter) -> (artifact id: 'af5d7f9f4b8efb0255d76c881a17f4e9') in 0.0247877 seconds
Number of updated asset objects reloaded before import = 0Number of asset objects unloaded after import = 0

========================================================================
Received Import Request.
  Time since last request: 0.000090 seconds.
  path: Assets/CorgiEngine/ThirdParty/MoreMountains/MMFeedbacks/Demos/SequencingDemo/Textures/Chip03_rgh.png
  artifactKey: Guid(443dae64c4778df43a16718c7c7a88ca) Importer(2089858483,192608db42251d675da83286b1cce702)
Start importing Assets/CorgiEngine/ThirdParty/MoreMountains/MMFeedbacks/Demos/SequencingDemo/Textures/Chip03_rgh.png using Guid(443dae64c4778df43a16718c7c7a88ca) Importer(2089858483,192608db42251d675da83286b1cce702) (ScriptedImporter) -> (artifact id: '015a0504055c742a225c6e60c35f5cc1') in 0.0518166 seconds
Number of updated asset objects reloaded before import = 0Number of asset objects unloaded after import = 1

========================================================================
Received Import Request.
  Time since last request: 0.000029 seconds.
  path: Assets/CorgiEngine/ThirdParty/MoreMountains/MMFeedbacks/Demos/SequencingDemo/Textures/Fabric09_rgh.png
  artifactKey: Guid(fbb908c6b3b2e42468f2e036760651cf) Importer(2089858483,192608db42251d675da83286b1cce702)
Start importing Assets/CorgiEngine/ThirdParty/MoreMountains/MMFeedbacks/Demos/SequencingDemo/Textures/Fabric09_rgh.png using Guid(fbb908c6b3b2e42468f2e036760651cf) Importer(2089858483,192608db42251d675da83286b1cce702) (ScriptedImporter) -> (artifact id: '684fac9c2d4d27f06591c2a586beb24e') in 0.0467559 seconds
Number of updated asset objects reloaded before import = 0Number of asset objects unloaded after import = 1

========================================================================
Received Import Request.
  Time since last request: 0.000038 seconds.
  path: Assets/CorgiEngine/ThirdParty/MoreMountains/MMFeedbacks/MMFeedbacks/Springs/Core/MMSpringColor.cs
  artifactKey: Guid(1193a6fa247fd0a49bb7636d5a09dce3) Importer(2089858483,192608db42251d675da83286b1cce702)
Start importing Assets/CorgiEngine/ThirdParty/MoreMountains/MMFeedbacks/MMFeedbacks/Springs/Core/MMSpringColor.cs using Guid(1193a6fa247fd0a49bb7636d5a09dce3) Importer(2089858483,192608db42251d675da83286b1cce702) (ScriptedImporter) -> (artifact id: '187675ec9eb6e50c5368d5e7e8f1fa37') in 0.0225521 seconds
Number of updated asset objects reloaded before import = 0Number of asset objects unloaded after import = 0

========================================================================
Received Import Request.
  Time since last request: 0.000033 seconds.
  path: Assets/CorgiEngine/ThirdParty/MoreMountains/MMFeedbacks/MMFeedbacks/Springs/Springs/MMSpringShaderController.cs
  artifactKey: Guid(e157e875e121b174d903add782257618) Importer(2089858483,192608db42251d675da83286b1cce702)
Start importing Assets/CorgiEngine/ThirdParty/MoreMountains/MMFeedbacks/MMFeedbacks/Springs/Springs/MMSpringShaderController.cs using Guid(e157e875e121b174d903add782257618) Importer(2089858483,192608db42251d675da83286b1cce702) (ScriptedImporter) -> (artifact id: '71b4a043abc26b62fef3ea878f78fc0a') in 0.0231718 seconds
Number of updated asset objects reloaded before import = 0Number of asset objects unloaded after import = 0

========================================================================
Received Import Request.
  Time since last request: 0.000108 seconds.
  path: Assets/CorgiEngine/ThirdParty/MoreMountains/MMFeedbacks/MMFeedbacks/Springs/Core/MMSpringDefinition.cs
  artifactKey: Guid(26c20b10971f75d4f959b05982a2d1ea) Importer(2089858483,192608db42251d675da83286b1cce702)
Start importing Assets/CorgiEngine/ThirdParty/MoreMountains/MMFeedbacks/MMFeedbacks/Springs/Core/MMSpringDefinition.cs using Guid(26c20b10971f75d4f959b05982a2d1ea) Importer(2089858483,192608db42251d675da83286b1cce702) (ScriptedImporter) -> (artifact id: 'f69abb9f970c30c7017323764caf71de') in 0.0243339 seconds
Number of updated asset objects reloaded before import = 0Number of asset objects unloaded after import = 0

========================================================================
Received Import Request.
  Time since last request: 0.000097 seconds.
  path: Assets/CorgiEngine/ThirdParty/MoreMountains/MMFeedbacks/MMFeedbacks/Springs/Springs/MMSpringScale.cs
  artifactKey: Guid(cd48b27a4bcde354a99ab15f0bd82486) Importer(2089858483,192608db42251d675da83286b1cce702)
Start importing Assets/CorgiEngine/ThirdParty/MoreMountains/MMFeedbacks/MMFeedbacks/Springs/Springs/MMSpringScale.cs using Guid(cd48b27a4bcde354a99ab15f0bd82486) Importer(2089858483,192608db42251d675da83286b1cce702) (ScriptedImporter) -> (artifact id: 'b9775a1a5632206b7bd895137d888167') in 0.0263544 seconds
Number of updated asset objects reloaded before import = 0Number of asset objects unloaded after import = 0

========================================================================
Received Import Request.
  Time since last request: 0.000089 seconds.
  path: Assets/CorgiEngine/ThirdParty/MoreMountains/MMFeedbacks/Demos/SequencingDemo/Textures/Tiles60_nrm.png
  artifactKey: Guid(9c2c3a0d3e1585f4eb9aa69d59cf56cf) Importer(2089858483,192608db42251d675da83286b1cce702)
Start importing Assets/CorgiEngine/ThirdParty/MoreMountains/MMFeedbacks/Demos/SequencingDemo/Textures/Tiles60_nrm.png using Guid(9c2c3a0d3e1585f4eb9aa69d59cf56cf) Importer(2089858483,192608db42251d675da83286b1cce702) (ScriptedImporter) -> (artifact id: '0d8730e9c7374b501d4c9891224edf25') in 0.0426994 seconds
Number of updated asset objects reloaded before import = 0Number of asset objects unloaded after import = 1

========================================================================
Received Import Request.
  Time since last request: 0.000022 seconds.
  path: Assets/CorgiEngine/ThirdParty/MoreMountains/MMFeedbacks/MMFeedbacksForThirdParty/HDRP/Resources/MMDefaultHDRPVolume.prefab
  artifactKey: Guid(041a480513ea4f947a590bb1195e91a0) Importer(2089858483,192608db42251d675da83286b1cce702)
Start importing Assets/CorgiEngine/ThirdParty/MoreMountains/MMFeedbacks/MMFeedbacksForThirdParty/HDRP/Resources/MMDefaultHDRPVolume.prefab using Guid(041a480513ea4f947a590bb1195e91a0) Importer(2089858483,192608db42251d675da83286b1cce702) (ScriptedImporter) -> (artifact id: 'affffd8c9d6db00346c028d9a059db0c') in 0.0294983 seconds
Number of updated asset objects reloaded before import = 0Number of asset objects unloaded after import = 5

========================================================================
Received Import Request.
  Time since last request: 0.000028 seconds.
  path: Assets/CorgiEngine/ThirdParty/MoreMountains/MMFeedbacks/Demos/MMFeedbacksDemo/Scripts/DemoButton.cs
  artifactKey: Guid(df25bf84edad1d74684be3596d8f570d) Importer(2089858483,192608db42251d675da83286b1cce702)
Start importing Assets/CorgiEngine/ThirdParty/MoreMountains/MMFeedbacks/Demos/MMFeedbacksDemo/Scripts/DemoButton.cs using Guid(df25bf84edad1d74684be3596d8f570d) Importer(2089858483,192608db42251d675da83286b1cce702) (ScriptedImporter) -> (artifact id: 'a9dc037b2b1f991d94ed4f3162daa006') in 0.0223195 seconds
Number of updated asset objects reloaded before import = 0Number of asset objects unloaded after import = 0

========================================================================
Received Import Request.
  Time since last request: 0.000098 seconds.
  path: Assets/CorgiEngine/ThirdParty/MoreMountains/MMTools/Demos/MMSceneLoading/MMSceneLoadingDemoSceneA.unity
  artifactKey: Guid(49d909d12efd2714f9b79de2eea67561) Importer(2089858483,192608db42251d675da83286b1cce702)
Start importing Assets/CorgiEngine/ThirdParty/MoreMountains/MMTools/Demos/MMSceneLoading/MMSceneLoadingDemoSceneA.unity using Guid(49d909d12efd2714f9b79de2eea67561) Importer(2089858483,192608db42251d675da83286b1cce702) (ScriptedImporter) -> (artifact id: 'e15589305f9e2f8346fa413fddfd29c0') in 0.0234331 seconds
Number of updated asset objects reloaded before import = 0Number of asset objects unloaded after import = 1

========================================================================
Received Import Request.
  Time since last request: 0.000119 seconds.
  path: Assets/CorgiEngine/ThirdParty/MoreMountains/MMTools/Foundation/MMAnimation/MMAnimationParameter.cs
  artifactKey: Guid(5451e999c8f9dfb41aa3b2894ffc3d60) Importer(2089858483,192608db42251d675da83286b1cce702)
Start importing Assets/CorgiEngine/ThirdParty/MoreMountains/MMTools/Foundation/MMAnimation/MMAnimationParameter.cs using Guid(5451e999c8f9dfb41aa3b2894ffc3d60) Importer(2089858483,192608db42251d675da83286b1cce702) (ScriptedImporter) -> (artifact id: '32ba5d1970029d71281256d6ff306e82') in 0.0214724 seconds
Number of updated asset objects reloaded before import = 0Number of asset objects unloaded after import = 0

========================================================================
Received Import Request.
  Time since last request: 0.000081 seconds.
  path: Assets/CorgiEngine/ThirdParty/MoreMountains/MMFeedbacks/MMFeedbacksForThirdParty/HDRP/Springs/MMSpringPaniniProjectionDistance_HDRP.cs
  artifactKey: Guid(20aa8b632ddbeab44ab5759e02005195) Importer(2089858483,192608db42251d675da83286b1cce702)
Start importing Assets/CorgiEngine/ThirdParty/MoreMountains/MMFeedbacks/MMFeedbacksForThirdParty/HDRP/Springs/MMSpringPaniniProjectionDistance_HDRP.cs using Guid(20aa8b632ddbeab44ab5759e02005195) Importer(2089858483,192608db42251d675da83286b1cce702) (ScriptedImporter) -> (artifact id: '8da4315156086d61a77f130d988da89c') in 0.0273844 seconds
Number of updated asset objects reloaded before import = 0Number of asset objects unloaded after import = 0

========================================================================
Received Import Request.
  Time since last request: 0.000057 seconds.
  path: Assets/CorgiEngine/ThirdParty/MoreMountains/MMFeedbacks/MMFeedbacksForThirdParty/PostProcessing/Feedbacks/MMF_DepthOfField.cs
  artifactKey: Guid(0378a3a19b50e044aafc329deb33665a) Importer(2089858483,192608db42251d675da83286b1cce702)
Start importing Assets/CorgiEngine/ThirdParty/MoreMountains/MMFeedbacks/MMFeedbacksForThirdParty/PostProcessing/Feedbacks/MMF_DepthOfField.cs using Guid(0378a3a19b50e044aafc329deb33665a) Importer(2089858483,192608db42251d675da83286b1cce702) (ScriptedImporter) -> (artifact id: '2b7ba0570ff7becf16b7f87f38cd42e8') in 0.0308854 seconds
Number of updated asset objects reloaded before import = 0Number of asset objects unloaded after import = 0

========================================================================
Received Import Request.
  Time since last request: 0.000050 seconds.
  path: Assets/CorgiEngine/ThirdParty/MoreMountains/MMFeedbacks/MMFeedbacksForThirdParty/MMTools/Feedbacks/MMF_TextFontSize.cs
  artifactKey: Guid(93076aeef94b6194eacceebc74fcd3b5) Importer(2089858483,192608db42251d675da83286b1cce702)
Start importing Assets/CorgiEngine/ThirdParty/MoreMountains/MMFeedbacks/MMFeedbacksForThirdParty/MMTools/Feedbacks/MMF_TextFontSize.cs using Guid(93076aeef94b6194eacceebc74fcd3b5) Importer(2089858483,192608db42251d675da83286b1cce702) (ScriptedImporter) -> (artifact id: 'c537f22137debb3214eb038158b25a2a') in 0.0248852 seconds
Number of updated asset objects reloaded before import = 0Number of asset objects unloaded after import = 0

========================================================================
Received Import Request.
  Time since last request: 0.000074 seconds.
  path: Assets/CorgiEngine/ThirdParty/MoreMountains/MMFeedbacks/MMFeedbacksForThirdParty/URP/Feedbacks/MMF_Light2D_URP.cs
  artifactKey: Guid(1bb65b535952c9c4188009b61f3a31ef) Importer(2089858483,192608db42251d675da83286b1cce702)
Start importing Assets/CorgiEngine/ThirdParty/MoreMountains/MMFeedbacks/MMFeedbacksForThirdParty/URP/Feedbacks/MMF_Light2D_URP.cs using Guid(1bb65b535952c9c4188009b61f3a31ef) Importer(2089858483,192608db42251d675da83286b1cce702) (ScriptedImporter) -> (artifact id: 'd62d721342ccc8fce85d1e48ab2b4dd0') in 0.0204478 seconds
Number of updated asset objects reloaded before import = 0Number of asset objects unloaded after import = 0

========================================================================
Received Import Request.
  Time since last request: 0.000085 seconds.
  path: Assets/CorgiEngine/ThirdParty/MoreMountains/MMFeedbacks/MMFeedbacksForThirdParty/URP/Feedbacks/MMF_PaniniProjection_URP.cs
  artifactKey: Guid(bd752e51b75d9404f8567b2de4478a17) Importer(2089858483,192608db42251d675da83286b1cce702)
Start importing Assets/CorgiEngine/ThirdParty/MoreMountains/MMFeedbacks/MMFeedbacksForThirdParty/URP/Feedbacks/MMF_PaniniProjection_URP.cs using Guid(bd752e51b75d9404f8567b2de4478a17) Importer(2089858483,192608db42251d675da83286b1cce702) (ScriptedImporter) -> (artifact id: '2f52846c16e9edb8bed3cb323b009f6c') in 0.0274556 seconds
Number of updated asset objects reloaded before import = 0Number of asset objects unloaded after import = 0

========================================================================
Received Import Request.
  Time since last request: 0.000084 seconds.
  path: Assets/CorgiEngine/ThirdParty/MoreMountains/MMFeedbacks/MMFeedbacksForThirdParty/URP/Feedbacks/MMF_ColorAdjustments_URP.cs
  artifactKey: Guid(d72ca77766228434bac267331d9890d6) Importer(2089858483,192608db42251d675da83286b1cce702)
Start importing Assets/CorgiEngine/ThirdParty/MoreMountains/MMFeedbacks/MMFeedbacksForThirdParty/URP/Feedbacks/MMF_ColorAdjustments_URP.cs using Guid(d72ca77766228434bac267331d9890d6) Importer(2089858483,192608db42251d675da83286b1cce702) (ScriptedImporter) -> (artifact id: 'b3466a3c8b1e596511193e661b30670b') in 0.0236034 seconds
Number of updated asset objects reloaded before import = 0Number of asset objects unloaded after import = 0

========================================================================
Received Import Request.
  Time since last request: 0.000082 seconds.
  path: Assets/CorgiEngine/ThirdParty/MoreMountains/MMFeedbacks/MMFeedbacksForThirdParty/PostProcessing/Shakers/MMLensDistortionShaker.cs
  artifactKey: Guid(7efc6a4a233d87b4fbc72cda82ca4a31) Importer(2089858483,192608db42251d675da83286b1cce702)
Start importing Assets/CorgiEngine/ThirdParty/MoreMountains/MMFeedbacks/MMFeedbacksForThirdParty/PostProcessing/Shakers/MMLensDistortionShaker.cs using Guid(7efc6a4a233d87b4fbc72cda82ca4a31) Importer(2089858483,192608db42251d675da83286b1cce702) (ScriptedImporter) -> (artifact id: '0920d00ddf6647ec7d2d0bb84bef7b43') in 0.0262643 seconds
Number of updated asset objects reloaded before import = 0Number of asset objects unloaded after import = 0

========================================================================
Received Import Request.
  Time since last request: 0.000024 seconds.
  path: Assets/CorgiEngine/ThirdParty/MoreMountains/MMFeedbacks/MMFeedbacksForThirdParty/NiceVibrations/Feedbacks/MMF_NVClip.cs
  artifactKey: Guid(7a7b40b69918c9840b090deb2a59d5eb) Importer(2089858483,192608db42251d675da83286b1cce702)
Start importing Assets/CorgiEngine/ThirdParty/MoreMountains/MMFeedbacks/MMFeedbacksForThirdParty/NiceVibrations/Feedbacks/MMF_NVClip.cs using Guid(7a7b40b69918c9840b090deb2a59d5eb) Importer(2089858483,192608db42251d675da83286b1cce702) (ScriptedImporter) -> (artifact id: '50c042619c1b7e8d5f38c12a4451a52a') in 0.0290356 seconds
Number of updated asset objects reloaded before import = 0Number of asset objects unloaded after import = 0

========================================================================
Received Import Request.
  Time since last request: 0.000089 seconds.
  path: Assets/CorgiEngine/ThirdParty/MoreMountains/MMFeedbacks/MMFeedbacksForThirdParty/UIToolkit/Feedbacks/MMF_UIToolkitBorderRadius.cs
  artifactKey: Guid(6ad38ecaccfcdc04d886cb21721bfa60) Importer(2089858483,192608db42251d675da83286b1cce702)
Start importing Assets/CorgiEngine/ThirdParty/MoreMountains/MMFeedbacks/MMFeedbacksForThirdParty/UIToolkit/Feedbacks/MMF_UIToolkitBorderRadius.cs using Guid(6ad38ecaccfcdc04d886cb21721bfa60) Importer(2089858483,192608db42251d675da83286b1cce702) (ScriptedImporter) -> (artifact id: '4c90c84cd324cbe76a450875c43cd063') in 0.026578 seconds
Number of updated asset objects reloaded before import = 0Number of asset objects unloaded after import = 0

========================================================================
Received Import Request.
  Time since last request: 0.000031 seconds.
  path: Assets/CorgiEngine/ThirdParty/MoreMountains/MMFeedbacks/MMFeedbacksForThirdParty/PostProcessing/Helpers/MMGlobalPostProcessingVolumeAutoBlend.cs
  artifactKey: Guid(2d073f09c04a999428a9149986800bfb) Importer(2089858483,192608db42251d675da83286b1cce702)
Start importing Assets/CorgiEngine/ThirdParty/MoreMountains/MMFeedbacks/MMFeedbacksForThirdParty/PostProcessing/Helpers/MMGlobalPostProcessingVolumeAutoBlend.cs using Guid(2d073f09c04a999428a9149986800bfb) Importer(2089858483,192608db42251d675da83286b1cce702) (ScriptedImporter) -> (artifact id: 'a41e912bab65ae82222e142ed7399f03') in 0.0241386 seconds
Number of updated asset objects reloaded before import = 0Number of asset objects unloaded after import = 0

========================================================================
Received Import Request.
  Time since last request: 0.000088 seconds.
  path: Assets/CorgiEngine/ThirdParty/MoreMountains/MMFeedbacks/MMFeedbacksForThirdParty/MMTools/Feedbacks/MMF_Sound.cs
  artifactKey: Guid(074e2f162fb1f104087f3cc4bef82972) Importer(2089858483,192608db42251d675da83286b1cce702)
Start importing Assets/CorgiEngine/ThirdParty/MoreMountains/MMFeedbacks/MMFeedbacksForThirdParty/MMTools/Feedbacks/MMF_Sound.cs using Guid(074e2f162fb1f104087f3cc4bef82972) Importer(2089858483,192608db42251d675da83286b1cce702) (ScriptedImporter) -> (artifact id: 'e6c326712da1081b57cd2e091c39096c') in 0.0294446 seconds
Number of updated asset objects reloaded before import = 0Number of asset objects unloaded after import = 0

========================================================================
Received Import Request.
  Time since last request: 0.000025 seconds.
  path: Assets/CorgiEngine/ThirdParty/MoreMountains/MMFeedbacks/MMFeedbacksForThirdParty/NiceVibrations/Feedbacks/MMF_Haptics.cs
  artifactKey: Guid(dd8d60a3aa719934084bb1539d7e4ef3) Importer(2089858483,192608db42251d675da83286b1cce702)
Start importing Assets/CorgiEngine/ThirdParty/MoreMountains/MMFeedbacks/MMFeedbacksForThirdParty/NiceVibrations/Feedbacks/MMF_Haptics.cs using Guid(dd8d60a3aa719934084bb1539d7e4ef3) Importer(2089858483,192608db42251d675da83286b1cce702) (ScriptedImporter) -> (artifact id: '5c51183d04188c693faf2d2c0e77cf93') in 0.022637 seconds
Number of updated asset objects reloaded before import = 0Number of asset objects unloaded after import = 0

========================================================================
Received Import Request.
  Time since last request: 0.000113 seconds.
  path: Assets/CorgiEngine/ThirdParty/MoreMountains/MMFeedbacks/MMFeedbacksForThirdParty/URP/Resources/MMDefaultURPVolume.prefab
  artifactKey: Guid(f41da011e26b4194cbae36ef66842b50) Importer(2089858483,192608db42251d675da83286b1cce702)
Start importing Assets/CorgiEngine/ThirdParty/MoreMountains/MMFeedbacks/MMFeedbacksForThirdParty/URP/Resources/MMDefaultURPVolume.prefab using Guid(f41da011e26b4194cbae36ef66842b50) Importer(2089858483,192608db42251d675da83286b1cce702) (ScriptedImporter) -> (artifact id: '8e641dbc332a7608195d79d9af845f1c') in 0.0270538 seconds
Number of updated asset objects reloaded before import = 0Number of asset objects unloaded after import = 5

========================================================================
Received Import Request.
  Time since last request: 0.000060 seconds.
  path: Assets/CorgiEngine/ThirdParty/MoreMountains/MMFeedbacks/MMFeedbacksForThirdParty/URP/Feedbacks/MMF_GlobalPPVolumeAutoBlend_URP.cs
  artifactKey: Guid(47f1225adf998da428534e361e152700) Importer(2089858483,192608db42251d675da83286b1cce702)
Start importing Assets/CorgiEngine/ThirdParty/MoreMountains/MMFeedbacks/MMFeedbacksForThirdParty/URP/Feedbacks/MMF_GlobalPPVolumeAutoBlend_URP.cs using Guid(47f1225adf998da428534e361e152700) Importer(2089858483,192608db42251d675da83286b1cce702) (ScriptedImporter) -> (artifact id: 'a5949879870575d96135dbfe7b98b0b7') in 0.0298052 seconds
Number of updated asset objects reloaded before import = 0Number of asset objects unloaded after import = 0

========================================================================
Received Import Request.
  Time since last request: 0.000090 seconds.
  path: Assets/CorgiEngine/ThirdParty/MoreMountains/MMFeedbacks/MMFeedbacksForThirdParty/TextMeshPro/Feedbacks/MMF_TMPAlpha.cs
  artifactKey: Guid(a4be8a3950b608c4785907ebe6be06ab) Importer(2089858483,192608db42251d675da83286b1cce702)
Start importing Assets/CorgiEngine/ThirdParty/MoreMountains/MMFeedbacks/MMFeedbacksForThirdParty/TextMeshPro/Feedbacks/MMF_TMPAlpha.cs using Guid(a4be8a3950b608c4785907ebe6be06ab) Importer(2089858483,192608db42251d675da83286b1cce702) (ScriptedImporter) -> (artifact id: '917277121a407e13d7fe6bdf947d7044') in 0.0237181 seconds
Number of updated asset objects reloaded before import = 0Number of asset objects unloaded after import = 0

========================================================================
Received Import Request.
  Time since last request: 0.000106 seconds.
  path: Assets/CorgiEngine/ThirdParty/MoreMountains/MMFeedbacks/MMFeedbacksForThirdParty/PostProcessing/Springs/MMSpringColorGradingHueShift.cs
  artifactKey: Guid(0cd46e2eb52b6f14aaed1ac0024deeeb) Importer(2089858483,192608db42251d675da83286b1cce702)
Start importing Assets/CorgiEngine/ThirdParty/MoreMountains/MMFeedbacks/MMFeedbacksForThirdParty/PostProcessing/Springs/MMSpringColorGradingHueShift.cs using Guid(0cd46e2eb52b6f14aaed1ac0024deeeb) Importer(2089858483,192608db42251d675da83286b1cce702) (ScriptedImporter) -> (artifact id: '6ce6c2cac319f63d7d25cb6e4481bb17') in 0.023059 seconds
Number of updated asset objects reloaded before import = 0Number of asset objects unloaded after import = 0

========================================================================
Received Import Request.
  Time since last request: 0.000077 seconds.
  path: Assets/CorgiEngine/ThirdParty/MoreMountains/MMFeedbacks/MMFeedbacksForThirdParty/PostProcessing/Springs/MMSpringVignetteIntensity.cs
  artifactKey: Guid(33c059583b0a7e44ebd9aa776e815cce) Importer(2089858483,192608db42251d675da83286b1cce702)
Start importing Assets/CorgiEngine/ThirdParty/MoreMountains/MMFeedbacks/MMFeedbacksForThirdParty/PostProcessing/Springs/MMSpringVignetteIntensity.cs using Guid(33c059583b0a7e44ebd9aa776e815cce) Importer(2089858483,192608db42251d675da83286b1cce702) (ScriptedImporter) -> (artifact id: '03d098a8834d167d4014eab7903fd90b') in 0.0280043 seconds
Number of updated asset objects reloaded before import = 0Number of asset objects unloaded after import = 0

========================================================================
Received Import Request.
  Time since last request: 0.000028 seconds.
  path: Assets/CorgiEngine/ThirdParty/MoreMountains/MMFeedbacks/MMFeedbacksForThirdParty/NiceVibrations/Feedbacks/MMF_NVEmphasis.cs
  artifactKey: Guid(72f4893994302d847bdb90bf4feead48) Importer(2089858483,192608db42251d675da83286b1cce702)
Start importing Assets/CorgiEngine/ThirdParty/MoreMountains/MMFeedbacks/MMFeedbacksForThirdParty/NiceVibrations/Feedbacks/MMF_NVEmphasis.cs using Guid(72f4893994302d847bdb90bf4feead48) Importer(2089858483,192608db42251d675da83286b1cce702) (ScriptedImporter) -> (artifact id: '39918f45a102499f1b1c3da4b0261143') in 0.0247465 seconds
Number of updated asset objects reloaded before import = 0Number of asset objects unloaded after import = 0

========================================================================
Received Import Request.
  Time since last request: 0.000038 seconds.
  path: Assets/CorgiEngine/ThirdParty/MoreMountains/MMFeedbacks/MMFeedbacksForThirdParty/HDRP/Shakers/MMChromaticAberrationShaker_HDRP.cs
  artifactKey: Guid(b0f7ebe879e82aa489329e54525c43ab) Importer(2089858483,192608db42251d675da83286b1cce702)
Start importing Assets/CorgiEngine/ThirdParty/MoreMountains/MMFeedbacks/MMFeedbacksForThirdParty/HDRP/Shakers/MMChromaticAberrationShaker_HDRP.cs using Guid(b0f7ebe879e82aa489329e54525c43ab) Importer(2089858483,192608db42251d675da83286b1cce702) (ScriptedImporter) -> (artifact id: 'c1a27025d517fe5156e2f5331f56cdf1') in 0.0233989 seconds
Number of updated asset objects reloaded before import = 0Number of asset objects unloaded after import = 0

========================================================================
Received Import Request.
  Time since last request: 0.000084 seconds.
  path: Assets/CorgiEngine/ThirdParty/MoreMountains/MMFeedbacks/MMFeedbacksForThirdParty/MMTools/Feedbacks/MMF_Fade.cs
  artifactKey: Guid(0dc617b01bf230943a22cac5dec24291) Importer(2089858483,192608db42251d675da83286b1cce702)
Start importing Assets/CorgiEngine/ThirdParty/MoreMountains/MMFeedbacks/MMFeedbacksForThirdParty/MMTools/Feedbacks/MMF_Fade.cs using Guid(0dc617b01bf230943a22cac5dec24291) Importer(2089858483,192608db42251d675da83286b1cce702) (ScriptedImporter) -> (artifact id: 'cc5d1a5c5617db857cd26ec096228375') in 0.0287512 seconds
Number of updated asset objects reloaded before import = 0Number of asset objects unloaded after import = 0

========================================================================
Received Import Request.
  Time since last request: 0.000060 seconds.
  path: Assets/CorgiEngine/ThirdParty/MoreMountains/MMFeedbacks/MMFeedbacksForThirdParty/HDRP/Springs/MMSpringDepthOfFieldFocusDistance_HDRP.cs
  artifactKey: Guid(7969c2e1fc64bc64b8e2c338f430fa49) Importer(2089858483,192608db42251d675da83286b1cce702)
Start importing Assets/CorgiEngine/ThirdParty/MoreMountains/MMFeedbacks/MMFeedbacksForThirdParty/HDRP/Springs/MMSpringDepthOfFieldFocusDistance_HDRP.cs using Guid(7969c2e1fc64bc64b8e2c338f430fa49) Importer(2089858483,192608db42251d675da83286b1cce702) (ScriptedImporter) -> (artifact id: '1fd34135162f04980fef3c68a5e48a5b') in 0.0215065 seconds
Number of updated asset objects reloaded before import = 0Number of asset objects unloaded after import = 0

========================================================================
Received Import Request.
  Time since last request: 0.000085 seconds.
  path: Assets/CorgiEngine/ThirdParty/MoreMountains/MMFeedbacks/MMFeedbacksForThirdParty/TextMeshPro/Feedbacks/MMF_TMPLineSpacing.cs
  artifactKey: Guid(769890c09f9abdf42af40a0e8b1f8ea0) Importer(2089858483,192608db42251d675da83286b1cce702)
Start importing Assets/CorgiEngine/ThirdParty/MoreMountains/MMFeedbacks/MMFeedbacksForThirdParty/TextMeshPro/Feedbacks/MMF_TMPLineSpacing.cs using Guid(769890c09f9abdf42af40a0e8b1f8ea0) Importer(2089858483,192608db42251d675da83286b1cce702) (ScriptedImporter) -> (artifact id: '698407f674439411318cd2fc05d4958f') in 0.0257683 seconds
Number of updated asset objects reloaded before import = 0Number of asset objects unloaded after import = 0

========================================================================
Received Import Request.
  Time since last request: 0.000032 seconds.
  path: Assets/CorgiEngine/ThirdParty/MoreMountains/MMFeedbacks/MMFeedbacksForThirdParty/URP/Shakers/MMChromaticAberrationShaker_URP.cs
  artifactKey: Guid(2d01154bce0123949a8800d85a063092) Importer(2089858483,192608db42251d675da83286b1cce702)
Start importing Assets/CorgiEngine/ThirdParty/MoreMountains/MMFeedbacks/MMFeedbacksForThirdParty/URP/Shakers/MMChromaticAberrationShaker_URP.cs using Guid(2d01154bce0123949a8800d85a063092) Importer(2089858483,192608db42251d675da83286b1cce702) (ScriptedImporter) -> (artifact id: '4556d3952589529cbd20c30eeb197394') in 0.0288384 seconds
Number of updated asset objects reloaded before import = 0Number of asset objects unloaded after import = 0

========================================================================
Received Import Request.
  Time since last request: 0.000147 seconds.
  path: Assets/CorgiEngine/ThirdParty/MoreMountains/MMFeedbacks/MMFeedbacksForThirdParty/PostProcessing/Springs/MMSpringVignetteCenter.cs
  artifactKey: Guid(c4cd9f982e331c347a78bcae05117b99) Importer(2089858483,192608db42251d675da83286b1cce702)
Start importing Assets/CorgiEngine/ThirdParty/MoreMountains/MMFeedbacks/MMFeedbacksForThirdParty/PostProcessing/Springs/MMSpringVignetteCenter.cs using Guid(c4cd9f982e331c347a78bcae05117b99) Importer(2089858483,192608db42251d675da83286b1cce702) (ScriptedImporter) -> (artifact id: 'bc56f2f64cb8060531caa9076d0e91af') in 0.0229191 seconds
Number of updated asset objects reloaded before import = 0Number of asset objects unloaded after import = 0

========================================================================
Received Import Request.
  Time since last request: 0.000066 seconds.
  path: Assets/CorgiEngine/ThirdParty/MoreMountains/MMFeedbacks/MMFeedbacksForThirdParty/MMTools/Feedbacks/MMF_TrailRenderer.cs
  artifactKey: Guid(4d52e2caed94cf0408a14edc402b85ad) Importer(2089858483,192608db42251d675da83286b1cce702)
Start importing Assets/CorgiEngine/ThirdParty/MoreMountains/MMFeedbacks/MMFeedbacksForThirdParty/MMTools/Feedbacks/MMF_TrailRenderer.cs using Guid(4d52e2caed94cf0408a14edc402b85ad) Importer(2089858483,192608db42251d675da83286b1cce702) (ScriptedImporter) -> (artifact id: '257e91aef1d2c3178ca79aac02601d3d') in 0.0244727 seconds
Number of updated asset objects reloaded before import = 0Number of asset objects unloaded after import = 0

========================================================================
Received Import Request.
  Time since last request: 0.000060 seconds.
  path: Assets/CorgiEngine/ThirdParty/MoreMountains/MMFeedbacks/MMFeedbacksForThirdParty/UIToolkit/Base/MMF_UIToolkit.cs
  artifactKey: Guid(26da15f4b3a68a54295a67aede05e70b) Importer(2089858483,192608db42251d675da83286b1cce702)
Start importing Assets/CorgiEngine/ThirdParty/MoreMountains/MMFeedbacks/MMFeedbacksForThirdParty/UIToolkit/Base/MMF_UIToolkit.cs using Guid(26da15f4b3a68a54295a67aede05e70b) Importer(2089858483,192608db42251d675da83286b1cce702) (ScriptedImporter) -> (artifact id: '90d732af538e7dde64f5670c57034ac0') in 0.0275359 seconds
Number of updated asset objects reloaded before import = 0Number of asset objects unloaded after import = 0

========================================================================
Received Import Request.
  Time since last request: 0.000075 seconds.
  path: Assets/CorgiEngine/ThirdParty/MoreMountains/MMFeedbacks/MMFeedbacksForThirdParty/MMTools/Feedbacks/MMF_DebugLog.cs
  artifactKey: Guid(18d70b42b0fd93e49b47f2970addf779) Importer(2089858483,192608db42251d675da83286b1cce702)
Start importing Assets/CorgiEngine/ThirdParty/MoreMountains/MMFeedbacks/MMFeedbacksForThirdParty/MMTools/Feedbacks/MMF_DebugLog.cs using Guid(18d70b42b0fd93e49b47f2970addf779) Importer(2089858483,192608db42251d675da83286b1cce702) (ScriptedImporter) -> (artifact id: '3348790c682616c16cc22ecd8267c92e') in 0.0212544 seconds
Number of updated asset objects reloaded before import = 0Number of asset objects unloaded after import = 0

========================================================================
Received Import Request.
  Time since last request: 0.000027 seconds.
  path: Assets/CorgiEngine/ThirdParty/MoreMountains/MMFeedbacks/MMFeedbacksForThirdParty/PostProcessing/Springs/MMSpringBloomIntensity.cs
  artifactKey: Guid(e65f2e076950e5b4e87408581f939749) Importer(2089858483,192608db42251d675da83286b1cce702)
Start importing Assets/CorgiEngine/ThirdParty/MoreMountains/MMFeedbacks/MMFeedbacksForThirdParty/PostProcessing/Springs/MMSpringBloomIntensity.cs using Guid(e65f2e076950e5b4e87408581f939749) Importer(2089858483,192608db42251d675da83286b1cce702) (ScriptedImporter) -> (artifact id: 'ad597c387ba9c9929226c04d7b9d9649') in 0.0253514 seconds
Number of updated asset objects reloaded before import = 0Number of asset objects unloaded after import = 0

========================================================================
Received Import Request.
  Time since last request: 0.000053 seconds.
  path: Assets/CorgiEngine/ThirdParty/MoreMountains/MMFeedbacks/MMFeedbacksForThirdParty/UIToolkit/Feedbacks/MMF_UIToolkitVisible.cs
  artifactKey: Guid(3ec5758e2d9e3f14abd3e218d26005d4) Importer(2089858483,192608db42251d675da83286b1cce702)
Start importing Assets/CorgiEngine/ThirdParty/MoreMountains/MMFeedbacks/MMFeedbacksForThirdParty/UIToolkit/Feedbacks/MMF_UIToolkitVisible.cs using Guid(3ec5758e2d9e3f14abd3e218d26005d4) Importer(2089858483,192608db42251d675da83286b1cce702) (ScriptedImporter) -> (artifact id: 'f0a594627b50e6f82a81c76a86dd077d') in 0.0292736 seconds
Number of updated asset objects reloaded before import = 0Number of asset objects unloaded after import = 0

========================================================================
Received Import Request.
  Time since last request: 0.000246 seconds.
  path: Assets/CorgiEngine/ThirdParty/MoreMountains/MMFeedbacks/MMFeedbacksForThirdParty/NiceVibrations/Feedbacks/MMF_NVPreset.cs
  artifactKey: Guid(ccb12f2582242744685c2cb083debab8) Importer(2089858483,192608db42251d675da83286b1cce702)
Start importing Assets/CorgiEngine/ThirdParty/MoreMountains/MMFeedbacks/MMFeedbacksForThirdParty/NiceVibrations/Feedbacks/MMF_NVPreset.cs using Guid(ccb12f2582242744685c2cb083debab8) Importer(2089858483,192608db42251d675da83286b1cce702) (ScriptedImporter) -> (artifact id: '66d848a5b02c119383ea971b79b11f49') in 0.0222818 seconds
Number of updated asset objects reloaded before import = 0Number of asset objects unloaded after import = 0

========================================================================
Received Import Request.
  Time since last request: 0.000031 seconds.
  path: Assets/CorgiEngine/ThirdParty/MoreMountains/MMFeedbacks/MMFeedbacksForThirdParty/MMTools/Feedbacks/MMF_Property.cs
  artifactKey: Guid(b567abd7b952dc748b9dd6b139e37bbf) Importer(2089858483,192608db42251d675da83286b1cce702)
Start importing Assets/CorgiEngine/ThirdParty/MoreMountains/MMFeedbacks/MMFeedbacksForThirdParty/MMTools/Feedbacks/MMF_Property.cs using Guid(b567abd7b952dc748b9dd6b139e37bbf) Importer(2089858483,192608db42251d675da83286b1cce702) (ScriptedImporter) -> (artifact id: '9a95595860c8ceb87727a6c972272d84') in 0.025496 seconds
Number of updated asset objects reloaded before import = 0Number of asset objects unloaded after import = 0

========================================================================
Received Import Request.
  Time since last request: 0.000052 seconds.
  path: Assets/CorgiEngine/ThirdParty/MoreMountains/MMFeedbacks/MMFeedbacksForThirdParty/URP/Springs/MMSpringLensDistortionIntensity_URP.cs
  artifactKey: Guid(39c2e38fedd7ea6458db806a703669ef) Importer(2089858483,192608db42251d675da83286b1cce702)
Start importing Assets/CorgiEngine/ThirdParty/MoreMountains/MMFeedbacks/MMFeedbacksForThirdParty/URP/Springs/MMSpringLensDistortionIntensity_URP.cs using Guid(39c2e38fedd7ea6458db806a703669ef) Importer(2089858483,192608db42251d675da83286b1cce702) (ScriptedImporter) -> (artifact id: 'a9dd037802c104483b41acdf9ed53470') in 0.0313429 seconds
Number of updated asset objects reloaded before import = 0Number of asset objects unloaded after import = 0

========================================================================
Received Import Request.
  Time since last request: 0.000129 seconds.
  path: Assets/CorgiEngine/ThirdParty/MoreMountains/MMFeedbacks/MMFeedbacksForThirdParty/HDRP/Springs/MMSpringWhiteBalanceTint_HDRP.cs
  artifactKey: Guid(732c2868ba8b5ae43b78fceeb122bda4) Importer(2089858483,192608db42251d675da83286b1cce702)
Start importing Assets/CorgiEngine/ThirdParty/MoreMountains/MMFeedbacks/MMFeedbacksForThirdParty/HDRP/Springs/MMSpringWhiteBalanceTint_HDRP.cs using Guid(732c2868ba8b5ae43b78fceeb122bda4) Importer(2089858483,192608db42251d675da83286b1cce702) (ScriptedImporter) -> (artifact id: 'fbf4c26b11544e57ebbb89561de894d0') in 0.023766 seconds
Number of updated asset objects reloaded before import = 0Number of asset objects unloaded after import = 0

========================================================================
Received Import Request.
  Time since last request: 0.000060 seconds.
  path: Assets/CorgiEngine/ThirdParty/MoreMountains/MMFeedbacks/MMFeedbacksForThirdParty/HDRP/Shakers/MMExposureShaker_HDRP.cs
  artifactKey: Guid(cacc4f51dca0d494dabb441565c23f0b) Importer(2089858483,192608db42251d675da83286b1cce702)
Start importing Assets/CorgiEngine/ThirdParty/MoreMountains/MMFeedbacks/MMFeedbacksForThirdParty/HDRP/Shakers/MMExposureShaker_HDRP.cs using Guid(cacc4f51dca0d494dabb441565c23f0b) Importer(2089858483,192608db42251d675da83286b1cce702) (ScriptedImporter) -> (artifact id: '29f30cbc03449b719be3580898c2bfc9') in 0.0250485 seconds
Number of updated asset objects reloaded before import = 0Number of asset objects unloaded after import = 0

========================================================================
Received Import Request.
  Time since last request: 0.000196 seconds.
  path: Assets/CorgiEngine/ThirdParty/MoreMountains/MMTools/Core/MMSaveLoad/MMPersistent.cs
  artifactKey: Guid(b0397bb261ecd924ba0668927c40ba3a) Importer(2089858483,192608db42251d675da83286b1cce702)
Start importing Assets/CorgiEngine/ThirdParty/MoreMountains/MMTools/Core/MMSaveLoad/MMPersistent.cs using Guid(b0397bb261ecd924ba0668927c40ba3a) Importer(2089858483,192608db42251d675da83286b1cce702) (ScriptedImporter) -> (artifact id: 'c0a5d9263b705167cafa9ee3c574455f') in 0.0268109 seconds
Number of updated asset objects reloaded before import = 0Number of asset objects unloaded after import = 0

========================================================================
Received Import Request.
  Time since last request: 0.000178 seconds.
  path: Assets/CorgiEngine/ThirdParty/MoreMountains/MMTools/Accessories/MMGUI/MMUIFollowMouse.cs
  artifactKey: Guid(245a91b1a8b30dc479ea9c354ba36cb8) Importer(2089858483,192608db42251d675da83286b1cce702)
Start importing Assets/CorgiEngine/ThirdParty/MoreMountains/MMTools/Accessories/MMGUI/MMUIFollowMouse.cs using Guid(245a91b1a8b30dc479ea9c354ba36cb8) Importer(2089858483,192608db42251d675da83286b1cce702) (ScriptedImporter) -> (artifact id: 'fa302fbcb2170c632644ac679699de7a') in 0.0210786 seconds
Number of updated asset objects reloaded before import = 0Number of asset objects unloaded after import = 0

========================================================================
Received Import Request.
  Time since last request: 0.000076 seconds.
  path: Assets/CorgiEngine/ThirdParty/MoreMountains/MMFeedbacks/MMFeedbacksForThirdParty/HDRP/Springs/MMSpringColorAdjustmentsContrast_HDRP.cs
  artifactKey: Guid(a1f799d610ab96d409225e15095ce227) Importer(2089858483,192608db42251d675da83286b1cce702)
Start importing Assets/CorgiEngine/ThirdParty/MoreMountains/MMFeedbacks/MMFeedbacksForThirdParty/HDRP/Springs/MMSpringColorAdjustmentsContrast_HDRP.cs using Guid(a1f799d610ab96d409225e15095ce227) Importer(2089858483,192608db42251d675da83286b1cce702) (ScriptedImporter) -> (artifact id: '303c2d895e1e1e9fb6faed7ae4d8a38a') in 0.0217118 seconds
Number of updated asset objects reloaded before import = 0Number of asset objects unloaded after import = 0

========================================================================
Received Import Request.
  Time since last request: 0.000109 seconds.
  path: Assets/CorgiEngine/ThirdParty/MoreMountains/MMTools/Accessories/MMCamera/MMCameraFog.cs
  artifactKey: Guid(53e5d263afa31f84eba026d21225b8fe) Importer(2089858483,192608db42251d675da83286b1cce702)
Start importing Assets/CorgiEngine/ThirdParty/MoreMountains/MMTools/Accessories/MMCamera/MMCameraFog.cs using Guid(53e5d263afa31f84eba026d21225b8fe) Importer(2089858483,192608db42251d675da83286b1cce702) (ScriptedImporter) -> (artifact id: 'babda4238720fac068d97e880c827153') in 0.0261876 seconds
Number of updated asset objects reloaded before import = 0Number of asset objects unloaded after import = 0

========================================================================
Received Import Request.
  Time since last request: 0.000072 seconds.
  path: Assets/CorgiEngine/ThirdParty/MoreMountains/MMTools/Core/MMHelpers/MMGeometry.cs
  artifactKey: Guid(ab96bc57137345a439736693abc78817) Importer(2089858483,192608db42251d675da83286b1cce702)
Start importing Assets/CorgiEngine/ThirdParty/MoreMountains/MMTools/Core/MMHelpers/MMGeometry.cs using Guid(ab96bc57137345a439736693abc78817) Importer(2089858483,192608db42251d675da83286b1cce702) (ScriptedImporter) -> (artifact id: '6f1ca43141f7d0c2a0c34d18fabdd551') in 0.0228482 seconds
Number of updated asset objects reloaded before import = 0Number of asset objects unloaded after import = 0

========================================================================
Received Import Request.
  Time since last request: 0.000080 seconds.
  path: Assets/CorgiEngine/ThirdParty/MoreMountains/MMTools/Demos/MMBezierLineRenderer/MMBezierLineRendererSkybox.mat
  artifactKey: Guid(d4dd2ec6cf23b134d9bb46f69ca7daaf) Importer(2089858483,192608db42251d675da83286b1cce702)
Start importing Assets/CorgiEngine/ThirdParty/MoreMountains/MMTools/Demos/MMBezierLineRenderer/MMBezierLineRendererSkybox.mat using Guid(d4dd2ec6cf23b134d9bb46f69ca7daaf) Importer(2089858483,192608db42251d675da83286b1cce702) (ScriptedImporter) -> (artifact id: 'f88ab2926526217c93a118ade0b562b5') in 0.0233771 seconds
Number of updated asset objects reloaded before import = 0Number of asset objects unloaded after import = 1

========================================================================
Received Import Request.
  Time since last request: 0.000038 seconds.
  path: Assets/CorgiEngine/ThirdParty/MoreMountains/MMFeedbacks/MMFeedbacks/Feedbacks/MMF_Collider2D.cs
  artifactKey: Guid(b117019c414540246a342a9d82792889) Importer(2089858483,192608db42251d675da83286b1cce702)
Start importing Assets/CorgiEngine/ThirdParty/MoreMountains/MMFeedbacks/MMFeedbacks/Feedbacks/MMF_Collider2D.cs using Guid(b117019c414540246a342a9d82792889) Importer(2089858483,192608db42251d675da83286b1cce702) (ScriptedImporter) -> (artifact id: '9a8bde2bb6e07dddd8606890f5692fb1') in 0.0264428 seconds
Number of updated asset objects reloaded before import = 0Number of asset objects unloaded after import = 0

========================================================================
Received Import Request.
  Time since last request: 0.000074 seconds.
  path: Assets/CorgiEngine/ThirdParty/MoreMountains/MMFeedbacks/MMFeedbacks/Springs/Springs/MMSpringCameraOrthographicSize.cs
  artifactKey: Guid(3c99aae5652b2184e88338afde13f993) Importer(2089858483,192608db42251d675da83286b1cce702)
Start importing Assets/CorgiEngine/ThirdParty/MoreMountains/MMFeedbacks/MMFeedbacks/Springs/Springs/MMSpringCameraOrthographicSize.cs using Guid(3c99aae5652b2184e88338afde13f993) Importer(2089858483,192608db42251d675da83286b1cce702) (ScriptedImporter) -> (artifact id: 'd75d659ce2a3406bbf1033121e247d5e') in 0.0197405 seconds
Number of updated asset objects reloaded before import = 0Number of asset objects unloaded after import = 0

========================================================================
Received Import Request.
  Time since last request: 0.000151 seconds.
  path: Assets/CorgiEngine/ThirdParty/MoreMountains/MMFeedbacks/Demos/SequencingDemo/Textures/Tiles33_rgh.png
  artifactKey: Guid(b8e96cfd936058e4aa0968a82df57eb2) Importer(2089858483,192608db42251d675da83286b1cce702)
Start importing Assets/CorgiEngine/ThirdParty/MoreMountains/MMFeedbacks/Demos/SequencingDemo/Textures/Tiles33_rgh.png using Guid(b8e96cfd936058e4aa0968a82df57eb2) Importer(2089858483,192608db42251d675da83286b1cce702) (ScriptedImporter) -> (artifact id: '32491f6d3b6e89f243bf9d25b2e880c0') in 0.0438185 seconds
Number of updated asset objects reloaded before import = 0Number of asset objects unloaded after import = 1

========================================================================
Received Import Request.
  Time since last request: 0.000029 seconds.
  path: Assets/CorgiEngine/ThirdParty/MoreMountains/MMTools/Demos/MMFollowTarget/MMFollowTargetDemoGroundMaterial.mat
  artifactKey: Guid(618ddfc15e28454459ee2236b25eb5be) Importer(2089858483,192608db42251d675da83286b1cce702)
Start importing Assets/CorgiEngine/ThirdParty/MoreMountains/MMTools/Demos/MMFollowTarget/MMFollowTargetDemoGroundMaterial.mat using Guid(618ddfc15e28454459ee2236b25eb5be) Importer(2089858483,192608db42251d675da83286b1cce702) (ScriptedImporter) -> (artifact id: 'faf668d752d9c8af4882b90774453060') in 0.0967731 seconds
Number of updated asset objects reloaded before import = 0Number of asset objects unloaded after import = 4

========================================================================
Received Import Request.
  Time since last request: 0.000022 seconds.
  path: Assets/CorgiEngine/ThirdParty/MoreMountains/MMFeedbacks/MMFeedbacks/Feedbacks/MMF_SquashAndStretch.cs
  artifactKey: Guid(c49da9accb2eb1440a67851db7465381) Importer(2089858483,192608db42251d675da83286b1cce702)
Start importing Assets/CorgiEngine/ThirdParty/MoreMountains/MMFeedbacks/MMFeedbacks/Feedbacks/MMF_SquashAndStretch.cs using Guid(c49da9accb2eb1440a67851db7465381) Importer(2089858483,192608db42251d675da83286b1cce702) (ScriptedImporter) -> (artifact id: 'f325727e675b797e9c90604b2ac75773') in 0.0215543 seconds
Number of updated asset objects reloaded before import = 0Number of asset objects unloaded after import = 0

========================================================================
Received Import Request.
  Time since last request: 0.000024 seconds.
  path: Assets/CorgiEngine/ThirdParty/MoreMountains/MMTools/Accessories/MMMovement/MMAutoRotate.cs
  artifactKey: Guid(7f009572b4d918346b24337ef83f88c1) Importer(2089858483,192608db42251d675da83286b1cce702)
Start importing Assets/CorgiEngine/ThirdParty/MoreMountains/MMTools/Accessories/MMMovement/MMAutoRotate.cs using Guid(7f009572b4d918346b24337ef83f88c1) Importer(2089858483,192608db42251d675da83286b1cce702) (ScriptedImporter) -> (artifact id: 'ed315c026da092753ec0d1c32a1a7e31') in 0.0207482 seconds
Number of updated asset objects reloaded before import = 0Number of asset objects unloaded after import = 0

========================================================================
Received Import Request.
  Time since last request: 0.000084 seconds.
  path: Assets/CorgiEngine/ThirdParty/MoreMountains/MMFeedbacks/Demos/MMFeedbacksDemo/UI/Button.prefab
  artifactKey: Guid(a16c33a1240b8ce4f930161a7c85fae6) Importer(2089858483,192608db42251d675da83286b1cce702)
Start importing Assets/CorgiEngine/ThirdParty/MoreMountains/MMFeedbacks/Demos/MMFeedbacksDemo/UI/Button.prefab using Guid(a16c33a1240b8ce4f930161a7c85fae6) Importer(2089858483,192608db42251d675da83286b1cce702) (ScriptedImporter) -> (artifact id: 'ae0a482f0d7ece0e17e6e733d74d64ce') in 0.0886099 seconds
Number of updated asset objects reloaded before import = 0Number of asset objects unloaded after import = 22

========================================================================
Received Import Request.
  Time since last request: 0.000029 seconds.
  path: Assets/CorgiEngine/ThirdParty/MoreMountains/MMFeedbacks/Demos/SequencingDemo/Textures/Chip03_col.png
  artifactKey: Guid(b1c4826a9c46eef40a5ecdf4fda06c0f) Importer(2089858483,192608db42251d675da83286b1cce702)
Start importing Assets/CorgiEngine/ThirdParty/MoreMountains/MMFeedbacks/Demos/SequencingDemo/Textures/Chip03_col.png using Guid(b1c4826a9c46eef40a5ecdf4fda06c0f) Importer(2089858483,192608db42251d675da83286b1cce702) (ScriptedImporter) -> (artifact id: 'db0754d353352119f69b94877551cd80') in 0.0610141 seconds
Number of updated asset objects reloaded before import = 0Number of asset objects unloaded after import = 1

========================================================================
Received Import Request.
  Time since last request: 0.000023 seconds.
  path: Assets/CorgiEngine/ThirdParty/MoreMountains/MMFeedbacks/MMFeedbacksForThirdParty/MMTools/Feedbacks/MMF_Playlist.cs
  artifactKey: Guid(cd1ba6e99150bc54788ab1cadf6a8f09) Importer(2089858483,192608db42251d675da83286b1cce702)
Start importing Assets/CorgiEngine/ThirdParty/MoreMountains/MMFeedbacks/MMFeedbacksForThirdParty/MMTools/Feedbacks/MMF_Playlist.cs using Guid(cd1ba6e99150bc54788ab1cadf6a8f09) Importer(2089858483,192608db42251d675da83286b1cce702) (ScriptedImporter) -> (artifact id: 'f949bb0053c11a56e1315829c6657359') in 0.029969 seconds
Number of updated asset objects reloaded before import = 0Number of asset objects unloaded after import = 0

========================================================================
Received Import Request.
  Time since last request: 0.000123 seconds.
  path: Assets/CorgiEngine/ThirdParty/MoreMountains/MMFeedbacks/MMFeedbacks/Feedbacks/MMF_AudioFilterEcho.cs
  artifactKey: Guid(c3a9753eaf81ae04aa91936d315f19f6) Importer(2089858483,192608db42251d675da83286b1cce702)
Start importing Assets/CorgiEngine/ThirdParty/MoreMountains/MMFeedbacks/MMFeedbacks/Feedbacks/MMF_AudioFilterEcho.cs using Guid(c3a9753eaf81ae04aa91936d315f19f6) Importer(2089858483,192608db42251d675da83286b1cce702) (ScriptedImporter) -> (artifact id: 'd3f2c36a313cc4052c81846e874ddb0f') in 0.0244166 seconds
Number of updated asset objects reloaded before import = 0Number of asset objects unloaded after import = 0

========================================================================
Received Import Request.
  Time since last request: 0.000047 seconds.
  path: Assets/CorgiEngine/Demos/Corgi2D/Prefabs/Environment/Trees/Tree1.prefab
  artifactKey: Guid(63654a04b0cd8f045bd0ef8ff10a0895) Importer(2089858483,192608db42251d675da83286b1cce702)
Start importing Assets/CorgiEngine/Demos/Corgi2D/Prefabs/Environment/Trees/Tree1.prefab using Guid(63654a04b0cd8f045bd0ef8ff10a0895) Importer(2089858483,192608db42251d675da83286b1cce702) (ScriptedImporter) -> (artifact id: '75770fa84ca697a6b24988b74e6357d2') in 0.0443377 seconds
Number of updated asset objects reloaded before import = 0Number of asset objects unloaded after import = 8

========================================================================
Received Import Request.
  Time since last request: 0.000105 seconds.
  path: Assets/CorgiEngine/ThirdParty/MoreMountains/MMTools/Accessories/MMShaders/MMVFX.shader
  artifactKey: Guid(75131f2c79eb5ea41ad169e65629e780) Importer(2089858483,192608db42251d675da83286b1cce702)
Start importing Assets/CorgiEngine/ThirdParty/MoreMountains/MMTools/Accessories/MMShaders/MMVFX.shader using Guid(75131f2c79eb5ea41ad169e65629e780) Importer(2089858483,192608db42251d675da83286b1cce702) (ScriptedImporter) -> (artifact id: 'b211b80faec281e80949252acf214527') in 0.0384871 seconds
Number of updated asset objects reloaded before import = 0Number of asset objects unloaded after import = 1

========================================================================
Received Import Request.
  Time since last request: 0.000033 seconds.
  path: Assets/CorgiEngine/Demos/Corgi2D/Sprites/Environment/Blocks/pushable-block.png
  artifactKey: Guid(13010b2681e78be41bfbf4745861db2b) Importer(2089858483,192608db42251d675da83286b1cce702)
Start importing Assets/CorgiEngine/Demos/Corgi2D/Sprites/Environment/Blocks/pushable-block.png using Guid(13010b2681e78be41bfbf4745861db2b) Importer(2089858483,192608db42251d675da83286b1cce702) (ScriptedImporter) -> (artifact id: '8b5f86a76645153a2327fce527590e2e') in 0.046107 seconds
Number of updated asset objects reloaded before import = 0Number of asset objects unloaded after import = 3

========================================================================
Received Import Request.
  Time since last request: 0.000022 seconds.
  path: Assets/CorgiEngine/Demos/Corgi2D/Sprites/Environment/Mesa/ladder.png
  artifactKey: Guid(78e6e7db55d4d4559adbb4d027071acb) Importer(2089858483,192608db42251d675da83286b1cce702)
Start importing Assets/CorgiEngine/Demos/Corgi2D/Sprites/Environment/Mesa/ladder.png using Guid(78e6e7db55d4d4559adbb4d027071acb) Importer(2089858483,192608db42251d675da83286b1cce702) (ScriptedImporter) -> (artifact id: '1c81423ce8895b40c9896bf6bd07346c') in 0.0419367 seconds
Number of updated asset objects reloaded before import = 0Number of asset objects unloaded after import = 3

========================================================================
Received Import Request.
  Time since last request: 0.000036 seconds.
  path: Assets/CorgiEngine/ThirdParty/MoreMountains/MMTools/Accessories/MMVFX/MMRipple/MMRippleCircle3.mat
  artifactKey: Guid(43c36085512d5834f9b4387303c2ae7f) Importer(2089858483,192608db42251d675da83286b1cce702)
Start importing Assets/CorgiEngine/ThirdParty/MoreMountains/MMTools/Accessories/MMVFX/MMRipple/MMRippleCircle3.mat using Guid(43c36085512d5834f9b4387303c2ae7f) Importer(2089858483,192608db42251d675da83286b1cce702) (ScriptedImporter) -> (artifact id: 'c674dccf085bbc8ac0fe9c50b5300f74') in 0.046755 seconds
Number of updated asset objects reloaded before import = 0Number of asset objects unloaded after import = 2

========================================================================
Received Import Request.
  Time since last request: 0.000030 seconds.
  path: Assets/CorgiEngine/ThirdParty/MoreMountains/MMTools/Accessories/MMVFX/MMRipple/MMRippleCircle2.mat
  artifactKey: Guid(dfe0b0e9e34f50b459b6c0d5c1341125) Importer(2089858483,192608db42251d675da83286b1cce702)
Start importing Assets/CorgiEngine/ThirdParty/MoreMountains/MMTools/Accessories/MMVFX/MMRipple/MMRippleCircle2.mat using Guid(dfe0b0e9e34f50b459b6c0d5c1341125) Importer(2089858483,192608db42251d675da83286b1cce702) (ScriptedImporter) -> (artifact id: '8bce357a457b012b74b49d1b0fd3e558') in 0.0485252 seconds
Number of updated asset objects reloaded before import = 0Number of asset objects unloaded after import = 2

========================================================================
Received Import Request.
  Time since last request: 0.000053 seconds.
  path: Assets/CorgiEngine/ThirdParty/MoreMountains/MMTools/Accessories/MMDebugMenu/Prefabs/MMDebugTouchDisplayPrefab.prefab
  artifactKey: Guid(626a9fe06209d574da486d5d818915f2) Importer(2089858483,192608db42251d675da83286b1cce702)
Start importing Assets/CorgiEngine/ThirdParty/MoreMountains/MMTools/Accessories/MMDebugMenu/Prefabs/MMDebugTouchDisplayPrefab.prefab using Guid(626a9fe06209d574da486d5d818915f2) Importer(2089858483,192608db42251d675da83286b1cce702) (ScriptedImporter) -> (artifact id: 'eb6b7f4b8ed2ba402723234841700a0a') in 0.0282741 seconds
Number of updated asset objects reloaded before import = 0Number of asset objects unloaded after import = 10

========================================================================
Received Import Request.
  Time since last request: 0.000025 seconds.
  path: Assets/CorgiEngine/ThirdParty/MoreMountains/MMTools/Accessories/MMPrototypeTextures/MMBRP_Materials/MMBPR_BlueFrame.mat
  artifactKey: Guid(e0e8a571ef6fce34890952889b35afda) Importer(2089858483,192608db42251d675da83286b1cce702)
Start importing Assets/CorgiEngine/ThirdParty/MoreMountains/MMTools/Accessories/MMPrototypeTextures/MMBRP_Materials/MMBPR_BlueFrame.mat using Guid(e0e8a571ef6fce34890952889b35afda) Importer(2089858483,192608db42251d675da83286b1cce702) (ScriptedImporter) -> (artifact id: '5e8c092477b2385b83b05842a8156632') in 0.0509717 seconds
Number of updated asset objects reloaded before import = 0Number of asset objects unloaded after import = 4

========================================================================
Received Import Request.
  Time since last request: 0.000027 seconds.
  path: Assets/CorgiEngine/ThirdParty/MoreMountains/MMTools/Accessories/Editor/MMCamera/MMAspectRatioSafeZonesEditor.cs
  artifactKey: Guid(3318ec2edbd59284a9d8a7371e84a33e) Importer(2089858483,192608db42251d675da83286b1cce702)
Start importing Assets/CorgiEngine/ThirdParty/MoreMountains/MMTools/Accessories/Editor/MMCamera/MMAspectRatioSafeZonesEditor.cs using Guid(3318ec2edbd59284a9d8a7371e84a33e) Importer(2089858483,192608db42251d675da83286b1cce702) (ScriptedImporter) -> (artifact id: '6ec780e4c27a5b5e6f51a30478dab06e') in 0.0236565 seconds
Number of updated asset objects reloaded before import = 0Number of asset objects unloaded after import = 0

========================================================================
Received Import Request.
  Time since last request: 0.000036 seconds.
  path: Assets/CorgiEngine/ThirdParty/MoreMountains/MMTools/Accessories/MMVFX/MMParticles/MMParticlesDust.png
  artifactKey: Guid(1806add7d16bbe4419725ed4681c2c18) Importer(2089858483,192608db42251d675da83286b1cce702)
Start importing Assets/CorgiEngine/ThirdParty/MoreMountains/MMTools/Accessories/MMVFX/MMParticles/MMParticlesDust.png using Guid(1806add7d16bbe4419725ed4681c2c18) Importer(2089858483,192608db42251d675da83286b1cce702) (ScriptedImporter) -> (artifact id: '7924b26058fec0abe94bb3d4776074f1') in 0.0540759 seconds
Number of updated asset objects reloaded before import = 0Number of asset objects unloaded after import = 1

========================================================================
Received Import Request.
  Time since last request: 0.000021 seconds.
  path: Assets/CorgiEngine/ThirdParty/MoreMountains/MMTools/Accessories/MMCinemachine/MMCinemachineZone/MMCinemachineZone2D.cs
  artifactKey: Guid(47cd2899f51fb4842857c11182c8e62a) Importer(2089858483,192608db42251d675da83286b1cce702)
Start importing Assets/CorgiEngine/ThirdParty/MoreMountains/MMTools/Accessories/MMCinemachine/MMCinemachineZone/MMCinemachineZone2D.cs using Guid(47cd2899f51fb4842857c11182c8e62a) Importer(2089858483,192608db42251d675da83286b1cce702) (ScriptedImporter) -> (artifact id: 'f6547823c660d696943b39d30ad78151') in 0.0226481 seconds
Number of updated asset objects reloaded before import = 0Number of asset objects unloaded after import = 0

========================================================================
Received Import Request.
  Time since last request: 0.000069 seconds.
  path: Assets/CorgiEngine/ThirdParty/MoreMountains/MMInterface/Common/Animations/Switch/RollRight.anim
  artifactKey: Guid(3d4ca9abcda074147a6ded7e6428c38a) Importer(2089858483,192608db42251d675da83286b1cce702)
Start importing Assets/CorgiEngine/ThirdParty/MoreMountains/MMInterface/Common/Animations/Switch/RollRight.anim using Guid(3d4ca9abcda074147a6ded7e6428c38a) Importer(2089858483,192608db42251d675da83286b1cce702) (ScriptedImporter) -> (artifact id: '31b7b7f6d53809001aeef6d38070305a') in 0.0314391 seconds
Number of updated asset objects reloaded before import = 0Number of asset objects unloaded after import = 1

========================================================================
Received Import Request.
  Time since last request: 0.000027 seconds.
  path: Assets/CorgiEngine/ThirdParty/MoreMountains/MMTools/Accessories/MMPrototypeTextures/MMBRP_Materials/MMBPR_YellowDots.mat
  artifactKey: Guid(54ac4fc9dfd37074aab2e6bff0c2e6ca) Importer(2089858483,192608db42251d675da83286b1cce702)
Start importing Assets/CorgiEngine/ThirdParty/MoreMountains/MMTools/Accessories/MMPrototypeTextures/MMBRP_Materials/MMBPR_YellowDots.mat using Guid(54ac4fc9dfd37074aab2e6bff0c2e6ca) Importer(2089858483,192608db42251d675da83286b1cce702) (ScriptedImporter) -> (artifact id: '4f9ee2360f261689a4098c98b19273c7') in 0.0562349 seconds
Number of updated asset objects reloaded before import = 0Number of asset objects unloaded after import = 4

========================================================================
Received Import Request.
  Time since last request: 0.000066 seconds.
  path: Assets/CorgiEngine/ThirdParty/MoreMountains/MMTools/Accessories/Editor/MMCollisions/MMMeshToPolygonCollider2D.cs
  artifactKey: Guid(ff6c7676065e39545a4f7ccb2f5d67b8) Importer(2089858483,192608db42251d675da83286b1cce702)
Start importing Assets/CorgiEngine/ThirdParty/MoreMountains/MMTools/Accessories/Editor/MMCollisions/MMMeshToPolygonCollider2D.cs using Guid(ff6c7676065e39545a4f7ccb2f5d67b8) Importer(2089858483,192608db42251d675da83286b1cce702) (ScriptedImporter) -> (artifact id: '330e0ed0970551869e02c427a4292353') in 0.0284001 seconds
Number of updated asset objects reloaded before import = 0Number of asset objects unloaded after import = 0

========================================================================
Received Import Request.
  Time since last request: 0.000028 seconds.
  path: Assets/CorgiEngine/ThirdParty/MoreMountains/MMTools/Accessories/MMDebugMenu/Scripts/MMDebugMenu.cs
  artifactKey: Guid(65772fc08a0d9314f86205390e1e772d) Importer(2089858483,192608db42251d675da83286b1cce702)
Start importing Assets/CorgiEngine/ThirdParty/MoreMountains/MMTools/Accessories/MMDebugMenu/Scripts/MMDebugMenu.cs using Guid(65772fc08a0d9314f86205390e1e772d) Importer(2089858483,192608db42251d675da83286b1cce702) (ScriptedImporter) -> (artifact id: '3b8ac7ebc39d28607493572b09a9b1ae') in 0.0190675 seconds
Number of updated asset objects reloaded before import = 0Number of asset objects unloaded after import = 0

========================================================================
Received Import Request.
  Time since last request: 0.000024 seconds.
  path: Assets/CorgiEngine/ThirdParty/MoreMountains/MMTools/Accessories/Editor/MMActivation/MMTriggerAndCollisionEditor.cs
  artifactKey: Guid(58ec23fbdf517a348851de2bb297888e) Importer(2089858483,192608db42251d675da83286b1cce702)
Start importing Assets/CorgiEngine/ThirdParty/MoreMountains/MMTools/Accessories/Editor/MMActivation/MMTriggerAndCollisionEditor.cs using Guid(58ec23fbdf517a348851de2bb297888e) Importer(2089858483,192608db42251d675da83286b1cce702) (ScriptedImporter) -> (artifact id: '698068524578018552338db857504055') in 0.0208734 seconds
Number of updated asset objects reloaded before import = 0Number of asset objects unloaded after import = 0

========================================================================
Received Import Request.
  Time since last request: 0.000137 seconds.
  path: Assets/CorgiEngine/ThirdParty/MoreMountains/MMInterface/Styles/Mini/Prefabs/Switch.prefab
  artifactKey: Guid(98c97d7367d8bf2448056d90b916d1a8) Importer(2089858483,192608db42251d675da83286b1cce702)
Start importing Assets/CorgiEngine/ThirdParty/MoreMountains/MMInterface/Styles/Mini/Prefabs/Switch.prefab using Guid(98c97d7367d8bf2448056d90b916d1a8) Importer(2089858483,192608db42251d675da83286b1cce702) (ScriptedImporter) -> (artifact id: 'e183766d35e408a0f70277fd9940e3d0') in 0.1026737 seconds
Number of updated asset objects reloaded before import = 0Number of asset objects unloaded after import = 39

========================================================================
Received Import Request.
  Time since last request: 0.000060 seconds.
  path: Assets/CorgiEngine/ThirdParty/MoreMountains/MMTools/Accessories/Editor/MMMovement/MMAutoRotateEditor.cs
  artifactKey: Guid(9b4bf5a88d386b6428629ffc983eb62c) Importer(2089858483,192608db42251d675da83286b1cce702)
Start importing Assets/CorgiEngine/ThirdParty/MoreMountains/MMTools/Accessories/Editor/MMMovement/MMAutoRotateEditor.cs using Guid(9b4bf5a88d386b6428629ffc983eb62c) Importer(2089858483,192608db42251d675da83286b1cce702) (ScriptedImporter) -> (artifact id: '81ae2966a134b555ee6d55aaeff65e54') in 0.0237622 seconds
Number of updated asset objects reloaded before import = 0Number of asset objects unloaded after import = 0

========================================================================
Received Import Request.
  Time since last request: 0.000164 seconds.
  path: Assets/CorgiEngine/ThirdParty/MoreMountains/MMTools/Accessories/MMVFX/MMRipple/MMRippleSpiral1NM.png
  artifactKey: Guid(72c72b2c72465e04ab1e30491d0bf708) Importer(2089858483,192608db42251d675da83286b1cce702)
Start importing Assets/CorgiEngine/ThirdParty/MoreMountains/MMTools/Accessories/MMVFX/MMRipple/MMRippleSpiral1NM.png using Guid(72c72b2c72465e04ab1e30491d0bf708) Importer(2089858483,192608db42251d675da83286b1cce702) (ScriptedImporter) -> (artifact id: '5fbd52225a63437c4adaee9f1f47352d') in 0.0415177 seconds
Number of updated asset objects reloaded before import = 0Number of asset objects unloaded after import = 1

========================================================================
Received Import Request.
  Time since last request: 0.000023 seconds.
  path: Assets/CorgiEngine/ThirdParty/MoreMountains/MMTools/Accessories/MMVFX/MMParticles/MMParticlesJab.png
  artifactKey: Guid(6756ce1110b2ba24e9f356c415a5a73d) Importer(2089858483,192608db42251d675da83286b1cce702)
Start importing Assets/CorgiEngine/ThirdParty/MoreMountains/MMTools/Accessories/MMVFX/MMParticles/MMParticlesJab.png using Guid(6756ce1110b2ba24e9f356c415a5a73d) Importer(2089858483,192608db42251d675da83286b1cce702) (ScriptedImporter) -> (artifact id: '18d076b27544a51e94255f0710731b54') in 0.0553239 seconds
Number of updated asset objects reloaded before import = 0Number of asset objects unloaded after import = 1

========================================================================
Received Import Request.
  Time since last request: 0.000019 seconds.
  path: Assets/CorgiEngine/ThirdParty/MoreMountains/MMTools/Accessories/MMPrototypeTextures/MMBRP_Materials/MMBPR_GreenFrame.mat
  artifactKey: Guid(40ebbdf2c7a17d342843431f58d3e892) Importer(2089858483,192608db42251d675da83286b1cce702)
Start importing Assets/CorgiEngine/ThirdParty/MoreMountains/MMTools/Accessories/MMPrototypeTextures/MMBRP_Materials/MMBPR_GreenFrame.mat using Guid(40ebbdf2c7a17d342843431f58d3e892) Importer(2089858483,192608db42251d675da83286b1cce702) (ScriptedImporter) -> (artifact id: '72646c046b91efd2241f97e62d07400a') in 0.0535011 seconds
Number of updated asset objects reloaded before import = 0Number of asset objects unloaded after import = 4

========================================================================
Received Import Request.
  Time since last request: 0.000028 seconds.
  path: Assets/CorgiEngine/ThirdParty/MoreMountains/MMTools/Accessories/Editor/MMCurves/MMPlotterEditor.cs
  artifactKey: Guid(7e2bca92e67ccd243a920ed5311a183e) Importer(2089858483,192608db42251d675da83286b1cce702)
Start importing Assets/CorgiEngine/ThirdParty/MoreMountains/MMTools/Accessories/Editor/MMCurves/MMPlotterEditor.cs using Guid(7e2bca92e67ccd243a920ed5311a183e) Importer(2089858483,192608db42251d675da83286b1cce702) (ScriptedImporter) -> (artifact id: 'fab0c27e2fcd61890fddca7b742c443d') in 0.022576 seconds
Number of updated asset objects reloaded before import = 0Number of asset objects unloaded after import = 0

========================================================================
Received Import Request.
  Time since last request: 0.000027 seconds.
  path: Assets/CorgiEngine/ThirdParty/MoreMountains/MMTools/Accessories/MMVFX/MMRamps/MMRamp3.png
  artifactKey: Guid(05cb76770cb65124ebc19520574e2a60) Importer(2089858483,192608db42251d675da83286b1cce702)
Start importing Assets/CorgiEngine/ThirdParty/MoreMountains/MMTools/Accessories/MMVFX/MMRamps/MMRamp3.png using Guid(05cb76770cb65124ebc19520574e2a60) Importer(2089858483,192608db42251d675da83286b1cce702) (ScriptedImporter) -> (artifact id: 'b3797cb0bba2560fd44cf72a699d82c9') in 0.0545255 seconds
Number of updated asset objects reloaded before import = 0Number of asset objects unloaded after import = 1

========================================================================
Received Import Request.
  Time since last request: 0.000030 seconds.
  path: Assets/CorgiEngine/ThirdParty/MoreMountains/MMTools/Accessories/MMDebugOnScreen/Resources/MMDebugOnScreenConsole.prefab
  artifactKey: Guid(dbdbfb7cee2876a42980b6bcd9bc441a) Importer(2089858483,192608db42251d675da83286b1cce702)
Start importing Assets/CorgiEngine/ThirdParty/MoreMountains/MMTools/Accessories/MMDebugOnScreen/Resources/MMDebugOnScreenConsole.prefab using Guid(dbdbfb7cee2876a42980b6bcd9bc441a) Importer(2089858483,192608db42251d675da83286b1cce702) (ScriptedImporter) -> (artifact id: '4f84c659072684ec0ca03a1ac0f41d17') in 0.0649005 seconds
Number of updated asset objects reloaded before import = 0Number of asset objects unloaded after import = 33

========================================================================
Received Import Request.
  Time since last request: 0.000043 seconds.
  path: Assets/CorgiEngine/ThirdParty/MoreMountains/MMInterface/Styles/Mini/Prefabs/ProgressBarBlue.prefab
  artifactKey: Guid(9ba15fad449ad35468e252ed48f5fa99) Importer(2089858483,192608db42251d675da83286b1cce702)
Start importing Assets/CorgiEngine/ThirdParty/MoreMountains/MMInterface/Styles/Mini/Prefabs/ProgressBarBlue.prefab using Guid(9ba15fad449ad35468e252ed48f5fa99) Importer(2089858483,192608db42251d675da83286b1cce702) (ScriptedImporter) -> (artifact id: 'c2d950556ff47f426b057920259ae4f1') in 0.087703 seconds
Number of updated asset objects reloaded before import = 0Number of asset objects unloaded after import = 21

========================================================================
Received Import Request.
  Time since last request: 0.000024 seconds.
  path: Assets/CorgiEngine/ThirdParty/MoreMountains/MMInterface/Styles/Mini/Prefabs/RadioButton.prefab
  artifactKey: Guid(9a5542545bdc2d949b3de079770f4554) Importer(2089858483,192608db42251d675da83286b1cce702)
Start importing Assets/CorgiEngine/ThirdParty/MoreMountains/MMInterface/Styles/Mini/Prefabs/RadioButton.prefab using Guid(9a5542545bdc2d949b3de079770f4554) Importer(2089858483,192608db42251d675da83286b1cce702) (ScriptedImporter) -> (artifact id: '3868dd48679176de715857edf1e2a7d7') in 0.0501951 seconds
Number of updated asset objects reloaded before import = 0Number of asset objects unloaded after import = 38

========================================================================
Received Import Request.
  Time since last request: 0.000036 seconds.
  path: Assets/CorgiEngine/ThirdParty/MoreMountains/MMTools/Accessories/MMVFX/MMNoise/MMSimplexNoise.png
  artifactKey: Guid(4fbec3043b4bcc941b84734f579dc2c8) Importer(2089858483,192608db42251d675da83286b1cce702)
Start importing Assets/CorgiEngine/ThirdParty/MoreMountains/MMTools/Accessories/MMVFX/MMNoise/MMSimplexNoise.png using Guid(4fbec3043b4bcc941b84734f579dc2c8) Importer(2089858483,192608db42251d675da83286b1cce702) (ScriptedImporter) -> (artifact id: 'ac34a2ed9c41bfd6cd41ad52cc030bb0') in 0.0763636 seconds
Number of updated asset objects reloaded before import = 0Number of asset objects unloaded after import = 1

========================================================================
Received Import Request.
  Time since last request: 0.000024 seconds.
  path: Assets/CorgiEngine/ThirdParty/MoreMountains/MMTools/Accessories/MMPrototypeTextures/MMBRP_Materials/MMBPR_DarkGreySquares.mat
  artifactKey: Guid(e2370f782aa1d374a8b4b05c11d259ea) Importer(2089858483,192608db42251d675da83286b1cce702)
Start importing Assets/CorgiEngine/ThirdParty/MoreMountains/MMTools/Accessories/MMPrototypeTextures/MMBRP_Materials/MMBPR_DarkGreySquares.mat using Guid(e2370f782aa1d374a8b4b05c11d259ea) Importer(2089858483,192608db42251d675da83286b1cce702) (ScriptedImporter) -> (artifact id: '0212db43480be8acaec7f6b5f71e75fb') in 0.0390501 seconds
Number of updated asset objects reloaded before import = 0Number of asset objects unloaded after import = 4

========================================================================
Received Import Request.
  Time since last request: 0.000050 seconds.
  path: Assets/CorgiEngine/ThirdParty/MoreMountains/MMTools/Accessories/MMVFX/MMRipple/MMRippleRosace1NM.png
  artifactKey: Guid(3389a4d784f51b246b280b493aebe105) Importer(2089858483,192608db42251d675da83286b1cce702)
Start importing Assets/CorgiEngine/ThirdParty/MoreMountains/MMTools/Accessories/MMVFX/MMRipple/MMRippleRosace1NM.png using Guid(3389a4d784f51b246b280b493aebe105) Importer(2089858483,192608db42251d675da83286b1cce702) (ScriptedImporter) -> (artifact id: '4f330df942ef88f7ec8b4862eea5a95b') in 0.0637477 seconds
Number of updated asset objects reloaded before import = 0Number of asset objects unloaded after import = 1

========================================================================
Received Import Request.
  Time since last request: 0.000038 seconds.
  path: Assets/CorgiEngine/ThirdParty/MoreMountains/MMTools/Accessories/MMVFX/MMRipple/MMRippleSaw2NM.png
  artifactKey: Guid(5e0ea90a83cb72d4ea51fbdcfcd46de0) Importer(2089858483,192608db42251d675da83286b1cce702)
Start importing Assets/CorgiEngine/ThirdParty/MoreMountains/MMTools/Accessories/MMVFX/MMRipple/MMRippleSaw2NM.png using Guid(5e0ea90a83cb72d4ea51fbdcfcd46de0) Importer(2089858483,192608db42251d675da83286b1cce702) (ScriptedImporter) -> (artifact id: 'dab5bcefe69a8ad474e82701735e060c') in 0.0699436 seconds
Number of updated asset objects reloaded before import = 0Number of asset objects unloaded after import = 1

========================================================================
Received Import Request.
  Time since last request: 0.000053 seconds.
  path: Assets/CorgiEngine/ThirdParty/MoreMountains/MMInterface/Styles/Mini/Prefabs/ButtonSwapper.prefab
  artifactKey: Guid(fec2b208a3092c2498745e0603a5c86a) Importer(2089858483,192608db42251d675da83286b1cce702)
Start importing Assets/CorgiEngine/ThirdParty/MoreMountains/MMInterface/Styles/Mini/Prefabs/ButtonSwapper.prefab using Guid(fec2b208a3092c2498745e0603a5c86a) Importer(2089858483,192608db42251d675da83286b1cce702) (ScriptedImporter) -> (artifact id: '29c3f9fa95f89d6cdacb24ac43df6294') in 0.0564335 seconds
Number of updated asset objects reloaded before import = 0Number of asset objects unloaded after import = 39

========================================================================
Received Import Request.
  Time since last request: 0.000025 seconds.
  path: Assets/CorgiEngine/ThirdParty/MoreMountains/MMTools/Accessories/MMVFX/MMBrushes/MMBrush3.png
  artifactKey: Guid(503457306a89e2340857fde6c3f196e8) Importer(2089858483,192608db42251d675da83286b1cce702)
Start importing Assets/CorgiEngine/ThirdParty/MoreMountains/MMTools/Accessories/MMVFX/MMBrushes/MMBrush3.png using Guid(503457306a89e2340857fde6c3f196e8) Importer(2089858483,192608db42251d675da83286b1cce702) (ScriptedImporter) -> (artifact id: '5d83578e67bd1515b4d137fc7ea3584e') in 0.0625051 seconds
Number of updated asset objects reloaded before import = 0Number of asset objects unloaded after import = 1

========================================================================
Received Import Request.
  Time since last request: 0.000032 seconds.
  path: Assets/CorgiEngine/ThirdParty/MoreMountains/MMTools/Accessories/MMDebugMenu/Prefabs/MMDebugMenu.prefab
  artifactKey: Guid(da6a4f914ed52e6488c1fb9d94e8cbb0) Importer(2089858483,192608db42251d675da83286b1cce702)
Start importing Assets/CorgiEngine/ThirdParty/MoreMountains/MMTools/Accessories/MMDebugMenu/Prefabs/MMDebugMenu.prefab using Guid(da6a4f914ed52e6488c1fb9d94e8cbb0) Importer(2089858483,192608db42251d675da83286b1cce702) (ScriptedImporter) -> (artifact id: '591d0f4990c31461f30e4e7b17850916') in 0.0780009 seconds
Number of updated asset objects reloaded before import = 0Number of asset objects unloaded after import = 373

========================================================================
Received Import Request.
  Time since last request: 0.000041 seconds.
  path: Assets/CorgiEngine/ThirdParty/MoreMountains/MMTools/Demos/MMPrototypeTextures/MMPrototypeTexturesDemo/ReflectionProbe-0.exr
  artifactKey: Guid(78fdbfa384338494882ac6d5b0fe58d6) Importer(2089858483,192608db42251d675da83286b1cce702)
Start importing Assets/CorgiEngine/ThirdParty/MoreMountains/MMTools/Demos/MMPrototypeTextures/MMPrototypeTexturesDemo/ReflectionProbe-0.exr using Guid(78fdbfa384338494882ac6d5b0fe58d6) Importer(2089858483,192608db42251d675da83286b1cce702) (ScriptedImporter) -> (artifact id: 'c4650910d518c6a22eaf8bb4bd9263c6') in 0.059131 seconds
Number of updated asset objects reloaded before import = 0Number of asset objects unloaded after import = 1

========================================================================
Received Import Request.
  Time since last request: 0.000025 seconds.
  path: Assets/CorgiEngine/ThirdParty/MoreMountains/MMTools/Demos/MMPrototypeTextures/MMPrototypeTexturesDemo/LightingData.asset
  artifactKey: Guid(1549ce6eae3b775469134fe3df2b4efa) Importer(2089858483,192608db42251d675da83286b1cce702)
Start importing Assets/CorgiEngine/ThirdParty/MoreMountains/MMTools/Demos/MMPrototypeTextures/MMPrototypeTexturesDemo/LightingData.asset using Guid(1549ce6eae3b775469134fe3df2b4efa) Importer(2089858483,192608db42251d675da83286b1cce702) (ScriptedImporter) -> (artifact id: 'e13aefc6c419f7afb3871f3fae5ec59b') in 0.1109072 seconds
Number of updated asset objects reloaded before import = 0Number of asset objects unloaded after import = 2

========================================================================
Received Import Request.
  Time since last request: 0.000032 seconds.
  path: Assets/CorgiEngine/ThirdParty/MoreMountains/MMTools/Demos/MMTween/Materials/MMPlotterCurvePointMaterial.mat
  artifactKey: Guid(db7781ef32c696d40b0abd6335c8b739) Importer(2089858483,192608db42251d675da83286b1cce702)
Start importing Assets/CorgiEngine/ThirdParty/MoreMountains/MMTools/Demos/MMTween/Materials/MMPlotterCurvePointMaterial.mat using Guid(db7781ef32c696d40b0abd6335c8b739) Importer(2089858483,192608db42251d675da83286b1cce702) (ScriptedImporter) -> (artifact id: 'e66d5dc616e64476121d50505ec2d962') in 0.0250163 seconds
Number of updated asset objects reloaded before import = 0Number of asset objects unloaded after import = 1

========================================================================
Received Import Request.
  Time since last request: 0.000018 seconds.
  path: Assets/CorgiEngine/ThirdParty/MoreMountains/MMTools/Foundation/Editor/MMAI/AIBrainEditor.cs
  artifactKey: Guid(7cd42026e6a9da7479e4c826b64a4df9) Importer(2089858483,192608db42251d675da83286b1cce702)
Start importing Assets/CorgiEngine/ThirdParty/MoreMountains/MMTools/Foundation/Editor/MMAI/AIBrainEditor.cs using Guid(7cd42026e6a9da7479e4c826b64a4df9) Importer(2089858483,192608db42251d675da83286b1cce702) (ScriptedImporter) -> (artifact id: 'b2926b14d67d06a087506c227eaa2334') in 0.0241061 seconds
Number of updated asset objects reloaded before import = 0Number of asset objects unloaded after import = 0

========================================================================
Received Import Request.
  Time since last request: 0.000068 seconds.
  path: Assets/CorgiEngine/ThirdParty/MoreMountains/MMTools/Core/MMAudio/MMAudioEvents/MMAudioEvents.cs
  artifactKey: Guid(72d51457cd4e8a5438095d1ce5ce5f6f) Importer(2089858483,192608db42251d675da83286b1cce702)
Start importing Assets/CorgiEngine/ThirdParty/MoreMountains/MMTools/Core/MMAudio/MMAudioEvents/MMAudioEvents.cs using Guid(72d51457cd4e8a5438095d1ce5ce5f6f) Importer(2089858483,192608db42251d675da83286b1cce702) (ScriptedImporter) -> (artifact id: 'c4599018226cee85fb5001b2b5e234a0') in 0.0284423 seconds
Number of updated asset objects reloaded before import = 0Number of asset objects unloaded after import = 0

========================================================================
Received Import Request.
  Time since last request: 0.000086 seconds.
  path: Assets/CorgiEngine/ThirdParty/MoreMountains/MMTools/Core/MMRadio/MMRadioSignal/MMRadioSignalAudioAnalyzer.cs
  artifactKey: Guid(d566c4f1cefdec64fbce3a07b23976cb) Importer(2089858483,192608db42251d675da83286b1cce702)
Start importing Assets/CorgiEngine/ThirdParty/MoreMountains/MMTools/Core/MMRadio/MMRadioSignal/MMRadioSignalAudioAnalyzer.cs using Guid(d566c4f1cefdec64fbce3a07b23976cb) Importer(2089858483,192608db42251d675da83286b1cce702) (ScriptedImporter) -> (artifact id: 'a8ef32f1f1ff0b8825f22bffd8c7d0be') in 0.0231467 seconds
Number of updated asset objects reloaded before import = 0Number of asset objects unloaded after import = 0

========================================================================
Received Import Request.
  Time since last request: 0.000077 seconds.
  path: Assets/CorgiEngine/ThirdParty/MoreMountains/MMTools/Core/MMRadio/MMRadioSignal/MMRadioSignal.cs
  artifactKey: Guid(a81b3d6b0f5d3d14a8395a2a9611e7a4) Importer(2089858483,192608db42251d675da83286b1cce702)
Start importing Assets/CorgiEngine/ThirdParty/MoreMountains/MMTools/Core/MMRadio/MMRadioSignal/MMRadioSignal.cs using Guid(a81b3d6b0f5d3d14a8395a2a9611e7a4) Importer(2089858483,192608db42251d675da83286b1cce702) (ScriptedImporter) -> (artifact id: '29af295bad66faebe24aa88ea08171ad') in 0.0214174 seconds
Number of updated asset objects reloaded before import = 0Number of asset objects unloaded after import = 0

========================================================================
Received Import Request.
  Time since last request: 0.000063 seconds.
  path: Assets/CorgiEngine/ThirdParty/MoreMountains/MMTools/Core/MMAudio/AudioAnalyzer/MMAudioAnalyzer.cs
  artifactKey: Guid(5786831fccf809245bf95e1d459472ba) Importer(2089858483,192608db42251d675da83286b1cce702)
Start importing Assets/CorgiEngine/ThirdParty/MoreMountains/MMTools/Core/MMAudio/AudioAnalyzer/MMAudioAnalyzer.cs using Guid(5786831fccf809245bf95e1d459472ba) Importer(2089858483,192608db42251d675da83286b1cce702) (ScriptedImporter) -> (artifact id: '4bd311ec90631a2d9d6c236623939a67') in 0.0254832 seconds
Number of updated asset objects reloaded before import = 0Number of asset objects unloaded after import = 0

========================================================================
Received Import Request.
  Time since last request: 0.000041 seconds.
  path: Assets/CorgiEngine/ThirdParty/MoreMountains/MMTools/Core/Editor/MMRadio/MMRadioSignalEditor.cs
  artifactKey: Guid(61270f15bcfabeb4ba61296fad914dbe) Importer(2089858483,192608db42251d675da83286b1cce702)
Start importing Assets/CorgiEngine/ThirdParty/MoreMountains/MMTools/Core/Editor/MMRadio/MMRadioSignalEditor.cs using Guid(61270f15bcfabeb4ba61296fad914dbe) Importer(2089858483,192608db42251d675da83286b1cce702) (ScriptedImporter) -> (artifact id: '082ddbd01c23b8cb06aa6ceb6191ddae') in 0.0245846 seconds
Number of updated asset objects reloaded before import = 0Number of asset objects unloaded after import = 0

========================================================================
Received Import Request.
  Time since last request: 0.000063 seconds.
  path: Assets/CorgiEngine/ThirdParty/MoreMountains/MMTools/Demos/MMTween/Materials/MMPlotterPointMaterial 9.mat
  artifactKey: Guid(b914d9edf82d3b2428f756651aafe78e) Importer(2089858483,192608db42251d675da83286b1cce702)
Start importing Assets/CorgiEngine/ThirdParty/MoreMountains/MMTools/Demos/MMTween/Materials/MMPlotterPointMaterial 9.mat using Guid(b914d9edf82d3b2428f756651aafe78e) Importer(2089858483,192608db42251d675da83286b1cce702) (ScriptedImporter) -> (artifact id: '12559ec0375cb11cb1b57e90504f1fe9') in 0.025481 seconds
Number of updated asset objects reloaded before import = 0Number of asset objects unloaded after import = 1

========================================================================
Received Import Request.
  Time since last request: 0.000023 seconds.
  path: Assets/CorgiEngine/ThirdParty/MoreMountains/MMTools/Core/Editor/MMPropertyControllers/FloatControllerEditor.cs
  artifactKey: Guid(aaf2109110b476340aeceda8863b1631) Importer(2089858483,192608db42251d675da83286b1cce702)
Start importing Assets/CorgiEngine/ThirdParty/MoreMountains/MMTools/Core/Editor/MMPropertyControllers/FloatControllerEditor.cs using Guid(aaf2109110b476340aeceda8863b1631) Importer(2089858483,192608db42251d675da83286b1cce702) (ScriptedImporter) -> (artifact id: '4a6c9260f6465213ac10c00f621ff205') in 0.0238567 seconds
Number of updated asset objects reloaded before import = 0Number of asset objects unloaded after import = 0

========================================================================
Received Import Request.
  Time since last request: 0.000022 seconds.
  path: Assets/CorgiEngine/ThirdParty/MoreMountains/MMTools/Core/MMSceneLoading/LoadingScreens/MMAdditiveLoadingScreen.unity
  artifactKey: Guid(d89b77a7a68c1844280c6ff2e49f95b8) Importer(2089858483,192608db42251d675da83286b1cce702)
Start importing Assets/CorgiEngine/ThirdParty/MoreMountains/MMTools/Core/MMSceneLoading/LoadingScreens/MMAdditiveLoadingScreen.unity using Guid(d89b77a7a68c1844280c6ff2e49f95b8) Importer(2089858483,192608db42251d675da83286b1cce702) (ScriptedImporter) -> (artifact id: '107ca685f06cb3d8241e012e420e494e') in 0.0326415 seconds
Number of updated asset objects reloaded before import = 0Number of asset objects unloaded after import = 1

========================================================================
Received Import Request.
  Time since last request: 0.000069 seconds.
  path: Assets/CorgiEngine/ThirdParty/MoreMountains/MMTools/Foundation/Editor/MMAI/AITransitionInspectorDrawer.cs
  artifactKey: Guid(40eb84ddcba91054fa1432576815aa6b) Importer(2089858483,192608db42251d675da83286b1cce702)
Start importing Assets/CorgiEngine/ThirdParty/MoreMountains/MMTools/Foundation/Editor/MMAI/AITransitionInspectorDrawer.cs using Guid(40eb84ddcba91054fa1432576815aa6b) Importer(2089858483,192608db42251d675da83286b1cce702) (ScriptedImporter) -> (artifact id: 'bfe72a46a22282714aa7f34d38da2fcd') in 0.0207535 seconds
Number of updated asset objects reloaded before import = 0Number of asset objects unloaded after import = 0

========================================================================
Received Import Request.
  Time since last request: 0.000259 seconds.
  path: Assets/CorgiEngine/ThirdParty/MoreMountains/MMTools/Core/MMAudio/MMSoundManager/MMSoundManagerTrackVolumeSlider.cs
  artifactKey: Guid(487bb7f14f728c74ca3bfc0020509b6b) Importer(2089858483,192608db42251d675da83286b1cce702)
Start importing Assets/CorgiEngine/ThirdParty/MoreMountains/MMTools/Core/MMAudio/MMSoundManager/MMSoundManagerTrackVolumeSlider.cs using Guid(487bb7f14f728c74ca3bfc0020509b6b) Importer(2089858483,192608db42251d675da83286b1cce702) (ScriptedImporter) -> (artifact id: '9d6d41d60e7363860755f8e6e4c20545') in 0.0266117 seconds
Number of updated asset objects reloaded before import = 0Number of asset objects unloaded after import = 0

========================================================================
Received Import Request.
  Time since last request: 0.000107 seconds.
  path: Assets/CorgiEngine/ThirdParty/MoreMountains/MMTools/Demos/MMTween/Materials/MMPlotterLineMaterial.mat
  artifactKey: Guid(5a92d08a53a696f41b20d84ea487ab16) Importer(2089858483,192608db42251d675da83286b1cce702)
Start importing Assets/CorgiEngine/ThirdParty/MoreMountains/MMTools/Demos/MMTween/Materials/MMPlotterLineMaterial.mat using Guid(5a92d08a53a696f41b20d84ea487ab16) Importer(2089858483,192608db42251d675da83286b1cce702) (ScriptedImporter) -> (artifact id: '7b98a88739b29bf5f3dd595eb3941dda') in 0.0248245 seconds
Number of updated asset objects reloaded before import = 0Number of asset objects unloaded after import = 1

========================================================================
Received Import Request.
  Time since last request: 0.000063 seconds.
  path: Assets/CorgiEngine/ThirdParty/MoreMountains/MMInterface/Styles/Mini/Prefabs/TextSubtitleDark.prefab
  artifactKey: Guid(61f3ff90924ac2e4c9b756cd443ddfd7) Importer(2089858483,192608db42251d675da83286b1cce702)
Start importing Assets/CorgiEngine/ThirdParty/MoreMountains/MMInterface/Styles/Mini/Prefabs/TextSubtitleDark.prefab using Guid(61f3ff90924ac2e4c9b756cd443ddfd7) Importer(2089858483,192608db42251d675da83286b1cce702) (ScriptedImporter) -> (artifact id: '55947e986eaf992a0b97fd0789393404') in 0.0594729 seconds
Number of updated asset objects reloaded before import = 0Number of asset objects unloaded after import = 9

========================================================================
Received Import Request.
  Time since last request: 0.000023 seconds.
  path: Assets/CorgiEngine/ThirdParty/MoreMountains/MMInterface/Styles/Mini/Prefabs/TextBase.prefab
  artifactKey: Guid(cb6c8a7e54be2de4eaed223f63bef832) Importer(2089858483,192608db42251d675da83286b1cce702)
Start importing Assets/CorgiEngine/ThirdParty/MoreMountains/MMInterface/Styles/Mini/Prefabs/TextBase.prefab using Guid(cb6c8a7e54be2de4eaed223f63bef832) Importer(2089858483,192608db42251d675da83286b1cce702) (ScriptedImporter) -> (artifact id: 'bf75203fca3a2d3465f05ab95d97a60d') in 0.0379532 seconds
Number of updated asset objects reloaded before import = 0Number of asset objects unloaded after import = 9

========================================================================
Received Import Request.
  Time since last request: 0.000022 seconds.
  path: Assets/CorgiEngine/ThirdParty/MoreMountains/MMTools/Accessories/Editor/MMUtilities/MMTransformRandomizerEditor.cs
  artifactKey: Guid(6dbf82cbd8a266041acbda8137fc5b9d) Importer(2089858483,192608db42251d675da83286b1cce702)
Start importing Assets/CorgiEngine/ThirdParty/MoreMountains/MMTools/Accessories/Editor/MMUtilities/MMTransformRandomizerEditor.cs using Guid(6dbf82cbd8a266041acbda8137fc5b9d) Importer(2089858483,192608db42251d675da83286b1cce702) (ScriptedImporter) -> (artifact id: 'c6fbd47ecc6baad1e86135340c320d6e') in 0.0270221 seconds
Number of updated asset objects reloaded before import = 0Number of asset objects unloaded after import = 0

========================================================================
Received Import Request.
  Time since last request: 0.000064 seconds.
  path: Assets/CorgiEngine/ThirdParty/MoreMountains/MMTools/Accessories/MMPrototypeTextures/MMBRP_Materials/MMBPR_DarkGreyDots.mat
  artifactKey: Guid(db11353047c997f46a4760754f00c788) Importer(2089858483,192608db42251d675da83286b1cce702)
Start importing Assets/CorgiEngine/ThirdParty/MoreMountains/MMTools/Accessories/MMPrototypeTextures/MMBRP_Materials/MMBPR_DarkGreyDots.mat using Guid(db11353047c997f46a4760754f00c788) Importer(2089858483,192608db42251d675da83286b1cce702) (ScriptedImporter) -> (artifact id: '18a17b3131b1808c0b22bee9d73ee4fd') in 0.06538 seconds
Number of updated asset objects reloaded before import = 0Number of asset objects unloaded after import = 4

========================================================================
Received Import Request.
  Time since last request: 0.000056 seconds.
  path: Assets/CorgiEngine/ThirdParty/MoreMountains/MMTools/Accessories/MMProcedural/MMGridGenerators/MMGridGeneratorPath.cs
  artifactKey: Guid(6040f34cccf59644a9602da5bc052d06) Importer(2089858483,192608db42251d675da83286b1cce702)
Start importing Assets/CorgiEngine/ThirdParty/MoreMountains/MMTools/Accessories/MMProcedural/MMGridGenerators/MMGridGeneratorPath.cs using Guid(6040f34cccf59644a9602da5bc052d06) Importer(2089858483,192608db42251d675da83286b1cce702) (ScriptedImporter) -> (artifact id: '2684c6b8cbd180d945e3925bbd2d94ec') in 0.0224182 seconds
Number of updated asset objects reloaded before import = 0Number of asset objects unloaded after import = 0

========================================================================
Received Import Request.
  Time since last request: 0.000029 seconds.
  path: Assets/CorgiEngine/ThirdParty/MoreMountains/MMTools/Accessories/MMDebugMenu/Prefabs/MMDebugMenuButton.prefab
  artifactKey: Guid(dbb3e138861cf2040b20217e62a5edf2) Importer(2089858483,192608db42251d675da83286b1cce702)
Start importing Assets/CorgiEngine/ThirdParty/MoreMountains/MMTools/Accessories/MMDebugMenu/Prefabs/MMDebugMenuButton.prefab using Guid(dbb3e138861cf2040b20217e62a5edf2) Importer(2089858483,192608db42251d675da83286b1cce702) (ScriptedImporter) -> (artifact id: 'ead985b8e729bec63ae669373585f5ec') in 0.0428246 seconds
Number of updated asset objects reloaded before import = 0Number of asset objects unloaded after import = 18

========================================================================
Received Import Request.
  Time since last request: 0.000021 seconds.
  path: Assets/CorgiEngine/ThirdParty/MoreMountains/MMTools/Accessories/MMCurves/Plotter/MMPlotterGenerator.cs
  artifactKey: Guid(0d3b0924fd73b1a4f8dffd6776c61c55) Importer(2089858483,192608db42251d675da83286b1cce702)
Start importing Assets/CorgiEngine/ThirdParty/MoreMountains/MMTools/Accessories/MMCurves/Plotter/MMPlotterGenerator.cs using Guid(0d3b0924fd73b1a4f8dffd6776c61c55) Importer(2089858483,192608db42251d675da83286b1cce702) (ScriptedImporter) -> (artifact id: '8df9c965fdb2be8545f813a388bafc67') in 0.0234636 seconds
Number of updated asset objects reloaded before import = 0Number of asset objects unloaded after import = 0

========================================================================
Received Import Request.
  Time since last request: 0.000062 seconds.
  path: Assets/CorgiEngine/ThirdParty/MoreMountains/MMTools/Core/MMAudio/MMSoundManager/MMSoundManagerAudioPool.cs
  artifactKey: Guid(6ca15a4a57ce0a947835411d7c771538) Importer(2089858483,192608db42251d675da83286b1cce702)
Start importing Assets/CorgiEngine/ThirdParty/MoreMountains/MMTools/Core/MMAudio/MMSoundManager/MMSoundManagerAudioPool.cs using Guid(6ca15a4a57ce0a947835411d7c771538) Importer(2089858483,192608db42251d675da83286b1cce702) (ScriptedImporter) -> (artifact id: 'ae38bcff767235ec7a043da5064a591c') in 0.0220258 seconds
Number of updated asset objects reloaded before import = 0Number of asset objects unloaded after import = 0

========================================================================
Received Import Request.
  Time since last request: 0.000068 seconds.
  path: Assets/CorgiEngine/ThirdParty/MoreMountains/MMTools/Accessories/MMVFX/MMBloomDirt/MMBloomDirt4.png
  artifactKey: Guid(c24966fa1ab8c204386b20706d166d8d) Importer(2089858483,192608db42251d675da83286b1cce702)
Start importing Assets/CorgiEngine/ThirdParty/MoreMountains/MMTools/Accessories/MMVFX/MMBloomDirt/MMBloomDirt4.png using Guid(c24966fa1ab8c204386b20706d166d8d) Importer(2089858483,192608db42251d675da83286b1cce702) (ScriptedImporter) -> (artifact id: '6b276d619228fe1c81510d12758c6473') in 0.0645852 seconds
Number of updated asset objects reloaded before import = 0Number of asset objects unloaded after import = 1

========================================================================
Received Import Request.
  Time since last request: 0.000096 seconds.
  path: Assets/CorgiEngine/ThirdParty/MoreMountains/MMTools/Accessories/MMPrototypeTextures/MMBRP_Materials/MMBPR_BlueSquares.mat
  artifactKey: Guid(594480777cec0fa489126aeb2273ecbc) Importer(2089858483,192608db42251d675da83286b1cce702)
Start importing Assets/CorgiEngine/ThirdParty/MoreMountains/MMTools/Accessories/MMPrototypeTextures/MMBRP_Materials/MMBPR_BlueSquares.mat using Guid(594480777cec0fa489126aeb2273ecbc) Importer(2089858483,192608db42251d675da83286b1cce702) (ScriptedImporter) -> (artifact id: '60f3d58b7569de74d7f2119038d3c61d') in 0.0569846 seconds
Number of updated asset objects reloaded before import = 0Number of asset objects unloaded after import = 4

========================================================================
Received Import Request.
  Time since last request: 0.000054 seconds.
  path: Assets/CorgiEngine/ThirdParty/MoreMountains/MMTools/Core/Editor/MMAttributes/MMNavMeshAreaMaskAttributeDrawer.cs
  artifactKey: Guid(9d11abeecdd903045a64fffcd165e178) Importer(2089858483,192608db42251d675da83286b1cce702)
Start importing Assets/CorgiEngine/ThirdParty/MoreMountains/MMTools/Core/Editor/MMAttributes/MMNavMeshAreaMaskAttributeDrawer.cs using Guid(9d11abeecdd903045a64fffcd165e178) Importer(2089858483,192608db42251d675da83286b1cce702) (ScriptedImporter) -> (artifact id: '07519c844d64e8778ee7382ca3ee0284') in 0.0251998 seconds
Number of updated asset objects reloaded before import = 0Number of asset objects unloaded after import = 0

========================================================================
Received Import Request.
  Time since last request: 0.000061 seconds.
  path: Assets/CorgiEngine/ThirdParty/MoreMountains/MMTools/Accessories/MMVFX/MMBrushes/MMBrush1.png
  artifactKey: Guid(bee69e9222e12344bb5a210ca5e5b2c2) Importer(2089858483,192608db42251d675da83286b1cce702)
Start importing Assets/CorgiEngine/ThirdParty/MoreMountains/MMTools/Accessories/MMVFX/MMBrushes/MMBrush1.png using Guid(bee69e9222e12344bb5a210ca5e5b2c2) Importer(2089858483,192608db42251d675da83286b1cce702) (ScriptedImporter) -> (artifact id: '62f54e2fb1f0ff9812d6d39ed0bd4f0d') in 0.0547981 seconds
Number of updated asset objects reloaded before import = 0Number of asset objects unloaded after import = 1

========================================================================
Received Import Request.
  Time since last request: 0.000031 seconds.
  path: Assets/CorgiEngine/ThirdParty/MoreMountains/MMTools/Accessories/MMPrototypeTextures/MMBRP_Materials/MMBPR_LightGreyDots.mat
  artifactKey: Guid(06b0ed03b4a01634c8b5eb55bc95df8d) Importer(2089858483,192608db42251d675da83286b1cce702)
Start importing Assets/CorgiEngine/ThirdParty/MoreMountains/MMTools/Accessories/MMPrototypeTextures/MMBRP_Materials/MMBPR_LightGreyDots.mat using Guid(06b0ed03b4a01634c8b5eb55bc95df8d) Importer(2089858483,192608db42251d675da83286b1cce702) (ScriptedImporter) -> (artifact id: '67c92fcc9ddd7f77073b848ac6f43d36') in 0.0548786 seconds
Number of updated asset objects reloaded before import = 0Number of asset objects unloaded after import = 4

========================================================================
Received Import Request.
  Time since last request: 0.000023 seconds.
  path: Assets/CorgiEngine/ThirdParty/MoreMountains/MMTools/Core/MMReorderableList/Attributes/ReorderableAttribute.cs
  artifactKey: Guid(af18777bcf6ae2c47a02c3ff8adabb0e) Importer(2089858483,192608db42251d675da83286b1cce702)
Start importing Assets/CorgiEngine/ThirdParty/MoreMountains/MMTools/Core/MMReorderableList/Attributes/ReorderableAttribute.cs using Guid(af18777bcf6ae2c47a02c3ff8adabb0e) Importer(2089858483,192608db42251d675da83286b1cce702) (ScriptedImporter) -> (artifact id: '45ba5d4841bf0e33d77525eb0d77bdc4') in 0.0273903 seconds
Number of updated asset objects reloaded before import = 0Number of asset objects unloaded after import = 0

========================================================================
Received Import Request.
  Time since last request: 0.000081 seconds.
  path: Assets/CorgiEngine/ThirdParty/MoreMountains/MMTools/Demos/MMTween/Materials/MMPlotterPointMaterial.mat
  artifactKey: Guid(e9acbfc937f10684283102450bb59ac1) Importer(2089858483,192608db42251d675da83286b1cce702)
Start importing Assets/CorgiEngine/ThirdParty/MoreMountains/MMTools/Demos/MMTween/Materials/MMPlotterPointMaterial.mat using Guid(e9acbfc937f10684283102450bb59ac1) Importer(2089858483,192608db42251d675da83286b1cce702) (ScriptedImporter) -> (artifact id: '440f44f1ccdb5ac5ee06f100bdeb4596') in 0.0221057 seconds
Number of updated asset objects reloaded before import = 0Number of asset objects unloaded after import = 1

========================================================================
Received Import Request.
  Time since last request: 0.000023 seconds.
  path: Assets/CorgiEngine/ThirdParty/MoreMountains/MMTools/Accessories/MMVFX/MMNoise/MMFireDirectionalAltNoise.png
  artifactKey: Guid(5551f2320b5bfde4dbdbb0604036a53a) Importer(2089858483,192608db42251d675da83286b1cce702)
Start importing Assets/CorgiEngine/ThirdParty/MoreMountains/MMTools/Accessories/MMVFX/MMNoise/MMFireDirectionalAltNoise.png using Guid(5551f2320b5bfde4dbdbb0604036a53a) Importer(2089858483,192608db42251d675da83286b1cce702) (ScriptedImporter) -> (artifact id: '5c3686cdf74125582eb888e7d9b4c18c') in 0.0611179 seconds
Number of updated asset objects reloaded before import = 0Number of asset objects unloaded after import = 1

========================================================================
Received Import Request.
  Time since last request: 0.000021 seconds.
  path: Assets/CorgiEngine/ThirdParty/MoreMountains/MMTools/Accessories/MMVFX/MMNoise/MMBlueNoise.png
  artifactKey: Guid(c1275323e6f00d240970de428ca9fe70) Importer(2089858483,192608db42251d675da83286b1cce702)
Start importing Assets/CorgiEngine/ThirdParty/MoreMountains/MMTools/Accessories/MMVFX/MMNoise/MMBlueNoise.png using Guid(c1275323e6f00d240970de428ca9fe70) Importer(2089858483,192608db42251d675da83286b1cce702) (ScriptedImporter) -> (artifact id: '09e43b0676ba648555958f01e95f29f3') in 0.0658716 seconds
Number of updated asset objects reloaded before import = 0Number of asset objects unloaded after import = 1

========================================================================
Received Import Request.
  Time since last request: 0.000023 seconds.
  path: Assets/CorgiEngine/ThirdParty/MoreMountains/MMTools/Core/Editor/MMAttributes/MMMonoBehaviourFieldInfo.cs
  artifactKey: Guid(e65295240cbc68641b5b47a57a4296a9) Importer(2089858483,192608db42251d675da83286b1cce702)
Start importing Assets/CorgiEngine/ThirdParty/MoreMountains/MMTools/Core/Editor/MMAttributes/MMMonoBehaviourFieldInfo.cs using Guid(e65295240cbc68641b5b47a57a4296a9) Importer(2089858483,192608db42251d675da83286b1cce702) (ScriptedImporter) -> (artifact id: 'a9ecfeef65b57e7faa39b910a10225be') in 0.0246141 seconds
Number of updated asset objects reloaded before import = 0Number of asset objects unloaded after import = 0

========================================================================
Received Import Request.
  Time since last request: 0.000071 seconds.
  path: Assets/CorgiEngine/ThirdParty/MoreMountains/MMTools/Core/Editor/MMAttributes/MMMonoBehaviourUITKEditorStylesheet.uss
  artifactKey: Guid(9da245a6982a71d45b143036ec3684bd) Importer(2089858483,192608db42251d675da83286b1cce702)
Start importing Assets/CorgiEngine/ThirdParty/MoreMountains/MMTools/Core/Editor/MMAttributes/MMMonoBehaviourUITKEditorStylesheet.uss using Guid(9da245a6982a71d45b143036ec3684bd) Importer(2089858483,192608db42251d675da83286b1cce702) (ScriptedImporter) -> (artifact id: 'e022ad4da6351578c39fc3740c74035f') in 0.0385925 seconds
Number of updated asset objects reloaded before import = 0Number of asset objects unloaded after import = 1

========================================================================
Received Import Request.
  Time since last request: 0.000023 seconds.
  path: Assets/CorgiEngine/ThirdParty/MoreMountains/MMFeedbacks/Demos/SequencingDemo/Sounds/Kit/MMSequencingCymbal2.wav
  artifactKey: Guid(6c0124a99f664c84481722e6ce386883) Importer(2089858483,192608db42251d675da83286b1cce702)
Start importing Assets/CorgiEngine/ThirdParty/MoreMountains/MMFeedbacks/Demos/SequencingDemo/Sounds/Kit/MMSequencingCymbal2.wav using Guid(6c0124a99f664c84481722e6ce386883) Importer(2089858483,192608db42251d675da83286b1cce702) (ScriptedImporter) -> (artifact id: '139167d91823c75ef8e0268403968dac') in 0.0548856 seconds
Number of updated asset objects reloaded before import = 0Number of asset objects unloaded after import = 1

========================================================================
Received Import Request.
  Time since last request: 0.000033 seconds.
  path: Assets/CorgiEngine/ThirdParty/MoreMountains/MMInterface/Styles/Mini/Sprites/Icons/MMIconLock.png
  artifactKey: Guid(ec2074d44955adc4fbd213475fb575e4) Importer(2089858483,192608db42251d675da83286b1cce702)
Start importing Assets/CorgiEngine/ThirdParty/MoreMountains/MMInterface/Styles/Mini/Sprites/Icons/MMIconLock.png using Guid(ec2074d44955adc4fbd213475fb575e4) Importer(2089858483,192608db42251d675da83286b1cce702) (ScriptedImporter) -> (artifact id: 'c1463ffcd1e3144787efca8e90d33b65') in 0.0451946 seconds
Number of updated asset objects reloaded before import = 0Number of asset objects unloaded after import = 3

========================================================================
Received Import Request.
  Time since last request: 0.000029 seconds.
  path: Assets/CorgiEngine/ThirdParty/MoreMountains/MMTools/Accessories/MMDebugMenu/Scripts/MMDebugMenuItems/MMDebugMenuItemChoices.cs
  artifactKey: Guid(1b2bca3004ee68c45bb99ade8a9e5380) Importer(2089858483,192608db42251d675da83286b1cce702)
Start importing Assets/CorgiEngine/ThirdParty/MoreMountains/MMTools/Accessories/MMDebugMenu/Scripts/MMDebugMenuItems/MMDebugMenuItemChoices.cs using Guid(1b2bca3004ee68c45bb99ade8a9e5380) Importer(2089858483,192608db42251d675da83286b1cce702) (ScriptedImporter) -> (artifact id: 'f5ffc34632795852103c3e1e0c1ac704') in 0.0255415 seconds
Number of updated asset objects reloaded before import = 0Number of asset objects unloaded after import = 0

========================================================================
Received Import Request.
  Time since last request: 0.000080 seconds.
  path: Assets/CorgiEngine/ThirdParty/MoreMountains/MMInterface/Styles/Mini/Fonts/Lato/Lato-MediumItalic.ttf
  artifactKey: Guid(da384a91728bdef4588210fe0a7de40c) Importer(2089858483,192608db42251d675da83286b1cce702)
Start importing Assets/CorgiEngine/ThirdParty/MoreMountains/MMInterface/Styles/Mini/Fonts/Lato/Lato-MediumItalic.ttf using Guid(da384a91728bdef4588210fe0a7de40c) Importer(2089858483,192608db42251d675da83286b1cce702) (ScriptedImporter) -> (artifact id: '95c94990c26dc788405f43bb8b256ac3') in 0.03852 seconds
Number of updated asset objects reloaded before import = 0Number of asset objects unloaded after import = 3

========================================================================
Received Import Request.
  Time since last request: 0.000025 seconds.
  path: Assets/CorgiEngine/ThirdParty/MoreMountains/MMFeedbacks/MMFeedbacks/Springs/Core/Components/MMSpringVector3Component.cs
  artifactKey: Guid(eb1b2db13e60f244dae9130e1ea580d0) Importer(2089858483,192608db42251d675da83286b1cce702)
Start importing Assets/CorgiEngine/ThirdParty/MoreMountains/MMFeedbacks/MMFeedbacks/Springs/Core/Components/MMSpringVector3Component.cs using Guid(eb1b2db13e60f244dae9130e1ea580d0) Importer(2089858483,192608db42251d675da83286b1cce702) (ScriptedImporter) -> (artifact id: 'c3808310212d039827ca95033e0c5ea5') in 0.0279894 seconds
Number of updated asset objects reloaded before import = 0Number of asset objects unloaded after import = 0

========================================================================
Received Import Request.
  Time since last request: 0.000044 seconds.
  path: Assets/CorgiEngine/ThirdParty/MoreMountains/MMFeedbacks/Demos/SequencingDemo/Textures/wip/Rocks21_rgh.png
  artifactKey: Guid(ca701d9c8a13e8e4d8eb322f490603d6) Importer(2089858483,192608db42251d675da83286b1cce702)
Start importing Assets/CorgiEngine/ThirdParty/MoreMountains/MMFeedbacks/Demos/SequencingDemo/Textures/wip/Rocks21_rgh.png using Guid(ca701d9c8a13e8e4d8eb322f490603d6) Importer(2089858483,192608db42251d675da83286b1cce702) (ScriptedImporter) -> (artifact id: '994f52d285aee678c7c809cd4e6bb525') in 0.0642759 seconds
Number of updated asset objects reloaded before import = 0Number of asset objects unloaded after import = 1

========================================================================
Received Import Request.
  Time since last request: 0.000028 seconds.
  path: Assets/CorgiEngine/ThirdParty/MoreMountains/MMInterface/Styles/Mini/Fonts/Lato/Lato-Semibold.ttf
  artifactKey: Guid(5da271984aad9a44a951545d78a516f1) Importer(2089858483,192608db42251d675da83286b1cce702)
Start importing Assets/CorgiEngine/ThirdParty/MoreMountains/MMInterface/Styles/Mini/Fonts/Lato/Lato-Semibold.ttf using Guid(5da271984aad9a44a951545d78a516f1) Importer(2089858483,192608db42251d675da83286b1cce702) (ScriptedImporter) -> (artifact id: 'e247be20f401dea1fb8266b96c6d422a') in 0.0327678 seconds
Number of updated asset objects reloaded before import = 0Number of asset objects unloaded after import = 3

========================================================================
Received Import Request.
  Time since last request: 0.000032 seconds.
  path: Assets/CorgiEngine/ThirdParty/MoreMountains/InventoryEngine/Demos/PixelRogue/Prefabs/ItemsPickers/Revolver.prefab
  artifactKey: Guid(713542e9a64865842abc507d341fbcd7) Importer(2089858483,192608db42251d675da83286b1cce702)
Start importing Assets/CorgiEngine/ThirdParty/MoreMountains/InventoryEngine/Demos/PixelRogue/Prefabs/ItemsPickers/Revolver.prefab using Guid(713542e9a64865842abc507d341fbcd7) Importer(2089858483,192608db42251d675da83286b1cce702) (ScriptedImporter) -> (artifact id: '58c4f300512d6ef108521d5b796a51d7') in 0.0434959 seconds
Number of updated asset objects reloaded before import = 0Number of asset objects unloaded after import = 11

========================================================================
Received Import Request.
  Time since last request: 0.000018 seconds.
  path: Assets/CorgiEngine/ThirdParty/MoreMountains/MMInterface/Common/Animations/Buttons/Animations/MMI_ButtonCloser.anim
  artifactKey: Guid(f48823da727eddc4e8e9a3b9e6d4ec70) Importer(2089858483,192608db42251d675da83286b1cce702)
Start importing Assets/CorgiEngine/ThirdParty/MoreMountains/MMInterface/Common/Animations/Buttons/Animations/MMI_ButtonCloser.anim using Guid(f48823da727eddc4e8e9a3b9e6d4ec70) Importer(2089858483,192608db42251d675da83286b1cce702) (ScriptedImporter) -> (artifact id: 'a70bdff2452f242b7b8296f308c0ad74') in 0.0212811 seconds
Number of updated asset objects reloaded before import = 0Number of asset objects unloaded after import = 1

========================================================================
Received Import Request.
  Time since last request: 0.000022 seconds.
  path: Assets/CorgiEngine/ThirdParty/MoreMountains/MMFeedbacks/Demos/SequencingDemo/Sounds/Kit/MMSequencingNote3.wav
  artifactKey: Guid(54440253e69f3dc40971707d9e51d7da) Importer(2089858483,192608db42251d675da83286b1cce702)
Start importing Assets/CorgiEngine/ThirdParty/MoreMountains/MMFeedbacks/Demos/SequencingDemo/Sounds/Kit/MMSequencingNote3.wav using Guid(54440253e69f3dc40971707d9e51d7da) Importer(2089858483,192608db42251d675da83286b1cce702) (ScriptedImporter) -> (artifact id: '1e2e7c8180273b9a5f6a856a7be84592') in 0.0621924 seconds
Number of updated asset objects reloaded before import = 0Number of asset objects unloaded after import = 1

========================================================================
Received Import Request.
  Time since last request: 0.000025 seconds.
  path: Assets/CorgiEngine/ThirdParty/MoreMountains/MMFeedbacks/Demos/MMFeedbacksDemo/Models/Dude/MMFeedbackDemoDude@Jump.fbx
  artifactKey: Guid(14309b80c23b62044b2e4d8e4017ed68) Importer(2089858483,192608db42251d675da83286b1cce702)
Start importing Assets/CorgiEngine/ThirdParty/MoreMountains/MMFeedbacks/Demos/MMFeedbacksDemo/Models/Dude/MMFeedbackDemoDude@Jump.fbx using Guid(14309b80c23b62044b2e4d8e4017ed68) Importer(2089858483,192608db42251d675da83286b1cce702) (ScriptedImporter) -> (artifact id: 'ca5b427c9846544f2553622d5602703a') in 0.0555515 seconds
Number of updated asset objects reloaded before import = 0Number of asset objects unloaded after import = 88

========================================================================
Received Import Request.
  Time since last request: 0.000046 seconds.
  path: Assets/CorgiEngine/ThirdParty/MoreMountains/MMTools/Accessories/MMDebugMenu/Scripts/MMDebugMenuItems/MMDebugMenuItemTitle.cs
  artifactKey: Guid(debc95d929132814d968cb0e4c3c8bca) Importer(2089858483,192608db42251d675da83286b1cce702)
Start importing Assets/CorgiEngine/ThirdParty/MoreMountains/MMTools/Accessories/MMDebugMenu/Scripts/MMDebugMenuItems/MMDebugMenuItemTitle.cs using Guid(debc95d929132814d968cb0e4c3c8bca) Importer(2089858483,192608db42251d675da83286b1cce702) (ScriptedImporter) -> (artifact id: 'f098d1b9dd0c55db61250734a54db6a8') in 0.0232229 seconds
Number of updated asset objects reloaded before import = 0Number of asset objects unloaded after import = 0

========================================================================
Received Import Request.
  Time since last request: 0.000062 seconds.
  path: Assets/CorgiEngine/ThirdParty/MoreMountains/MMInterface/Common/Animations/Buttons/Animators/ButtonAnimatorOneTimePushDown.overrideController
  artifactKey: Guid(015a8907d2c097c45b05485ecb8d615d) Importer(2089858483,192608db42251d675da83286b1cce702)
Start importing Assets/CorgiEngine/ThirdParty/MoreMountains/MMInterface/Common/Animations/Buttons/Animators/ButtonAnimatorOneTimePushDown.overrideController using Guid(015a8907d2c097c45b05485ecb8d615d) Importer(2089858483,192608db42251d675da83286b1cce702) (ScriptedImporter) -> (artifact id: '4888bd892dcc717b7aa2768e19d21be7') in 0.030422 seconds
Number of updated asset objects reloaded before import = 0Number of asset objects unloaded after import = 20

========================================================================
Received Import Request.
  Time since last request: 0.000037 seconds.
  path: Assets/CorgiEngine/ThirdParty/MoreMountains/MMFeedbacks/Demos/MMFeedbacksDemo/Textures/Paper/PaperNormal.png
  artifactKey: Guid(8f1ed309a298a2742b829de2033346ab) Importer(2089858483,192608db42251d675da83286b1cce702)
Start importing Assets/CorgiEngine/ThirdParty/MoreMountains/MMFeedbacks/Demos/MMFeedbacksDemo/Textures/Paper/PaperNormal.png using Guid(8f1ed309a298a2742b829de2033346ab) Importer(2089858483,192608db42251d675da83286b1cce702) (ScriptedImporter) -> (artifact id: 'b5bfffa3f12b9115cb71c4ff28555093') in 0.054365 seconds
Number of updated asset objects reloaded before import = 0Number of asset objects unloaded after import = 1

========================================================================
Received Import Request.
  Time since last request: 0.000041 seconds.
  path: Assets/CorgiEngine/ThirdParty/MoreMountains/MMInterface/Common/Animations/Buttons/Animators/ButtonAnimatorOneTimeDarken.overrideController
  artifactKey: Guid(5d04f83a6f82ca5499104efe41baa101) Importer(2089858483,192608db42251d675da83286b1cce702)
Start importing Assets/CorgiEngine/ThirdParty/MoreMountains/MMInterface/Common/Animations/Buttons/Animators/ButtonAnimatorOneTimeDarken.overrideController using Guid(5d04f83a6f82ca5499104efe41baa101) Importer(2089858483,192608db42251d675da83286b1cce702) (ScriptedImporter) -> (artifact id: '59c179301edf8cec96038e8b2816799f') in 0.0246707 seconds
Number of updated asset objects reloaded before import = 0Number of asset objects unloaded after import = 20

========================================================================
Received Import Request.
  Time since last request: 0.000026 seconds.
  path: Assets/CorgiEngine/ThirdParty/MoreMountains/InventoryEngine/Demos/PixelRogue/Prefabs/ItemsPickers/Rifle.prefab
  artifactKey: Guid(11d35e4d501d61847816407653283e26) Importer(2089858483,192608db42251d675da83286b1cce702)
Start importing Assets/CorgiEngine/ThirdParty/MoreMountains/InventoryEngine/Demos/PixelRogue/Prefabs/ItemsPickers/Rifle.prefab using Guid(11d35e4d501d61847816407653283e26) Importer(2089858483,192608db42251d675da83286b1cce702) (ScriptedImporter) -> (artifact id: '42cb248ab69423099d5a2b8a4c3ee6a5') in 0.042597 seconds
Number of updated asset objects reloaded before import = 0Number of asset objects unloaded after import = 11

========================================================================
Received Import Request.
  Time since last request: 0.000026 seconds.
  path: Assets/CorgiEngine/ThirdParty/MoreMountains/MMFeedbacks/Demos/MMFeedbacksDemo/Models/Background/Background.fbx
  artifactKey: Guid(93667318b5de24146bffa2041c96fcd8) Importer(2089858483,192608db42251d675da83286b1cce702)
Start importing Assets/CorgiEngine/ThirdParty/MoreMountains/MMFeedbacks/Demos/MMFeedbacksDemo/Models/Background/Background.fbx using Guid(93667318b5de24146bffa2041c96fcd8) Importer(2089858483,192608db42251d675da83286b1cce702) (ScriptedImporter) -> (artifact id: 'b9a6ac66b6c4ce3ce438ef17617093f3') in 0.0549811 seconds
Number of updated asset objects reloaded before import = 0Number of asset objects unloaded after import = 9

========================================================================
Received Import Request.
  Time since last request: 0.000044 seconds.
  path: Assets/CorgiEngine/ThirdParty/MoreMountains/InventoryEngine/Demos/PixelRogue/Prefabs/ItemsPickers/Sword.prefab
  artifactKey: Guid(8e3b87501a6ef0246a7a5e8e2dc5e4f9) Importer(2089858483,192608db42251d675da83286b1cce702)
Start importing Assets/CorgiEngine/ThirdParty/MoreMountains/InventoryEngine/Demos/PixelRogue/Prefabs/ItemsPickers/Sword.prefab using Guid(8e3b87501a6ef0246a7a5e8e2dc5e4f9) Importer(2089858483,192608db42251d675da83286b1cce702) (ScriptedImporter) -> (artifact id: '62bb43b3a4ddf3a25bc4153d954d6650') in 0.0476861 seconds
Number of updated asset objects reloaded before import = 0Number of asset objects unloaded after import = 11

========================================================================
Received Import Request.
  Time since last request: 0.000040 seconds.
  path: Assets/CorgiEngine/ThirdParty/MoreMountains/MMFeedbacks/MMFeedbacksForThirdParty/TextMeshPro/MMFloatingText/Prefabs/MMFloatingTextMeshPro.prefab
  artifactKey: Guid(0453e37c3c22e7145b8c23c7fa96de36) Importer(2089858483,192608db42251d675da83286b1cce702)
Start importing Assets/CorgiEngine/ThirdParty/MoreMountains/MMFeedbacks/MMFeedbacksForThirdParty/TextMeshPro/MMFloatingText/Prefabs/MMFloatingTextMeshPro.prefab using Guid(0453e37c3c22e7145b8c23c7fa96de36) Importer(2089858483,192608db42251d675da83286b1cce702) (ScriptedImporter) -> (artifact id: '98e3f076855cf718f04a890647747fe3') in 0.1561455 seconds
Number of updated asset objects reloaded before import = 0Number of asset objects unloaded after import = 75

========================================================================
Received Import Request.
  Time since last request: 0.000030 seconds.
  path: Assets/CorgiEngine/ThirdParty/MoreMountains/MMFeedbacks/Demos/SequencingDemo/Sounds/Kit/MMSequencingCymbal1.wav
  artifactKey: Guid(4472d2e695631bd4598e0aac24be9798) Importer(2089858483,192608db42251d675da83286b1cce702)
Start importing Assets/CorgiEngine/ThirdParty/MoreMountains/MMFeedbacks/Demos/SequencingDemo/Sounds/Kit/MMSequencingCymbal1.wav using Guid(4472d2e695631bd4598e0aac24be9798) Importer(2089858483,192608db42251d675da83286b1cce702) (ScriptedImporter) -> (artifact id: 'baf936588e4d5e1b00617f3df2d3b741') in 0.06132 seconds
Number of updated asset objects reloaded before import = 0Number of asset objects unloaded after import = 1

========================================================================
Received Import Request.
  Time since last request: 0.000028 seconds.
  path: Assets/CorgiEngine/ThirdParty/MoreMountains/InventoryEngine/Demos/PixelRogue/Prefabs/ItemsPickers/Coin.prefab
  artifactKey: Guid(34ef20a1c78365e4d90691ae5ce029a8) Importer(2089858483,192608db42251d675da83286b1cce702)
Start importing Assets/CorgiEngine/ThirdParty/MoreMountains/InventoryEngine/Demos/PixelRogue/Prefabs/ItemsPickers/Coin.prefab using Guid(34ef20a1c78365e4d90691ae5ce029a8) Importer(2089858483,192608db42251d675da83286b1cce702) (ScriptedImporter) -> (artifact id: '52b5cb247fb991e607a7c2dad4ad6ff7') in 0.0475139 seconds
Number of updated asset objects reloaded before import = 0Number of asset objects unloaded after import = 11

========================================================================
Received Import Request.
  Time since last request: 0.000046 seconds.
  path: Assets/CorgiEngine/ThirdParty/MoreMountains/MMInterface/Styles/Mini/Fonts/Lato/Lato-BlackItalic.ttf
  artifactKey: Guid(0f719b9445e49864eb4e1b102bcdc3a0) Importer(2089858483,192608db42251d675da83286b1cce702)
Start importing Assets/CorgiEngine/ThirdParty/MoreMountains/MMInterface/Styles/Mini/Fonts/Lato/Lato-BlackItalic.ttf using Guid(0f719b9445e49864eb4e1b102bcdc3a0) Importer(2089858483,192608db42251d675da83286b1cce702) (ScriptedImporter) -> (artifact id: '980b7a35b90266de52998a46afffecde') in 0.0375494 seconds
Number of updated asset objects reloaded before import = 0Number of asset objects unloaded after import = 3

========================================================================
Received Import Request.
  Time since last request: 0.000020 seconds.
  path: Assets/CorgiEngine/ThirdParty/MoreMountains/InventoryEngine/Demos/PixelRogue/Prefabs/ItemsPickers/Bomb.prefab
  artifactKey: Guid(08c4c98e1efab2c469628f8660223920) Importer(2089858483,192608db42251d675da83286b1cce702)
Start importing Assets/CorgiEngine/ThirdParty/MoreMountains/InventoryEngine/Demos/PixelRogue/Prefabs/ItemsPickers/Bomb.prefab using Guid(08c4c98e1efab2c469628f8660223920) Importer(2089858483,192608db42251d675da83286b1cce702) (ScriptedImporter) -> (artifact id: '92d6cceb2cb38a5dad529fbfba0e7532') in 0.0372573 seconds
Number of updated asset objects reloaded before import = 0Number of asset objects unloaded after import = 11

========================================================================
Received Import Request.
  Time since last request: 0.000028 seconds.
  path: Assets/CorgiEngine/ThirdParty/MoreMountains/MMTools/Core/Editor/MMTween/MMTweenTypeDrawer.cs
  artifactKey: Guid(e445c5a23799c9d4b8fb61d6061570cf) Importer(2089858483,192608db42251d675da83286b1cce702)
Start importing Assets/CorgiEngine/ThirdParty/MoreMountains/MMTools/Core/Editor/MMTween/MMTweenTypeDrawer.cs using Guid(e445c5a23799c9d4b8fb61d6061570cf) Importer(2089858483,192608db42251d675da83286b1cce702) (ScriptedImporter) -> (artifact id: '4097d8a6dc862d3f8c7301fd382611eb') in 0.0239685 seconds
Number of updated asset objects reloaded before import = 0Number of asset objects unloaded after import = 0

========================================================================
Received Import Request.
  Time since last request: 0.000118 seconds.
  path: Assets/CorgiEngine/ThirdParty/MoreMountains/MMTools/Accessories/MMVFX/MMParticles/MMParticlesLight.png
  artifactKey: Guid(d231e18e55f422349931d83925fdece0) Importer(2089858483,192608db42251d675da83286b1cce702)
Start importing Assets/CorgiEngine/ThirdParty/MoreMountains/MMTools/Accessories/MMVFX/MMParticles/MMParticlesLight.png using Guid(d231e18e55f422349931d83925fdece0) Importer(2089858483,192608db42251d675da83286b1cce702) (ScriptedImporter) -> (artifact id: '3d0a0dd651b6373266454e41ea17bbd7') in 0.0513471 seconds
Number of updated asset objects reloaded before import = 0Number of asset objects unloaded after import = 1

========================================================================
Received Import Request.
  Time since last request: 0.000038 seconds.
  path: Assets/CorgiEngine/ThirdParty/MoreMountains/MMInterface/Styles/Mini/Sprites/Icons/MMIconCoin.png
  artifactKey: Guid(33dc9aa6058d4f74a850abbaca3594ac) Importer(2089858483,192608db42251d675da83286b1cce702)
Start importing Assets/CorgiEngine/ThirdParty/MoreMountains/MMInterface/Styles/Mini/Sprites/Icons/MMIconCoin.png using Guid(33dc9aa6058d4f74a850abbaca3594ac) Importer(2089858483,192608db42251d675da83286b1cce702) (ScriptedImporter) -> (artifact id: '834aad36b778c3e9e63347632b93acc8') in 0.0487548 seconds
Number of updated asset objects reloaded before import = 0Number of asset objects unloaded after import = 3

========================================================================
Received Import Request.
  Time since last request: 0.000022 seconds.
  path: Assets/CorgiEngine/ThirdParty/MoreMountains/MMInterface/Styles/Mini/Prefabs/Buttons/Cyan/ButtonCircleChevron.prefab
  artifactKey: Guid(04cd0b7ad4bd2784896b6af421adb19b) Importer(2089858483,192608db42251d675da83286b1cce702)
Start importing Assets/CorgiEngine/ThirdParty/MoreMountains/MMInterface/Styles/Mini/Prefabs/Buttons/Cyan/ButtonCircleChevron.prefab using Guid(04cd0b7ad4bd2784896b6af421adb19b) Importer(2089858483,192608db42251d675da83286b1cce702) (ScriptedImporter) -> (artifact id: '398de259e09c10f5c8c4c9608390a20e') in 0.0440509 seconds
Number of updated asset objects reloaded before import = 0Number of asset objects unloaded after import = 41

========================================================================
Received Import Request.
  Time since last request: 0.000041 seconds.
  path: Assets/CorgiEngine/ThirdParty/MoreMountains/MMTools/Core/MMRadio/MMProperty/MMPropertyLink/MMPropertyLinkColor.cs
  artifactKey: Guid(991ae4d843392bc4e9ec4e7d8649d94e) Importer(2089858483,192608db42251d675da83286b1cce702)
Start importing Assets/CorgiEngine/ThirdParty/MoreMountains/MMTools/Core/MMRadio/MMProperty/MMPropertyLink/MMPropertyLinkColor.cs using Guid(991ae4d843392bc4e9ec4e7d8649d94e) Importer(2089858483,192608db42251d675da83286b1cce702) (ScriptedImporter) -> (artifact id: 'f1015bb2798b612d0873acf91d82f80a') in 0.0275425 seconds
Number of updated asset objects reloaded before import = 0Number of asset objects unloaded after import = 0

========================================================================
Received Import Request.
  Time since last request: 0.000090 seconds.
  path: Assets/CorgiEngine/ThirdParty/MoreMountains/MMTools/Accessories/MMPrototypeTextures/Textures/MMProtoTextures/MMProtoTextures_BlueFrame.png
  artifactKey: Guid(5da54437c52380745ab2d12656252b80) Importer(2089858483,192608db42251d675da83286b1cce702)
Start importing Assets/CorgiEngine/ThirdParty/MoreMountains/MMTools/Accessories/MMPrototypeTextures/Textures/MMProtoTextures/MMProtoTextures_BlueFrame.png using Guid(5da54437c52380745ab2d12656252b80) Importer(2089858483,192608db42251d675da83286b1cce702) (ScriptedImporter) -> (artifact id: 'fd5bebe9e22656bf3c9d55a5dd49ed12') in 0.0395197 seconds
Number of updated asset objects reloaded before import = 0Number of asset objects unloaded after import = 1

========================================================================
Received Import Request.
  Time since last request: 0.000026 seconds.
  path: Assets/CorgiEngine/ThirdParty/MoreMountains/MMTools/Accessories/MMPrototypeTextures/Textures/MMProtoTextures/MMProtoTextures_YellowDots.png
  artifactKey: Guid(149489106c60322478987726a9b71cc1) Importer(2089858483,192608db42251d675da83286b1cce702)
Start importing Assets/CorgiEngine/ThirdParty/MoreMountains/MMTools/Accessories/MMPrototypeTextures/Textures/MMProtoTextures/MMProtoTextures_YellowDots.png using Guid(149489106c60322478987726a9b71cc1) Importer(2089858483,192608db42251d675da83286b1cce702) (ScriptedImporter) -> (artifact id: '9b8f1d3ac1be44571407d7ba0403f000') in 0.0472976 seconds
Number of updated asset objects reloaded before import = 0Number of asset objects unloaded after import = 1

========================================================================
Received Import Request.
  Time since last request: 0.000029 seconds.
  path: Assets/CorgiEngine/ThirdParty/MoreMountains/MMTools/Core/MMAudio/MMSoundManager/Events/MMSoundManagerTrackEvent.cs
  artifactKey: Guid(bda4c1805f4bd2f49923dfac1e1e004b) Importer(2089858483,192608db42251d675da83286b1cce702)
Start importing Assets/CorgiEngine/ThirdParty/MoreMountains/MMTools/Core/MMAudio/MMSoundManager/Events/MMSoundManagerTrackEvent.cs using Guid(bda4c1805f4bd2f49923dfac1e1e004b) Importer(2089858483,192608db42251d675da83286b1cce702) (ScriptedImporter) -> (artifact id: '8bc62e00530bbc89b8daf8c6bd7dd736') in 0.0247208 seconds
Number of updated asset objects reloaded before import = 0Number of asset objects unloaded after import = 0

========================================================================
Received Import Request.
  Time since last request: 0.000026 seconds.
  path: Assets/CorgiEngine/ThirdParty/MoreMountains/MMInterface/Styles/Mini/Prefabs/Buttons/Blue/ButtonCircleGear.prefab
  artifactKey: Guid(2108db2a20ab0f34cadf570b40193db4) Importer(2089858483,192608db42251d675da83286b1cce702)
Start importing Assets/CorgiEngine/ThirdParty/MoreMountains/MMInterface/Styles/Mini/Prefabs/Buttons/Blue/ButtonCircleGear.prefab using Guid(2108db2a20ab0f34cadf570b40193db4) Importer(2089858483,192608db42251d675da83286b1cce702) (ScriptedImporter) -> (artifact id: 'd5a61acd7156f4b9b6ce85d6da17c8a8') in 0.0430609 seconds
Number of updated asset objects reloaded before import = 0Number of asset objects unloaded after import = 41

========================================================================
Received Import Request.
  Time since last request: 0.000056 seconds.
  path: Assets/CorgiEngine/ThirdParty/MoreMountains/MMTools/Accessories/MMPrototypeTextures/Textures/MMProtoTextures/MMProtoTextures_DarkGreySquares.png
  artifactKey: Guid(296c95127ab0eee40b334cc33b1bc479) Importer(2089858483,192608db42251d675da83286b1cce702)
Start importing Assets/CorgiEngine/ThirdParty/MoreMountains/MMTools/Accessories/MMPrototypeTextures/Textures/MMProtoTextures/MMProtoTextures_DarkGreySquares.png using Guid(296c95127ab0eee40b334cc33b1bc479) Importer(2089858483,192608db42251d675da83286b1cce702) (ScriptedImporter) -> (artifact id: 'fbbc7c8746630a8b13652432993dec29') in 0.0416379 seconds
Number of updated asset objects reloaded before import = 0Number of asset objects unloaded after import = 1

========================================================================
Received Import Request.
  Time since last request: 0.000021 seconds.
  path: Assets/CorgiEngine/ThirdParty/MoreMountains/MMInterface/Styles/Mini/Prefabs/Buttons/Blue/ButtonCircleMusic.prefab
  artifactKey: Guid(c83c58bbee2e8544fa1d38cab3a3b511) Importer(2089858483,192608db42251d675da83286b1cce702)
Start importing Assets/CorgiEngine/ThirdParty/MoreMountains/MMInterface/Styles/Mini/Prefabs/Buttons/Blue/ButtonCircleMusic.prefab using Guid(c83c58bbee2e8544fa1d38cab3a3b511) Importer(2089858483,192608db42251d675da83286b1cce702) (ScriptedImporter) -> (artifact id: '6bc11c02bdd03b31fbd303597da46e79') in 0.0466609 seconds
Number of updated asset objects reloaded before import = 0Number of asset objects unloaded after import = 41

========================================================================
Received Import Request.
  Time since last request: 0.000027 seconds.
  path: Assets/CorgiEngine/ThirdParty/MoreMountains/MMInterface/Styles/Mini/Prefabs/Buttons/Blue/ButtonSquareCoin.prefab
  artifactKey: Guid(b1d5a5b3f7f00ec489e06880e6312567) Importer(2089858483,192608db42251d675da83286b1cce702)
Start importing Assets/CorgiEngine/ThirdParty/MoreMountains/MMInterface/Styles/Mini/Prefabs/Buttons/Blue/ButtonSquareCoin.prefab using Guid(b1d5a5b3f7f00ec489e06880e6312567) Importer(2089858483,192608db42251d675da83286b1cce702) (ScriptedImporter) -> (artifact id: '8c4f738cf9a7716b5579247fd04da870') in 0.0394408 seconds
Number of updated asset objects reloaded before import = 0Number of asset objects unloaded after import = 41

========================================================================
Received Import Request.
  Time since last request: 0.000056 seconds.
  path: Assets/CorgiEngine/ThirdParty/MoreMountains/MMInterface/Styles/Mini/Prefabs/Buttons/Blue/ButtonSquareHeart.prefab
  artifactKey: Guid(d2a3a07714d1486498f4019c07f93bda) Importer(2089858483,192608db42251d675da83286b1cce702)
Start importing Assets/CorgiEngine/ThirdParty/MoreMountains/MMInterface/Styles/Mini/Prefabs/Buttons/Blue/ButtonSquareHeart.prefab using Guid(d2a3a07714d1486498f4019c07f93bda) Importer(2089858483,192608db42251d675da83286b1cce702) (ScriptedImporter) -> (artifact id: 'dcf33ea9e7c659a11db2235df605efe6') in 0.0420027 seconds
Number of updated asset objects reloaded before import = 0Number of asset objects unloaded after import = 41

========================================================================
Received Import Request.
  Time since last request: 0.000035 seconds.
  path: Assets/CorgiEngine/ThirdParty/MoreMountains/MMTools/Accessories/MMPrototypeTextures/Textures/MMProtoTextures/MMProtoTextures_BlueSquares.png
  artifactKey: Guid(ed68763c04a44fa49a0aa2316c3d46ee) Importer(2089858483,192608db42251d675da83286b1cce702)
Start importing Assets/CorgiEngine/ThirdParty/MoreMountains/MMTools/Accessories/MMPrototypeTextures/Textures/MMProtoTextures/MMProtoTextures_BlueSquares.png using Guid(ed68763c04a44fa49a0aa2316c3d46ee) Importer(2089858483,192608db42251d675da83286b1cce702) (ScriptedImporter) -> (artifact id: '78bddca49fd8fc3b67842326a6e3eb66') in 0.0560875 seconds
Number of updated asset objects reloaded before import = 0Number of asset objects unloaded after import = 1

========================================================================
Received Import Request.
  Time since last request: 0.000023 seconds.
  path: Assets/CorgiEngine/ThirdParty/MoreMountains/MMInterface/Styles/Mini/Prefabs/Buttons/Blue/ButtonSquareArrow.prefab
  artifactKey: Guid(1842fb7ad5ef2634d81dea4158df648a) Importer(2089858483,192608db42251d675da83286b1cce702)
Start importing Assets/CorgiEngine/ThirdParty/MoreMountains/MMInterface/Styles/Mini/Prefabs/Buttons/Blue/ButtonSquareArrow.prefab using Guid(1842fb7ad5ef2634d81dea4158df648a) Importer(2089858483,192608db42251d675da83286b1cce702) (ScriptedImporter) -> (artifact id: '5c8607b750306c8ea57108d262bf9c8c') in 0.0458741 seconds
Number of updated asset objects reloaded before import = 0Number of asset objects unloaded after import = 41

========================================================================
Received Import Request.
  Time since last request: 0.000024 seconds.
  path: Assets/CorgiEngine/ThirdParty/MoreMountains/MMInterface/Common/Animations/Buttons/Animations/DefaultPlaceholders/MMI_ButtonDisabled.anim
  artifactKey: Guid(e66a4a6d4a4ff9041a6a4042fb8a9df0) Importer(2089858483,192608db42251d675da83286b1cce702)
Start importing Assets/CorgiEngine/ThirdParty/MoreMountains/MMInterface/Common/Animations/Buttons/Animations/DefaultPlaceholders/MMI_ButtonDisabled.anim using Guid(e66a4a6d4a4ff9041a6a4042fb8a9df0) Importer(2089858483,192608db42251d675da83286b1cce702) (ScriptedImporter) -> (artifact id: '7832ed62d237299d91d972d496fe1ced') in 0.0281308 seconds
Number of updated asset objects reloaded before import = 0Number of asset objects unloaded after import = 1

========================================================================
Received Import Request.
  Time since last request: 0.000054 seconds.
  path: Assets/CorgiEngine/ThirdParty/MoreMountains/MMTools/Accessories/MMPrototypeTextures/Textures/MMProtoTextures/MMProtoTextures_GreenSquares.png
  artifactKey: Guid(785d13d865eaebc419648f8390c840b3) Importer(2089858483,192608db42251d675da83286b1cce702)
Start importing Assets/CorgiEngine/ThirdParty/MoreMountains/MMTools/Accessories/MMPrototypeTextures/Textures/MMProtoTextures/MMProtoTextures_GreenSquares.png using Guid(785d13d865eaebc419648f8390c840b3) Importer(2089858483,192608db42251d675da83286b1cce702) (ScriptedImporter) -> (artifact id: '1e7c44be9f7cbc4502370d162cd8284d') in 0.0549329 seconds
Number of updated asset objects reloaded before import = 0Number of asset objects unloaded after import = 1

========================================================================
Received Import Request.
  Time since last request: 0.000042 seconds.
  path: Assets/CorgiEngine/ThirdParty/MoreMountains/MMFeedbacks/Demos/MMFeedbacksDemo/Camera/Gizmos/Cinemachine/cm_logo_lg.png
  artifactKey: Guid(8d1ffe9067c85124ab7be70b32a01c50) Importer(2089858483,192608db42251d675da83286b1cce702)
Start importing Assets/CorgiEngine/ThirdParty/MoreMountains/MMFeedbacks/Demos/MMFeedbacksDemo/Camera/Gizmos/Cinemachine/cm_logo_lg.png using Guid(8d1ffe9067c85124ab7be70b32a01c50) Importer(2089858483,192608db42251d675da83286b1cce702) (ScriptedImporter) -> (artifact id: '68c3d208c9776744b98089ea4a0e98eb') in 0.0642008 seconds
Number of updated asset objects reloaded before import = 0Number of asset objects unloaded after import = 1

========================================================================
Received Import Request.
  Time since last request: 0.000043 seconds.
  path: Assets/CorgiEngine/ThirdParty/MoreMountains/MMTools/Accessories/MMPrototypeTextures/Textures/MMProtoTextures/MMProtoTextures_LightGreyCrosses.png
  artifactKey: Guid(5d158a0f06b330445acc858c5a32a269) Importer(2089858483,192608db42251d675da83286b1cce702)
Start importing Assets/CorgiEngine/ThirdParty/MoreMountains/MMTools/Accessories/MMPrototypeTextures/Textures/MMProtoTextures/MMProtoTextures_LightGreyCrosses.png using Guid(5d158a0f06b330445acc858c5a32a269) Importer(2089858483,192608db42251d675da83286b1cce702) (ScriptedImporter) -> (artifact id: '3b9677ebf00985b38c2bdda7c8763cff') in 0.0409328 seconds
Number of updated asset objects reloaded before import = 0Number of asset objects unloaded after import = 1

========================================================================
Received Import Request.
  Time since last request: 0.000026 seconds.
  path: Assets/CorgiEngine/ThirdParty/MoreMountains/MMTools/Accessories/MMDebugMenu/Scripts/MMDebugMenuItems/MMDebugMenuItemValue.cs
  artifactKey: Guid(5aecab0d11ad9fe47bd4744bf897a145) Importer(2089858483,192608db42251d675da83286b1cce702)
Start importing Assets/CorgiEngine/ThirdParty/MoreMountains/MMTools/Accessories/MMDebugMenu/Scripts/MMDebugMenuItems/MMDebugMenuItemValue.cs using Guid(5aecab0d11ad9fe47bd4744bf897a145) Importer(2089858483,192608db42251d675da83286b1cce702) (ScriptedImporter) -> (artifact id: '30b345274693be890a0dc7fd78f501a9') in 0.0244164 seconds
Number of updated asset objects reloaded before import = 0Number of asset objects unloaded after import = 0

========================================================================
Received Import Request.
  Time since last request: 0.000080 seconds.
  path: Assets/CorgiEngine/ThirdParty/MoreMountains/MMInterface/Styles/Mini/Prefabs/Buttons/Cyan/ButtonCircleCross.prefab
  artifactKey: Guid(b150257de9cc2ad49a9b4183f2ea62cf) Importer(2089858483,192608db42251d675da83286b1cce702)
Start importing Assets/CorgiEngine/ThirdParty/MoreMountains/MMInterface/Styles/Mini/Prefabs/Buttons/Cyan/ButtonCircleCross.prefab using Guid(b150257de9cc2ad49a9b4183f2ea62cf) Importer(2089858483,192608db42251d675da83286b1cce702) (ScriptedImporter) -> (artifact id: '6452bb4748457895ab19c75ae80c8dd2') in 0.0369168 seconds
Number of updated asset objects reloaded before import = 0Number of asset objects unloaded after import = 41

========================================================================
Received Import Request.
  Time since last request: 0.000036 seconds.
  path: Assets/CorgiEngine/ThirdParty/MoreMountains/MMInterface/Common/Animations/Buttons/Animations/DefaultPlaceholders/MMI_ButtonReleased.anim
  artifactKey: Guid(3b96d90a6a0eff34e8c2dc5b89bbd931) Importer(2089858483,192608db42251d675da83286b1cce702)
Start importing Assets/CorgiEngine/ThirdParty/MoreMountains/MMInterface/Common/Animations/Buttons/Animations/DefaultPlaceholders/MMI_ButtonReleased.anim using Guid(3b96d90a6a0eff34e8c2dc5b89bbd931) Importer(2089858483,192608db42251d675da83286b1cce702) (ScriptedImporter) -> (artifact id: 'b51897bb9cda88b28dbacfbe35a0ec3e') in 0.0317532 seconds
Number of updated asset objects reloaded before import = 0Number of asset objects unloaded after import = 1

========================================================================
Received Import Request.
  Time since last request: 0.000027 seconds.
  path: Assets/CorgiEngine/ThirdParty/MoreMountains/MMTools/Core/MMRadio/MMProperty/MMPropertyLink/MMPropertyLinkVector2.cs
  artifactKey: Guid(c074591fd378046418957bf77882defc) Importer(2089858483,192608db42251d675da83286b1cce702)
Start importing Assets/CorgiEngine/ThirdParty/MoreMountains/MMTools/Core/MMRadio/MMProperty/MMPropertyLink/MMPropertyLinkVector2.cs using Guid(c074591fd378046418957bf77882defc) Importer(2089858483,192608db42251d675da83286b1cce702) (ScriptedImporter) -> (artifact id: '5a9d18764c5a7418df96f82d657839ba') in 0.0248696 seconds
Number of updated asset objects reloaded before import = 0Number of asset objects unloaded after import = 0

========================================================================
Received Import Request.
  Time since last request: 0.000080 seconds.
  path: Assets/CorgiEngine/ThirdParty/MoreMountains/MMTools/Core/MMAudio/MMSoundManager/Events/MMSoundManagerSoundPlayEvent.cs
  artifactKey: Guid(fa5bc168399356b4e8b48a498dfed282) Importer(2089858483,192608db42251d675da83286b1cce702)
Start importing Assets/CorgiEngine/ThirdParty/MoreMountains/MMTools/Core/MMAudio/MMSoundManager/Events/MMSoundManagerSoundPlayEvent.cs using Guid(fa5bc168399356b4e8b48a498dfed282) Importer(2089858483,192608db42251d675da83286b1cce702) (ScriptedImporter) -> (artifact id: '636099f0276b2201d9dc89038ce2cce9') in 0.0270142 seconds
Number of updated asset objects reloaded before import = 0Number of asset objects unloaded after import = 0

========================================================================
Received Import Request.
  Time since last request: 0.000136 seconds.
  path: Assets/CorgiEngine/ThirdParty/MoreMountains/MMTools/Accessories/MMPrototypeTextures/Textures/MMProtoTextures/MMProtoTextures_YellowSquares.png
  artifactKey: Guid(9fb2f7aca634c294ab8ca0d06ee4d78a) Importer(2089858483,192608db42251d675da83286b1cce702)
Start importing Assets/CorgiEngine/ThirdParty/MoreMountains/MMTools/Accessories/MMPrototypeTextures/Textures/MMProtoTextures/MMProtoTextures_YellowSquares.png using Guid(9fb2f7aca634c294ab8ca0d06ee4d78a) Importer(2089858483,192608db42251d675da83286b1cce702) (ScriptedImporter) -> (artifact id: 'ee94d237bd3f727386cee273511edcee') in 0.0457833 seconds
Number of updated asset objects reloaded before import = 0Number of asset objects unloaded after import = 1

========================================================================
Received Import Request.
  Time since last request: 0.000034 seconds.
  path: Assets/CorgiEngine/ThirdParty/MoreMountains/MMTools/Core/MMAudio/MMSoundManager/MMSoundManagerSound.cs
  artifactKey: Guid(5f351cd555ef38d4d8b69d8be107ce7f) Importer(2089858483,192608db42251d675da83286b1cce702)
Start importing Assets/CorgiEngine/ThirdParty/MoreMountains/MMTools/Core/MMAudio/MMSoundManager/MMSoundManagerSound.cs using Guid(5f351cd555ef38d4d8b69d8be107ce7f) Importer(2089858483,192608db42251d675da83286b1cce702) (ScriptedImporter) -> (artifact id: '942f61111bd7bdd2eda6cd68f1d09661') in 0.0256236 seconds
Number of updated asset objects reloaded before import = 0Number of asset objects unloaded after import = 0

========================================================================
Received Import Request.
  Time since last request: 0.000090 seconds.
  path: Assets/CorgiEngine/ThirdParty/MoreMountains/MMTools/Accessories/MMVFX/MMRamps/MMRamp6.png
  artifactKey: Guid(63dabf038bafcdd4c9fd22dcdf057dd9) Importer(2089858483,192608db42251d675da83286b1cce702)
Start importing Assets/CorgiEngine/ThirdParty/MoreMountains/MMTools/Accessories/MMVFX/MMRamps/MMRamp6.png using Guid(63dabf038bafcdd4c9fd22dcdf057dd9) Importer(2089858483,192608db42251d675da83286b1cce702) (ScriptedImporter) -> (artifact id: '2912c6f596e7d00720237d577f0196d4') in 0.0547465 seconds
Number of updated asset objects reloaded before import = 0Number of asset objects unloaded after import = 1

========================================================================
Received Import Request.
  Time since last request: 0.000020 seconds.
  path: Assets/CorgiEngine/ThirdParty/MoreMountains/MMTools/Accessories/MMVFX/MMRipple/MMRippleSquare1NM.png
  artifactKey: Guid(ae5458ffd8cecaa4da3b1e90ef61cb88) Importer(2089858483,192608db42251d675da83286b1cce702)
Start importing Assets/CorgiEngine/ThirdParty/MoreMountains/MMTools/Accessories/MMVFX/MMRipple/MMRippleSquare1NM.png using Guid(ae5458ffd8cecaa4da3b1e90ef61cb88) Importer(2089858483,192608db42251d675da83286b1cce702) (ScriptedImporter) -> (artifact id: 'df461595249bd1eeeb4cea7631e2b20f') in 0.0447115 seconds
Number of updated asset objects reloaded before import = 0Number of asset objects unloaded after import = 1

========================================================================
Received Import Request.
  Time since last request: 0.000048 seconds.
  path: Assets/CorgiEngine/ThirdParty/MoreMountains/MMInterface/Styles/Mini/Prefabs/Buttons/Green/ButtonSquareChevron.prefab
  artifactKey: Guid(b23228accf1364c41bc486e8b4f93012) Importer(2089858483,192608db42251d675da83286b1cce702)
Start importing Assets/CorgiEngine/ThirdParty/MoreMountains/MMInterface/Styles/Mini/Prefabs/Buttons/Green/ButtonSquareChevron.prefab using Guid(b23228accf1364c41bc486e8b4f93012) Importer(2089858483,192608db42251d675da83286b1cce702) (ScriptedImporter) -> (artifact id: '64c8e17e2acf337d683b7049a064d79e') in 0.0446072 seconds
Number of updated asset objects reloaded before import = 0Number of asset objects unloaded after import = 42

========================================================================
Received Import Request.
  Time since last request: 0.000035 seconds.
  path: Assets/CorgiEngine/ThirdParty/MoreMountains/MMInterface/Styles/Mini/Prefabs/Buttons/Green/ButtonSquareGear.prefab
  artifactKey: Guid(b2367ad3da94e424dbf7ff5d2871486b) Importer(2089858483,192608db42251d675da83286b1cce702)
Start importing Assets/CorgiEngine/ThirdParty/MoreMountains/MMInterface/Styles/Mini/Prefabs/Buttons/Green/ButtonSquareGear.prefab using Guid(b2367ad3da94e424dbf7ff5d2871486b) Importer(2089858483,192608db42251d675da83286b1cce702) (ScriptedImporter) -> (artifact id: '978ef81ba4948346f6a171f286404122') in 0.0446277 seconds
Number of updated asset objects reloaded before import = 0Number of asset objects unloaded after import = 42

========================================================================
Received Import Request.
  Time since last request: 0.000037 seconds.
  path: Assets/CorgiEngine/ThirdParty/MoreMountains/MMInterface/Styles/Mini/Prefabs/Buttons/DarkGrey/ButtonSquareChevron.prefab
  artifactKey: Guid(8300f041681b8104b9acaebf7cb2d944) Importer(2089858483,192608db42251d675da83286b1cce702)
Start importing Assets/CorgiEngine/ThirdParty/MoreMountains/MMInterface/Styles/Mini/Prefabs/Buttons/DarkGrey/ButtonSquareChevron.prefab using Guid(8300f041681b8104b9acaebf7cb2d944) Importer(2089858483,192608db42251d675da83286b1cce702) (ScriptedImporter) -> (artifact id: 'fc42eaed1f24230acedce17704055859') in 0.0503591 seconds
Number of updated asset objects reloaded before import = 0Number of asset objects unloaded after import = 42

========================================================================
Received Import Request.
  Time since last request: 0.000036 seconds.
  path: Assets/CorgiEngine/ThirdParty/MoreMountains/MMInterface/Styles/Mini/Prefabs/Buttons/DarkerGrey/ButtonSquareCheck.prefab
  artifactKey: Guid(03de3f99c4bf8b8489efaf9f213cc313) Importer(2089858483,192608db42251d675da83286b1cce702)
Start importing Assets/CorgiEngine/ThirdParty/MoreMountains/MMInterface/Styles/Mini/Prefabs/Buttons/DarkerGrey/ButtonSquareCheck.prefab using Guid(03de3f99c4bf8b8489efaf9f213cc313) Importer(2089858483,192608db42251d675da83286b1cce702) (ScriptedImporter) -> (artifact id: 'e071576ff61a5fa9acb7bfb6747cce0b') in 0.0469108 seconds
Number of updated asset objects reloaded before import = 0Number of asset objects unloaded after import = 41

========================================================================
Received Import Request.
  Time since last request: 0.000040 seconds.
  path: Assets/CorgiEngine/ThirdParty/MoreMountains/MMInterface/Styles/Mini/Prefabs/Buttons/DarkGrey/ButtonCircleSoundOff.prefab
  artifactKey: Guid(76306256f94f45c468ae077ed140a436) Importer(2089858483,192608db42251d675da83286b1cce702)
Start importing Assets/CorgiEngine/ThirdParty/MoreMountains/MMInterface/Styles/Mini/Prefabs/Buttons/DarkGrey/ButtonCircleSoundOff.prefab using Guid(76306256f94f45c468ae077ed140a436) Importer(2089858483,192608db42251d675da83286b1cce702) (ScriptedImporter) -> (artifact id: 'f5ed3ab88e896d1e6c9736bfd077ee54') in 0.0577235 seconds
Number of updated asset objects reloaded before import = 0Number of asset objects unloaded after import = 42

========================================================================
Received Import Request.
  Time since last request: 0.000035 seconds.
  path: Assets/CorgiEngine/ThirdParty/MoreMountains/MMInterface/Styles/Mini/Prefabs/Buttons/DarkerGrey/ButtonCircleStar.prefab
  artifactKey: Guid(f13986c77d6bfd54e9c5248975f45fdc) Importer(2089858483,192608db42251d675da83286b1cce702)
Start importing Assets/CorgiEngine/ThirdParty/MoreMountains/MMInterface/Styles/Mini/Prefabs/Buttons/DarkerGrey/ButtonCircleStar.prefab using Guid(f13986c77d6bfd54e9c5248975f45fdc) Importer(2089858483,192608db42251d675da83286b1cce702) (ScriptedImporter) -> (artifact id: '90bbdaab74a9b3cc0efbaf2806935ef2') in 0.0384999 seconds
Number of updated asset objects reloaded before import = 0Number of asset objects unloaded after import = 41

========================================================================
Received Import Request.
  Time since last request: 0.000021 seconds.
  path: Assets/CorgiEngine/ThirdParty/MoreMountains/MMInterface/Styles/Mini/Prefabs/Buttons/DarkGrey/ButtonSquareCross.prefab
  artifactKey: Guid(e05e83d4c93f7ad409444696c993d551) Importer(2089858483,192608db42251d675da83286b1cce702)
Start importing Assets/CorgiEngine/ThirdParty/MoreMountains/MMInterface/Styles/Mini/Prefabs/Buttons/DarkGrey/ButtonSquareCross.prefab using Guid(e05e83d4c93f7ad409444696c993d551) Importer(2089858483,192608db42251d675da83286b1cce702) (ScriptedImporter) -> (artifact id: '67ec5489e97681d53cb184038cd43376') in 0.045204 seconds
Number of updated asset objects reloaded before import = 0Number of asset objects unloaded after import = 42

========================================================================
Received Import Request.
  Time since last request: 0.000020 seconds.
  path: Assets/CorgiEngine/ThirdParty/MoreMountains/MMInterface/Styles/Mini/Prefabs/Buttons/Green/ButtonRound.prefab
  artifactKey: Guid(c39a89984ab0ac7428d6bead6b9c69fa) Importer(2089858483,192608db42251d675da83286b1cce702)
Start importing Assets/CorgiEngine/ThirdParty/MoreMountains/MMInterface/Styles/Mini/Prefabs/Buttons/Green/ButtonRound.prefab using Guid(c39a89984ab0ac7428d6bead6b9c69fa) Importer(2089858483,192608db42251d675da83286b1cce702) (ScriptedImporter) -> (artifact id: '4f80f0debc4eb679a05f4169f633eff5') in 0.0434991 seconds
Number of updated asset objects reloaded before import = 0Number of asset objects unloaded after import = 44

========================================================================
Received Import Request.
  Time since last request: 0.000031 seconds.
  path: Assets/CorgiEngine/ThirdParty/MoreMountains/MMInterface/Styles/Mini/Prefabs/Buttons/Cyan/ButtonCircleDoubleChevron.prefab
  artifactKey: Guid(1240fc9120a55734084a880b8982b725) Importer(2089858483,192608db42251d675da83286b1cce702)
Start importing Assets/CorgiEngine/ThirdParty/MoreMountains/MMInterface/Styles/Mini/Prefabs/Buttons/Cyan/ButtonCircleDoubleChevron.prefab using Guid(1240fc9120a55734084a880b8982b725) Importer(2089858483,192608db42251d675da83286b1cce702) (ScriptedImporter) -> (artifact id: 'baeb4777f4aa12e59551b65907d53f3d') in 0.0445545 seconds
Number of updated asset objects reloaded before import = 0Number of asset objects unloaded after import = 41

========================================================================
Received Import Request.
  Time since last request: 0.000027 seconds.
  path: Assets/CorgiEngine/ThirdParty/MoreMountains/MMInterface/Styles/Mini/Prefabs/Buttons/Cyan/ButtonRound.prefab
  artifactKey: Guid(fafffdf4c7b9be245a5d265a2f69b059) Importer(2089858483,192608db42251d675da83286b1cce702)
Start importing Assets/CorgiEngine/ThirdParty/MoreMountains/MMInterface/Styles/Mini/Prefabs/Buttons/Cyan/ButtonRound.prefab using Guid(fafffdf4c7b9be245a5d265a2f69b059) Importer(2089858483,192608db42251d675da83286b1cce702) (ScriptedImporter) -> (artifact id: '7f0b57c6ca7c84646867e19e2c183fad') in 0.0396035 seconds
Number of updated asset objects reloaded before import = 0Number of asset objects unloaded after import = 43

========================================================================
Received Import Request.
  Time since last request: 0.000036 seconds.
  path: Assets/CorgiEngine/ThirdParty/MoreMountains/MMInterface/Styles/Mini/Prefabs/Buttons/Green/ButtonSquareDoubleChevron.prefab
  artifactKey: Guid(6bb76e34894087343a5da86551cb074f) Importer(2089858483,192608db42251d675da83286b1cce702)
Start importing Assets/CorgiEngine/ThirdParty/MoreMountains/MMInterface/Styles/Mini/Prefabs/Buttons/Green/ButtonSquareDoubleChevron.prefab using Guid(6bb76e34894087343a5da86551cb074f) Importer(2089858483,192608db42251d675da83286b1cce702) (ScriptedImporter) -> (artifact id: '2ddfedd61c7fd2c8b6e720a84e6f869c') in 0.051271 seconds
Number of updated asset objects reloaded before import = 0Number of asset objects unloaded after import = 42

========================================================================
Received Import Request.
  Time since last request: 0.000041 seconds.
  path: Assets/CorgiEngine/ThirdParty/MoreMountains/MMInterface/Styles/Mini/Prefabs/Buttons/Cyan/ButtonSquareCross.prefab
  artifactKey: Guid(291aa032fb38d174289569336b46c577) Importer(2089858483,192608db42251d675da83286b1cce702)
Start importing Assets/CorgiEngine/ThirdParty/MoreMountains/MMInterface/Styles/Mini/Prefabs/Buttons/Cyan/ButtonSquareCross.prefab using Guid(291aa032fb38d174289569336b46c577) Importer(2089858483,192608db42251d675da83286b1cce702) (ScriptedImporter) -> (artifact id: '2dbf799805592ec9f361a70cc4088977') in 0.047388 seconds
Number of updated asset objects reloaded before import = 0Number of asset objects unloaded after import = 41

========================================================================
Received Import Request.
  Time since last request: 0.000057 seconds.
  path: Assets/CorgiEngine/ThirdParty/MoreMountains/MMInterface/Styles/Mini/Prefabs/Buttons/Cyan/ButtonSquareCheck.prefab
  artifactKey: Guid(62f102c63915a6249842c8c781d794d1) Importer(2089858483,192608db42251d675da83286b1cce702)
Start importing Assets/CorgiEngine/ThirdParty/MoreMountains/MMInterface/Styles/Mini/Prefabs/Buttons/Cyan/ButtonSquareCheck.prefab using Guid(62f102c63915a6249842c8c781d794d1) Importer(2089858483,192608db42251d675da83286b1cce702) (ScriptedImporter) -> (artifact id: '799248167f208fed51901ff5dfbc0251') in 0.0379459 seconds
Number of updated asset objects reloaded before import = 0Number of asset objects unloaded after import = 41

========================================================================
Received Import Request.
  Time since last request: 0.000028 seconds.
  path: Assets/CorgiEngine/ThirdParty/MoreMountains/MMInterface/Styles/Mini/Prefabs/Buttons/DarkerGrey/ButtonSquareSoundOn.prefab
  artifactKey: Guid(5ccb2989432b25143a149701b361cd28) Importer(2089858483,192608db42251d675da83286b1cce702)
Start importing Assets/CorgiEngine/ThirdParty/MoreMountains/MMInterface/Styles/Mini/Prefabs/Buttons/DarkerGrey/ButtonSquareSoundOn.prefab using Guid(5ccb2989432b25143a149701b361cd28) Importer(2089858483,192608db42251d675da83286b1cce702) (ScriptedImporter) -> (artifact id: 'cbc2891c8077f7234e8bd0326a66f887') in 0.0461526 seconds
Number of updated asset objects reloaded before import = 0Number of asset objects unloaded after import = 41

========================================================================
Received Import Request.
  Time since last request: 0.000041 seconds.
  path: Assets/CorgiEngine/ThirdParty/MoreMountains/MMInterface/Styles/Mini/Prefabs/Buttons/Cyan/ButtonCircleSoundOn.prefab
  artifactKey: Guid(07024535fd6ae7244909bcaa5baa6cd0) Importer(2089858483,192608db42251d675da83286b1cce702)
Start importing Assets/CorgiEngine/ThirdParty/MoreMountains/MMInterface/Styles/Mini/Prefabs/Buttons/Cyan/ButtonCircleSoundOn.prefab using Guid(07024535fd6ae7244909bcaa5baa6cd0) Importer(2089858483,192608db42251d675da83286b1cce702) (ScriptedImporter) -> (artifact id: 'c663b2ba086f508f2d9be78831fd502d') in 0.0374921 seconds
Number of updated asset objects reloaded before import = 0Number of asset objects unloaded after import = 41

========================================================================
Received Import Request.
  Time since last request: 0.000029 seconds.
  path: Assets/CorgiEngine/ThirdParty/MoreMountains/MMInterface/Styles/Mini/Prefabs/Buttons/DarkGrey/ButtonSquareSoundOn.prefab
  artifactKey: Guid(6781571e4f714c941b0519406892fa77) Importer(2089858483,192608db42251d675da83286b1cce702)
Start importing Assets/CorgiEngine/ThirdParty/MoreMountains/MMInterface/Styles/Mini/Prefabs/Buttons/DarkGrey/ButtonSquareSoundOn.prefab using Guid(6781571e4f714c941b0519406892fa77) Importer(2089858483,192608db42251d675da83286b1cce702) (ScriptedImporter) -> (artifact id: '7db07f32eb8f4295c2dbcf92e120e57e') in 0.0441657 seconds
Number of updated asset objects reloaded before import = 0Number of asset objects unloaded after import = 42

========================================================================
Received Import Request.
  Time since last request: 0.000034 seconds.
  path: Assets/CorgiEngine/ThirdParty/MoreMountains/MMInterface/Styles/Mini/Prefabs/Buttons/Green/ButtonCircleHeart.prefab
  artifactKey: Guid(e2babaa7a7bff6a448c1f9ee8e42e285) Importer(2089858483,192608db42251d675da83286b1cce702)
Start importing Assets/CorgiEngine/ThirdParty/MoreMountains/MMInterface/Styles/Mini/Prefabs/Buttons/Green/ButtonCircleHeart.prefab using Guid(e2babaa7a7bff6a448c1f9ee8e42e285) Importer(2089858483,192608db42251d675da83286b1cce702) (ScriptedImporter) -> (artifact id: 'e0b952f7acdaae85088324fd97ffc02c') in 0.0432665 seconds
Number of updated asset objects reloaded before import = 0Number of asset objects unloaded after import = 42

========================================================================
Received Import Request.
  Time since last request: 0.000025 seconds.
  path: Assets/CorgiEngine/ThirdParty/MoreMountains/MMInterface/Styles/Mini/Prefabs/Buttons/DarkerGrey/ButtonCircleGear.prefab
  artifactKey: Guid(927fc7e473763e24d96694aec61e429c) Importer(2089858483,192608db42251d675da83286b1cce702)
Start importing Assets/CorgiEngine/ThirdParty/MoreMountains/MMInterface/Styles/Mini/Prefabs/Buttons/DarkerGrey/ButtonCircleGear.prefab using Guid(927fc7e473763e24d96694aec61e429c) Importer(2089858483,192608db42251d675da83286b1cce702) (ScriptedImporter) -> (artifact id: '7224bd764318b89d9c2e11727aa1b230') in 0.0462752 seconds
Number of updated asset objects reloaded before import = 0Number of asset objects unloaded after import = 41

========================================================================
Received Import Request.
  Time since last request: 0.000039 seconds.
  path: Assets/CorgiEngine/ThirdParty/MoreMountains/MMInterface/Styles/Mini/Prefabs/Buttons/Green/ButtonCircleHome.prefab
  artifactKey: Guid(36ad6699258011942b48f7933bef6fee) Importer(2089858483,192608db42251d675da83286b1cce702)
Start importing Assets/CorgiEngine/ThirdParty/MoreMountains/MMInterface/Styles/Mini/Prefabs/Buttons/Green/ButtonCircleHome.prefab using Guid(36ad6699258011942b48f7933bef6fee) Importer(2089858483,192608db42251d675da83286b1cce702) (ScriptedImporter) -> (artifact id: '39639caa3117c1114f233082ca18531c') in 0.0423773 seconds
Number of updated asset objects reloaded before import = 0Number of asset objects unloaded after import = 42

========================================================================
Received Import Request.
  Time since last request: 0.000072 seconds.
  path: Assets/CorgiEngine/ThirdParty/MoreMountains/MMInterface/Styles/Mini/Prefabs/Buttons/Cyan/ButtonSquareDoubleChevron.prefab
  artifactKey: Guid(fe18842df86323f4395856a8b3a0ee2e) Importer(2089858483,192608db42251d675da83286b1cce702)
Start importing Assets/CorgiEngine/ThirdParty/MoreMountains/MMInterface/Styles/Mini/Prefabs/Buttons/Cyan/ButtonSquareDoubleChevron.prefab using Guid(fe18842df86323f4395856a8b3a0ee2e) Importer(2089858483,192608db42251d675da83286b1cce702) (ScriptedImporter) -> (artifact id: 'c40f5705ae5c27883b499cf952f3d719') in 0.0384098 seconds
Number of updated asset objects reloaded before import = 0Number of asset objects unloaded after import = 41

========================================================================
Received Import Request.
  Time since last request: 0.000028 seconds.
  path: Assets/CorgiEngine/ThirdParty/MoreMountains/MMInterface/Styles/Mini/Prefabs/Buttons/DarkGrey/ButtonSquareStar.prefab
  artifactKey: Guid(bcdfcf4f448cd9d439bc7c05ca60692c) Importer(2089858483,192608db42251d675da83286b1cce702)
Start importing Assets/CorgiEngine/ThirdParty/MoreMountains/MMInterface/Styles/Mini/Prefabs/Buttons/DarkGrey/ButtonSquareStar.prefab using Guid(bcdfcf4f448cd9d439bc7c05ca60692c) Importer(2089858483,192608db42251d675da83286b1cce702) (ScriptedImporter) -> (artifact id: 'c73ac37c4e1a23bc7b09dc7471a704fe') in 0.0372626 seconds
Number of updated asset objects reloaded before import = 0Number of asset objects unloaded after import = 42

========================================================================
Received Import Request.
  Time since last request: 0.000042 seconds.
  path: Assets/CorgiEngine/ThirdParty/MoreMountains/MMInterface/Styles/Mini/Prefabs/Buttons/HorizontalGradientGreenToBlue/ButtonCircleHeart.prefab
  artifactKey: Guid(e8e3f047f9408d74a9defb7da1f70128) Importer(2089858483,192608db42251d675da83286b1cce702)
Start importing Assets/CorgiEngine/ThirdParty/MoreMountains/MMInterface/Styles/Mini/Prefabs/Buttons/HorizontalGradientGreenToBlue/ButtonCircleHeart.prefab using Guid(e8e3f047f9408d74a9defb7da1f70128) Importer(2089858483,192608db42251d675da83286b1cce702) (ScriptedImporter) -> (artifact id: '1c98ed31ebe5b35a2f5c2dda13cfc30e') in 0.0427205 seconds
Number of updated asset objects reloaded before import = 0Number of asset objects unloaded after import = 43

========================================================================
Received Import Request.
  Time since last request: 0.000038 seconds.
  path: Assets/CorgiEngine/ThirdParty/MoreMountains/MMInterface/Styles/Mini/Prefabs/Buttons/Grey/ButtonSquareHome.prefab
  artifactKey: Guid(9cf9185cc72abbb42be4786eb06560a5) Importer(2089858483,192608db42251d675da83286b1cce702)
Start importing Assets/CorgiEngine/ThirdParty/MoreMountains/MMInterface/Styles/Mini/Prefabs/Buttons/Grey/ButtonSquareHome.prefab using Guid(9cf9185cc72abbb42be4786eb06560a5) Importer(2089858483,192608db42251d675da83286b1cce702) (ScriptedImporter) -> (artifact id: 'f316c1882fe126ef3f207486483eb585') in 0.0478637 seconds
Number of updated asset objects reloaded before import = 0Number of asset objects unloaded after import = 42

========================================================================
Received Import Request.
  Time since last request: 0.000045 seconds.
  path: Assets/CorgiEngine/ThirdParty/MoreMountains/MMInterface/Styles/Mini/Prefabs/Buttons/HorizontalGradientGreenToBlue/ButtonSquareStar.prefab
  artifactKey: Guid(b9c80c469e9c6354cb969da6d016d65a) Importer(2089858483,192608db42251d675da83286b1cce702)
Start importing Assets/CorgiEngine/ThirdParty/MoreMountains/MMInterface/Styles/Mini/Prefabs/Buttons/HorizontalGradientGreenToBlue/ButtonSquareStar.prefab using Guid(b9c80c469e9c6354cb969da6d016d65a) Importer(2089858483,192608db42251d675da83286b1cce702) (ScriptedImporter) -> (artifact id: 'bce30081948199a048521f4ce87d398c') in 0.0435292 seconds
Number of updated asset objects reloaded before import = 0Number of asset objects unloaded after import = 43

========================================================================
Received Import Request.
  Time since last request: 0.000028 seconds.
  path: Assets/CorgiEngine/ThirdParty/MoreMountains/MMInterface/Styles/Mini/Prefabs/Buttons/HorizontalGradientGreenToBlue/ButtonSquareSoundOn.prefab
  artifactKey: Guid(22d5a5310a35d4740a09bd7162d15606) Importer(2089858483,192608db42251d675da83286b1cce702)
Start importing Assets/CorgiEngine/ThirdParty/MoreMountains/MMInterface/Styles/Mini/Prefabs/Buttons/HorizontalGradientGreenToBlue/ButtonSquareSoundOn.prefab using Guid(22d5a5310a35d4740a09bd7162d15606) Importer(2089858483,192608db42251d675da83286b1cce702) (ScriptedImporter) -> (artifact id: 'a8c838533a2de3d94a02caa5c9ef5b0f') in 0.0462025 seconds
Number of updated asset objects reloaded before import = 0Number of asset objects unloaded after import = 43

========================================================================
Received Import Request.
  Time since last request: 0.000020 seconds.
  path: Assets/CorgiEngine/ThirdParty/MoreMountains/MMInterface/Styles/Mini/Prefabs/Buttons/HorizontalGradientOrangeToPink/ButtonCircleMusic.prefab
  artifactKey: Guid(4a123f37601bbb14ca7a74b6a4cddc64) Importer(2089858483,192608db42251d675da83286b1cce702)
Start importing Assets/CorgiEngine/ThirdParty/MoreMountains/MMInterface/Styles/Mini/Prefabs/Buttons/HorizontalGradientOrangeToPink/ButtonCircleMusic.prefab using Guid(4a123f37601bbb14ca7a74b6a4cddc64) Importer(2089858483,192608db42251d675da83286b1cce702) (ScriptedImporter) -> (artifact id: '387098d68a59cc20fc6f9f1fd9ab6368') in 0.0396703 seconds
Number of updated asset objects reloaded before import = 0Number of asset objects unloaded after import = 43

========================================================================
Received Import Request.
  Time since last request: 0.000031 seconds.
  path: Assets/CorgiEngine/ThirdParty/MoreMountains/MMInterface/Styles/Mini/Prefabs/Buttons/Grey/ButtonSquareArrow.prefab
  artifactKey: Guid(a6bb6987b91043443b0331645efd9532) Importer(2089858483,192608db42251d675da83286b1cce702)
Start importing Assets/CorgiEngine/ThirdParty/MoreMountains/MMInterface/Styles/Mini/Prefabs/Buttons/Grey/ButtonSquareArrow.prefab using Guid(a6bb6987b91043443b0331645efd9532) Importer(2089858483,192608db42251d675da83286b1cce702) (ScriptedImporter) -> (artifact id: '3e31534605e104116859293d4b666d98') in 0.0432244 seconds
Number of updated asset objects reloaded before import = 0Number of asset objects unloaded after import = 41

========================================================================
Received Import Request.
  Time since last request: 0.000023 seconds.
  path: Assets/CorgiEngine/ThirdParty/MoreMountains/MMInterface/Styles/Mini/Prefabs/Buttons/HorizontalGradientOrangeToPink/ButtonSquareChevron.prefab
  artifactKey: Guid(ca3d39d3a98457540862f042bb9b7d1e) Importer(2089858483,192608db42251d675da83286b1cce702)
Start importing Assets/CorgiEngine/ThirdParty/MoreMountains/MMInterface/Styles/Mini/Prefabs/Buttons/HorizontalGradientOrangeToPink/ButtonSquareChevron.prefab using Guid(ca3d39d3a98457540862f042bb9b7d1e) Importer(2089858483,192608db42251d675da83286b1cce702) (ScriptedImporter) -> (artifact id: 'ebd058d4081c4f558fde269812b07976') in 0.0437887 seconds
Number of updated asset objects reloaded before import = 0Number of asset objects unloaded after import = 43

========================================================================
Received Import Request.
  Time since last request: 0.000038 seconds.
  path: Assets/CorgiEngine/ThirdParty/MoreMountains/MMInterface/Styles/Mini/Prefabs/Buttons/HorizontalGradientGreenToBlue/ButtonAlt.prefab
  artifactKey: Guid(3c7c5b0ebb31b754392d8f46badefe85) Importer(2089858483,192608db42251d675da83286b1cce702)
Start importing Assets/CorgiEngine/ThirdParty/MoreMountains/MMInterface/Styles/Mini/Prefabs/Buttons/HorizontalGradientGreenToBlue/ButtonAlt.prefab using Guid(3c7c5b0ebb31b754392d8f46badefe85) Importer(2089858483,192608db42251d675da83286b1cce702) (ScriptedImporter) -> (artifact id: '135a932f8dc0889b3d785da145ee62da') in 0.044725 seconds
Number of updated asset objects reloaded before import = 0Number of asset objects unloaded after import = 45

========================================================================
Received Import Request.
  Time since last request: 0.000041 seconds.
  path: Assets/CorgiEngine/ThirdParty/MoreMountains/MMInterface/Styles/Mini/Prefabs/Buttons/Grey/ButtonCircleCheck.prefab
  artifactKey: Guid(27da01938a617ca43aab74d93bb35175) Importer(2089858483,192608db42251d675da83286b1cce702)
Start importing Assets/CorgiEngine/ThirdParty/MoreMountains/MMInterface/Styles/Mini/Prefabs/Buttons/Grey/ButtonCircleCheck.prefab using Guid(27da01938a617ca43aab74d93bb35175) Importer(2089858483,192608db42251d675da83286b1cce702) (ScriptedImporter) -> (artifact id: '6c63cbcffa7715ccc1326678e99798f2') in 0.0389044 seconds
Number of updated asset objects reloaded before import = 0Number of asset objects unloaded after import = 42

========================================================================
Received Import Request.
  Time since last request: 0.000036 seconds.
  path: Assets/CorgiEngine/ThirdParty/MoreMountains/MMInterface/Styles/Mini/Prefabs/Buttons/HorizontalGradientGreenToBlue/ButtonSquareGear.prefab
  artifactKey: Guid(d08cc22c3a2013849901bbdfa35a7f3e) Importer(2089858483,192608db42251d675da83286b1cce702)
Start importing Assets/CorgiEngine/ThirdParty/MoreMountains/MMInterface/Styles/Mini/Prefabs/Buttons/HorizontalGradientGreenToBlue/ButtonSquareGear.prefab using Guid(d08cc22c3a2013849901bbdfa35a7f3e) Importer(2089858483,192608db42251d675da83286b1cce702) (ScriptedImporter) -> (artifact id: '7197f56808624bb2abc0d575bc3da2d9') in 0.0434992 seconds
Number of updated asset objects reloaded before import = 0Number of asset objects unloaded after import = 43

========================================================================
Received Import Request.
  Time since last request: 0.000027 seconds.
  path: Assets/CorgiEngine/ThirdParty/MoreMountains/MMInterface/Styles/Mini/Prefabs/Buttons/HorizontalGradientGreenToBlue/ButtonSquareHome.prefab
  artifactKey: Guid(0743af3c1222ac34186125b9c86f6a74) Importer(2089858483,192608db42251d675da83286b1cce702)
Start importing Assets/CorgiEngine/ThirdParty/MoreMountains/MMInterface/Styles/Mini/Prefabs/Buttons/HorizontalGradientGreenToBlue/ButtonSquareHome.prefab using Guid(0743af3c1222ac34186125b9c86f6a74) Importer(2089858483,192608db42251d675da83286b1cce702) (ScriptedImporter) -> (artifact id: '4ebe188c4a66bc3aada2dff904857f9d') in 0.0389109 seconds
Number of updated asset objects reloaded before import = 0Number of asset objects unloaded after import = 43

========================================================================
Received Import Request.
  Time since last request: 0.000044 seconds.
  path: Assets/CorgiEngine/ThirdParty/MoreMountains/MMInterface/Styles/Mini/Prefabs/Buttons/HorizontalGradientOrangeToPink/ButtonCircleArrow.prefab
  artifactKey: Guid(4ec19f4343eafb547a80b3e7551df11e) Importer(2089858483,192608db42251d675da83286b1cce702)
Start importing Assets/CorgiEngine/ThirdParty/MoreMountains/MMInterface/Styles/Mini/Prefabs/Buttons/HorizontalGradientOrangeToPink/ButtonCircleArrow.prefab using Guid(4ec19f4343eafb547a80b3e7551df11e) Importer(2089858483,192608db42251d675da83286b1cce702) (ScriptedImporter) -> (artifact id: '2c1c9bf36e5ab5e9432f237c21d6c7a9') in 0.0471696 seconds
Number of updated asset objects reloaded before import = 0Number of asset objects unloaded after import = 43

========================================================================
Received Import Request.
  Time since last request: 0.000029 seconds.
  path: Assets/CorgiEngine/ThirdParty/MoreMountains/MMInterface/Styles/Mini/Prefabs/Buttons/Grey/ButtonSquareCoin.prefab
  artifactKey: Guid(8cf4847fb5944b446bc130c610958d23) Importer(2089858483,192608db42251d675da83286b1cce702)
Start importing Assets/CorgiEngine/ThirdParty/MoreMountains/MMInterface/Styles/Mini/Prefabs/Buttons/Grey/ButtonSquareCoin.prefab using Guid(8cf4847fb5944b446bc130c610958d23) Importer(2089858483,192608db42251d675da83286b1cce702) (ScriptedImporter) -> (artifact id: '8afa84b63e10cac4d50a77e54d36ad92') in 0.0403112 seconds
Number of updated asset objects reloaded before import = 0Number of asset objects unloaded after import = 42

========================================================================
Received Import Request.
  Time since last request: 0.000039 seconds.
  path: Assets/CorgiEngine/ThirdParty/MoreMountains/MMInterface/Styles/Mini/Prefabs/Buttons/HorizontalGradientGreenToBlue/ButtonCircleSoundOff.prefab
  artifactKey: Guid(272e4c696da74f24295731f631a899c6) Importer(2089858483,192608db42251d675da83286b1cce702)
Start importing Assets/CorgiEngine/ThirdParty/MoreMountains/MMInterface/Styles/Mini/Prefabs/Buttons/HorizontalGradientGreenToBlue/ButtonCircleSoundOff.prefab using Guid(272e4c696da74f24295731f631a899c6) Importer(2089858483,192608db42251d675da83286b1cce702) (ScriptedImporter) -> (artifact id: '33b5608f52aebd6c43e4fa4697f33a30') in 0.0463679 seconds
Number of updated asset objects reloaded before import = 0Number of asset objects unloaded after import = 43

========================================================================
Received Import Request.
  Time since last request: 0.000037 seconds.
  path: Assets/CorgiEngine/ThirdParty/MoreMountains/MMInterface/Styles/Mini/Prefabs/Buttons/Grey/ButtonSquareMusic.prefab
  artifactKey: Guid(433a917dad8cb62419f941ccadf94690) Importer(2089858483,192608db42251d675da83286b1cce702)
Start importing Assets/CorgiEngine/ThirdParty/MoreMountains/MMInterface/Styles/Mini/Prefabs/Buttons/Grey/ButtonSquareMusic.prefab using Guid(433a917dad8cb62419f941ccadf94690) Importer(2089858483,192608db42251d675da83286b1cce702) (ScriptedImporter) -> (artifact id: '6cf30191a989a46ab649084696d7c374') in 0.0427367 seconds
Number of updated asset objects reloaded before import = 0Number of asset objects unloaded after import = 42

========================================================================
Received Import Request.
  Time since last request: 0.000032 seconds.
  path: Assets/CorgiEngine/ThirdParty/MoreMountains/MMInterface/Styles/Mini/Prefabs/Buttons/HorizontalGradientGreenToBlue/ButtonSquareChevron.prefab
  artifactKey: Guid(221ab2b51f08df84182e3a8fb9c0852c) Importer(2089858483,192608db42251d675da83286b1cce702)
Start importing Assets/CorgiEngine/ThirdParty/MoreMountains/MMInterface/Styles/Mini/Prefabs/Buttons/HorizontalGradientGreenToBlue/ButtonSquareChevron.prefab using Guid(221ab2b51f08df84182e3a8fb9c0852c) Importer(2089858483,192608db42251d675da83286b1cce702) (ScriptedImporter) -> (artifact id: '63181d90be50c2c3dcec94dace1c67c9') in 0.0462261 seconds
Number of updated asset objects reloaded before import = 0Number of asset objects unloaded after import = 43

========================================================================
Received Import Request.
  Time since last request: 0.000044 seconds.
  path: Assets/CorgiEngine/ThirdParty/MoreMountains/MMInterface/Styles/Mini/Prefabs/Buttons/HorizontalGradientOrangeToPink/ButtonCircleSoundOn.prefab
  artifactKey: Guid(8e137a1d270098b4995a83a182725a0a) Importer(2089858483,192608db42251d675da83286b1cce702)
Start importing Assets/CorgiEngine/ThirdParty/MoreMountains/MMInterface/Styles/Mini/Prefabs/Buttons/HorizontalGradientOrangeToPink/ButtonCircleSoundOn.prefab using Guid(8e137a1d270098b4995a83a182725a0a) Importer(2089858483,192608db42251d675da83286b1cce702) (ScriptedImporter) -> (artifact id: 'e9f854b5ac87e79aec5ec2e985755fbf') in 0.0390673 seconds
Number of updated asset objects reloaded before import = 0Number of asset objects unloaded after import = 43

========================================================================
Received Import Request.
  Time since last request: 0.000027 seconds.
  path: Assets/CorgiEngine/ThirdParty/MoreMountains/MMInterface/Styles/Mini/Prefabs/Buttons/HorizontalGradientGreenToBlue/ButtonCircleArrow.prefab
  artifactKey: Guid(3ebfecafc131b654e8e728c8a7a2222b) Importer(2089858483,192608db42251d675da83286b1cce702)
Start importing Assets/CorgiEngine/ThirdParty/MoreMountains/MMInterface/Styles/Mini/Prefabs/Buttons/HorizontalGradientGreenToBlue/ButtonCircleArrow.prefab using Guid(3ebfecafc131b654e8e728c8a7a2222b) Importer(2089858483,192608db42251d675da83286b1cce702) (ScriptedImporter) -> (artifact id: '451c6d7ed05cf65edfba568f7c614da1') in 0.0587427 seconds
Number of updated asset objects reloaded before import = 0Number of asset objects unloaded after import = 43

========================================================================
Received Import Request.
  Time since last request: 0.000032 seconds.
  path: Assets/CorgiEngine/ThirdParty/MoreMountains/MMInterface/Styles/Mini/Prefabs/Buttons/HorizontalGradientOrangeToPink/ButtonCircleStar.prefab
  artifactKey: Guid(5ed1cf685dcd4c44aa36bb19445dc389) Importer(2089858483,192608db42251d675da83286b1cce702)
Start importing Assets/CorgiEngine/ThirdParty/MoreMountains/MMInterface/Styles/Mini/Prefabs/Buttons/HorizontalGradientOrangeToPink/ButtonCircleStar.prefab using Guid(5ed1cf685dcd4c44aa36bb19445dc389) Importer(2089858483,192608db42251d675da83286b1cce702) (ScriptedImporter) -> (artifact id: '0f51b81e0f6182dd3339c0d202d0823c') in 0.0480962 seconds
Number of updated asset objects reloaded before import = 0Number of asset objects unloaded after import = 43

========================================================================
Received Import Request.
  Time since last request: 0.000031 seconds.
  path: Assets/CorgiEngine/ThirdParty/MoreMountains/MMInterface/Styles/Mini/Prefabs/Buttons/LightGreen/ButtonSquareHeart.prefab
  artifactKey: Guid(f5e0012bbe8618940b88ea03e7f25c9e) Importer(2089858483,192608db42251d675da83286b1cce702)
Start importing Assets/CorgiEngine/ThirdParty/MoreMountains/MMInterface/Styles/Mini/Prefabs/Buttons/LightGreen/ButtonSquareHeart.prefab using Guid(f5e0012bbe8618940b88ea03e7f25c9e) Importer(2089858483,192608db42251d675da83286b1cce702) (ScriptedImporter) -> (artifact id: 'ba3c9ec7e5b151012abdd4379d45e357') in 0.0416971 seconds
Number of updated asset objects reloaded before import = 0Number of asset objects unloaded after import = 42

========================================================================
Received Import Request.
  Time since last request: 0.000021 seconds.
  path: Assets/CorgiEngine/ThirdParty/MoreMountains/MMInterface/Styles/Mini/Prefabs/Buttons/Orange/ButtonMain.prefab
  artifactKey: Guid(be0d3de78cd67dd4b9fa32b4d37eaa97) Importer(2089858483,192608db42251d675da83286b1cce702)
Start importing Assets/CorgiEngine/ThirdParty/MoreMountains/MMInterface/Styles/Mini/Prefabs/Buttons/Orange/ButtonMain.prefab using Guid(be0d3de78cd67dd4b9fa32b4d37eaa97) Importer(2089858483,192608db42251d675da83286b1cce702) (ScriptedImporter) -> (artifact id: '8f7b20f49a24a3988947467feda315f6') in 0.0359522 seconds
Number of updated asset objects reloaded before import = 0Number of asset objects unloaded after import = 44

========================================================================
Received Import Request.
  Time since last request: 0.000025 seconds.
  path: Assets/CorgiEngine/ThirdParty/MoreMountains/MMInterface/Styles/Mini/Prefabs/Buttons/LightGrey/ButtonSquareHome.prefab
  artifactKey: Guid(907c48676af3c3247ad0e9724d388963) Importer(2089858483,192608db42251d675da83286b1cce702)
Start importing Assets/CorgiEngine/ThirdParty/MoreMountains/MMInterface/Styles/Mini/Prefabs/Buttons/LightGrey/ButtonSquareHome.prefab using Guid(907c48676af3c3247ad0e9724d388963) Importer(2089858483,192608db42251d675da83286b1cce702) (ScriptedImporter) -> (artifact id: '744a7917a1e90e0929ec62a1deff01c2') in 0.0420152 seconds
Number of updated asset objects reloaded before import = 0Number of asset objects unloaded after import = 42

========================================================================
Received Import Request.
  Time since last request: 0.000030 seconds.
  path: Assets/CorgiEngine/ThirdParty/MoreMountains/MMInterface/Styles/Mini/Prefabs/Buttons/LightGreen/ButtonCircleSoundOn.prefab
  artifactKey: Guid(1b595f80f44c0db47821196b2581d3d1) Importer(2089858483,192608db42251d675da83286b1cce702)
Start importing Assets/CorgiEngine/ThirdParty/MoreMountains/MMInterface/Styles/Mini/Prefabs/Buttons/LightGreen/ButtonCircleSoundOn.prefab using Guid(1b595f80f44c0db47821196b2581d3d1) Importer(2089858483,192608db42251d675da83286b1cce702) (ScriptedImporter) -> (artifact id: 'fe649f55fe642de294f01476a336ff57') in 0.0378347 seconds
Number of updated asset objects reloaded before import = 0Number of asset objects unloaded after import = 42

========================================================================
Received Import Request.
  Time since last request: 0.000021 seconds.
  path: Assets/CorgiEngine/ThirdParty/MoreMountains/MMInterface/Styles/Mini/Prefabs/Buttons/Orange/ButtonCircleArrow.prefab
  artifactKey: Guid(b0d35f79ee66a274ca29b24d8bfa5021) Importer(2089858483,192608db42251d675da83286b1cce702)
Start importing Assets/CorgiEngine/ThirdParty/MoreMountains/MMInterface/Styles/Mini/Prefabs/Buttons/Orange/ButtonCircleArrow.prefab using Guid(b0d35f79ee66a274ca29b24d8bfa5021) Importer(2089858483,192608db42251d675da83286b1cce702) (ScriptedImporter) -> (artifact id: 'd3020c511bfbe090559a4d7b995586eb') in 0.0457323 seconds
Number of updated asset objects reloaded before import = 0Number of asset objects unloaded after import = 42

========================================================================
Received Import Request.
  Time since last request: 0.000033 seconds.
  path: Assets/CorgiEngine/ThirdParty/MoreMountains/MMInterface/Styles/Mini/Prefabs/Buttons/Orange/ButtonCircleCross.prefab
  artifactKey: Guid(b64a29024e82c994d82ba84ed5e28c7c) Importer(2089858483,192608db42251d675da83286b1cce702)
Start importing Assets/CorgiEngine/ThirdParty/MoreMountains/MMInterface/Styles/Mini/Prefabs/Buttons/Orange/ButtonCircleCross.prefab using Guid(b64a29024e82c994d82ba84ed5e28c7c) Importer(2089858483,192608db42251d675da83286b1cce702) (ScriptedImporter) -> (artifact id: 'a7783f4156e158157dc137f58e827a30') in 0.0453686 seconds
Number of updated asset objects reloaded before import = 0Number of asset objects unloaded after import = 42

========================================================================
Received Import Request.
  Time since last request: 0.000053 seconds.
  path: Assets/CorgiEngine/ThirdParty/MoreMountains/MMInterface/Styles/Mini/Prefabs/Buttons/LightGrey/ButtonMain.prefab
  artifactKey: Guid(7e56711acd175324ca3f84e3948e71fd) Importer(2089858483,192608db42251d675da83286b1cce702)
Start importing Assets/CorgiEngine/ThirdParty/MoreMountains/MMInterface/Styles/Mini/Prefabs/Buttons/LightGrey/ButtonMain.prefab using Guid(7e56711acd175324ca3f84e3948e71fd) Importer(2089858483,192608db42251d675da83286b1cce702) (ScriptedImporter) -> (artifact id: '321a93ab283267a4123354db3a47039e') in 0.047807 seconds
Number of updated asset objects reloaded before import = 0Number of asset objects unloaded after import = 44

========================================================================
Received Import Request.
  Time since last request: 0.000024 seconds.
  path: Assets/CorgiEngine/ThirdParty/MoreMountains/MMInterface/Styles/Mini/Prefabs/Buttons/LightGrey/ButtonCircleStar.prefab
  artifactKey: Guid(fe34d831f9f9dba459b0d08b77117231) Importer(2089858483,192608db42251d675da83286b1cce702)
Start importing Assets/CorgiEngine/ThirdParty/MoreMountains/MMInterface/Styles/Mini/Prefabs/Buttons/LightGrey/ButtonCircleStar.prefab using Guid(fe34d831f9f9dba459b0d08b77117231) Importer(2089858483,192608db42251d675da83286b1cce702) (ScriptedImporter) -> (artifact id: '6af16fc471ec88461d1d0ef0019fa160') in 0.0383281 seconds
Number of updated asset objects reloaded before import = 0Number of asset objects unloaded after import = 42

========================================================================
Received Import Request.
  Time since last request: 0.000044 seconds.
  path: Assets/CorgiEngine/ThirdParty/MoreMountains/MMInterface/Styles/Mini/Prefabs/Buttons/Orange/ButtonCircleCoin.prefab
  artifactKey: Guid(3c29c78291a463d4fa8eaa2688ae5584) Importer(2089858483,192608db42251d675da83286b1cce702)
Start importing Assets/CorgiEngine/ThirdParty/MoreMountains/MMInterface/Styles/Mini/Prefabs/Buttons/Orange/ButtonCircleCoin.prefab using Guid(3c29c78291a463d4fa8eaa2688ae5584) Importer(2089858483,192608db42251d675da83286b1cce702) (ScriptedImporter) -> (artifact id: '27cba4a18bb4745e6b478a45b883582b') in 0.0458203 seconds
Number of updated asset objects reloaded before import = 0Number of asset objects unloaded after import = 42

========================================================================
Received Import Request.
  Time since last request: 0.000026 seconds.
  path: Assets/CorgiEngine/ThirdParty/MoreMountains/MMInterface/Styles/Mini/Prefabs/Buttons/Orange/ButtonCircleDoubleChevron.prefab
  artifactKey: Guid(6d465fb8915e5e34091f9d0924f13c70) Importer(2089858483,192608db42251d675da83286b1cce702)
Start importing Assets/CorgiEngine/ThirdParty/MoreMountains/MMInterface/Styles/Mini/Prefabs/Buttons/Orange/ButtonCircleDoubleChevron.prefab using Guid(6d465fb8915e5e34091f9d0924f13c70) Importer(2089858483,192608db42251d675da83286b1cce702) (ScriptedImporter) -> (artifact id: '51f009d652de70209c9668b0dfc80ce7') in 0.0415382 seconds
Number of updated asset objects reloaded before import = 0Number of asset objects unloaded after import = 42

========================================================================
Received Import Request.
  Time since last request: 0.000027 seconds.
  path: Assets/CorgiEngine/ThirdParty/MoreMountains/MMInterface/Styles/Mini/Prefabs/Buttons/LightGrey/ButtonSquareHeart.prefab
  artifactKey: Guid(edfdcbaeb08efc44d850337dbed6937d) Importer(2089858483,192608db42251d675da83286b1cce702)
Start importing Assets/CorgiEngine/ThirdParty/MoreMountains/MMInterface/Styles/Mini/Prefabs/Buttons/LightGrey/ButtonSquareHeart.prefab using Guid(edfdcbaeb08efc44d850337dbed6937d) Importer(2089858483,192608db42251d675da83286b1cce702) (ScriptedImporter) -> (artifact id: '22b52ca1b541420ecbfe5422a29f4b44') in 0.0469109 seconds
Number of updated asset objects reloaded before import = 0Number of asset objects unloaded after import = 42

========================================================================
Received Import Request.
  Time since last request: 0.000040 seconds.
  path: Assets/CorgiEngine/ThirdParty/MoreMountains/MMInterface/Styles/Mini/Prefabs/Buttons/Orange/ButtonAlt.prefab
  artifactKey: Guid(0edf0d99972f19c4c87153c856f77bef) Importer(2089858483,192608db42251d675da83286b1cce702)
Start importing Assets/CorgiEngine/ThirdParty/MoreMountains/MMInterface/Styles/Mini/Prefabs/Buttons/Orange/ButtonAlt.prefab using Guid(0edf0d99972f19c4c87153c856f77bef) Importer(2089858483,192608db42251d675da83286b1cce702) (ScriptedImporter) -> (artifact id: '8705587c91e2a95ff655cd8fa65ed7d0') in 0.0500856 seconds
Number of updated asset objects reloaded before import = 0Number of asset objects unloaded after import = 44

========================================================================
Received Import Request.
  Time since last request: 0.000045 seconds.
  path: Assets/CorgiEngine/ThirdParty/MoreMountains/MMInterface/Styles/Mini/Prefabs/Buttons/LightGrey/ButtonSquareDoubleChevron.prefab
  artifactKey: Guid(d33ed0d9df88413498654f93521402ff) Importer(2089858483,192608db42251d675da83286b1cce702)
Start importing Assets/CorgiEngine/ThirdParty/MoreMountains/MMInterface/Styles/Mini/Prefabs/Buttons/LightGrey/ButtonSquareDoubleChevron.prefab using Guid(d33ed0d9df88413498654f93521402ff) Importer(2089858483,192608db42251d675da83286b1cce702) (ScriptedImporter) -> (artifact id: '3fb8b65673580310d9efb86071e68765') in 0.0424501 seconds
Number of updated asset objects reloaded before import = 0Number of asset objects unloaded after import = 42

========================================================================
Received Import Request.
  Time since last request: 0.000064 seconds.
  path: Assets/CorgiEngine/ThirdParty/MoreMountains/MMInterface/Styles/Mini/Prefabs/Buttons/LightGrey/ButtonSquareCoin.prefab
  artifactKey: Guid(c35e9e99aef9e3544ae998e719840223) Importer(2089858483,192608db42251d675da83286b1cce702)
Start importing Assets/CorgiEngine/ThirdParty/MoreMountains/MMInterface/Styles/Mini/Prefabs/Buttons/LightGrey/ButtonSquareCoin.prefab using Guid(c35e9e99aef9e3544ae998e719840223) Importer(2089858483,192608db42251d675da83286b1cce702) (ScriptedImporter) -> (artifact id: '4468ea7388a893e39d339e920628460a') in 0.045858 seconds
Number of updated asset objects reloaded before import = 0Number of asset objects unloaded after import = 42

========================================================================
Received Import Request.
  Time since last request: 0.000033 seconds.
  path: Assets/CorgiEngine/ThirdParty/MoreMountains/MMInterface/Styles/Mini/Prefabs/Buttons/Orange/ButtonCircleGear.prefab
  artifactKey: Guid(01e42f4c88672164fb6331c125411914) Importer(2089858483,192608db42251d675da83286b1cce702)
Start importing Assets/CorgiEngine/ThirdParty/MoreMountains/MMInterface/Styles/Mini/Prefabs/Buttons/Orange/ButtonCircleGear.prefab using Guid(01e42f4c88672164fb6331c125411914) Importer(2089858483,192608db42251d675da83286b1cce702) (ScriptedImporter) -> (artifact id: 'cb1cea75543e030958bbc1b330f7827f') in 0.0495328 seconds
Number of updated asset objects reloaded before import = 0Number of asset objects unloaded after import = 42

========================================================================
Received Import Request.
  Time since last request: 0.000038 seconds.
  path: Assets/CorgiEngine/ThirdParty/MoreMountains/MMInterface/Styles/Mini/Prefabs/Buttons/LightGrey/ButtonSquareGear.prefab
  artifactKey: Guid(8ff9fa233fb1e714d88dcee5b2c84fe9) Importer(2089858483,192608db42251d675da83286b1cce702)
Start importing Assets/CorgiEngine/ThirdParty/MoreMountains/MMInterface/Styles/Mini/Prefabs/Buttons/LightGrey/ButtonSquareGear.prefab using Guid(8ff9fa233fb1e714d88dcee5b2c84fe9) Importer(2089858483,192608db42251d675da83286b1cce702) (ScriptedImporter) -> (artifact id: '1843d8c739cee77d0beaf513cf2cb567') in 0.0451963 seconds
Number of updated asset objects reloaded before import = 0Number of asset objects unloaded after import = 42

========================================================================
Received Import Request.
  Time since last request: 0.000023 seconds.
  path: Assets/CorgiEngine/ThirdParty/MoreMountains/MMInterface/Styles/Mini/Prefabs/Buttons/Orange/ButtonCircleChevron.prefab
  artifactKey: Guid(65a6e2fd9aefca242a6b31929a7f6620) Importer(2089858483,192608db42251d675da83286b1cce702)
Start importing Assets/CorgiEngine/ThirdParty/MoreMountains/MMInterface/Styles/Mini/Prefabs/Buttons/Orange/ButtonCircleChevron.prefab using Guid(65a6e2fd9aefca242a6b31929a7f6620) Importer(2089858483,192608db42251d675da83286b1cce702) (ScriptedImporter) -> (artifact id: '03dd491a31ef39f57e15af7cfc7bf0f6') in 0.0379349 seconds
Number of updated asset objects reloaded before import = 0Number of asset objects unloaded after import = 42

========================================================================
Received Import Request.
  Time since last request: 0.000032 seconds.
  path: Assets/CorgiEngine/ThirdParty/MoreMountains/MMInterface/Styles/Mini/Prefabs/Buttons/Purple/ButtonCircleGear.prefab
  artifactKey: Guid(a6f346a0360d80b499089b059c4b33e6) Importer(2089858483,192608db42251d675da83286b1cce702)
Start importing Assets/CorgiEngine/ThirdParty/MoreMountains/MMInterface/Styles/Mini/Prefabs/Buttons/Purple/ButtonCircleGear.prefab using Guid(a6f346a0360d80b499089b059c4b33e6) Importer(2089858483,192608db42251d675da83286b1cce702) (ScriptedImporter) -> (artifact id: '38796e58981fcf6ad7ffb89ac5b5834a') in 0.0409333 seconds
Number of updated asset objects reloaded before import = 0Number of asset objects unloaded after import = 42

========================================================================
Received Import Request.
  Time since last request: 0.000027 seconds.
  path: Assets/CorgiEngine/ThirdParty/MoreMountains/MMInterface/Styles/Mini/Prefabs/Buttons/Purple/ButtonSquareDoubleChevron.prefab
  artifactKey: Guid(4d3487f3c8b14a54582c6d1b10d672d9) Importer(2089858483,192608db42251d675da83286b1cce702)
Start importing Assets/CorgiEngine/ThirdParty/MoreMountains/MMInterface/Styles/Mini/Prefabs/Buttons/Purple/ButtonSquareDoubleChevron.prefab using Guid(4d3487f3c8b14a54582c6d1b10d672d9) Importer(2089858483,192608db42251d675da83286b1cce702) (ScriptedImporter) -> (artifact id: '6f782f5e3ca02dbf2be89d9f573b377c') in 0.0397372 seconds
Number of updated asset objects reloaded before import = 0Number of asset objects unloaded after import = 42

========================================================================
Received Import Request.
  Time since last request: 0.000030 seconds.
  path: Assets/CorgiEngine/ThirdParty/MoreMountains/MMInterface/Styles/Mini/Prefabs/Buttons/Purple/ButtonSquareArrow.prefab
  artifactKey: Guid(c6ee2b4dff5f0f0438b6403e4c93a394) Importer(2089858483,192608db42251d675da83286b1cce702)
Start importing Assets/CorgiEngine/ThirdParty/MoreMountains/MMInterface/Styles/Mini/Prefabs/Buttons/Purple/ButtonSquareArrow.prefab using Guid(c6ee2b4dff5f0f0438b6403e4c93a394) Importer(2089858483,192608db42251d675da83286b1cce702) (ScriptedImporter) -> (artifact id: '8b1ad73b4aeee9c093fe0008244f8d73') in 0.0425256 seconds
Number of updated asset objects reloaded before import = 0Number of asset objects unloaded after import = 41

========================================================================
Received Import Request.
  Time since last request: 0.000032 seconds.
  path: Assets/CorgiEngine/ThirdParty/MoreMountains/MMInterface/Styles/Mini/Prefabs/Buttons/Pink/ButtonCircleDoubleChevron.prefab
  artifactKey: Guid(fa06c5a900b4a784f9e7e46fc9e63b0f) Importer(2089858483,192608db42251d675da83286b1cce702)
Start importing Assets/CorgiEngine/ThirdParty/MoreMountains/MMInterface/Styles/Mini/Prefabs/Buttons/Pink/ButtonCircleDoubleChevron.prefab using Guid(fa06c5a900b4a784f9e7e46fc9e63b0f) Importer(2089858483,192608db42251d675da83286b1cce702) (ScriptedImporter) -> (artifact id: '9709ab15c7823b0e0c78babd68bcc3d2') in 0.0452359 seconds
Number of updated asset objects reloaded before import = 0Number of asset objects unloaded after import = 42

========================================================================
Received Import Request.
  Time since last request: 0.000047 seconds.
  path: Assets/CorgiEngine/ThirdParty/MoreMountains/MMInterface/Styles/Mini/Prefabs/Buttons/Orange/ButtonSquareGear.prefab
  artifactKey: Guid(4376972ae66ddee4298b583f4d9108a1) Importer(2089858483,192608db42251d675da83286b1cce702)
Start importing Assets/CorgiEngine/ThirdParty/MoreMountains/MMInterface/Styles/Mini/Prefabs/Buttons/Orange/ButtonSquareGear.prefab using Guid(4376972ae66ddee4298b583f4d9108a1) Importer(2089858483,192608db42251d675da83286b1cce702) (ScriptedImporter) -> (artifact id: 'a455eeab42b5b6ef674650e3899b7fa3') in 0.0442686 seconds
Number of updated asset objects reloaded before import = 0Number of asset objects unloaded after import = 42

========================================================================
Received Import Request.
  Time since last request: 0.000030 seconds.
  path: Assets/CorgiEngine/ThirdParty/MoreMountains/MMInterface/Styles/Mini/Prefabs/Buttons/Orange/ButtonSquareSoundOff.prefab
  artifactKey: Guid(ee9690a8b85d87c4ab946761ce1c344f) Importer(2089858483,192608db42251d675da83286b1cce702)
Start importing Assets/CorgiEngine/ThirdParty/MoreMountains/MMInterface/Styles/Mini/Prefabs/Buttons/Orange/ButtonSquareSoundOff.prefab using Guid(ee9690a8b85d87c4ab946761ce1c344f) Importer(2089858483,192608db42251d675da83286b1cce702) (ScriptedImporter) -> (artifact id: '3f4a4de92d23e93b6813639e292d21aa') in 0.0482686 seconds
Number of updated asset objects reloaded before import = 0Number of asset objects unloaded after import = 42

========================================================================
Received Import Request.
  Time since last request: 0.000033 seconds.
  path: Assets/CorgiEngine/ThirdParty/MoreMountains/MMInterface/Styles/Mini/Prefabs/Buttons/Orange/ButtonRound.prefab
  artifactKey: Guid(29ed6d7da8f3eda4696c2073163b4290) Importer(2089858483,192608db42251d675da83286b1cce702)
Start importing Assets/CorgiEngine/ThirdParty/MoreMountains/MMInterface/Styles/Mini/Prefabs/Buttons/Orange/ButtonRound.prefab using Guid(29ed6d7da8f3eda4696c2073163b4290) Importer(2089858483,192608db42251d675da83286b1cce702) (ScriptedImporter) -> (artifact id: 'aaaedcc9959d6c50fdd08a0e14cce81f') in 0.0477504 seconds
Number of updated asset objects reloaded before import = 0Number of asset objects unloaded after import = 44

========================================================================
Received Import Request.
  Time since last request: 0.000035 seconds.
  path: Assets/CorgiEngine/ThirdParty/MoreMountains/MMInterface/Styles/Mini/Prefabs/Buttons/Purple/ButtonSquareCross.prefab
  artifactKey: Guid(b24c8b1a00cf98648a0af7bf06985e87) Importer(2089858483,192608db42251d675da83286b1cce702)
Start importing Assets/CorgiEngine/ThirdParty/MoreMountains/MMInterface/Styles/Mini/Prefabs/Buttons/Purple/ButtonSquareCross.prefab using Guid(b24c8b1a00cf98648a0af7bf06985e87) Importer(2089858483,192608db42251d675da83286b1cce702) (ScriptedImporter) -> (artifact id: 'd3b12ff8f65ff14daa166b851a0119b4') in 0.0422804 seconds
Number of updated asset objects reloaded before import = 0Number of asset objects unloaded after import = 42

========================================================================
Received Import Request.
  Time since last request: 0.000030 seconds.
  path: Assets/CorgiEngine/ThirdParty/MoreMountains/MMInterface/Styles/Mini/Prefabs/Buttons/Orange/ButtonSquareDoubleChevron.prefab
  artifactKey: Guid(67514b89895b04443a72f4d26ffbf501) Importer(2089858483,192608db42251d675da83286b1cce702)
Start importing Assets/CorgiEngine/ThirdParty/MoreMountains/MMInterface/Styles/Mini/Prefabs/Buttons/Orange/ButtonSquareDoubleChevron.prefab using Guid(67514b89895b04443a72f4d26ffbf501) Importer(2089858483,192608db42251d675da83286b1cce702) (ScriptedImporter) -> (artifact id: '72be8731814d48fc736a4a8bca599f5c') in 0.0442786 seconds
Number of updated asset objects reloaded before import = 0Number of asset objects unloaded after import = 42

========================================================================
Received Import Request.
  Time since last request: 0.000043 seconds.
  path: Assets/CorgiEngine/ThirdParty/MoreMountains/MMInterface/Styles/Mini/Prefabs/Buttons/Pink/ButtonCircleCross.prefab
  artifactKey: Guid(28f0dbf52bbf9d24c9785ede976492da) Importer(2089858483,192608db42251d675da83286b1cce702)
Start importing Assets/CorgiEngine/ThirdParty/MoreMountains/MMInterface/Styles/Mini/Prefabs/Buttons/Pink/ButtonCircleCross.prefab using Guid(28f0dbf52bbf9d24c9785ede976492da) Importer(2089858483,192608db42251d675da83286b1cce702) (ScriptedImporter) -> (artifact id: '40b45813795cbaa2f5cc971d9bdeb8d4') in 0.0427808 seconds
Number of updated asset objects reloaded before import = 0Number of asset objects unloaded after import = 42

========================================================================
Received Import Request.
  Time since last request: 0.000025 seconds.
  path: Assets/CorgiEngine/ThirdParty/MoreMountains/MMInterface/Styles/Mini/Prefabs/Buttons/Purple/ButtonSquareCoin.prefab
  artifactKey: Guid(60a78bfec2d0bd54cb08cd6c8244f436) Importer(2089858483,192608db42251d675da83286b1cce702)
Start importing Assets/CorgiEngine/ThirdParty/MoreMountains/MMInterface/Styles/Mini/Prefabs/Buttons/Purple/ButtonSquareCoin.prefab using Guid(60a78bfec2d0bd54cb08cd6c8244f436) Importer(2089858483,192608db42251d675da83286b1cce702) (ScriptedImporter) -> (artifact id: '8b2a1db8fafc9df6710bd6a5602086de') in 0.0449547 seconds
Number of updated asset objects reloaded before import = 0Number of asset objects unloaded after import = 42

========================================================================
Received Import Request.
  Time since last request: 0.000028 seconds.
  path: Assets/CorgiEngine/ThirdParty/MoreMountains/MMInterface/Styles/Mini/Prefabs/Buttons/Pink/ButtonSquareHeart.prefab
  artifactKey: Guid(351eaee32bb93bd43a4fa5653e1943aa) Importer(2089858483,192608db42251d675da83286b1cce702)
Start importing Assets/CorgiEngine/ThirdParty/MoreMountains/MMInterface/Styles/Mini/Prefabs/Buttons/Pink/ButtonSquareHeart.prefab using Guid(351eaee32bb93bd43a4fa5653e1943aa) Importer(2089858483,192608db42251d675da83286b1cce702) (ScriptedImporter) -> (artifact id: '0c928de438a2ee637ab789db7588e984') in 0.0418578 seconds
Number of updated asset objects reloaded before import = 0Number of asset objects unloaded after import = 42

========================================================================
Received Import Request.
  Time since last request: 0.000032 seconds.
  path: Assets/CorgiEngine/ThirdParty/MoreMountains/MMInterface/Styles/Mini/Prefabs/Buttons/Purple/ButtonRound.prefab
  artifactKey: Guid(56f6e2432b43b5b458e5147c55635a19) Importer(2089858483,192608db42251d675da83286b1cce702)
Start importing Assets/CorgiEngine/ThirdParty/MoreMountains/MMInterface/Styles/Mini/Prefabs/Buttons/Purple/ButtonRound.prefab using Guid(56f6e2432b43b5b458e5147c55635a19) Importer(2089858483,192608db42251d675da83286b1cce702) (ScriptedImporter) -> (artifact id: '8414caf027b6b8f5aaec04921ce7fced') in 0.0487386 seconds
Number of updated asset objects reloaded before import = 0Number of asset objects unloaded after import = 44

========================================================================
Received Import Request.
  Time since last request: 0.000041 seconds.
  path: Assets/CorgiEngine/ThirdParty/MoreMountains/MMInterface/Styles/Mini/Prefabs/Buttons/Orange/ButtonSquareCheck.prefab
  artifactKey: Guid(5cc97552ca995ed4aa8610ec5a3cd09e) Importer(2089858483,192608db42251d675da83286b1cce702)
Start importing Assets/CorgiEngine/ThirdParty/MoreMountains/MMInterface/Styles/Mini/Prefabs/Buttons/Orange/ButtonSquareCheck.prefab using Guid(5cc97552ca995ed4aa8610ec5a3cd09e) Importer(2089858483,192608db42251d675da83286b1cce702) (ScriptedImporter) -> (artifact id: '62f7a14d253993c64ba6a4fe65c81e1b') in 0.0442378 seconds
Number of updated asset objects reloaded before import = 0Number of asset objects unloaded after import = 42

========================================================================
Received Import Request.
  Time since last request: 0.000035 seconds.
  path: Assets/CorgiEngine/ThirdParty/MoreMountains/MMInterface/Styles/Mini/Prefabs/Buttons/LightGrey/ButtonSquareCross.prefab
  artifactKey: Guid(09eab44a7dbc381478c7a89740008ea9) Importer(2089858483,192608db42251d675da83286b1cce702)
Start importing Assets/CorgiEngine/ThirdParty/MoreMountains/MMInterface/Styles/Mini/Prefabs/Buttons/LightGrey/ButtonSquareCross.prefab using Guid(09eab44a7dbc381478c7a89740008ea9) Importer(2089858483,192608db42251d675da83286b1cce702) (ScriptedImporter) -> (artifact id: '055977222df3fe6bf28ee1705bf5325c') in 0.0490766 seconds
Number of updated asset objects reloaded before import = 0Number of asset objects unloaded after import = 42

========================================================================
Received Import Request.
  Time since last request: 0.000043 seconds.
  path: Assets/CorgiEngine/ThirdParty/MoreMountains/MMInterface/Styles/Mini/Prefabs/Buttons/LightGrey/ButtonCircleArrow.prefab
  artifactKey: Guid(a2d9a940a5bac71449cc68fedf5de07c) Importer(2089858483,192608db42251d675da83286b1cce702)
Start importing Assets/CorgiEngine/ThirdParty/MoreMountains/MMInterface/Styles/Mini/Prefabs/Buttons/LightGrey/ButtonCircleArrow.prefab using Guid(a2d9a940a5bac71449cc68fedf5de07c) Importer(2089858483,192608db42251d675da83286b1cce702) (ScriptedImporter) -> (artifact id: '316b5a6631eed76477320e5ec91b498c') in 0.0432784 seconds
Number of updated asset objects reloaded before import = 0Number of asset objects unloaded after import = 42

========================================================================
Received Import Request.
  Time since last request: 0.000020 seconds.
  path: Assets/CorgiEngine/ThirdParty/MoreMountains/MMInterface/Common/Animations/Switch/RollLeft.anim
  artifactKey: Guid(50a257bcb3424f044951d48d5c4ca407) Importer(2089858483,192608db42251d675da83286b1cce702)
Start importing Assets/CorgiEngine/ThirdParty/MoreMountains/MMInterface/Common/Animations/Switch/RollLeft.anim using Guid(50a257bcb3424f044951d48d5c4ca407) Importer(2089858483,192608db42251d675da83286b1cce702) (ScriptedImporter) -> (artifact id: 'b3a74a0a9a621acb41beaf579f2efc76') in 0.0265504 seconds
Number of updated asset objects reloaded before import = 0Number of asset objects unloaded after import = 1

========================================================================
Received Import Request.
  Time since last request: 0.000022 seconds.
  path: Assets/CorgiEngine/ThirdParty/MoreMountains/MMInterface/Styles/Mini/Prefabs/Buttons/VerticalGradientBlueToPurple/ButtonSquareArrow.prefab
  artifactKey: Guid(11c80e0e2c017ea43a4a5c4b8fdb3cbf) Importer(2089858483,192608db42251d675da83286b1cce702)
Start importing Assets/CorgiEngine/ThirdParty/MoreMountains/MMInterface/Styles/Mini/Prefabs/Buttons/VerticalGradientBlueToPurple/ButtonSquareArrow.prefab using Guid(11c80e0e2c017ea43a4a5c4b8fdb3cbf) Importer(2089858483,192608db42251d675da83286b1cce702) (ScriptedImporter) -> (artifact id: '2abecd0d84fedde36171c962a859a4c1') in 0.0430028 seconds
Number of updated asset objects reloaded before import = 0Number of asset objects unloaded after import = 42

========================================================================
Received Import Request.
  Time since last request: 0.000025 seconds.
  path: Assets/CorgiEngine/ThirdParty/MoreMountains/MMInterface/Styles/Mini/Prefabs/Buttons/Purple/ButtonSquareSoundOn.prefab
  artifactKey: Guid(f8937f3a0c24bb544a60ec9c0e3ce4df) Importer(2089858483,192608db42251d675da83286b1cce702)
Start importing Assets/CorgiEngine/ThirdParty/MoreMountains/MMInterface/Styles/Mini/Prefabs/Buttons/Purple/ButtonSquareSoundOn.prefab using Guid(f8937f3a0c24bb544a60ec9c0e3ce4df) Importer(2089858483,192608db42251d675da83286b1cce702) (ScriptedImporter) -> (artifact id: '217446d5be8f1570cd78826cba46fe3b') in 0.0410832 seconds
Number of updated asset objects reloaded before import = 0Number of asset objects unloaded after import = 42

========================================================================
Received Import Request.
  Time since last request: 0.000031 seconds.
  path: Assets/CorgiEngine/ThirdParty/MoreMountains/MMInterface/Styles/Mini/Prefabs/Buttons/VerticalGradientBlueToPurple/ButtonSquareDoubleChevron.prefab
  artifactKey: Guid(f276a63fc4ed3874b89f603f0616647a) Importer(2089858483,192608db42251d675da83286b1cce702)
Start importing Assets/CorgiEngine/ThirdParty/MoreMountains/MMInterface/Styles/Mini/Prefabs/Buttons/VerticalGradientBlueToPurple/ButtonSquareDoubleChevron.prefab using Guid(f276a63fc4ed3874b89f603f0616647a) Importer(2089858483,192608db42251d675da83286b1cce702) (ScriptedImporter) -> (artifact id: '364c9f21d119aab7ad4bb915b1f25180') in 0.0428776 seconds
Number of updated asset objects reloaded before import = 0Number of asset objects unloaded after import = 43

========================================================================
Received Import Request.
  Time since last request: 0.000048 seconds.
  path: Assets/CorgiEngine/ThirdParty/MoreMountains/MMInterface/Styles/Mini/Prefabs/Buttons/VerticalGradientBlueToPurple/ButtonCircleArrow.prefab
  artifactKey: Guid(ea6df72b036699e4b8b3644205b8c5e9) Importer(2089858483,192608db42251d675da83286b1cce702)
Start importing Assets/CorgiEngine/ThirdParty/MoreMountains/MMInterface/Styles/Mini/Prefabs/Buttons/VerticalGradientBlueToPurple/ButtonCircleArrow.prefab using Guid(ea6df72b036699e4b8b3644205b8c5e9) Importer(2089858483,192608db42251d675da83286b1cce702) (ScriptedImporter) -> (artifact id: '61a2683ee8d572220b61846b94f3851e') in 0.0404538 seconds
Number of updated asset objects reloaded before import = 0Number of asset objects unloaded after import = 43

========================================================================
Received Import Request.
  Time since last request: 0.000033 seconds.
  path: Assets/CorgiEngine/ThirdParty/MoreMountains/MMInterface/Styles/Mini/Prefabs/Buttons/VerticalGradientBlueToCyan/ButtonCircleCoin.prefab
  artifactKey: Guid(a675fc73592b0c24589cbc0cf25867f3) Importer(2089858483,192608db42251d675da83286b1cce702)
Start importing Assets/CorgiEngine/ThirdParty/MoreMountains/MMInterface/Styles/Mini/Prefabs/Buttons/VerticalGradientBlueToCyan/ButtonCircleCoin.prefab using Guid(a675fc73592b0c24589cbc0cf25867f3) Importer(2089858483,192608db42251d675da83286b1cce702) (ScriptedImporter) -> (artifact id: 'e9ad939caed4d02f0797fd3ea11dd524') in 0.0444304 seconds
Number of updated asset objects reloaded before import = 0Number of asset objects unloaded after import = 43

========================================================================
Received Import Request.
  Time since last request: 0.000028 seconds.
  path: Assets/CorgiEngine/ThirdParty/MoreMountains/MMInterface/Styles/Mini/Prefabs/Buttons/VerticalGradientBlueToCyan/ButtonCircleChevron.prefab
  artifactKey: Guid(662c530a739c10744be9b63c728c1436) Importer(2089858483,192608db42251d675da83286b1cce702)
Start importing Assets/CorgiEngine/ThirdParty/MoreMountains/MMInterface/Styles/Mini/Prefabs/Buttons/VerticalGradientBlueToCyan/ButtonCircleChevron.prefab using Guid(662c530a739c10744be9b63c728c1436) Importer(2089858483,192608db42251d675da83286b1cce702) (ScriptedImporter) -> (artifact id: '99ec28d38fe8b626a647f9e68368adbc') in 0.0379307 seconds
Number of updated asset objects reloaded before import = 0Number of asset objects unloaded after import = 43

========================================================================
Received Import Request.
  Time since last request: 0.000024 seconds.
  path: Assets/CorgiEngine/ThirdParty/MoreMountains/MMInterface/Styles/Mini/Prefabs/Buttons/VerticalGradientBlueToPurple/ButtonSquareGear.prefab
  artifactKey: Guid(d8516a22b97b70b4e9550b80c9c8f9a0) Importer(2089858483,192608db42251d675da83286b1cce702)
Start importing Assets/CorgiEngine/ThirdParty/MoreMountains/MMInterface/Styles/Mini/Prefabs/Buttons/VerticalGradientBlueToPurple/ButtonSquareGear.prefab using Guid(d8516a22b97b70b4e9550b80c9c8f9a0) Importer(2089858483,192608db42251d675da83286b1cce702) (ScriptedImporter) -> (artifact id: '9a2cf2e5f2cb77393e63e64df59de716') in 0.0422121 seconds
Number of updated asset objects reloaded before import = 0Number of asset objects unloaded after import = 43

========================================================================
Received Import Request.
  Time since last request: 0.000026 seconds.
  path: Assets/CorgiEngine/ThirdParty/MoreMountains/MMInterface/Styles/Mini/Prefabs/Buttons/Purple/ButtonSquareHome.prefab
  artifactKey: Guid(3106bf7c6b158e14c97175c6646e67ca) Importer(2089858483,192608db42251d675da83286b1cce702)
Start importing Assets/CorgiEngine/ThirdParty/MoreMountains/MMInterface/Styles/Mini/Prefabs/Buttons/Purple/ButtonSquareHome.prefab using Guid(3106bf7c6b158e14c97175c6646e67ca) Importer(2089858483,192608db42251d675da83286b1cce702) (ScriptedImporter) -> (artifact id: '31f68d759670f7da10a95b9e4546a8e9') in 0.0380283 seconds
Number of updated asset objects reloaded before import = 0Number of asset objects unloaded after import = 42

========================================================================
Received Import Request.
  Time since last request: 0.000041 seconds.
  path: Assets/CorgiEngine/ThirdParty/MoreMountains/MMInterface/Styles/Mini/Prefabs/Buttons/Purple/ButtonSquareStar.prefab
  artifactKey: Guid(da204416f3b5d0c49b59f10994ad2b98) Importer(2089858483,192608db42251d675da83286b1cce702)
Start importing Assets/CorgiEngine/ThirdParty/MoreMountains/MMInterface/Styles/Mini/Prefabs/Buttons/Purple/ButtonSquareStar.prefab using Guid(da204416f3b5d0c49b59f10994ad2b98) Importer(2089858483,192608db42251d675da83286b1cce702) (ScriptedImporter) -> (artifact id: 'ac75ecf2bb13a165cef5cd274e24b166') in 0.0411503 seconds
Number of updated asset objects reloaded before import = 0Number of asset objects unloaded after import = 42

========================================================================
Received Import Request.
  Time since last request: 0.000023 seconds.
  path: Assets/CorgiEngine/ThirdParty/MoreMountains/MMInterface/Styles/Mini/Prefabs/Buttons/VerticalGradientBlueToCyan/ButtonSquareSoundOff.prefab
  artifactKey: Guid(d68051473e88fa54797afede66d7c3b0) Importer(2089858483,192608db42251d675da83286b1cce702)
Start importing Assets/CorgiEngine/ThirdParty/MoreMountains/MMInterface/Styles/Mini/Prefabs/Buttons/VerticalGradientBlueToCyan/ButtonSquareSoundOff.prefab using Guid(d68051473e88fa54797afede66d7c3b0) Importer(2089858483,192608db42251d675da83286b1cce702) (ScriptedImporter) -> (artifact id: '085d976dab5c14e488435e268d069660') in 0.0445163 seconds
Number of updated asset objects reloaded before import = 0Number of asset objects unloaded after import = 43

========================================================================
Received Import Request.
  Time since last request: 0.000054 seconds.
  path: Assets/CorgiEngine/ThirdParty/MoreMountains/MMInterface/Styles/Mini/Prefabs/Buttons/VerticalGradientBlueToPurple/ButtonCircleCoin.prefab
  artifactKey: Guid(b2f0a31a183820d479775731eaa86f70) Importer(2089858483,192608db42251d675da83286b1cce702)
Start importing Assets/CorgiEngine/ThirdParty/MoreMountains/MMInterface/Styles/Mini/Prefabs/Buttons/VerticalGradientBlueToPurple/ButtonCircleCoin.prefab using Guid(b2f0a31a183820d479775731eaa86f70) Importer(2089858483,192608db42251d675da83286b1cce702) (ScriptedImporter) -> (artifact id: '56ee0657a2ba9246cafa7e78fc58943e') in 0.036754 seconds
Number of updated asset objects reloaded before import = 0Number of asset objects unloaded after import = 43

========================================================================
Received Import Request.
  Time since last request: 0.000024 seconds.
  path: Assets/CorgiEngine/ThirdParty/MoreMountains/MMInterface/Styles/Mini/Prefabs/Buttons/VerticalGradientBlueToCyan/ButtonSquareHeart.prefab
  artifactKey: Guid(3ee7383b78f91704ca86ca47cfbda959) Importer(2089858483,192608db42251d675da83286b1cce702)
Start importing Assets/CorgiEngine/ThirdParty/MoreMountains/MMInterface/Styles/Mini/Prefabs/Buttons/VerticalGradientBlueToCyan/ButtonSquareHeart.prefab using Guid(3ee7383b78f91704ca86ca47cfbda959) Importer(2089858483,192608db42251d675da83286b1cce702) (ScriptedImporter) -> (artifact id: '59d26420ee3702b38308e3608c6ab915') in 0.0436834 seconds
Number of updated asset objects reloaded before import = 0Number of asset objects unloaded after import = 43

========================================================================
Received Import Request.
  Time since last request: 0.000047 seconds.
  path: Assets/CorgiEngine/ThirdParty/MoreMountains/MMInterface/Styles/Mini/Prefabs/Buttons/VerticalGradientBlueToCyan/ButtonCircleSoundOn.prefab
  artifactKey: Guid(920c28c38ad168842ac7193add4433e3) Importer(2089858483,192608db42251d675da83286b1cce702)
Start importing Assets/CorgiEngine/ThirdParty/MoreMountains/MMInterface/Styles/Mini/Prefabs/Buttons/VerticalGradientBlueToCyan/ButtonCircleSoundOn.prefab using Guid(920c28c38ad168842ac7193add4433e3) Importer(2089858483,192608db42251d675da83286b1cce702) (ScriptedImporter) -> (artifact id: 'c2e79b2e719b631b0e013ef5705984d3') in 0.0447135 seconds
Number of updated asset objects reloaded before import = 0Number of asset objects unloaded after import = 43

========================================================================
Received Import Request.
  Time since last request: 0.000032 seconds.
  path: Assets/CorgiEngine/ThirdParty/MoreMountains/MMInterface/Styles/Mini/Prefabs/Buttons/VerticalGradientBlueToPurple/ButtonSquareMusic.prefab
  artifactKey: Guid(8cb56d7bae1f1814fb66bb8cd7043c5b) Importer(2089858483,192608db42251d675da83286b1cce702)
Start importing Assets/CorgiEngine/ThirdParty/MoreMountains/MMInterface/Styles/Mini/Prefabs/Buttons/VerticalGradientBlueToPurple/ButtonSquareMusic.prefab using Guid(8cb56d7bae1f1814fb66bb8cd7043c5b) Importer(2089858483,192608db42251d675da83286b1cce702) (ScriptedImporter) -> (artifact id: 'cac5e101326326289e18941dee5203bd') in 0.0409251 seconds
Number of updated asset objects reloaded before import = 0Number of asset objects unloaded after import = 43

========================================================================
Received Import Request.
  Time since last request: 0.000098 seconds.
  path: Assets/CorgiEngine/ThirdParty/MoreMountains/MMInterface/Styles/Mini/Prefabs/Buttons/VerticalGradientBlueToPurple/ButtonSquareCheck.prefab
  artifactKey: Guid(5dcb6819d57df134d825855d2cd1fa60) Importer(2089858483,192608db42251d675da83286b1cce702)
Start importing Assets/CorgiEngine/ThirdParty/MoreMountains/MMInterface/Styles/Mini/Prefabs/Buttons/VerticalGradientBlueToPurple/ButtonSquareCheck.prefab using Guid(5dcb6819d57df134d825855d2cd1fa60) Importer(2089858483,192608db42251d675da83286b1cce702) (ScriptedImporter) -> (artifact id: '9a38f94a6e428f9116c0e9deef139009') in 0.0392017 seconds
Number of updated asset objects reloaded before import = 0Number of asset objects unloaded after import = 43

========================================================================
Received Import Request.
  Time since last request: 0.000032 seconds.
  path: Assets/CorgiEngine/ThirdParty/MoreMountains/MMInterface/Styles/Mini/Prefabs/Buttons/VerticalGradientBlueToCyan/ButtonCircleMusic.prefab
  artifactKey: Guid(9d9cfc6bd51b65a4fbdf2a98e3d29dae) Importer(2089858483,192608db42251d675da83286b1cce702)
Start importing Assets/CorgiEngine/ThirdParty/MoreMountains/MMInterface/Styles/Mini/Prefabs/Buttons/VerticalGradientBlueToCyan/ButtonCircleMusic.prefab using Guid(9d9cfc6bd51b65a4fbdf2a98e3d29dae) Importer(2089858483,192608db42251d675da83286b1cce702) (ScriptedImporter) -> (artifact id: '8e011d0319bbff93b52e9d7e109113a9') in 0.044151 seconds
Number of updated asset objects reloaded before import = 0Number of asset objects unloaded after import = 43

========================================================================
Received Import Request.
  Time since last request: 0.000034 seconds.
  path: Assets/CorgiEngine/ThirdParty/MoreMountains/MMInterface/Styles/Mini/Prefabs/Buttons/VerticalGradientOrangeToViolet/ButtonCircleHome.prefab
  artifactKey: Guid(9d26bb3323b145540ae5cbf080a02274) Importer(2089858483,192608db42251d675da83286b1cce702)
Start importing Assets/CorgiEngine/ThirdParty/MoreMountains/MMInterface/Styles/Mini/Prefabs/Buttons/VerticalGradientOrangeToViolet/ButtonCircleHome.prefab using Guid(9d26bb3323b145540ae5cbf080a02274) Importer(2089858483,192608db42251d675da83286b1cce702) (ScriptedImporter) -> (artifact id: 'f4fdb93a20784d9338be42f90a57f47c') in 0.0433676 seconds
Number of updated asset objects reloaded before import = 0Number of asset objects unloaded after import = 43

========================================================================
Received Import Request.
  Time since last request: 0.000022 seconds.
  path: Assets/CorgiEngine/ThirdParty/MoreMountains/MMInterface/Styles/Mini/Prefabs/Buttons/VerticalGradientOrangeToViolet/ButtonSquareChevron.prefab
  artifactKey: Guid(52b44b641e6c03e4a962019b0f48a4cf) Importer(2089858483,192608db42251d675da83286b1cce702)
Start importing Assets/CorgiEngine/ThirdParty/MoreMountains/MMInterface/Styles/Mini/Prefabs/Buttons/VerticalGradientOrangeToViolet/ButtonSquareChevron.prefab using Guid(52b44b641e6c03e4a962019b0f48a4cf) Importer(2089858483,192608db42251d675da83286b1cce702) (ScriptedImporter) -> (artifact id: '241bc9e6f1f8b9841e73aaf251d31965') in 0.0448762 seconds
Number of updated asset objects reloaded before import = 0Number of asset objects unloaded after import = 43

========================================================================
Received Import Request.
  Time since last request: 0.000036 seconds.
  path: Assets/CorgiEngine/ThirdParty/MoreMountains/MMInterface/Styles/Mini/Prefabs/Buttons/VerticalGradientOrangeToViolet/ButtonMain.prefab
  artifactKey: Guid(fcadedfbec6488947a42f01eb25f5366) Importer(2089858483,192608db42251d675da83286b1cce702)
Start importing Assets/CorgiEngine/ThirdParty/MoreMountains/MMInterface/Styles/Mini/Prefabs/Buttons/VerticalGradientOrangeToViolet/ButtonMain.prefab using Guid(fcadedfbec6488947a42f01eb25f5366) Importer(2089858483,192608db42251d675da83286b1cce702) (ScriptedImporter) -> (artifact id: 'addca170bfc1fece1706be1f74ae7a9f') in 0.0446782 seconds
Number of updated asset objects reloaded before import = 0Number of asset objects unloaded after import = 45

========================================================================
Received Import Request.
  Time since last request: 0.000036 seconds.
  path: Assets/CorgiEngine/ThirdParty/MoreMountains/MMInterface/Styles/Mini/Prefabs/Buttons/VerticalGradientGreenToCyan/ButtonSquareStar.prefab
  artifactKey: Guid(57178a4e6ec18694ea41359e0ece0f09) Importer(2089858483,192608db42251d675da83286b1cce702)
Start importing Assets/CorgiEngine/ThirdParty/MoreMountains/MMInterface/Styles/Mini/Prefabs/Buttons/VerticalGradientGreenToCyan/ButtonSquareStar.prefab using Guid(57178a4e6ec18694ea41359e0ece0f09) Importer(2089858483,192608db42251d675da83286b1cce702) (ScriptedImporter) -> (artifact id: '228c811bd9e3148314c10264006cb7ee') in 0.0422457 seconds
Number of updated asset objects reloaded before import = 0Number of asset objects unloaded after import = 43

========================================================================
Received Import Request.
  Time since last request: 0.000033 seconds.
  path: Assets/CorgiEngine/ThirdParty/MoreMountains/MMInterface/Styles/Mini/Prefabs/Buttons/VerticalGradientOrangeToViolet/ButtonCircleArrow.prefab
  artifactKey: Guid(4fb7576a3fe963b4badc4c8ec16124f9) Importer(2089858483,192608db42251d675da83286b1cce702)
Start importing Assets/CorgiEngine/ThirdParty/MoreMountains/MMInterface/Styles/Mini/Prefabs/Buttons/VerticalGradientOrangeToViolet/ButtonCircleArrow.prefab using Guid(4fb7576a3fe963b4badc4c8ec16124f9) Importer(2089858483,192608db42251d675da83286b1cce702) (ScriptedImporter) -> (artifact id: 'a603b78edb799e4be352a9917fdf94ac') in 0.0457995 seconds
Number of updated asset objects reloaded before import = 0Number of asset objects unloaded after import = 43

========================================================================
Received Import Request.
  Time since last request: 0.000027 seconds.
  path: Assets/CorgiEngine/ThirdParty/MoreMountains/MMInterface/Styles/Mini/Prefabs/Buttons/VerticalGradientGreenToCyan/ButtonSquareCross.prefab
  artifactKey: Guid(7c12221fc8f5e484ea971beae15a2afb) Importer(2089858483,192608db42251d675da83286b1cce702)
Start importing Assets/CorgiEngine/ThirdParty/MoreMountains/MMInterface/Styles/Mini/Prefabs/Buttons/VerticalGradientGreenToCyan/ButtonSquareCross.prefab using Guid(7c12221fc8f5e484ea971beae15a2afb) Importer(2089858483,192608db42251d675da83286b1cce702) (ScriptedImporter) -> (artifact id: 'c0dddaa96db7ae19dfb94bb7755c97c5') in 0.0444887 seconds
Number of updated asset objects reloaded before import = 0Number of asset objects unloaded after import = 43

========================================================================
Received Import Request.
  Time since last request: 0.000023 seconds.
  path: Assets/CorgiEngine/ThirdParty/MoreMountains/MMInterface/Styles/Mini/Prefabs/Buttons/VerticalGradientGreenToCyan/ButtonSquareMusic.prefab
  artifactKey: Guid(502ec50846b43fd4782a9827c5c42307) Importer(2089858483,192608db42251d675da83286b1cce702)
Start importing Assets/CorgiEngine/ThirdParty/MoreMountains/MMInterface/Styles/Mini/Prefabs/Buttons/VerticalGradientGreenToCyan/ButtonSquareMusic.prefab using Guid(502ec50846b43fd4782a9827c5c42307) Importer(2089858483,192608db42251d675da83286b1cce702) (ScriptedImporter) -> (artifact id: '998d683d7bacf9a73a764eab6f727bb9') in 0.0431806 seconds
Number of updated asset objects reloaded before import = 0Number of asset objects unloaded after import = 43

========================================================================
Received Import Request.
  Time since last request: 0.000027 seconds.
  path: Assets/CorgiEngine/ThirdParty/MoreMountains/MMInterface/Styles/Mini/Prefabs/Buttons/Yellow/ButtonCircleChevron.prefab
  artifactKey: Guid(93e6663b6122a464fa370e3d1d39efbd) Importer(2089858483,192608db42251d675da83286b1cce702)
Start importing Assets/CorgiEngine/ThirdParty/MoreMountains/MMInterface/Styles/Mini/Prefabs/Buttons/Yellow/ButtonCircleChevron.prefab using Guid(93e6663b6122a464fa370e3d1d39efbd) Importer(2089858483,192608db42251d675da83286b1cce702) (ScriptedImporter) -> (artifact id: '4eb02724dd17f4628bd064e118a1b541') in 0.0347202 seconds
Number of updated asset objects reloaded before import = 0Number of asset objects unloaded after import = 42

========================================================================
Received Import Request.
  Time since last request: 0.000028 seconds.
  path: Assets/CorgiEngine/ThirdParty/MoreMountains/MMInterface/Styles/Mini/Prefabs/Buttons/VerticalGradientOrangeToViolet/ButtonCircleDoubleChevron.prefab
  artifactKey: Guid(98a9de6bb86c9be4d88a01c4f65357a2) Importer(2089858483,192608db42251d675da83286b1cce702)
Start importing Assets/CorgiEngine/ThirdParty/MoreMountains/MMInterface/Styles/Mini/Prefabs/Buttons/VerticalGradientOrangeToViolet/ButtonCircleDoubleChevron.prefab using Guid(98a9de6bb86c9be4d88a01c4f65357a2) Importer(2089858483,192608db42251d675da83286b1cce702) (ScriptedImporter) -> (artifact id: '962ec58950f77a04294e1322e5af6098') in 0.0430763 seconds
Number of updated asset objects reloaded before import = 0Number of asset objects unloaded after import = 43

========================================================================
Received Import Request.
  Time since last request: 0.000036 seconds.
  path: Assets/CorgiEngine/ThirdParty/MoreMountains/MMInterface/Styles/Mini/Prefabs/Buttons/VerticalGradientGreenToCyan/ButtonSquareSoundOn.prefab
  artifactKey: Guid(e5d535eca5c9eeb4387d86697f101f51) Importer(2089858483,192608db42251d675da83286b1cce702)
Start importing Assets/CorgiEngine/ThirdParty/MoreMountains/MMInterface/Styles/Mini/Prefabs/Buttons/VerticalGradientGreenToCyan/ButtonSquareSoundOn.prefab using Guid(e5d535eca5c9eeb4387d86697f101f51) Importer(2089858483,192608db42251d675da83286b1cce702) (ScriptedImporter) -> (artifact id: '520b2bf4d83275a29e6aefd94f1c0110') in 0.0440204 seconds
Number of updated asset objects reloaded before import = 0Number of asset objects unloaded after import = 43

========================================================================
Received Import Request.
  Time since last request: 0.000056 seconds.
  path: Assets/CorgiEngine/ThirdParty/MoreMountains/MMInterface/Styles/Mini/Prefabs/Buttons/VerticalGradientOrangeToViolet/ButtonSquareHeart.prefab
  artifactKey: Guid(b8b96e4ccf1565e4b81bd414482ebd8a) Importer(2089858483,192608db42251d675da83286b1cce702)
Start importing Assets/CorgiEngine/ThirdParty/MoreMountains/MMInterface/Styles/Mini/Prefabs/Buttons/VerticalGradientOrangeToViolet/ButtonSquareHeart.prefab using Guid(b8b96e4ccf1565e4b81bd414482ebd8a) Importer(2089858483,192608db42251d675da83286b1cce702) (ScriptedImporter) -> (artifact id: '6fe0e83109d81f2bc60b40c9d0dd76f1') in 0.0460588 seconds
Number of updated asset objects reloaded before import = 0Number of asset objects unloaded after import = 43

========================================================================
Received Import Request.
  Time since last request: 0.000027 seconds.
  path: Assets/CorgiEngine/ThirdParty/MoreMountains/MMInterface/Styles/Mini/Prefabs/Buttons/VerticalGradientOrangeToViolet/ButtonCircleCross.prefab
  artifactKey: Guid(b5870c772b1d60c4799f44afdc9f56b2) Importer(2089858483,192608db42251d675da83286b1cce702)
Start importing Assets/CorgiEngine/ThirdParty/MoreMountains/MMInterface/Styles/Mini/Prefabs/Buttons/VerticalGradientOrangeToViolet/ButtonCircleCross.prefab using Guid(b5870c772b1d60c4799f44afdc9f56b2) Importer(2089858483,192608db42251d675da83286b1cce702) (ScriptedImporter) -> (artifact id: 'a8d2526f1048c47cb4dfcb9ceb781811') in 0.0441878 seconds
Number of updated asset objects reloaded before import = 0Number of asset objects unloaded after import = 43

========================================================================
Received Import Request.
  Time since last request: 0.000075 seconds.
  path: Assets/CorgiEngine/ThirdParty/MoreMountains/MMInterface/Styles/Mini/Prefabs/Buttons/VerticalGradientBlueToPurple/ButtonMain.prefab
  artifactKey: Guid(81e3295a2666d334ebf19ce600ad89f2) Importer(2089858483,192608db42251d675da83286b1cce702)
Start importing Assets/CorgiEngine/ThirdParty/MoreMountains/MMInterface/Styles/Mini/Prefabs/Buttons/VerticalGradientBlueToPurple/ButtonMain.prefab using Guid(81e3295a2666d334ebf19ce600ad89f2) Importer(2089858483,192608db42251d675da83286b1cce702) (ScriptedImporter) -> (artifact id: 'e853203990ca093994608ce91eaa1fc3') in 0.0467695 seconds
Number of updated asset objects reloaded before import = 0Number of asset objects unloaded after import = 45

========================================================================
Received Import Request.
  Time since last request: 0.000024 seconds.
  path: Assets/CorgiEngine/ThirdParty/MoreMountains/MMInterface/Styles/Mini/Prefabs/Buttons/VerticalGradientOrangeToViolet/ButtonCircleGear.prefab
  artifactKey: Guid(1c0903827097d424aa35a3b73567d9dd) Importer(2089858483,192608db42251d675da83286b1cce702)
Start importing Assets/CorgiEngine/ThirdParty/MoreMountains/MMInterface/Styles/Mini/Prefabs/Buttons/VerticalGradientOrangeToViolet/ButtonCircleGear.prefab using Guid(1c0903827097d424aa35a3b73567d9dd) Importer(2089858483,192608db42251d675da83286b1cce702) (ScriptedImporter) -> (artifact id: '7155ce797949a78db299e517922ea1ef') in 0.0482813 seconds
Number of updated asset objects reloaded before import = 0Number of asset objects unloaded after import = 43

========================================================================
Received Import Request.
  Time since last request: 0.000043 seconds.
  path: Assets/CorgiEngine/ThirdParty/MoreMountains/MMInterface/Styles/Mini/Prefabs/Buttons/Yellow/ButtonSquareSoundOff.prefab
  artifactKey: Guid(2618f74f9edad77478a01821273eaaf1) Importer(2089858483,192608db42251d675da83286b1cce702)
Start importing Assets/CorgiEngine/ThirdParty/MoreMountains/MMInterface/Styles/Mini/Prefabs/Buttons/Yellow/ButtonSquareSoundOff.prefab using Guid(2618f74f9edad77478a01821273eaaf1) Importer(2089858483,192608db42251d675da83286b1cce702) (ScriptedImporter) -> (artifact id: 'c06f91a2a8b2aa6a1fc1a8e54c2fe128') in 0.0453761 seconds
Number of updated asset objects reloaded before import = 0Number of asset objects unloaded after import = 42

========================================================================
Received Import Request.
  Time since last request: 0.000028 seconds.
  path: Assets/CorgiEngine/ThirdParty/MoreMountains/MMTools/Demos/MMTween/Fonts/Lato/SDF/Lato-Black SDF.asset
  artifactKey: Guid(4eccd51250cfa3948a3ac1e21d15fe34) Importer(2089858483,192608db42251d675da83286b1cce702)
Start importing Assets/CorgiEngine/ThirdParty/MoreMountains/MMTools/Demos/MMTween/Fonts/Lato/SDF/Lato-Black SDF.asset using Guid(4eccd51250cfa3948a3ac1e21d15fe34) Importer(2089858483,192608db42251d675da83286b1cce702) (ScriptedImporter) -> (artifact id: 'f61a1139cf8648343d8c8bb676ccf4d8') in 0.09705 seconds
Number of updated asset objects reloaded before import = 0Number of asset objects unloaded after import = 3

========================================================================
Received Import Request.
  Time since last request: 0.000057 seconds.
  path: Assets/CorgiEngine/ThirdParty/MoreMountains/MMTools/Demos/MMTween/Fonts/Lato/TTF/Lato-HairlineItalic.ttf
  artifactKey: Guid(747a175745b7f704e8f9c65f1aca44b3) Importer(2089858483,192608db42251d675da83286b1cce702)
Start importing Assets/CorgiEngine/ThirdParty/MoreMountains/MMTools/Demos/MMTween/Fonts/Lato/TTF/Lato-HairlineItalic.ttf using Guid(747a175745b7f704e8f9c65f1aca44b3) Importer(2089858483,192608db42251d675da83286b1cce702) (ScriptedImporter) -> (artifact id: '500c7a0700d3c7f047567b1620b2ebfb') in 0.0339463 seconds
Number of updated asset objects reloaded before import = 0Number of asset objects unloaded after import = 3

========================================================================
Received Import Request.
  Time since last request: 0.000022 seconds.
  path: Assets/CorgiEngine/ThirdParty/MoreMountains/MMTools/Demos/MMTween/Fonts/Lato/SDF/Lato-Heavy SDF.asset
  artifactKey: Guid(51a1aa396f4dea44fbb24fc6076c78b8) Importer(2089858483,192608db42251d675da83286b1cce702)
Start importing Assets/CorgiEngine/ThirdParty/MoreMountains/MMTools/Demos/MMTween/Fonts/Lato/SDF/Lato-Heavy SDF.asset using Guid(51a1aa396f4dea44fbb24fc6076c78b8) Importer(2089858483,192608db42251d675da83286b1cce702) (ScriptedImporter) -> (artifact id: '983dcdcb8a62a0a2c67e1aad66559358') in 0.0522358 seconds
Number of updated asset objects reloaded before import = 0Number of asset objects unloaded after import = 3

========================================================================
Received Import Request.
  Time since last request: 0.000046 seconds.
  path: Assets/CorgiEngine/ThirdParty/MoreMountains/MMTools/Demos/MMTween/Fonts/Lato/TTF/Lato-Semibold.ttf
  artifactKey: Guid(99dec03033cf89c4b936367ceee96b05) Importer(2089858483,192608db42251d675da83286b1cce702)
Start importing Assets/CorgiEngine/ThirdParty/MoreMountains/MMTools/Demos/MMTween/Fonts/Lato/TTF/Lato-Semibold.ttf using Guid(99dec03033cf89c4b936367ceee96b05) Importer(2089858483,192608db42251d675da83286b1cce702) (ScriptedImporter) -> (artifact id: '621267991b98786be261a2e5cd751741') in 0.036272 seconds
Number of updated asset objects reloaded before import = 0Number of asset objects unloaded after import = 3

========================================================================
Received Import Request.
  Time since last request: 0.000027 seconds.
  path: Assets/CorgiEngine/ThirdParty/MoreMountains/MMInterface/Styles/Mini/Prefabs/Buttons/Yellow/ButtonSquareDoubleChevron.prefab
  artifactKey: Guid(1427db008fe709b4392ee30f9844d740) Importer(2089858483,192608db42251d675da83286b1cce702)
Start importing Assets/CorgiEngine/ThirdParty/MoreMountains/MMInterface/Styles/Mini/Prefabs/Buttons/Yellow/ButtonSquareDoubleChevron.prefab using Guid(1427db008fe709b4392ee30f9844d740) Importer(2089858483,192608db42251d675da83286b1cce702) (ScriptedImporter) -> (artifact id: 'c8413f9b697654ee07dcd769e7ba9433') in 0.0492016 seconds
Number of updated asset objects reloaded before import = 0Number of asset objects unloaded after import = 42

========================================================================
Received Import Request.
  Time since last request: 0.000023 seconds.
  path: Assets/CorgiEngine/ThirdParty/MoreMountains/MMInterface/Styles/Mini/Prefabs/Buttons/Yellow/ButtonSquareArrow.prefab
  artifactKey: Guid(258eb34ed8d1ac44d82305365b09143c) Importer(2089858483,192608db42251d675da83286b1cce702)
Start importing Assets/CorgiEngine/ThirdParty/MoreMountains/MMInterface/Styles/Mini/Prefabs/Buttons/Yellow/ButtonSquareArrow.prefab using Guid(258eb34ed8d1ac44d82305365b09143c) Importer(2089858483,192608db42251d675da83286b1cce702) (ScriptedImporter) -> (artifact id: 'd484decf7d0e1a4c56ecbb35cbcaf449') in 0.0369436 seconds
Number of updated asset objects reloaded before import = 0Number of asset objects unloaded after import = 41

========================================================================
Received Import Request.
  Time since last request: 0.000029 seconds.
  path: Assets/CorgiEngine/ThirdParty/MoreMountains/MMTools/Demos/MMTween/Fonts/Lato/TTF/Lato-SemiboldItalic.ttf
  artifactKey: Guid(8bb3a26eeba4ea9419ea6d5b9a4805f4) Importer(2089858483,192608db42251d675da83286b1cce702)
Start importing Assets/CorgiEngine/ThirdParty/MoreMountains/MMTools/Demos/MMTween/Fonts/Lato/TTF/Lato-SemiboldItalic.ttf using Guid(8bb3a26eeba4ea9419ea6d5b9a4805f4) Importer(2089858483,192608db42251d675da83286b1cce702) (ScriptedImporter) -> (artifact id: '1cd6aa485d197c1952324446bbfeb0c0') in 0.0385603 seconds
Number of updated asset objects reloaded before import = 0Number of asset objects unloaded after import = 3

========================================================================
Received Import Request.
  Time since last request: 0.000039 seconds.
  path: Assets/CorgiEngine/ThirdParty/MoreMountains/MMInterface/Styles/Mini/Prefabs/Buttons/Yellow/ButtonRound.prefab
  artifactKey: Guid(6f2a1ba97d20c0244bdd99d2587d7a46) Importer(2089858483,192608db42251d675da83286b1cce702)
Start importing Assets/CorgiEngine/ThirdParty/MoreMountains/MMInterface/Styles/Mini/Prefabs/Buttons/Yellow/ButtonRound.prefab using Guid(6f2a1ba97d20c0244bdd99d2587d7a46) Importer(2089858483,192608db42251d675da83286b1cce702) (ScriptedImporter) -> (artifact id: '5ba80be9bcff7c90c551f0d37f9d53d1') in 0.041392 seconds
Number of updated asset objects reloaded before import = 0Number of asset objects unloaded after import = 44

========================================================================
Received Import Request.
  Time since last request: 0.000025 seconds.
  path: Assets/CorgiEngine/ThirdParty/MoreMountains/MMTools/Demos/MMTween/Fonts/Lato/TTF/Lato-Thin.ttf
  artifactKey: Guid(aff9bd28005f2c848854b890b7962407) Importer(2089858483,192608db42251d675da83286b1cce702)
Start importing Assets/CorgiEngine/ThirdParty/MoreMountains/MMTools/Demos/MMTween/Fonts/Lato/TTF/Lato-Thin.ttf using Guid(aff9bd28005f2c848854b890b7962407) Importer(2089858483,192608db42251d675da83286b1cce702) (ScriptedImporter) -> (artifact id: '5f9cf98e0b010e6562807a04c3b58a5f') in 0.0366779 seconds
Number of updated asset objects reloaded before import = 0Number of asset objects unloaded after import = 3

========================================================================
Received Import Request.
  Time since last request: 0.000018 seconds.
  path: Assets/CorgiEngine/ThirdParty/MoreMountains/MMInterface/Styles/Mini/Prefabs/Buttons/Yellow/ButtonSquareCoin.prefab
  artifactKey: Guid(f12402e559f766648b56971051f7cce3) Importer(2089858483,192608db42251d675da83286b1cce702)
Start importing Assets/CorgiEngine/ThirdParty/MoreMountains/MMInterface/Styles/Mini/Prefabs/Buttons/Yellow/ButtonSquareCoin.prefab using Guid(f12402e559f766648b56971051f7cce3) Importer(2089858483,192608db42251d675da83286b1cce702) (ScriptedImporter) -> (artifact id: 'b890872756913ad0f3385a40d361c7c1') in 0.0387475 seconds
Number of updated asset objects reloaded before import = 0Number of asset objects unloaded after import = 42

========================================================================
Received Import Request.
  Time since last request: 0.000030 seconds.
  path: Assets/CorgiEngine/ThirdParty/MoreMountains/MMTools/Demos/MMTween/Fonts/Lato/TTF/Lato-Light.ttf
  artifactKey: Guid(246d8342c33396a488c19a031f8d655e) Importer(2089858483,192608db42251d675da83286b1cce702)
Start importing Assets/CorgiEngine/ThirdParty/MoreMountains/MMTools/Demos/MMTween/Fonts/Lato/TTF/Lato-Light.ttf using Guid(246d8342c33396a488c19a031f8d655e) Importer(2089858483,192608db42251d675da83286b1cce702) (ScriptedImporter) -> (artifact id: '8815e20dc67a991acb5b999696d2e8ba') in 0.0402878 seconds
Number of updated asset objects reloaded before import = 0Number of asset objects unloaded after import = 3

========================================================================
Received Import Request.
  Time since last request: 0.000019 seconds.
  path: Assets/CorgiEngine/ThirdParty/MoreMountains/MMTools/Demos/MMTween/Fonts/Lato/SDF/Lato-MediumItalic SDF.asset
  artifactKey: Guid(2ecc4eef08bef7d4083406f284c093d8) Importer(2089858483,192608db42251d675da83286b1cce702)
Start importing Assets/CorgiEngine/ThirdParty/MoreMountains/MMTools/Demos/MMTween/Fonts/Lato/SDF/Lato-MediumItalic SDF.asset using Guid(2ecc4eef08bef7d4083406f284c093d8) Importer(2089858483,192608db42251d675da83286b1cce702) (ScriptedImporter) -> (artifact id: '9232da741c0b18d84059c288c10b63fa') in 0.0725974 seconds
Number of updated asset objects reloaded before import = 0Number of asset objects unloaded after import = 3

========================================================================
Received Import Request.
  Time since last request: 0.000029 seconds.
  path: Assets/CorgiEngine/ThirdParty/MoreMountains/MMInterface/Styles/Mini/Prefabs/Buttons/VerticalGradientBlueToCyan/ButtonSquareHome.prefab
  artifactKey: Guid(c51038ca19f96f748b2721f6ecba98c2) Importer(2089858483,192608db42251d675da83286b1cce702)
Start importing Assets/CorgiEngine/ThirdParty/MoreMountains/MMInterface/Styles/Mini/Prefabs/Buttons/VerticalGradientBlueToCyan/ButtonSquareHome.prefab using Guid(c51038ca19f96f748b2721f6ecba98c2) Importer(2089858483,192608db42251d675da83286b1cce702) (ScriptedImporter) -> (artifact id: 'e5a6239bdc896b9e7be854791aa71f96') in 0.0429839 seconds
Number of updated asset objects reloaded before import = 0Number of asset objects unloaded after import = 43

========================================================================
Received Import Request.
  Time since last request: 0.000072 seconds.
  path: Assets/CorgiEngine/ThirdParty/MoreMountains/MMTools/Demos/MMTween/Fonts/Lato/TTF/Lato-MediumItalic.ttf
  artifactKey: Guid(fd1b3683681c0dd43bafe960491f40db) Importer(2089858483,192608db42251d675da83286b1cce702)
Start importing Assets/CorgiEngine/ThirdParty/MoreMountains/MMTools/Demos/MMTween/Fonts/Lato/TTF/Lato-MediumItalic.ttf using Guid(fd1b3683681c0dd43bafe960491f40db) Importer(2089858483,192608db42251d675da83286b1cce702) (ScriptedImporter) -> (artifact id: '4e495538283018aac6907cda18aef921') in 0.0391791 seconds
Number of updated asset objects reloaded before import = 0Number of asset objects unloaded after import = 3

========================================================================
Received Import Request.
  Time since last request: 0.000101 seconds.
  path: Assets/CorgiEngine/ThirdParty/MoreMountains/MMInterface/Styles/Mini/Prefabs/Buttons/Yellow/ButtonSquareGear.prefab
  artifactKey: Guid(67e890453b1608c4eb81356d6cfcae96) Importer(2089858483,192608db42251d675da83286b1cce702)
Start importing Assets/CorgiEngine/ThirdParty/MoreMountains/MMInterface/Styles/Mini/Prefabs/Buttons/Yellow/ButtonSquareGear.prefab using Guid(67e890453b1608c4eb81356d6cfcae96) Importer(2089858483,192608db42251d675da83286b1cce702) (ScriptedImporter) -> (artifact id: '5a5c140068c910e4773845bdc3004b1f') in 0.0404408 seconds
Number of updated asset objects reloaded before import = 0Number of asset objects unloaded after import = 42

========================================================================
Received Import Request.
  Time since last request: 0.000044 seconds.
  path: Assets/CorgiEngine/ThirdParty/MoreMountains/MMInterface/Styles/Mini/Prefabs/Buttons/Cyan/ButtonSquareStar.prefab
  artifactKey: Guid(f02cefa4f260dc44a8655a572857107e) Importer(2089858483,192608db42251d675da83286b1cce702)
Start importing Assets/CorgiEngine/ThirdParty/MoreMountains/MMInterface/Styles/Mini/Prefabs/Buttons/Cyan/ButtonSquareStar.prefab using Guid(f02cefa4f260dc44a8655a572857107e) Importer(2089858483,192608db42251d675da83286b1cce702) (ScriptedImporter) -> (artifact id: 'f3f7eee92aefdef660f9a938cf3196d3') in 0.0523172 seconds
Number of updated asset objects reloaded before import = 0Number of asset objects unloaded after import = 41

========================================================================
Received Import Request.
  Time since last request: 0.000061 seconds.
  path: Assets/CorgiEngine/ThirdParty/MoreMountains/MMFeedbacks/Demos/SequencingDemo/Sounds/Kit/MMSequencingBass2.wav
  artifactKey: Guid(c7348ace360ef934f965f061c2c4269e) Importer(2089858483,192608db42251d675da83286b1cce702)
Start importing Assets/CorgiEngine/ThirdParty/MoreMountains/MMFeedbacks/Demos/SequencingDemo/Sounds/Kit/MMSequencingBass2.wav using Guid(c7348ace360ef934f965f061c2c4269e) Importer(2089858483,192608db42251d675da83286b1cce702) (ScriptedImporter) -> (artifact id: 'f424e8f5d06753cff0c4212e8f13cb4d') in 0.08648 seconds
Number of updated asset objects reloaded before import = 0Number of asset objects unloaded after import = 1

========================================================================
Received Import Request.
  Time since last request: 0.000035 seconds.
  path: Assets/CorgiEngine/ThirdParty/MoreMountains/MMTools/Core/MMAudio/MMSoundManager/MMSoundManagerSettingsSO.cs
  artifactKey: Guid(aa48f53704ecf834c9f5e203a06874d3) Importer(2089858483,192608db42251d675da83286b1cce702)
Start importing Assets/CorgiEngine/ThirdParty/MoreMountains/MMTools/Core/MMAudio/MMSoundManager/MMSoundManagerSettingsSO.cs using Guid(aa48f53704ecf834c9f5e203a06874d3) Importer(2089858483,192608db42251d675da83286b1cce702) (ScriptedImporter) -> (artifact id: '8db50a0bf3404ab6546c61ed363533ad') in 0.0324812 seconds
Number of updated asset objects reloaded before import = 0Number of asset objects unloaded after import = 0

========================================================================
Received Import Request.
  Time since last request: 0.000086 seconds.
  path: Assets/CorgiEngine/ThirdParty/MoreMountains/MMTools/Accessories/MMVFX/MMParticles/MMParticlesStar.png
  artifactKey: Guid(00f22d9f2016ae748a57e4777184eba6) Importer(2089858483,192608db42251d675da83286b1cce702)
Start importing Assets/CorgiEngine/ThirdParty/MoreMountains/MMTools/Accessories/MMVFX/MMParticles/MMParticlesStar.png using Guid(00f22d9f2016ae748a57e4777184eba6) Importer(2089858483,192608db42251d675da83286b1cce702) (ScriptedImporter) -> (artifact id: '47ba3cf91c88026bfce08d3a9f6f13d0') in 0.0672417 seconds
Number of updated asset objects reloaded before import = 0Number of asset objects unloaded after import = 1

========================================================================
Received Import Request.
  Time since last request: 0.000021 seconds.
  path: Assets/CorgiEngine/ThirdParty/MoreMountains/MMTools/Accessories/MMVFX/MMRamps/MMRamp5.png
  artifactKey: Guid(41bf52f013b5cfe4294a3ca9ade7a8a5) Importer(2089858483,192608db42251d675da83286b1cce702)
Start importing Assets/CorgiEngine/ThirdParty/MoreMountains/MMTools/Accessories/MMVFX/MMRamps/MMRamp5.png using Guid(41bf52f013b5cfe4294a3ca9ade7a8a5) Importer(2089858483,192608db42251d675da83286b1cce702) (ScriptedImporter) -> (artifact id: '65e44eb20d830ca399e91fc8104dd532') in 0.0603745 seconds
Number of updated asset objects reloaded before import = 0Number of asset objects unloaded after import = 1

========================================================================
Received Import Request.
  Time since last request: 0.000034 seconds.
  path: Assets/CorgiEngine/ThirdParty/MoreMountains/MMInterface/Styles/Mini/Prefabs/Buttons/VerticalGradientBlueToCyan/ButtonAlt.prefab
  artifactKey: Guid(528ed88bbaf050043865bccd39739492) Importer(2089858483,192608db42251d675da83286b1cce702)
Start importing Assets/CorgiEngine/ThirdParty/MoreMountains/MMInterface/Styles/Mini/Prefabs/Buttons/VerticalGradientBlueToCyan/ButtonAlt.prefab using Guid(528ed88bbaf050043865bccd39739492) Importer(2089858483,192608db42251d675da83286b1cce702) (ScriptedImporter) -> (artifact id: '01df46dfde52c7373d6ccfffe5a44068') in 0.0440278 seconds
Number of updated asset objects reloaded before import = 0Number of asset objects unloaded after import = 45

========================================================================
Received Import Request.
  Time since last request: 0.000024 seconds.
  path: Assets/CorgiEngine/ThirdParty/MoreMountains/MMInterface/Styles/Mini/Prefabs/Buttons/DarkerGrey/ButtonSquareHome.prefab
  artifactKey: Guid(c7985ab850c4adc48a7b2f50277a04b9) Importer(2089858483,192608db42251d675da83286b1cce702)
Start importing Assets/CorgiEngine/ThirdParty/MoreMountains/MMInterface/Styles/Mini/Prefabs/Buttons/DarkerGrey/ButtonSquareHome.prefab using Guid(c7985ab850c4adc48a7b2f50277a04b9) Importer(2089858483,192608db42251d675da83286b1cce702) (ScriptedImporter) -> (artifact id: '728ee58a238a611111dad4142fab7c80') in 0.046386 seconds
Number of updated asset objects reloaded before import = 0Number of asset objects unloaded after import = 41

========================================================================
Received Import Request.
  Time since last request: 0.000032 seconds.
  path: Assets/CorgiEngine/ThirdParty/MoreMountains/MMInterface/Styles/Mini/Prefabs/Buttons/Orange/ButtonCircleCheck.prefab
  artifactKey: Guid(41e32657c9e46c64a920b34e5c5ea6a6) Importer(2089858483,192608db42251d675da83286b1cce702)
Start importing Assets/CorgiEngine/ThirdParty/MoreMountains/MMInterface/Styles/Mini/Prefabs/Buttons/Orange/ButtonCircleCheck.prefab using Guid(41e32657c9e46c64a920b34e5c5ea6a6) Importer(2089858483,192608db42251d675da83286b1cce702) (ScriptedImporter) -> (artifact id: '913c3230cbdf86495a40258632cf16e1') in 0.0492545 seconds
Number of updated asset objects reloaded before import = 0Number of asset objects unloaded after import = 42

========================================================================
Received Import Request.
  Time since last request: 0.000037 seconds.
  path: Assets/CorgiEngine/ThirdParty/MoreMountains/MMTools/Core/MMSceneLoading/LoadingScreens/MMAdditiveLoadingScreenBigText.unity
  artifactKey: Guid(dedb2bed56a01c241be42c5c5b5748ca) Importer(2089858483,192608db42251d675da83286b1cce702)
Start importing Assets/CorgiEngine/ThirdParty/MoreMountains/MMTools/Core/MMSceneLoading/LoadingScreens/MMAdditiveLoadingScreenBigText.unity using Guid(dedb2bed56a01c241be42c5c5b5748ca) Importer(2089858483,192608db42251d675da83286b1cce702) (ScriptedImporter) -> (artifact id: 'ef2f9f788530320dba99cb1f185e8948') in 0.0282721 seconds
Number of updated asset objects reloaded before import = 0Number of asset objects unloaded after import = 1

========================================================================
Received Import Request.
  Time since last request: 0.000031 seconds.
  path: Assets/CorgiEngine/ThirdParty/MoreMountains/MMInterface/Styles/Mini/Sprites/Icons/MMIconDoubleChevron.png
  artifactKey: Guid(7db17dbcb33f3c94abf2c26a95b2a376) Importer(2089858483,192608db42251d675da83286b1cce702)
Start importing Assets/CorgiEngine/ThirdParty/MoreMountains/MMInterface/Styles/Mini/Sprites/Icons/MMIconDoubleChevron.png using Guid(7db17dbcb33f3c94abf2c26a95b2a376) Importer(2089858483,192608db42251d675da83286b1cce702) (ScriptedImporter) -> (artifact id: '7151f87d86d8feb1fe1c1a842e5b5353') in 0.0558758 seconds
Number of updated asset objects reloaded before import = 0Number of asset objects unloaded after import = 3

========================================================================
Received Import Request.
  Time since last request: 0.000032 seconds.
  path: Assets/CorgiEngine/ThirdParty/MoreMountains/MMInterface/Styles/Mini/Prefabs/Buttons/HorizontalGradientOrangeToPink/ButtonSquareHome.prefab
  artifactKey: Guid(bf3ec7bc8b8d2444487df6126cf7dea2) Importer(2089858483,192608db42251d675da83286b1cce702)
Start importing Assets/CorgiEngine/ThirdParty/MoreMountains/MMInterface/Styles/Mini/Prefabs/Buttons/HorizontalGradientOrangeToPink/ButtonSquareHome.prefab using Guid(bf3ec7bc8b8d2444487df6126cf7dea2) Importer(2089858483,192608db42251d675da83286b1cce702) (ScriptedImporter) -> (artifact id: 'f694dbc71e49b943b0e8c47ea85747a0') in 0.0416735 seconds
Number of updated asset objects reloaded before import = 0Number of asset objects unloaded after import = 43

========================================================================
Received Import Request.
  Time since last request: 0.000033 seconds.
  path: Assets/CorgiEngine/ThirdParty/MoreMountains/MMInterface/Styles/Mini/Prefabs/Buttons/DarkerGrey/ButtonSquareCoin.prefab
  artifactKey: Guid(6c7b7ddc9db36b7498cb1460ea844d14) Importer(2089858483,192608db42251d675da83286b1cce702)
Start importing Assets/CorgiEngine/ThirdParty/MoreMountains/MMInterface/Styles/Mini/Prefabs/Buttons/DarkerGrey/ButtonSquareCoin.prefab using Guid(6c7b7ddc9db36b7498cb1460ea844d14) Importer(2089858483,192608db42251d675da83286b1cce702) (ScriptedImporter) -> (artifact id: 'f72ab1530d2835182338e0e4b55f617a') in 0.0428068 seconds
Number of updated asset objects reloaded before import = 0Number of asset objects unloaded after import = 41

========================================================================
Received Import Request.
  Time since last request: 0.000033 seconds.
  path: Assets/CorgiEngine/ThirdParty/MoreMountains/MMFeedbacks/Demos/MMFeedbacksDemo/Materials/FeedbacksDemoCheese.mat
  artifactKey: Guid(73fdd485fdb1ba44fabd9bc27dfbb268) Importer(2089858483,192608db42251d675da83286b1cce702)
Start importing Assets/CorgiEngine/ThirdParty/MoreMountains/MMFeedbacks/Demos/MMFeedbacksDemo/Materials/FeedbacksDemoCheese.mat using Guid(73fdd485fdb1ba44fabd9bc27dfbb268) Importer(2089858483,192608db42251d675da83286b1cce702) (ScriptedImporter) -> (artifact id: 'b6993927563331d511bff57064f72650') in 0.03437 seconds
Number of updated asset objects reloaded before import = 0Number of asset objects unloaded after import = 1

========================================================================
Received Import Request.
  Time since last request: 0.000033 seconds.
  path: Assets/CorgiEngine/ThirdParty/MoreMountains/MMFeedbacks/MMFeedbacks/Feedbacks/MMF_Flash.cs
  artifactKey: Guid(829c0c502ddd29f4c9e90c02353b2c34) Importer(2089858483,192608db42251d675da83286b1cce702)
Start importing Assets/CorgiEngine/ThirdParty/MoreMountains/MMFeedbacks/MMFeedbacks/Feedbacks/MMF_Flash.cs using Guid(829c0c502ddd29f4c9e90c02353b2c34) Importer(2089858483,192608db42251d675da83286b1cce702) (ScriptedImporter) -> (artifact id: 'f49c14e2900df3c6005ec3e0813390b6') in 0.0336357 seconds
Number of updated asset objects reloaded before import = 0Number of asset objects unloaded after import = 0

========================================================================
Received Import Request.
  Time since last request: 0.000114 seconds.
  path: Assets/CorgiEngine/Demos/Corgi2D/Prefabs/Environment/Mesa/Platform3.prefab
  artifactKey: Guid(b8263c1e6abde2a4883502eb3bb2eee0) Importer(2089858483,192608db42251d675da83286b1cce702)
Start importing Assets/CorgiEngine/Demos/Corgi2D/Prefabs/Environment/Mesa/Platform3.prefab using Guid(b8263c1e6abde2a4883502eb3bb2eee0) Importer(2089858483,192608db42251d675da83286b1cce702) (ScriptedImporter) -> (artifact id: '2c7a766499a0a82ff9972118209dc16c') in 0.0591372 seconds
Number of updated asset objects reloaded before import = 0Number of asset objects unloaded after import = 8

========================================================================
Received Import Request.
  Time since last request: 0.000027 seconds.
  path: Assets/CorgiEngine/ThirdParty/MoreMountains/MMFeedbacks/Demos/MMFeedbacksDemo/Models/Dude/DudeAnimator.controller
  artifactKey: Guid(a3698af881b5b54448e3133b2d140a6d) Importer(2089858483,192608db42251d675da83286b1cce702)
Start importing Assets/CorgiEngine/ThirdParty/MoreMountains/MMFeedbacks/Demos/MMFeedbacksDemo/Models/Dude/DudeAnimator.controller using Guid(a3698af881b5b54448e3133b2d140a6d) Importer(2089858483,192608db42251d675da83286b1cce702) (ScriptedImporter) -> (artifact id: '4c76dec23a647bd27f02d1124401a840') in 0.0302568 seconds
Number of updated asset objects reloaded before import = 0Number of asset objects unloaded after import = 8

========================================================================
Received Import Request.
  Time since last request: 0.000024 seconds.
  path: Assets/CorgiEngine/ThirdParty/MoreMountains/MMFeedbacks/MMFeedbacks/Springs/Core/Components/MMSpringColorComponent.cs
  artifactKey: Guid(ce8507eee5dca844dae81d478b63d348) Importer(2089858483,192608db42251d675da83286b1cce702)
Start importing Assets/CorgiEngine/ThirdParty/MoreMountains/MMFeedbacks/MMFeedbacks/Springs/Core/Components/MMSpringColorComponent.cs using Guid(ce8507eee5dca844dae81d478b63d348) Importer(2089858483,192608db42251d675da83286b1cce702) (ScriptedImporter) -> (artifact id: '194c2bbb0c79b100ac3cc148caf7753f') in 0.0283353 seconds
Number of updated asset objects reloaded before import = 0Number of asset objects unloaded after import = 0

========================================================================
Received Import Request.
  Time since last request: 0.000128 seconds.
  path: Assets/CorgiEngine/ThirdParty/MoreMountains/MMTools/Accessories/MMPrototypeTextures/Textures/MMProtoTextures/MMProtoTextures_RedCrosses.png
  artifactKey: Guid(ee915ff2627397549b211481b14bbc42) Importer(2089858483,192608db42251d675da83286b1cce702)
Start importing Assets/CorgiEngine/ThirdParty/MoreMountains/MMTools/Accessories/MMPrototypeTextures/Textures/MMProtoTextures/MMProtoTextures_RedCrosses.png using Guid(ee915ff2627397549b211481b14bbc42) Importer(2089858483,192608db42251d675da83286b1cce702) (ScriptedImporter) -> (artifact id: '277e34bd8fd0b85a975fe01de40028ee') in 0.055917 seconds
Number of updated asset objects reloaded before import = 0Number of asset objects unloaded after import = 1

========================================================================
Received Import Request.
  Time since last request: 0.000034 seconds.
  path: Assets/CorgiEngine/Demos/Corgi2D/Prefabs/Environment/Mesa/Platform4.prefab
  artifactKey: Guid(215c8cc0775c3c047a00d20f26e97554) Importer(2089858483,192608db42251d675da83286b1cce702)
Start importing Assets/CorgiEngine/Demos/Corgi2D/Prefabs/Environment/Mesa/Platform4.prefab using Guid(215c8cc0775c3c047a00d20f26e97554) Importer(2089858483,192608db42251d675da83286b1cce702) (ScriptedImporter) -> (artifact id: '0598e9d5831bb48f09c76a13247bc343') in 0.066857 seconds
Number of updated asset objects reloaded before import = 0Number of asset objects unloaded after import = 8

========================================================================
Received Import Request.
  Time since last request: 0.000028 seconds.
  path: Assets/CorgiEngine/ThirdParty/MoreMountains/MMInterface/Styles/Mini/Prefabs/Buttons/Cyan/ButtonSquareGear.prefab
  artifactKey: Guid(d86dfe77baa129346a59d54447738f4c) Importer(2089858483,192608db42251d675da83286b1cce702)
Start importing Assets/CorgiEngine/ThirdParty/MoreMountains/MMInterface/Styles/Mini/Prefabs/Buttons/Cyan/ButtonSquareGear.prefab using Guid(d86dfe77baa129346a59d54447738f4c) Importer(2089858483,192608db42251d675da83286b1cce702) (ScriptedImporter) -> (artifact id: '4ab6ea6ba3dd754bdf8efd4d0109473f') in 0.0399591 seconds
Number of updated asset objects reloaded before import = 0Number of asset objects unloaded after import = 41

========================================================================
Received Import Request.
  Time since last request: 0.000041 seconds.
  path: Assets/CorgiEngine/ThirdParty/MoreMountains/MMTools/Core/MMAttributes/MMMonoBehaviour.cs
  artifactKey: Guid(743d5178809b16b47a7cb50d29677882) Importer(2089858483,192608db42251d675da83286b1cce702)
Start importing Assets/CorgiEngine/ThirdParty/MoreMountains/MMTools/Core/MMAttributes/MMMonoBehaviour.cs using Guid(743d5178809b16b47a7cb50d29677882) Importer(2089858483,192608db42251d675da83286b1cce702) (ScriptedImporter) -> (artifact id: '096bbe74d4b5bb57ff145183eed78e97') in 0.0300326 seconds
Number of updated asset objects reloaded before import = 0Number of asset objects unloaded after import = 0

========================================================================
Received Import Request.
  Time since last request: 0.000064 seconds.
  path: Assets/CorgiEngine/ThirdParty/MoreMountains/MMInterface/Styles/Mini/Prefabs/Buttons/LightGreen/ButtonSquareCheck.prefab
  artifactKey: Guid(483eda75ad0c8174eaed39f0e1fc876f) Importer(2089858483,192608db42251d675da83286b1cce702)
Start importing Assets/CorgiEngine/ThirdParty/MoreMountains/MMInterface/Styles/Mini/Prefabs/Buttons/LightGreen/ButtonSquareCheck.prefab using Guid(483eda75ad0c8174eaed39f0e1fc876f) Importer(2089858483,192608db42251d675da83286b1cce702) (ScriptedImporter) -> (artifact id: '3c278e427ac24db978787de85b6a6466') in 0.0402276 seconds
Number of updated asset objects reloaded before import = 0Number of asset objects unloaded after import = 42

========================================================================
Received Import Request.
  Time since last request: 0.000024 seconds.
  path: Assets/CorgiEngine/ThirdParty/MoreMountains/MMFeedbacks/MMFeedbacks/Core/MMChannels/ChannelA.asset
  artifactKey: Guid(6ba165fd91edb434aa2f1cd6f6b05885) Importer(2089858483,192608db42251d675da83286b1cce702)
Start importing Assets/CorgiEngine/ThirdParty/MoreMountains/MMFeedbacks/MMFeedbacks/Core/MMChannels/ChannelA.asset using Guid(6ba165fd91edb434aa2f1cd6f6b05885) Importer(2089858483,192608db42251d675da83286b1cce702) (ScriptedImporter) -> (artifact id: '5ef75ba94b046ec6a1139973cf146131') in 0.0356936 seconds
Number of updated asset objects reloaded before import = 0Number of asset objects unloaded after import = 1

========================================================================
Received Import Request.
  Time since last request: 0.000054 seconds.
  path: Assets/CorgiEngine/ThirdParty/MoreMountains/MMInterface/Styles/Mini/Sprites/Icons/MMIconCheck.png
  artifactKey: Guid(8175cc1e05921574eb9919032785a203) Importer(2089858483,192608db42251d675da83286b1cce702)
Start importing Assets/CorgiEngine/ThirdParty/MoreMountains/MMInterface/Styles/Mini/Sprites/Icons/MMIconCheck.png using Guid(8175cc1e05921574eb9919032785a203) Importer(2089858483,192608db42251d675da83286b1cce702) (ScriptedImporter) -> (artifact id: '9416abfef287b5ea43a96f11a2b92864') in 0.0762439 seconds
Number of updated asset objects reloaded before import = 0Number of asset objects unloaded after import = 3

========================================================================
Received Import Request.
  Time since last request: 0.000030 seconds.
  path: Assets/CorgiEngine/Demos/Corgi2D/Prefabs/Environment/Mesa/Platform9.prefab
  artifactKey: Guid(cb3fc81c9fafa324c8533264abf7af76) Importer(2089858483,192608db42251d675da83286b1cce702)
Start importing Assets/CorgiEngine/Demos/Corgi2D/Prefabs/Environment/Mesa/Platform9.prefab using Guid(cb3fc81c9fafa324c8533264abf7af76) Importer(2089858483,192608db42251d675da83286b1cce702) (ScriptedImporter) -> (artifact id: '58b17dbe6a3f65126b25d202b48efc39') in 0.1249084 seconds
Number of updated asset objects reloaded before import = 0Number of asset objects unloaded after import = 8

========================================================================
Received Import Request.
  Time since last request: 0.000030 seconds.
  path: Assets/CorgiEngine/ThirdParty/MoreMountains/MMTools/Accessories/MMCamera/MMAspectRatioSafeZones.cs
  artifactKey: Guid(1425f31c35afe2d43944511ec551d73b) Importer(2089858483,192608db42251d675da83286b1cce702)
Start importing Assets/CorgiEngine/ThirdParty/MoreMountains/MMTools/Accessories/MMCamera/MMAspectRatioSafeZones.cs using Guid(1425f31c35afe2d43944511ec551d73b) Importer(2089858483,192608db42251d675da83286b1cce702) (ScriptedImporter) -> (artifact id: '68d09b82fe8a746a8533ab124bded0b6') in 0.0226711 seconds
Number of updated asset objects reloaded before import = 0Number of asset objects unloaded after import = 0

========================================================================
Received Import Request.
  Time since last request: 0.000097 seconds.
  path: Assets/CorgiEngine/ThirdParty/MoreMountains/MMTools/Core/MMExtensions/MMDictionaryExtensions.cs
  artifactKey: Guid(122b2359ffbe5164db4f3af49fcd7c1a) Importer(2089858483,192608db42251d675da83286b1cce702)
Start importing Assets/CorgiEngine/ThirdParty/MoreMountains/MMTools/Core/MMExtensions/MMDictionaryExtensions.cs using Guid(122b2359ffbe5164db4f3af49fcd7c1a) Importer(2089858483,192608db42251d675da83286b1cce702) (ScriptedImporter) -> (artifact id: '92436bead758d9eac1ac284d5d95466e') in 0.0241653 seconds
Number of updated asset objects reloaded before import = 0Number of asset objects unloaded after import = 0

========================================================================
Received Import Request.
  Time since last request: 0.000128 seconds.
  path: Assets/CorgiEngine/ThirdParty/MoreMountains/MMFeedbacks/Demos/SequencingDemo/Textures/wip/Rocks21_AO.png
  artifactKey: Guid(8c0cb98ea0c53c846bf6fc8fe819b4f2) Importer(2089858483,192608db42251d675da83286b1cce702)
Start importing Assets/CorgiEngine/ThirdParty/MoreMountains/MMFeedbacks/Demos/SequencingDemo/Textures/wip/Rocks21_AO.png using Guid(8c0cb98ea0c53c846bf6fc8fe819b4f2) Importer(2089858483,192608db42251d675da83286b1cce702) (ScriptedImporter) -> (artifact id: '81ebb72210144324b4ed30d9b33cc0d0') in 0.0647303 seconds
Number of updated asset objects reloaded before import = 0Number of asset objects unloaded after import = 1

========================================================================
Received Import Request.
  Time since last request: 0.000022 seconds.
  path: Assets/CorgiEngine/Demos/Corgi2D/Prefabs/Environment/Trees/Grass5.prefab
  artifactKey: Guid(90fba61e4ebd38f4ca7a0c6e04848331) Importer(2089858483,192608db42251d675da83286b1cce702)
Start importing Assets/CorgiEngine/Demos/Corgi2D/Prefabs/Environment/Trees/Grass5.prefab using Guid(90fba61e4ebd38f4ca7a0c6e04848331) Importer(2089858483,192608db42251d675da83286b1cce702) (ScriptedImporter) -> (artifact id: '5c52cb12ccbe756f742d8b0be1b972a6') in 0.0470167 seconds
Number of updated asset objects reloaded before import = 0Number of asset objects unloaded after import = 8

========================================================================
Received Import Request.
  Time since last request: 0.000032 seconds.
  path: Assets/CorgiEngine/Demos/Minimal/Prefabs/Weapons/RegularWeapons/MinimalMachineGun.prefab
  artifactKey: Guid(7533db6bd09ce5741a0676083af06fee) Importer(2089858483,192608db42251d675da83286b1cce702)
Start importing Assets/CorgiEngine/Demos/Minimal/Prefabs/Weapons/RegularWeapons/MinimalMachineGun.prefab using Guid(7533db6bd09ce5741a0676083af06fee) Importer(2089858483,192608db42251d675da83286b1cce702) (ScriptedImporter) -> (artifact id: '3e2008da5c00da816f5eaedf3ddb0a88') in 0.1006907 seconds
Number of updated asset objects reloaded before import = 0Number of asset objects unloaded after import = 69

========================================================================
Received Import Request.
  Time since last request: 0.000031 seconds.
  path: Assets/CorgiEngine/ThirdParty/MoreMountains/MMTools/Accessories/Editor/MMParticles/MMTrailRendererSortingLayerEditor.cs
  artifactKey: Guid(f767333d7f0eaf24892e4778169d0d37) Importer(2089858483,192608db42251d675da83286b1cce702)
Start importing Assets/CorgiEngine/ThirdParty/MoreMountains/MMTools/Accessories/Editor/MMParticles/MMTrailRendererSortingLayerEditor.cs using Guid(f767333d7f0eaf24892e4778169d0d37) Importer(2089858483,192608db42251d675da83286b1cce702) (ScriptedImporter) -> (artifact id: 'c3bb17bb6155bbe30375f6fe709ee4a0') in 0.0221308 seconds
Number of updated asset objects reloaded before import = 0Number of asset objects unloaded after import = 0

========================================================================
Received Import Request.
  Time since last request: 0.000058 seconds.
  path: Assets/CorgiEngine/ThirdParty/MoreMountains/MMInterface/Styles/Mini/Prefabs/Buttons/LightGreen/ButtonCircleSoundOff.prefab
  artifactKey: Guid(3d72dd53dcc20de43b3a1522b15c089f) Importer(2089858483,192608db42251d675da83286b1cce702)
Start importing Assets/CorgiEngine/ThirdParty/MoreMountains/MMInterface/Styles/Mini/Prefabs/Buttons/LightGreen/ButtonCircleSoundOff.prefab using Guid(3d72dd53dcc20de43b3a1522b15c089f) Importer(2089858483,192608db42251d675da83286b1cce702) (ScriptedImporter) -> (artifact id: 'c7bab2fc87f1cc5965a0a4aae28f8ca5') in 0.0485087 seconds
Number of updated asset objects reloaded before import = 0Number of asset objects unloaded after import = 42

========================================================================
Received Import Request.
  Time since last request: 0.000042 seconds.
  path: Assets/CorgiEngine/ThirdParty/MoreMountains/MMInterface/Styles/Mini/Prefabs/Buttons/Grey/ButtonCircleGear.prefab
  artifactKey: Guid(caa7a17e341c610479e1f5154552f9bc) Importer(2089858483,192608db42251d675da83286b1cce702)
Start importing Assets/CorgiEngine/ThirdParty/MoreMountains/MMInterface/Styles/Mini/Prefabs/Buttons/Grey/ButtonCircleGear.prefab using Guid(caa7a17e341c610479e1f5154552f9bc) Importer(2089858483,192608db42251d675da83286b1cce702) (ScriptedImporter) -> (artifact id: 'e0b154dcc92d8ed7ef62267ce33c6af0') in 0.052691 seconds
Number of updated asset objects reloaded before import = 0Number of asset objects unloaded after import = 42

========================================================================
Received Import Request.
  Time since last request: 0.000025 seconds.
  path: Assets/CorgiEngine/ThirdParty/MoreMountains/MMInterface/Common/Sounds/Bleep.wav
  artifactKey: Guid(c95074a23f4d5e04d80c9daa2e015c1e) Importer(2089858483,192608db42251d675da83286b1cce702)
Start importing Assets/CorgiEngine/ThirdParty/MoreMountains/MMInterface/Common/Sounds/Bleep.wav using Guid(c95074a23f4d5e04d80c9daa2e015c1e) Importer(2089858483,192608db42251d675da83286b1cce702) (ScriptedImporter) -> (artifact id: '2b3f60d85870e67630512698efb24c72') in 0.1277161 seconds
Number of updated asset objects reloaded before import = 0Number of asset objects unloaded after import = 1

========================================================================
Received Import Request.
  Time since last request: 0.000041 seconds.
  path: Assets/CorgiEngine/ThirdParty/MoreMountains/MMTools/Foundation/MMControls/MMTouchRepositionableJoystick.cs
  artifactKey: Guid(1a60ed48e41f7574f890b8669d6fbfe0) Importer(2089858483,192608db42251d675da83286b1cce702)
Start importing Assets/CorgiEngine/ThirdParty/MoreMountains/MMTools/Foundation/MMControls/MMTouchRepositionableJoystick.cs using Guid(1a60ed48e41f7574f890b8669d6fbfe0) Importer(2089858483,192608db42251d675da83286b1cce702) (ScriptedImporter) -> (artifact id: '0d0d0b232ccd2c5660c87c3afd5ce9e7') in 0.025121 seconds
Number of updated asset objects reloaded before import = 0Number of asset objects unloaded after import = 0

========================================================================
Received Import Request.
  Time since last request: 0.000047 seconds.
  path: Assets/CorgiEngine/Demos/Retro/Tilemaps/RetroRocks/RetroRocks_45.asset
  artifactKey: Guid(d206c9cc4079a47642152d93990c7844) Importer(2089858483,192608db42251d675da83286b1cce702)
Start importing Assets/CorgiEngine/Demos/Retro/Tilemaps/RetroRocks/RetroRocks_45.asset using Guid(d206c9cc4079a47642152d93990c7844) Importer(2089858483,192608db42251d675da83286b1cce702) (ScriptedImporter) -> (artifact id: '12e9ea8ed91852d4366be92eff1b1e44') in 0.0293637 seconds
Number of updated asset objects reloaded before import = 0Number of asset objects unloaded after import = 2

========================================================================
Received Import Request.
  Time since last request: 0.000027 seconds.
  path: Assets/CorgiEngine/ThirdParty/MoreMountains/MMFeedbacks/MMFeedbacksForThirdParty/UIToolkit/Feedbacks/MMF_UIToolkitText.cs
  artifactKey: Guid(1beb22790c538de4180c96ef7cbd68a6) Importer(2089858483,192608db42251d675da83286b1cce702)
Start importing Assets/CorgiEngine/ThirdParty/MoreMountains/MMFeedbacks/MMFeedbacksForThirdParty/UIToolkit/Feedbacks/MMF_UIToolkitText.cs using Guid(1beb22790c538de4180c96ef7cbd68a6) Importer(2089858483,192608db42251d675da83286b1cce702) (ScriptedImporter) -> (artifact id: '9e73d7794fc59e461372de3cff8eaae6') in 0.0309835 seconds
Number of updated asset objects reloaded before import = 0Number of asset objects unloaded after import = 0

========================================================================
Received Import Request.
  Time since last request: 0.000022 seconds.
  path: Assets/CorgiEngine/Demos/Minimal/Prefabs/Weapons/RegularWeapons/MinimalGrenadeLauncher.prefab
  artifactKey: Guid(acc6dad5f3b001049a18a120d424598d) Importer(2089858483,192608db42251d675da83286b1cce702)
Start importing Assets/CorgiEngine/Demos/Minimal/Prefabs/Weapons/RegularWeapons/MinimalGrenadeLauncher.prefab using Guid(acc6dad5f3b001049a18a120d424598d) Importer(2089858483,192608db42251d675da83286b1cce702) (ScriptedImporter) -> (artifact id: 'd4916a1a4c41fbf5a64262e747f02839') in 0.093845 seconds
Number of updated asset objects reloaded before import = 0Number of asset objects unloaded after import = 62

========================================================================
Received Import Request.
  Time since last request: 0.000031 seconds.
  path: Assets/CorgiEngine/ThirdParty/MoreMountains/MMFeedbacks/Demos/SequencingDemo/Textures/Tiles33_col.png
  artifactKey: Guid(3dc850ab82cbc9547b13c66d1f0fcc50) Importer(2089858483,192608db42251d675da83286b1cce702)
Start importing Assets/CorgiEngine/ThirdParty/MoreMountains/MMFeedbacks/Demos/SequencingDemo/Textures/Tiles33_col.png using Guid(3dc850ab82cbc9547b13c66d1f0fcc50) Importer(2089858483,192608db42251d675da83286b1cce702) (ScriptedImporter) -> (artifact id: '193775aa417201ba41dc0a7799c3c24c') in 0.0469939 seconds
Number of updated asset objects reloaded before import = 0Number of asset objects unloaded after import = 1

========================================================================
Received Import Request.
  Time since last request: 0.000034 seconds.
  path: Assets/CorgiEngine/Demos/Corgi2D/Sprites/Environment/Mesa/mesa-background-3.png
  artifactKey: Guid(3e0c7b939ea623c46ab1df7d7284c51e) Importer(2089858483,192608db42251d675da83286b1cce702)
Start importing Assets/CorgiEngine/Demos/Corgi2D/Sprites/Environment/Mesa/mesa-background-3.png using Guid(3e0c7b939ea623c46ab1df7d7284c51e) Importer(2089858483,192608db42251d675da83286b1cce702) (ScriptedImporter) -> (artifact id: 'e204a0464b5e82805b788d80b7c61a71') in 0.0602392 seconds
Number of updated asset objects reloaded before import = 0Number of asset objects unloaded after import = 3

========================================================================
Received Import Request.
  Time since last request: 0.000028 seconds.
  path: Assets/CorgiEngine/Demos/Corgi2D/Sprites/Environment/Mesa/mesa-background.png
  artifactKey: Guid(f794a3e23f7f4f148a7585bcc86e617a) Importer(2089858483,192608db42251d675da83286b1cce702)
Start importing Assets/CorgiEngine/Demos/Corgi2D/Sprites/Environment/Mesa/mesa-background.png using Guid(f794a3e23f7f4f148a7585bcc86e617a) Importer(2089858483,192608db42251d675da83286b1cce702) (ScriptedImporter) -> (artifact id: 'fd24f0bf6f4578444e84203d991ca6b2') in 0.0534363 seconds
Number of updated asset objects reloaded before import = 0Number of asset objects unloaded after import = 3

========================================================================
Received Import Request.
  Time since last request: 0.000041 seconds.
  path: Assets/CorgiEngine/ThirdParty/MoreMountains/MMInterface/Styles/Mini/Prefabs/Buttons/Purple/ButtonCircleSoundOff.prefab
  artifactKey: Guid(24e54ae7adda78d41ba9d954e672a3fc) Importer(2089858483,192608db42251d675da83286b1cce702)
Start importing Assets/CorgiEngine/ThirdParty/MoreMountains/MMInterface/Styles/Mini/Prefabs/Buttons/Purple/ButtonCircleSoundOff.prefab using Guid(24e54ae7adda78d41ba9d954e672a3fc) Importer(2089858483,192608db42251d675da83286b1cce702) (ScriptedImporter) -> (artifact id: '578f664282b397b6c4ff5d1ef19d9590') in 0.0379783 seconds
Number of updated asset objects reloaded before import = 0Number of asset objects unloaded after import = 42

========================================================================
Received Import Request.
  Time since last request: 0.000056 seconds.
  path: Assets/CorgiEngine/Demos/TheHunt/Models/Soldier/Red@Roll.fbx
  artifactKey: Guid(7d5ecfe3ae415f44bb835fe1502137c3) Importer(2089858483,192608db42251d675da83286b1cce702)
Start importing Assets/CorgiEngine/Demos/TheHunt/Models/Soldier/Red@Roll.fbx using Guid(7d5ecfe3ae415f44bb835fe1502137c3) Importer(2089858483,192608db42251d675da83286b1cce702) (ScriptedImporter) -> (artifact id: '4232c3c65716d8ca57ca2f7285647c41') in 0.0488261 seconds
Number of updated asset objects reloaded before import = 0Number of asset objects unloaded after import = 66

========================================================================
Received Import Request.
  Time since last request: 0.000021 seconds.
  path: Assets/CorgiEngine/Demos/Corgi2D/Sprites/Environment/Mesa/platforms.png
  artifactKey: Guid(da9b766ea41ff8641a369fe1c9710d5f) Importer(2089858483,192608db42251d675da83286b1cce702)
Start importing Assets/CorgiEngine/Demos/Corgi2D/Sprites/Environment/Mesa/platforms.png using Guid(da9b766ea41ff8641a369fe1c9710d5f) Importer(2089858483,192608db42251d675da83286b1cce702) (ScriptedImporter) -> (artifact id: '96d6f440f29b3f0724365fa0ede3c6b3') in 0.1625696 seconds
Number of updated asset objects reloaded before import = 0Number of asset objects unloaded after import = 29

========================================================================
Received Import Request.
  Time since last request: 0.000030 seconds.
  path: Assets/CorgiEngine/ThirdParty/MoreMountains/InventoryEngine/Demos/PixelRogue/Sprites/Adventurer.png
  artifactKey: Guid(e8e3b7691aa7ca7458f64e04cb4830bf) Importer(2089858483,192608db42251d675da83286b1cce702)
Start importing Assets/CorgiEngine/ThirdParty/MoreMountains/InventoryEngine/Demos/PixelRogue/Sprites/Adventurer.png using Guid(e8e3b7691aa7ca7458f64e04cb4830bf) Importer(2089858483,192608db42251d675da83286b1cce702) (ScriptedImporter) -> (artifact id: '26b08aefa2ae1b7be28549064b546a76') in 0.0989093 seconds
Number of updated asset objects reloaded before import = 0Number of asset objects unloaded after import = 15

========================================================================
Received Import Request.
  Time since last request: 0.000062 seconds.
  path: Assets/CorgiEngine/ThirdParty/MoreMountains/InventoryEngine/Demos/PixelRogue/Minimal1.unity
  artifactKey: Guid(b7b14cfcf997f4d40a54d4eee5f33401) Importer(2089858483,192608db42251d675da83286b1cce702)
Start importing Assets/CorgiEngine/ThirdParty/MoreMountains/InventoryEngine/Demos/PixelRogue/Minimal1.unity using Guid(b7b14cfcf997f4d40a54d4eee5f33401) Importer(2089858483,192608db42251d675da83286b1cce702) (ScriptedImporter) -> (artifact id: '2ba6007ea851c74d3dd1f477731cf577') in 0.0286786 seconds
Number of updated asset objects reloaded before import = 0Number of asset objects unloaded after import = 1

========================================================================
Received Import Request.
  Time since last request: 0.000026 seconds.
  path: Assets/CorgiEngine/Demos/Retro/Tilemaps/RetroRocks/RetroRocks_20.asset
  artifactKey: Guid(fdccf13b1bdd353cf884741e7b97bfa4) Importer(2089858483,192608db42251d675da83286b1cce702)
Start importing Assets/CorgiEngine/Demos/Retro/Tilemaps/RetroRocks/RetroRocks_20.asset using Guid(fdccf13b1bdd353cf884741e7b97bfa4) Importer(2089858483,192608db42251d675da83286b1cce702) (ScriptedImporter) -> (artifact id: '026172d1541f117e09e6b51834a44026') in 0.0320077 seconds
Number of updated asset objects reloaded before import = 0Number of asset objects unloaded after import = 2

========================================================================
Received Import Request.
  Time since last request: 0.000040 seconds.
  path: Assets/CorgiEngine/Demos/Retro/Tilemaps/RetroCave/RetroCave_40.asset
  artifactKey: Guid(fd0c4726a173fab27d867810fc0ba53e) Importer(2089858483,192608db42251d675da83286b1cce702)
Start importing Assets/CorgiEngine/Demos/Retro/Tilemaps/RetroCave/RetroCave_40.asset using Guid(fd0c4726a173fab27d867810fc0ba53e) Importer(2089858483,192608db42251d675da83286b1cce702) (ScriptedImporter) -> (artifact id: '70f56560122e3dbbbe0982a2998e0e2c') in 0.0354748 seconds
Number of updated asset objects reloaded before import = 0Number of asset objects unloaded after import = 2

========================================================================
Received Import Request.
  Time since last request: 0.000022 seconds.
  path: Assets/CorgiEngine/Common/Scripts/Agents/AI/Advanced/AIDecisionTargetIsAlive.cs
  artifactKey: Guid(021bfbd16b171384b847c7310a93b205) Importer(2089858483,192608db42251d675da83286b1cce702)
Start importing Assets/CorgiEngine/Common/Scripts/Agents/AI/Advanced/AIDecisionTargetIsAlive.cs using Guid(021bfbd16b171384b847c7310a93b205) Importer(2089858483,192608db42251d675da83286b1cce702) (ScriptedImporter) -> (artifact id: 'ff444937a63bf7352fc101c9ffe11d06') in 0.0219779 seconds
Number of updated asset objects reloaded before import = 0Number of asset objects unloaded after import = 0

========================================================================
Received Import Request.
  Time since last request: 0.000074 seconds.
  path: Assets/CorgiEngine/Demos/Corgi2D/Sprites/Environment/Mountains/mountains-bricks.png
  artifactKey: Guid(fd7069c187c791140866c0cb60a5a045) Importer(2089858483,192608db42251d675da83286b1cce702)
Start importing Assets/CorgiEngine/Demos/Corgi2D/Sprites/Environment/Mountains/mountains-bricks.png using Guid(fd7069c187c791140866c0cb60a5a045) Importer(2089858483,192608db42251d675da83286b1cce702) (ScriptedImporter) -> (artifact id: '4e256dd016adc70d6f6be423768955c1') in 0.3032933 seconds
Number of updated asset objects reloaded before import = 0Number of asset objects unloaded after import = 62

========================================================================
Received Import Request.
  Time since last request: 0.000036 seconds.
  path: Assets/CorgiEngine/Demos/Corgi2D/Prefabs/Environment/Props/BlueVortex.prefab
  artifactKey: Guid(1e04f485dfb67cb4ebdafa85ad4db939) Importer(2089858483,192608db42251d675da83286b1cce702)
Start importing Assets/CorgiEngine/Demos/Corgi2D/Prefabs/Environment/Props/BlueVortex.prefab using Guid(1e04f485dfb67cb4ebdafa85ad4db939) Importer(2089858483,192608db42251d675da83286b1cce702) (ScriptedImporter) -> (artifact id: '5d562cf303685e12feefac1b1843fa80') in 0.1541473 seconds
Number of updated asset objects reloaded before import = 0Number of asset objects unloaded after import = 21

========================================================================
Received Import Request.
  Time since last request: 0.000037 seconds.
  path: Assets/CorgiEngine/ThirdParty/MoreMountains/MMTools/Accessories/Editor/MMMovement/MMPathMovement/MMPathMovementEditor.cs
  artifactKey: Guid(80063623289ee3e49b584d00f3a90a32) Importer(2089858483,192608db42251d675da83286b1cce702)
Start importing Assets/CorgiEngine/ThirdParty/MoreMountains/MMTools/Accessories/Editor/MMMovement/MMPathMovement/MMPathMovementEditor.cs using Guid(80063623289ee3e49b584d00f3a90a32) Importer(2089858483,192608db42251d675da83286b1cce702) (ScriptedImporter) -> (artifact id: '8db0d18944e34dffb764c1674159e955') in 0.0257678 seconds
Number of updated asset objects reloaded before import = 0Number of asset objects unloaded after import = 0

========================================================================
Received Import Request.
  Time since last request: 0.000066 seconds.
  path: Assets/CorgiEngine/Demos/Retro/Tilemaps/RetroCave/RetroCave_36.asset
  artifactKey: Guid(cce37ed035aa076920275627e4072fea) Importer(2089858483,192608db42251d675da83286b1cce702)
Start importing Assets/CorgiEngine/Demos/Retro/Tilemaps/RetroCave/RetroCave_36.asset using Guid(cce37ed035aa076920275627e4072fea) Importer(2089858483,192608db42251d675da83286b1cce702) (ScriptedImporter) -> (artifact id: 'bb586f805e680e8f32ca53ee8a5bd0fd') in 0.0342936 seconds
Number of updated asset objects reloaded before import = 0Number of asset objects unloaded after import = 2

========================================================================
Received Import Request.
  Time since last request: 0.000034 seconds.
  path: Assets/CorgiEngine/ThirdParty/MoreMountains/MMFeedbacks/Demos/SequencingDemo/Textures/PaintedMetal02_mask.png
  artifactKey: Guid(16da1d1a37b324c488b16e2b6de1f689) Importer(2089858483,192608db42251d675da83286b1cce702)
Start importing Assets/CorgiEngine/ThirdParty/MoreMountains/MMFeedbacks/Demos/SequencingDemo/Textures/PaintedMetal02_mask.png using Guid(16da1d1a37b324c488b16e2b6de1f689) Importer(2089858483,192608db42251d675da83286b1cce702) (ScriptedImporter) -> (artifact id: '96edcbea5df2f77b0095636fd6ecd440') in 0.0742465 seconds
Number of updated asset objects reloaded before import = 0Number of asset objects unloaded after import = 1

========================================================================
Received Import Request.
  Time since last request: 0.000030 seconds.
  path: Assets/CorgiEngine/ThirdParty/MoreMountains/MMTools/Core/Editor/MMAttributes/MMHiddenAttributeDrawer.cs
  artifactKey: Guid(ac53bf83e8327014bbc73944dfec5ff8) Importer(2089858483,192608db42251d675da83286b1cce702)
Start importing Assets/CorgiEngine/ThirdParty/MoreMountains/MMTools/Core/Editor/MMAttributes/MMHiddenAttributeDrawer.cs using Guid(ac53bf83e8327014bbc73944dfec5ff8) Importer(2089858483,192608db42251d675da83286b1cce702) (ScriptedImporter) -> (artifact id: 'addac97a125f329735e8629608e4573e') in 0.0311656 seconds
Number of updated asset objects reloaded before import = 0Number of asset objects unloaded after import = 0

========================================================================
Received Import Request.
  Time since last request: 0.000126 seconds.
  path: Assets/CorgiEngine/ThirdParty/MoreMountains/MMInterface/Styles/Mini/Prefabs/Buttons/DarkGrey/ButtonRound.prefab
  artifactKey: Guid(81976bc3f021ee942a811d37d40f9391) Importer(2089858483,192608db42251d675da83286b1cce702)
Start importing Assets/CorgiEngine/ThirdParty/MoreMountains/MMInterface/Styles/Mini/Prefabs/Buttons/DarkGrey/ButtonRound.prefab using Guid(81976bc3f021ee942a811d37d40f9391) Importer(2089858483,192608db42251d675da83286b1cce702) (ScriptedImporter) -> (artifact id: 'e14d55666b92155950085de72fd3ee8a') in 0.0536916 seconds
Number of updated asset objects reloaded before import = 0Number of asset objects unloaded after import = 44

========================================================================
Received Import Request.
  Time since last request: 0.000036 seconds.
  path: Assets/CorgiEngine/ThirdParty/MoreMountains/MMTools/Core/MMAudio/MMSoundManager/Events/MMSoundManagerSoundFadeEvent.cs
  artifactKey: Guid(4b96a37932e03d84586c714caa05bf79) Importer(2089858483,192608db42251d675da83286b1cce702)
Start importing Assets/CorgiEngine/ThirdParty/MoreMountains/MMTools/Core/MMAudio/MMSoundManager/Events/MMSoundManagerSoundFadeEvent.cs using Guid(4b96a37932e03d84586c714caa05bf79) Importer(2089858483,192608db42251d675da83286b1cce702) (ScriptedImporter) -> (artifact id: 'b31194e5f433e354aea216652b1f364d') in 0.0325502 seconds
Number of updated asset objects reloaded before import = 0Number of asset objects unloaded after import = 0

========================================================================
Received Import Request.
  Time since last request: 0.000036 seconds.
  path: Assets/CorgiEngine/ThirdParty/MoreMountains/MMInterface/Styles/Mini/Fonts/Lato/Lato-HeavyItalic.ttf
  artifactKey: Guid(864da26a57ce9ae4eb58cace8e01432a) Importer(2089858483,192608db42251d675da83286b1cce702)
Start importing Assets/CorgiEngine/ThirdParty/MoreMountains/MMInterface/Styles/Mini/Fonts/Lato/Lato-HeavyItalic.ttf using Guid(864da26a57ce9ae4eb58cace8e01432a) Importer(2089858483,192608db42251d675da83286b1cce702) (ScriptedImporter) -> (artifact id: '5d54137b0e35bdfb7a3c08faf6495edc') in 0.0422506 seconds
Number of updated asset objects reloaded before import = 0Number of asset objects unloaded after import = 3

========================================================================
Received Import Request.
  Time since last request: 0.000023 seconds.
  path: Assets/CorgiEngine/ThirdParty/MoreMountains/MMTools/Core/MMSaveLoad/MMSaveLoadTestScene.unity
  artifactKey: Guid(a74b1b5d357902346825fdfd125ea399) Importer(2089858483,192608db42251d675da83286b1cce702)
Start importing Assets/CorgiEngine/ThirdParty/MoreMountains/MMTools/Core/MMSaveLoad/MMSaveLoadTestScene.unity using Guid(a74b1b5d357902346825fdfd125ea399) Importer(2089858483,192608db42251d675da83286b1cce702) (ScriptedImporter) -> (artifact id: '3e1dc71d4bfef42c3b09c96ae71acc98') in 0.0299758 seconds
Number of updated asset objects reloaded before import = 0Number of asset objects unloaded after import = 1

========================================================================
Received Import Request.
  Time since last request: 0.000027 seconds.
  path: Assets/CorgiEngine/ThirdParty/MoreMountains/MMInterface/Styles/Mini/Prefabs/Buttons/Green/ButtonCircleSoundOff.prefab
  artifactKey: Guid(fd1cf89ab0ade7243993d7dc548f891c) Importer(2089858483,192608db42251d675da83286b1cce702)
Start importing Assets/CorgiEngine/ThirdParty/MoreMountains/MMInterface/Styles/Mini/Prefabs/Buttons/Green/ButtonCircleSoundOff.prefab using Guid(fd1cf89ab0ade7243993d7dc548f891c) Importer(2089858483,192608db42251d675da83286b1cce702) (ScriptedImporter) -> (artifact id: '3d47cc1c97b35212f5baa22ec66d079b') in 0.0497838 seconds
Number of updated asset objects reloaded before import = 0Number of asset objects unloaded after import = 42

========================================================================
Received Import Request.
  Time since last request: 0.000021 seconds.
  path: Assets/CorgiEngine/ThirdParty/MoreMountains/MMTools/Foundation/MMAnimation/MMAnimationModifier.cs
  artifactKey: Guid(6ba4bd496d6656d4da1541ce7071ed10) Importer(2089858483,192608db42251d675da83286b1cce702)
Start importing Assets/CorgiEngine/ThirdParty/MoreMountains/MMTools/Foundation/MMAnimation/MMAnimationModifier.cs using Guid(6ba4bd496d6656d4da1541ce7071ed10) Importer(2089858483,192608db42251d675da83286b1cce702) (ScriptedImporter) -> (artifact id: 'e94a49f8180993388846f4262e4a89f9') in 0.0219802 seconds
Number of updated asset objects reloaded before import = 0Number of asset objects unloaded after import = 0

========================================================================
Received Import Request.
  Time since last request: 0.000088 seconds.
  path: Assets/CorgiEngine/Demos/Retro/Sprites/RetroVFX/RetroSmoke6.png
  artifactKey: Guid(366bdae076c3d2b4f87e47b210729764) Importer(2089858483,192608db42251d675da83286b1cce702)
Start importing Assets/CorgiEngine/Demos/Retro/Sprites/RetroVFX/RetroSmoke6.png using Guid(366bdae076c3d2b4f87e47b210729764) Importer(2089858483,192608db42251d675da83286b1cce702) (ScriptedImporter) -> (artifact id: '49cb3565f982beccbe1a3cfe6da46392') in 0.0545532 seconds
Number of updated asset objects reloaded before import = 0Number of asset objects unloaded after import = 3

========================================================================
Received Import Request.
  Time since last request: 0.000025 seconds.
  path: Assets/CorgiEngine/ThirdParty/MoreMountains/MMInterface/Common/Scripts/MMScrollviewButton.cs
  artifactKey: Guid(2a32a67552ba1f54dba0279a99a662ff) Importer(2089858483,192608db42251d675da83286b1cce702)
Start importing Assets/CorgiEngine/ThirdParty/MoreMountains/MMInterface/Common/Scripts/MMScrollviewButton.cs using Guid(2a32a67552ba1f54dba0279a99a662ff) Importer(2089858483,192608db42251d675da83286b1cce702) (ScriptedImporter) -> (artifact id: 'd2166d81b78b957f93c69ab32ac0b249') in 0.0242715 seconds
Number of updated asset objects reloaded before import = 0Number of asset objects unloaded after import = 0

========================================================================
Received Import Request.
  Time since last request: 0.000040 seconds.
  path: Assets/CorgiEngine/ThirdParty/MoreMountains/MMInterface/Common/Sounds/Success3.wav
  artifactKey: Guid(57213d61af83b4e48a01d1a5bc6fe980) Importer(2089858483,192608db42251d675da83286b1cce702)
Start importing Assets/CorgiEngine/ThirdParty/MoreMountains/MMInterface/Common/Sounds/Success3.wav using Guid(57213d61af83b4e48a01d1a5bc6fe980) Importer(2089858483,192608db42251d675da83286b1cce702) (ScriptedImporter) -> (artifact id: '6c8d7098b3504c6ddca8fccdc53f53af') in 0.0886998 seconds
Number of updated asset objects reloaded before import = 0Number of asset objects unloaded after import = 1

========================================================================
Received Import Request.
  Time since last request: 0.000030 seconds.
  path: Assets/CorgiEngine/Demos/Corgi2D/Animations/SpaceCorgi/SpaceCorgiJump/spaceCorgiJump16.anim
  artifactKey: Guid(4d2908799f8c60a448d0e2c1147d4474) Importer(2089858483,192608db42251d675da83286b1cce702)
Start importing Assets/CorgiEngine/Demos/Corgi2D/Animations/SpaceCorgi/SpaceCorgiJump/spaceCorgiJump16.anim using Guid(4d2908799f8c60a448d0e2c1147d4474) Importer(2089858483,192608db42251d675da83286b1cce702) (ScriptedImporter) -> (artifact id: '2a56d025a4458e9e82b5fe92896be89e') in 0.027134 seconds
Number of updated asset objects reloaded before import = 0Number of asset objects unloaded after import = 1

========================================================================
Received Import Request.
  Time since last request: 0.000068 seconds.
  path: Assets/CorgiEngine/ThirdParty/MoreMountains/MMInterface/Styles/Mini/Prefabs/Buttons/Cyan/ButtonCircleMusic.prefab
  artifactKey: Guid(fd51287fb5d048448bab23572508ad86) Importer(2089858483,192608db42251d675da83286b1cce702)
Start importing Assets/CorgiEngine/ThirdParty/MoreMountains/MMInterface/Styles/Mini/Prefabs/Buttons/Cyan/ButtonCircleMusic.prefab using Guid(fd51287fb5d048448bab23572508ad86) Importer(2089858483,192608db42251d675da83286b1cce702) (ScriptedImporter) -> (artifact id: '063cf2efbd06b44dd5e54c67b00a526b') in 0.042823 seconds
Number of updated asset objects reloaded before import = 0Number of asset objects unloaded after import = 41

========================================================================
Received Import Request.
  Time since last request: 0.000025 seconds.
  path: Assets/CorgiEngine/ThirdParty/MoreMountains/MMTools/Accessories/MMVFX/MMParticles/MMParticlesHit.png
  artifactKey: Guid(fd0523ff6a921744c8eb12d6d609a2ba) Importer(2089858483,192608db42251d675da83286b1cce702)
Start importing Assets/CorgiEngine/ThirdParty/MoreMountains/MMTools/Accessories/MMVFX/MMParticles/MMParticlesHit.png using Guid(fd0523ff6a921744c8eb12d6d609a2ba) Importer(2089858483,192608db42251d675da83286b1cce702) (ScriptedImporter) -> (artifact id: 'bb48af449706d55fb5f15aba4c4ae988') in 0.0629435 seconds
Number of updated asset objects reloaded before import = 0Number of asset objects unloaded after import = 1

========================================================================
Received Import Request.
  Time since last request: 0.000024 seconds.
  path: Assets/CorgiEngine/ThirdParty/MoreMountains/MMFeedbacks/MMFeedbacksForThirdParty/PostProcessing/Shakers/MMColorGradingShaker.cs
  artifactKey: Guid(416f266b197306a49975dadec6e05526) Importer(2089858483,192608db42251d675da83286b1cce702)
Start importing Assets/CorgiEngine/ThirdParty/MoreMountains/MMFeedbacks/MMFeedbacksForThirdParty/PostProcessing/Shakers/MMColorGradingShaker.cs using Guid(416f266b197306a49975dadec6e05526) Importer(2089858483,192608db42251d675da83286b1cce702) (ScriptedImporter) -> (artifact id: '888c03caab1925fb005d98775b4b7def') in 0.0237723 seconds
Number of updated asset objects reloaded before import = 0Number of asset objects unloaded after import = 0

========================================================================
Received Import Request.
  Time since last request: 0.000057 seconds.
  path: Assets/CorgiEngine/ThirdParty/MoreMountains/MMTools/Core/MMHelpers/MMMaths.cs
  artifactKey: Guid(fc798aa25d3634ebbb996c8d60ace648) Importer(2089858483,192608db42251d675da83286b1cce702)
Start importing Assets/CorgiEngine/ThirdParty/MoreMountains/MMTools/Core/MMHelpers/MMMaths.cs using Guid(fc798aa25d3634ebbb996c8d60ace648) Importer(2089858483,192608db42251d675da83286b1cce702) (ScriptedImporter) -> (artifact id: '58e7ee923e59a32288ec85682b7e6c60') in 0.0220507 seconds
Number of updated asset objects reloaded before import = 0Number of asset objects unloaded after import = 0

========================================================================
Received Import Request.
  Time since last request: 0.000059 seconds.
  path: Assets/CorgiEngine/ThirdParty/MoreMountains/MMTools/Core/MMExtensions/MMRectTransformExtensions.cs
  artifactKey: Guid(766d979625785dc48aecf8835de77661) Importer(2089858483,192608db42251d675da83286b1cce702)
Start importing Assets/CorgiEngine/ThirdParty/MoreMountains/MMTools/Core/MMExtensions/MMRectTransformExtensions.cs using Guid(766d979625785dc48aecf8835de77661) Importer(2089858483,192608db42251d675da83286b1cce702) (ScriptedImporter) -> (artifact id: '5184d8ed6ea0901c097dc7c141bcfe1e') in 0.0306597 seconds
Number of updated asset objects reloaded before import = 0Number of asset objects unloaded after import = 0

========================================================================
Received Import Request.
  Time since last request: 0.000057 seconds.
  path: Assets/CorgiEngine/Demos/Corgi2D/Prefabs/Environment/Mesa/Platform10.prefab
  artifactKey: Guid(67a3a0781677c834bbcf4b9ab1988288) Importer(2089858483,192608db42251d675da83286b1cce702)
Start importing Assets/CorgiEngine/Demos/Corgi2D/Prefabs/Environment/Mesa/Platform10.prefab using Guid(67a3a0781677c834bbcf4b9ab1988288) Importer(2089858483,192608db42251d675da83286b1cce702) (ScriptedImporter) -> (artifact id: 'e0b837b24386764c69d61307f0b174fb') in 0.0637199 seconds
Number of updated asset objects reloaded before import = 0Number of asset objects unloaded after import = 8

========================================================================
Received Import Request.
  Time since last request: 0.000067 seconds.
  path: Assets/CorgiEngine/ThirdParty/MoreMountains/MMTools/Accessories/Editor/MMVision/MMConeOfVision2DInspector.cs
  artifactKey: Guid(5b5d530aed12d5f41b876b1237c161a7) Importer(2089858483,192608db42251d675da83286b1cce702)
Start importing Assets/CorgiEngine/ThirdParty/MoreMountains/MMTools/Accessories/Editor/MMVision/MMConeOfVision2DInspector.cs using Guid(5b5d530aed12d5f41b876b1237c161a7) Importer(2089858483,192608db42251d675da83286b1cce702) (ScriptedImporter) -> (artifact id: '950d4cf3b4b51b69745aaf7d9b529ecb') in 0.0397363 seconds
Number of updated asset objects reloaded before import = 0Number of asset objects unloaded after import = 0

========================================================================
Received Import Request.
  Time since last request: 0.000095 seconds.
  path: Assets/CorgiEngine/ThirdParty/MoreMountains/MMFeedbacks/MMFeedbacksForThirdParty/HDRP/Feedbacks/MMF_Exposure_HDRP.cs
  artifactKey: Guid(fbc9fda1740ba45499291b2e305fee54) Importer(2089858483,192608db42251d675da83286b1cce702)
Start importing Assets/CorgiEngine/ThirdParty/MoreMountains/MMFeedbacks/MMFeedbacksForThirdParty/HDRP/Feedbacks/MMF_Exposure_HDRP.cs using Guid(fbc9fda1740ba45499291b2e305fee54) Importer(2089858483,192608db42251d675da83286b1cce702) (ScriptedImporter) -> (artifact id: 'e7aa279314f6ea2b1e6d5d401a876342') in 0.0321814 seconds
Number of updated asset objects reloaded before import = 0Number of asset objects unloaded after import = 0

========================================================================
Received Import Request.
  Time since last request: 0.000108 seconds.
  path: Assets/CorgiEngine/Demos/Corgi2D/Sprites/Environment/Mountains/mountains-bg-1.png
  artifactKey: Guid(12eff69e799016a47a7bfb92f911380e) Importer(2089858483,192608db42251d675da83286b1cce702)
Start importing Assets/CorgiEngine/Demos/Corgi2D/Sprites/Environment/Mountains/mountains-bg-1.png using Guid(12eff69e799016a47a7bfb92f911380e) Importer(2089858483,192608db42251d675da83286b1cce702) (ScriptedImporter) -> (artifact id: '4aca5f0180272dca2d9bd45453648ebc') in 0.0782638 seconds
Number of updated asset objects reloaded before import = 0Number of asset objects unloaded after import = 3

========================================================================
Received Import Request.
  Time since last request: 0.000054 seconds.
  path: Assets/CorgiEngine/ThirdParty/MoreMountains/MMTools/Accessories/MMTilemaps/MMTilemapGridRenderer.cs
  artifactKey: Guid(2c8fc9be87fcf9f4c99405f32483ccd1) Importer(2089858483,192608db42251d675da83286b1cce702)
Start importing Assets/CorgiEngine/ThirdParty/MoreMountains/MMTools/Accessories/MMTilemaps/MMTilemapGridRenderer.cs using Guid(2c8fc9be87fcf9f4c99405f32483ccd1) Importer(2089858483,192608db42251d675da83286b1cce702) (ScriptedImporter) -> (artifact id: 'c33156b4c3b6e0011ce6a894a3e77ba3') in 0.026999 seconds
Number of updated asset objects reloaded before import = 0Number of asset objects unloaded after import = 0

========================================================================
Received Import Request.
  Time since last request: 0.000033 seconds.
  path: Assets/CorgiEngine/ThirdParty/MoreMountains/MMFeedbacks/MMFeedbacksForThirdParty/PostProcessing/Helpers/MMPostProcessingHelpers.cs
  artifactKey: Guid(c90af9401f16038488cbc1a21e79de15) Importer(2089858483,192608db42251d675da83286b1cce702)
Start importing Assets/CorgiEngine/ThirdParty/MoreMountains/MMFeedbacks/MMFeedbacksForThirdParty/PostProcessing/Helpers/MMPostProcessingHelpers.cs using Guid(c90af9401f16038488cbc1a21e79de15) Importer(2089858483,192608db42251d675da83286b1cce702) (ScriptedImporter) -> (artifact id: '7fe0a5d75cfbe89b528d1ccffc60b7c4') in 0.0276113 seconds
Number of updated asset objects reloaded before import = 0Number of asset objects unloaded after import = 0

========================================================================
Received Import Request.
  Time since last request: 0.000126 seconds.
  path: Assets/CorgiEngine/Demos/Retro/Sprites/RetroVFX/RetroDoorParticles.mat
  artifactKey: Guid(12eb64dee314e324e8ef415ef55d7903) Importer(2089858483,192608db42251d675da83286b1cce702)
Start importing Assets/CorgiEngine/Demos/Retro/Sprites/RetroVFX/RetroDoorParticles.mat using Guid(12eb64dee314e324e8ef415ef55d7903) Importer(2089858483,192608db42251d675da83286b1cce702) (ScriptedImporter) -> (artifact id: 'c0ac6d48de392243c762d9d72d47b7de') in 0.0259271 seconds
Number of updated asset objects reloaded before import = 0Number of asset objects unloaded after import = 2

========================================================================
Received Import Request.
  Time since last request: 0.000024 seconds.
  path: Assets/CorgiEngine/Demos/SuperHipsterBros/Prefabs/Environment/HipsterPlant2.prefab
  artifactKey: Guid(6b157d5d8d1749e44b41d52027a5e226) Importer(2089858483,192608db42251d675da83286b1cce702)
Start importing Assets/CorgiEngine/Demos/SuperHipsterBros/Prefabs/Environment/HipsterPlant2.prefab using Guid(6b157d5d8d1749e44b41d52027a5e226) Importer(2089858483,192608db42251d675da83286b1cce702) (ScriptedImporter) -> (artifact id: 'ce618c4bde2044839647c1b10dfee5cf') in 0.0382488 seconds
Number of updated asset objects reloaded before import = 0Number of asset objects unloaded after import = 7

========================================================================
Received Import Request.
  Time since last request: 0.000039 seconds.
  path: Assets/CorgiEngine/ThirdParty/MoreMountains/MMInterface/Common/Animations/Buttons/Animations/MMI_ButtonShake.anim
  artifactKey: Guid(8d082b3acea9f314a93705f036df9827) Importer(2089858483,192608db42251d675da83286b1cce702)
Start importing Assets/CorgiEngine/ThirdParty/MoreMountains/MMInterface/Common/Animations/Buttons/Animations/MMI_ButtonShake.anim using Guid(8d082b3acea9f314a93705f036df9827) Importer(2089858483,192608db42251d675da83286b1cce702) (ScriptedImporter) -> (artifact id: 'da9f7aa84d545d4e16ce4d67c821c3fd') in 0.0262628 seconds
Number of updated asset objects reloaded before import = 0Number of asset objects unloaded after import = 1

========================================================================
Received Import Request.
  Time since last request: 0.000022 seconds.
  path: Assets/CorgiEngine/Demos/RetroAdventure/Prefabs/ItemPickers/RetroStar.prefab
  artifactKey: Guid(a542d791af47958478b73727f5dc237f) Importer(2089858483,192608db42251d675da83286b1cce702)
Start importing Assets/CorgiEngine/Demos/RetroAdventure/Prefabs/ItemPickers/RetroStar.prefab using Guid(a542d791af47958478b73727f5dc237f) Importer(2089858483,192608db42251d675da83286b1cce702) (ScriptedImporter) -> (artifact id: '9d6eda1e6ebe66f8fbe86576e6964924') in 0.0512978 seconds
Number of updated asset objects reloaded before import = 0Number of asset objects unloaded after import = 18

========================================================================
Received Import Request.
  Time since last request: 0.000031 seconds.
  path: Assets/CorgiEngine/ThirdParty/MoreMountains/MMFeedbacks/Demos/MMFeedbacksDemo/Scripts/DemoGhost.cs
  artifactKey: Guid(69c5c5e06e4b97d419ad1fd8c422c7b6) Importer(2089858483,192608db42251d675da83286b1cce702)
Start importing Assets/CorgiEngine/ThirdParty/MoreMountains/MMFeedbacks/Demos/MMFeedbacksDemo/Scripts/DemoGhost.cs using Guid(69c5c5e06e4b97d419ad1fd8c422c7b6) Importer(2089858483,192608db42251d675da83286b1cce702) (ScriptedImporter) -> (artifact id: '603698fa233557ad2438dd23c4e62ab7') in 0.0276819 seconds
Number of updated asset objects reloaded before import = 0Number of asset objects unloaded after import = 0

========================================================================
Received Import Request.
  Time since last request: 0.000084 seconds.
  path: Assets/CorgiEngine/ThirdParty/MoreMountains/MMTools/Core/MMTimeManager/MMTimeManager.cs
  artifactKey: Guid(8f7de9ef06f04864391a928af29f4b46) Importer(2089858483,192608db42251d675da83286b1cce702)
Start importing Assets/CorgiEngine/ThirdParty/MoreMountains/MMTools/Core/MMTimeManager/MMTimeManager.cs using Guid(8f7de9ef06f04864391a928af29f4b46) Importer(2089858483,192608db42251d675da83286b1cce702) (ScriptedImporter) -> (artifact id: 'd2260210b4c72053d404e492f68927f8') in 0.020882 seconds
Number of updated asset objects reloaded before import = 0Number of asset objects unloaded after import = 0

========================================================================
Received Import Request.
  Time since last request: 0.000064 seconds.
  path: Assets/CorgiEngine/Common/Scripts/Agents/AI/Advanced/AIActionCrouchStart.cs
  artifactKey: Guid(96b61a0bf6766124b9633c6c1787aaae) Importer(2089858483,192608db42251d675da83286b1cce702)
Start importing Assets/CorgiEngine/Common/Scripts/Agents/AI/Advanced/AIActionCrouchStart.cs using Guid(96b61a0bf6766124b9633c6c1787aaae) Importer(2089858483,192608db42251d675da83286b1cce702) (ScriptedImporter) -> (artifact id: 'f08f55f40d40ac1948d488bfbf38b392') in 0.0210848 seconds
Number of updated asset objects reloaded before import = 0Number of asset objects unloaded after import = 0

========================================================================
Received Import Request.
  Time since last request: 0.000098 seconds.
  path: Assets/CorgiEngine/Demos/Retro/Sprites/RetroProps/RetroWeapons.png
  artifactKey: Guid(9598044959a0a41ac98edf35c26e3736) Importer(2089858483,192608db42251d675da83286b1cce702)
Start importing Assets/CorgiEngine/Demos/Retro/Sprites/RetroProps/RetroWeapons.png using Guid(9598044959a0a41ac98edf35c26e3736) Importer(2089858483,192608db42251d675da83286b1cce702) (ScriptedImporter) -> (artifact id: 'da65bb8b270a3321575efb84baa42b83') in 0.0759982 seconds
Number of updated asset objects reloaded before import = 0Number of asset objects unloaded after import = 9

========================================================================
Received Import Request.
  Time since last request: 0.000027 seconds.
  path: Assets/CorgiEngine/ThirdParty/MoreMountains/MMTools/Core/MMStateMachine/MMStateMachine.cs
  artifactKey: Guid(ab8af48f1aee1a64cb6d29e1d9b03029) Importer(2089858483,192608db42251d675da83286b1cce702)
Start importing Assets/CorgiEngine/ThirdParty/MoreMountains/MMTools/Core/MMStateMachine/MMStateMachine.cs using Guid(ab8af48f1aee1a64cb6d29e1d9b03029) Importer(2089858483,192608db42251d675da83286b1cce702) (ScriptedImporter) -> (artifact id: '06d94ca548224f4335deda3d0d8f70d0') in 0.0287716 seconds
Number of updated asset objects reloaded before import = 0Number of asset objects unloaded after import = 0

========================================================================
Received Import Request.
  Time since last request: 0.000090 seconds.
  path: Assets/CorgiEngine/ThirdParty/MoreMountains/MMFeedbacks/Editor/Core/UIToolkit/FeelScriptIcon.png
  artifactKey: Guid(d9d54e48cd32e274287fb32bbb13da24) Importer(2089858483,192608db42251d675da83286b1cce702)
Start importing Assets/CorgiEngine/ThirdParty/MoreMountains/MMFeedbacks/Editor/Core/UIToolkit/FeelScriptIcon.png using Guid(d9d54e48cd32e274287fb32bbb13da24) Importer(2089858483,192608db42251d675da83286b1cce702) (ScriptedImporter) -> (artifact id: '0f46420cd10f841195fd04517dbd234a') in 0.0450616 seconds
Number of updated asset objects reloaded before import = 0Number of asset objects unloaded after import = 3

========================================================================
Received Import Request.
  Time since last request: 0.000020 seconds.
  path: Assets/CorgiEngine/ThirdParty/MoreMountains/MMTools/Accessories/MMVFX/MMRipple/MMRipple.prefab
  artifactKey: Guid(f1903e6193958b64fa94ec29152e3122) Importer(2089858483,192608db42251d675da83286b1cce702)
Start importing Assets/CorgiEngine/ThirdParty/MoreMountains/MMTools/Accessories/MMVFX/MMRipple/MMRipple.prefab using Guid(f1903e6193958b64fa94ec29152e3122) Importer(2089858483,192608db42251d675da83286b1cce702) (ScriptedImporter) -> (artifact id: 'b439b564ac9ed679607c55893fa96daa') in 0.0877577 seconds
Number of updated asset objects reloaded before import = 0Number of asset objects unloaded after import = 6

========================================================================
Received Import Request.
  Time since last request: 0.000025 seconds.
  path: Assets/CorgiEngine/ThirdParty/MoreMountains/MMTools/Accessories/MMVFX/MMRipple/MMRippleRosace1.mat
  artifactKey: Guid(4c7cb988a600a2f42959f41a828e5ee1) Importer(2089858483,192608db42251d675da83286b1cce702)
Start importing Assets/CorgiEngine/ThirdParty/MoreMountains/MMTools/Accessories/MMVFX/MMRipple/MMRippleRosace1.mat using Guid(4c7cb988a600a2f42959f41a828e5ee1) Importer(2089858483,192608db42251d675da83286b1cce702) (ScriptedImporter) -> (artifact id: '497a072538a899de29af6c5645113d1a') in 0.0305331 seconds
Number of updated asset objects reloaded before import = 0Number of asset objects unloaded after import = 2

========================================================================
Received Import Request.
  Time since last request: 0.000058 seconds.
  path: Assets/CorgiEngine/ThirdParty/MoreMountains/MMTools/Core/MMHelpers/MMLayers.cs
  artifactKey: Guid(01d38a71c34274ee0b94de34ac7931c8) Importer(2089858483,192608db42251d675da83286b1cce702)
Start importing Assets/CorgiEngine/ThirdParty/MoreMountains/MMTools/Core/MMHelpers/MMLayers.cs using Guid(01d38a71c34274ee0b94de34ac7931c8) Importer(2089858483,192608db42251d675da83286b1cce702) (ScriptedImporter) -> (artifact id: 'f4fbaa57536073802d4908cd588a8d74') in 0.0248242 seconds
Number of updated asset objects reloaded before import = 0Number of asset objects unloaded after import = 0

========================================================================
Received Import Request.
  Time since last request: 0.000048 seconds.
  path: Assets/CorgiEngine/ThirdParty/MoreMountains/MMTools/Core/Editor/MMAttributes/MMDropdownAttributeDrawer.cs
  artifactKey: Guid(f211a3800cfd6094db6caf6e9d4571fd) Importer(2089858483,192608db42251d675da83286b1cce702)
Start importing Assets/CorgiEngine/ThirdParty/MoreMountains/MMTools/Core/Editor/MMAttributes/MMDropdownAttributeDrawer.cs using Guid(f211a3800cfd6094db6caf6e9d4571fd) Importer(2089858483,192608db42251d675da83286b1cce702) (ScriptedImporter) -> (artifact id: '922d485e3fd7fcc58ef64822eb03ec04') in 0.0242422 seconds
Number of updated asset objects reloaded before import = 0Number of asset objects unloaded after import = 0

========================================================================
Received Import Request.
  Time since last request: 0.000108 seconds.
  path: Assets/CorgiEngine/ThirdParty/MoreMountains/MMFeedbacks/Editor/Core/UIToolkit/TopToBottomIcon@2x.png
  artifactKey: Guid(c23294d57f74bea4b9a439f033a6bf15) Importer(2089858483,192608db42251d675da83286b1cce702)
Start importing Assets/CorgiEngine/ThirdParty/MoreMountains/MMFeedbacks/Editor/Core/UIToolkit/TopToBottomIcon@2x.png using Guid(c23294d57f74bea4b9a439f033a6bf15) Importer(2089858483,192608db42251d675da83286b1cce702) (ScriptedImporter) -> (artifact id: '181f2d9fbd1051ec47495e99f7028683') in 0.0495302 seconds
Number of updated asset objects reloaded before import = 0Number of asset objects unloaded after import = 3

========================================================================
Received Import Request.
  Time since last request: 0.000026 seconds.
  path: Assets/CorgiEngine/ThirdParty/MoreMountains/MMFeedbacks/MMFeedbacksForThirdParty/HDRP/Shakers/MMBloomShaker_HDRP.cs
  artifactKey: Guid(09ed30f22b4748a44bc7862a66f01f2e) Importer(2089858483,192608db42251d675da83286b1cce702)
Start importing Assets/CorgiEngine/ThirdParty/MoreMountains/MMFeedbacks/MMFeedbacksForThirdParty/HDRP/Shakers/MMBloomShaker_HDRP.cs using Guid(09ed30f22b4748a44bc7862a66f01f2e) Importer(2089858483,192608db42251d675da83286b1cce702) (ScriptedImporter) -> (artifact id: '25609b9cdb855009f280cd79c9b4316f') in 0.0229193 seconds
Number of updated asset objects reloaded before import = 0Number of asset objects unloaded after import = 0

========================================================================
Received Import Request.
  Time since last request: 0.000071 seconds.
  path: Assets/CorgiEngine/Demos/Retro/Tilemaps/RetroRocks/RetroRocks_29.asset
  artifactKey: Guid(3b1a2f2aa2c96f0f898bbb8fe967433b) Importer(2089858483,192608db42251d675da83286b1cce702)
Start importing Assets/CorgiEngine/Demos/Retro/Tilemaps/RetroRocks/RetroRocks_29.asset using Guid(3b1a2f2aa2c96f0f898bbb8fe967433b) Importer(2089858483,192608db42251d675da83286b1cce702) (ScriptedImporter) -> (artifact id: 'a81fafaf4ce9fbaa90dd3efba2d07872') in 0.0278662 seconds
Number of updated asset objects reloaded before import = 0Number of asset objects unloaded after import = 2

========================================================================
Received Import Request.
  Time since last request: 0.000032 seconds.
  path: Assets/CorgiEngine/ThirdParty/MoreMountains/MMTools/Accessories/MMCamera/MMOrbitalCamera.cs
  artifactKey: Guid(6e8f18290b3c9ff499c82d3ff939754c) Importer(2089858483,192608db42251d675da83286b1cce702)
Start importing Assets/CorgiEngine/ThirdParty/MoreMountains/MMTools/Accessories/MMCamera/MMOrbitalCamera.cs using Guid(6e8f18290b3c9ff499c82d3ff939754c) Importer(2089858483,192608db42251d675da83286b1cce702) (ScriptedImporter) -> (artifact id: '0c18342ae6b37ab44131b596a15a5060') in 0.024368 seconds
Number of updated asset objects reloaded before import = 0Number of asset objects unloaded after import = 0

========================================================================
Received Import Request.
  Time since last request: 0.000041 seconds.
  path: Assets/CorgiEngine/Demos/Retro/Tilemaps/RetroCave/RetroCave_33.asset
  artifactKey: Guid(56784e4613f74e849267c23aa9eea320) Importer(2089858483,192608db42251d675da83286b1cce702)
Start importing Assets/CorgiEngine/Demos/Retro/Tilemaps/RetroCave/RetroCave_33.asset using Guid(56784e4613f74e849267c23aa9eea320) Importer(2089858483,192608db42251d675da83286b1cce702) (ScriptedImporter) -> (artifact id: 'bfe1870f5fc4e19770bdf071649bb8ea') in 0.0229337 seconds
Number of updated asset objects reloaded before import = 0Number of asset objects unloaded after import = 2

========================================================================
Received Import Request.
  Time since last request: 0.000020 seconds.
  path: Assets/CorgiEngine/ThirdParty/MoreMountains/MMTools/Core/MMAttributes/MMNavMeshAreaMaskAttribute.cs
  artifactKey: Guid(feb8bb2f278c6b047ab36f275dcaa126) Importer(2089858483,192608db42251d675da83286b1cce702)
Start importing Assets/CorgiEngine/ThirdParty/MoreMountains/MMTools/Core/MMAttributes/MMNavMeshAreaMaskAttribute.cs using Guid(feb8bb2f278c6b047ab36f275dcaa126) Importer(2089858483,192608db42251d675da83286b1cce702) (ScriptedImporter) -> (artifact id: '450a9de4aca896a711306ee0bb6c4ea3') in 0.0247023 seconds
Number of updated asset objects reloaded before import = 0Number of asset objects unloaded after import = 0

Editor requested this worker to shutdown with reason: Scaling down because of idle timeout
AssetImportWorker is now disconnected from the server
Process exiting
Exiting without the bug reporter. Application will terminate with return code 0